PhotonEnergy_meV,TotalRaw,OpticalRaw,PiezoelectricRaw
2,8.0802713485439e+38,7.97432361504248e+38,1.05947733501417e+37
2.1,7.33386594603462e+38,7.23771577108083e+38,9.6150174953791e+36
2.2,6.68669325216716e+38,6.59903757708815e+38,8.76556750790159e+36
2.3,6.12189508386632e+38,6.04165226310485e+38,8.02428207614703e+36
2.4,5.62604823357647e+38,5.55231291496605e+38,7.37353186104287e+36
2.5,5.18835742071638e+38,5.12036602746878e+38,6.79913932476032e+36
2.6,4.80006112418312e+38,4.73716514194307e+38,6.28959822400478e+36
2.7,4.45398845388828e+38,4.39563353867008e+38,5.83549152181978e+36
2.8,4.14422472077469e+38,4.08993419984368e+38,5.42905209310095e+36
2.9,3.86585626500649e+38,3.81521798953388e+38,5.06382754726108e+36
3,3.61477377837019e+38,3.56742955946767e+38,4.73442189025191e+36
3.1,3.38751928237231e+38,3.3431563370448e+38,4.43629453275077e+36
3.2,3.18116602794891e+38,3.13951000251418e+38,4.16560254347356e+36
3.3,2.99322346333086e+38,2.95403270502163e+38,3.91907583092309e+36
3.4,2.8215614631853e+38,2.7846222869305e+38,3.69391762548001e+36
3.5,2.66434948283189e+38,2.62947223717433e+38,3.48772456575559e+36
3.6,2.520007369489e+38,2.48702314852569e+38,3.29842209633134e+36
3.7,2.38716534609443e+38,2.35592322696068e+38,3.12421191337529e+36
3.8,2.26463126349442e+38,2.23499597392581e+38,2.96352895686045e+36
3.9,2.15136365027694e+38,2.12321359010153e+38,2.81500601754168e+36
4,2.04644941606872e+38,2.01967497151077e+38,2.67744445579423e+36
4.1,1.94908531203938e+38,1.92358741348851e+38,2.54978985508714e+36
4.2,1.85856244199399e+38,1.83425132517434e+38,2.43111168196543e+36
4.3,1.77425326351238e+38,1.75104740134942e+38,2.32058621629527e+36
4.4,1.69560063187053e+38,1.67342581022734e+38,2.21748216431901e+36
4.5,1.62210852787948e+38,1.60089704304767e+38,2.12114848318124e+36
4.6,1.55333418018018e+38,1.5330241398127e+38,2.03100403674858e+36
4.7,1.48888134733631e+38,1.46941605959103e+38,1.94652877452837e+36
4.8,1.42839456857813e+38,1.40972200675171e+38,1.8672561826424e+36
4.9,1.37155422677854e+38,1.35362655876429e+38,1.79276680142448e+36
5,1.31807229509798e+38,1.30084546869e+38,1.72268264079752e+36
5.1,1.26768866118568e+38,1.25112203764495e+38,1.65666235407243e+36
5.2,1.22016794100179e+38,1.20422397045494e+38,1.59439705468505e+36
5.3,1.17529670910711e+38,1.15994064230909e+38,1.53560667980181e+36
5.4,1.13288108433849e+38,1.1180807161327e+38,1.48003682057881e+36
5.5,1.09274461968598e+38,1.07847006016739e+38,1.42745595185844e+36
5.6,1.05472645333499e+38,1.04094992328711e+38,1.37765300478773e+36
5.7,1.01867968456809e+38,1.00537533222127e+38,1.3304352346826e+36
5.8,9.84469943802302e+37,9.71613680364378e+37,1.28562634379244e+36
5.9,9.51974130681781e+37,9.39543482434601e+37,1.24306482471799e+36
6,9.21079298022723e+37,9.09053273069454e+37,1.20260249532692e+36
6.1,8.91681662654002e+37,8.80040630651249e+37,1.16410320027527e+36
6.2,8.63685726924957e+37,8.52411310346703e+37,1.12744165782541e+36
6.3,8.37003496950077e+37,8.26078472613389e+37,1.0925024336688e+36
6.4,8.11553785602699e+37,8.00961995342566e+37,1.05917902601331e+36
6.5,7.87261589915787e+37,7.76987859432232e+37,1.02737304835553e+36
6.6,7.64057533946488e+37,7.54087598964533e+37,9.96993498195556e+35
6.7,7.41877369352722e+37,7.32197808337558e+37,9.67956101516411e+35
6.8,7.20661526947755e+37,7.11259699705892e+37,9.40182724186243e+35
6.9,7.00354713370118e+37,6.91218704944256e+37,9.13600842586179e+35
7,6.8090554775406e+37,6.72024117086577e+37,8.88143066748309e+35
7.1,6.62266233929065e+37,6.53628766827733e+37,8.63746710133211e+35
7.2,6.44392264231633e+37,6.35988730222586e+37,8.40353400904645e+35
7.3,6.27242151491742e+37,6.19063064189858e+37,8.17908730188334e+35
7.4,6.10777186171381e+37,6.02813566837915e+37,7.96361933346561e+35
7.5,5.94961215992565e+37,5.87204559984834e+37,7.7566560077307e+35
7.6,5.79760445705251e+37,5.72202691554014e+37,7.55775415123681e+35
7.7,5.65143254918206e+37,5.57776755795646e+37,7.36649912256022e+35
7.8,5.51080032153818e+37,5.43897529519177e+37,7.18250263464166e+35
7.9,5.37543023495855e+37,5.30537622727185e+37,7.00540076867072e+35
8,5.24506194381387e+37,5.17671342220897e+37,6.8348521604896e+35
8.1,5.11945103247933e+37,5.05274566905337e+37,6.67053634259604e+35
8.2,4.99836785887413e+37,4.93324633660743e+37,6.51215222666994e+35
8.3,4.88159649482129e+37,4.81800232768956e+37,6.35941671317206e+35
8.4,4.76893375407094e+37,4.706813119911e+37,6.21206341599464e+35
8.5,4.66018829979317e+37,4.59948988487908e+37,6.0698414914083e+35
8.6,4.55517982419821e+37,4.49585467858153e+37,5.93251456166796e+35
8.7,4.45373829369665e+37,4.39573969645034e+37,5.79985972463078e+35
8.8,4.35570325368127e+37,4.29898658726509e+37,5.67166664161819e+35
8.9,4.26092318760712e+37,4.20544582064178e+37,5.54773669653434e+35
9,4.16925492557505e+37,4.11497610337557e+37,5.4278822199479e+35
9.1,4.08056309809536e+37,4.02744384037074e+37,5.31192577246251e+35
9.2,3.99471963112843e+37,3.9427226363059e+37,5.19969948225309e+35
9.3,3.91160327887449e+37,3.86069283455311e+37,5.09104443213768e+35
9.4,3.83109919112051e+37,3.78124109020056e+37,4.98581009199553e+35
9.5,3.75309851225259e+37,3.70425997432523e+37,4.88385379273615e+35
9.6,3.67749800931176e+37,3.62964760692798e+37,4.7850402383782e+35
9.7,3.60419972671299e+37,3.55730731618185e+37,4.68924105311419e+35
9.8,3.53311066546423e+37,3.48714732185901e+37,4.59633436052234e+35
9.9,3.46414248491806e+37,3.41908044099463e+37,4.50620439234338e+35
10,3.39721122526446e+37,3.35302381401975e+37,4.41874112447128e+35
10.1,3.33223704913177e+37,3.28889864975162e+37,4.33383993801503e+35
10.2,3.26914400080639e+37,3.22662998777163e+37,4.2514013034768e+35
10.3,3.20785978171103e+37,3.16614647684841e+37,4.17133048626143e+35
10.4,3.14831554089821e+37,3.10738016817935e+37,4.09353727188589e+35
10.5,3.09044567942212e+37,3.05026632232816e+37,4.0179357093966e+35
10.6,3.03418766754732e+37,2.99474322883104e+37,3.94444387162804e+35
10.7,2.97948187384041e+37,2.9407520375299e+37,3.8729836310509e+35
10.8,2.9262714052695e+37,2.88823660076889e+37,3.80348045006141e+35
10.9,2.87450195750838e+37,2.8371433256618e+37,3.73586318465794e+35
11,2.82412167470742e+37,2.78742103570206e+37,3.6700639005367e+35
11.1,2.77508101805299e+37,2.73902084104582e+37,3.60601770071649e+35
11.2,2.72733264249113e+37,2.6918960168524e+37,3.54366256387347e+35
11.3,2.68083128104096e+37,2.64600188911464e+37,3.48293919263202e+35
11.4,2.63553363616801e+37,2.60129572745685e+37,3.42379087111667e+35
11.5,2.59139827772934e+37,2.55773664441809e+37,3.36616333112459e+35
11.6,2.54838554703966e+37,2.51528550077639e+37,3.31000462632705e+35
11.7,2.50645746664232e+37,2.47390481650278e+37,3.25526501395411e+35
11.8,2.46557765540058e+37,2.433558686966e+37,3.20189684345776e+35
11.9,2.4257112485534e+37,2.39421270403653e+37,3.14985445168684e+35
12,2.3868248224067e+37,2.35583388176528e+37,3.09909406414208e+35
12.1,2.3488863233553e+37,2.31839058633618e+37,3.04957370191127e+35
12.2,2.31186500095306e+37,2.28185247001392e+37,3.00125309391408e+35
12.3,2.27573134476946e+37,2.24619040882833e+37,2.95409359411302e+35
12.4,2.24045702478952e+37,2.21137644375581e+37,2.90805810337178e+35
12.5,2.20601483513173e+37,2.17738372517508e+37,2.86311099566511e+35
12.6,2.17237864087423e+37,2.14418646039058e+37,2.81921804836533e+35
12.7,2.13952332779468e+37,2.11175986403118e+37,2.77634637635002e+35
12.8,2.10742475484261e+37,2.08008011114567e+37,2.73446436969327e+35
12.9,2.07605970917571e+37,2.04912429282851e+37,2.69354163471945e+35
13,2.04540586360314e+37,2.01887037422101e+37,2.6535489382135e+35
13.1,2.01544173628963e+37,1.98929715474367e+37,2.61445815459614e+35
13.2,1.98614665258409e+37,1.96038423042524e+37,2.57624221588501e+35
13.3,1.95750070884558e+37,1.93211195820282e+37,2.53887506427515e+35
13.4,1.92948473814812e+37,1.90446142207628e+37,2.50233160718318e+35
13.5,1.90208027775346e+37,1.87741440100736e+37,2.4665876746099e+35
13.6,1.87526953824844e+37,1.85095333846158e+37,2.43161997868562e+35
13.7,1.84903537425021e+37,1.82506131349749e+37,2.39740607527139e+35
13.8,1.82336125658892e+37,1.79972201331395e+37,2.36392432749752e+35
13.9,1.79823124588328e+37,1.77491970717199e+37,2.33115387112852e+35
14,1.77362996742972e+37,1.75063922161322e+37,2.29907458165047e+35
14.1,1.74954258733123e+37,1.72686591690139e+37,2.26766704298366e+35
14.2,1.7259547897961e+37,1.70358566461881e+37,2.23691251772941e+35
14.3,1.70285275554172e+37,1.68078482635306e+37,2.20679291886555e+35
14.4,1.68022314124214e+37,1.65845023341404e+37,2.17729078281057e+35
14.5,1.65805305996232e+37,1.6365691675245e+37,2.14838924378124e+35
14.6,1.63633006252501e+37,1.61512934243127e+37,2.12007200937319e+35
14.7,1.61504211976006e+37,1.59411888638708e+37,2.09232333729818e+35
14.8,1.59417760558847e+37,1.57352632545631e+37,2.06512801321587e+35
14.9,1.57372528089668e+37,1.55334056760067e+37,2.03847132960159e+35
15,1.55367427815919e+37,1.53355088750324e+37,2.01233906559518e+35
15.1,1.53401408677001e+37,1.51414691209223e+37,1.98671746777895e+35
15.2,1.51473453904588e+37,1.49511860672752e+37,1.96159323183646e+35
15.3,1.49582579686622e+37,1.47645626201576e+37,1.93695348504595e+35
15.4,1.477278338917e+37,1.45815048122135e+37,1.91278576956536e+35
15.5,1.45908294850748e+37,1.4401921682428e+37,1.88907802646843e+35
15.6,1.44123070193053e+37,1.4225725161256e+37,1.86581858049331e+35
15.7,1.42371295733906e+37,1.40528299608438e+37,1.84299612546769e+35
15.8,1.4065213441125e+37,1.38831534700874e+37,1.82059971037632e+35
15.9,1.38964775268885e+37,1.37166156542847e+37,1.79861872603877e+35
16,1.37308432483902e+37,1.35531389591535e+37,1.77704289236696e+35
16.1,1.35682344436176e+37,1.33926482190002e+37,1.75586224617397e+35
16.2,1.34085772817837e+37,1.3235070568833e+37,1.73506712950681e+35
16.3,1.32518001780775e+37,1.30803353602297e+37,1.71464817847777e+35
16.4,1.30978337120325e+37,1.29283740807755e+37,1.69459631256996e+35
16.5,1.29466105493402e+37,1.27791202769008e+37,1.67490272439429e+35
16.6,1.27980653669408e+37,1.26325094799532e+37,1.65555886987612e+35
16.7,1.26521347812378e+37,1.24884791353527e+37,1.63655645885118e+35
16.8,1.25087572792861e+37,1.2346968534681e+37,1.61788744605136e+35
16.9,1.23678731528153e+37,1.22079187505692e+37,1.59954402246188e+35
17,1.22294244349539e+37,1.20712725742507e+37,1.5815186070326e+35
17.1,1.20933548395299e+37,1.19369744556572e+37,1.5638038387269e+35
17.2,1.19596097028276e+37,1.18049704459384e+37,1.54639256889248e+35
17.3,1.1828135927689e+37,1.1675208142295e+37,1.52927785393928e+35
17.4,1.16988819298499e+37,1.15476366350188e+37,1.51245294831053e+35
17.5,1.15717975864124e+37,1.14222064566391e+37,1.49591129773345e+35
17.6,1.14468341863544e+37,1.12988695330807e+37,1.47964653273712e+35
17.7,1.13239443829858e+37,1.11775791367432e+37,1.46365246242531e+35
17.8,1.1203082148264e+37,1.10582898414147e+37,1.44792306849302e+35
17.9,1.10842027288864e+37,1.09409574789388e+37,1.43245249947585e+35
18,1.09672626040805e+37,1.08255390975583e+37,1.41723506522177e+35
18.1,1.08522194450178e+37,1.07119929218602e+37,1.40226523157573e+35
18.2,1.07390320757796e+37,1.06002783142528e+37,1.3875376152676e+35
18.3,1.06276604358082e+37,1.04903557379087e+37,1.37304697899466e+35
18.4,1.05180655437785e+37,1.03821867211094e+37,1.35878822669032e+35
18.5,1.04102094628285e+37,1.02757338229314e+37,1.34475639897083e+35
18.6,1.03040552670924e+37,1.01709606002171e+37,1.33094666875255e+35
18.7,1.01995670094778e+37,1.00678315757746e+37,1.31735433703248e+35
18.8,1.00967096906378e+37,9.96631220775525e+36,1.30397482882505e+35
18.9,9.99544922908433e+36,9.86636886015946e+36,1.29080368924867e+35
19,9.89575243239796e+36,9.76796877442239e+36,1.27783657975573e+35
19.1,9.79758696948573e+36,9.67108004203572e+36,1.26506927450006e+35
19.2,9.70092134384557e+36,9.57567157816195e+36,1.25249765683619e+35
19.3,9.60572486779483e+36,9.48171309620034e+36,1.24011771594489e+35
19.4,9.51196763762346e+36,9.38917508326547e+36,1.22792554357993e+35
19.5,9.41962050963433e+36,9.29802877654123e+36,1.21591733093094e+35
19.6,9.32865507703435e+36,9.20824614047457e+36,1.20408936559782e+35
19.7,9.23904364764235e+36,9.11979984477514e+36,1.19243802867212e+35
19.8,9.15075922238048e+36,9.03266324318838e+36,1.180959791921e+35
19.9,9.06377547451816e+36,8.94681035301117e+36,1.16965121506987e+35
20,8.97806672963834e+36,8.86221583532038e+36,1.15850894317954e+35
20.1,8.89360794629763e+36,8.7788549758862e+36,1.14752970411436e+35
20.2,8.81037469735294e+36,8.69670366674319e+36,1.13671030609756e+35
20.3,8.72834315192827e+36,8.61573838839321e+36,1.12604763535054e+35
20.4,8.64749005799704e+36,8.53593619261577e+36,1.11553865381271e+35
20.5,8.56779272555577e+36,8.45727468586189e+36,1.1051803969388e+35
20.6,8.48922901036627e+36,8.3797320132092e+36,1.09496997157072e+35
20.7,8.41177729824471e+36,8.30328684285662e+36,1.08490455388085e+35
20.8,8.33541648987625e+36,8.22791835113781e+36,1.0749813873844e+35
20.9,8.26012598613568e+36,8.1536062080339e+36,1.06519778101787e+35
21,8.18588567389441e+36,8.08033056316628e+36,1.05555110728129e+35
21.1,8.11267591229578e+36,8.0080720322516e+36,1.04603880044175e+35
21.2,8.04047751948106e+36,7.93681168400146e+36,1.036658354796e+35
21.3,7.96927175974915e+36,7.86653102745017e+36,1.02740732298982e+35
21.4,7.89904033113395e+36,7.79721199969475e+36,1.01828331439207e+35
21.5,7.82976535338395e+36,7.7288369540318e+36,1.00928399352148e+35
21.6,7.76142935632914e+36,7.66138864847674e+36,1.00040707852406e+35
21.7,7.69401526862115e+36,7.5948502346512e+36,9.91650339699506e+34
21.8,7.6275064068328e+36,7.52920524702534e+36,9.83011598074582e+34
21.9,7.56188646490416e+36,7.46443759250197e+36,9.744887240219e+34
22,7.49713950392257e+36,7.40053154033032e+36,9.66079635922449e+34
22.1,7.43324994222443e+36,7.33747171233741e+36,9.57782298870246e+34
22.2,7.37020254580745e+36,7.27524307346569e+36,9.49594723417635e+34
22.3,7.30798241904209e+36,7.21383092260612e+36,9.41514964359776e+34
22.4,7.24657499567164e+36,7.15322088371595e+36,9.33541119556909e+34
22.5,7.18596603009072e+36,7.09339889721141e+36,9.25671328793098e+34
22.6,7.12614158889236e+36,7.03435121162535e+36,9.17903772670121e+34
22.7,7.0670880426743e+36,6.97606437552077e+36,9.10236671535307e+34
22.8,7.00879205809542e+36,6.9185252296512e+36,9.02668284442125e+34
22.9,6.95124059017352e+36,6.86172089935929e+36,8.95196908142375e+34
23,6.89442087481636e+36,6.80563878720547e+36,8.87820876108906e+34
23.1,6.8383204215775e+36,6.75026656581872e+36,8.80538557587785e+34
23.2,6.78292700662972e+36,6.69559217096183e+36,8.73348356678936e+34
23.3,6.72822866594813e+36,6.64160379480371e+36,8.66248711444235e+34
23.4,6.67421368869617e+36,6.58828987939195e+36,8.59238093042177e+34
23.5,6.62087061080742e+36,6.5356391103186e+36,8.52315004888165e+34
23.6,6.56818820875672e+36,6.48364041057276e+36,8.45477981839585e+34
23.7,6.51615549351425e+36,6.43228293457376e+36,8.38725589404838e+34
23.8,6.46476170467627e+36,6.38155606237872e+36,8.320564229755e+34
23.9,6.41399630476699e+36,6.3314493940589e+36,8.25469107080866e+34
24,6.36384897370546e+36,6.28195274423905e+36,8.18962294664124e+34
24.1,6.31430960343243e+36,6.23305613679449e+36,8.12534666379442e+34
24.2,6.2653682926916e+36,6.18474979970067e+36,8.06184929909289e+34
24.3,6.21701534196038e+36,6.13702416003025e+36,7.9991181930131e+34
24.4,6.1692412485253e+36,6.08986983909289e+36,7.93714094324137e+34
24.5,6.12203670169724e+36,6.04327764771309e+36,7.8759053984151e+34
24.6,6.07539257816198e+36,5.99723858164157e+36,7.81539965204106e+34
24.7,6.02929993746189e+36,5.95174381709604e+36,7.75561203658531e+34
24.8,5.9837500176043e+36,5.90678470642701e+36,7.69653111772891e+34
24.9,5.93873423079262e+36,5.86235277390478e+36,7.63814568878437e+34
25,5.89424415927637e+36,5.8184397116237e+36,7.58044476526768e+34
25.1,5.85027155131616e+36,5.77503737551996e+36,7.52341757962077e+34
25.2,5.8068083172602e+36,5.7321377814994e+36,7.46705357608001e+34
25.3,5.76384652572868e+36,5.68973310167182e+36,7.41134240568581e+34
25.4,5.72137839990267e+36,5.64781566068838e+36,7.35627392142906e+34
25.5,5.67939631391436e+36,5.60637793217906e+36,7.30183817353018e+34
25.6,5.63789278933537e+36,5.5654125352869e+36,7.24802540484651e+34
25.7,5.59686049176017e+36,5.52491223129613e+36,7.1948260464042e+34
25.8,5.55629222748164e+36,5.48486992035114e+36,7.14223071305065e+34
25.9,5.51618094025598e+36,5.44527863826375e+36,7.09023019922384e+34
26,5.47651970815417e+36,5.40613155340582e+36,7.03881547483503e+34
26.1,5.43730174049737e+36,5.36742196368476e+36,6.98797768126122e+34
26.2,5.39852037487377e+36,5.32914329359933e+36,6.93770812744421e+34
26.3,5.36016907423431e+36,5.29128909137338e+36,6.88799828609286e+34
26.4,5.32224142406499e+36,5.25385302616513e+36,6.8388397899856e+34
26.5,5.28473112963339e+36,5.21682888534969e+36,6.79022442837002e+34
26.6,5.24763201330727e+36,5.1802105718727e+36,6.74214414345675e+34
26.7,5.21093801194298e+36,5.14399210167293e+36,6.69459102700483e+34
26.8,5.17464317434179e+36,5.10816760117184e+36,6.64755731699568e+34
26.9,5.13874165877188e+36,5.07273130482795e+36,6.60103539439324e+34
27,5.10322773055428e+36,5.0376775527544e+36,6.55501777998768e+34
27.1,5.06809575971077e+36,5.00300078839757e+36,6.50949713132018e+34
27.2,5.03334021867195e+36,4.96869555627508e+36,6.46446623968639e+34
27.3,4.99895568004372e+36,4.93475649977155e+36,6.4199180272164e+34
27.4,4.96493681443048e+36,4.90117835899019e+36,6.37584554402888e+34
27.5,4.93127838831342e+36,4.86795596865885e+36,6.33224196545722e+34
27.6,4.89797526198225e+36,4.83508425608879e+36,6.28910058934578e+34
27.7,4.86502238751895e+36,4.80255823918481e+36,6.24641483341394e+34
27.8,4.83241480683194e+36,4.77037302450507e+36,6.20417823268631e+34
27.9,4.80014764973925e+36,4.73852380536938e+36,6.16238443698698e+34
28,4.76821613209939e+36,4.70700586001443e+36,6.12102720849612e+34
28.1,4.73661555398845e+36,4.67581454979477e+36,6.08010041936714e+34
28.2,4.70534129792214e+36,4.64494531742812e+36,6.03959804940263e+34
28.3,4.67438882712166e+36,4.61439368528379e+36,5.99951418378751e+34
28.4,4.6437536838219e+36,4.58415525371312e+36,5.95984301087773e+34
28.5,4.61343148762105e+36,4.55422569942062e+36,5.92057882004308e+34
28.6,4.58341793387033e+36,4.5246007738747e+36,5.88171599956236e+34
28.7,4.55370879210271e+36,4.49527630175701e+36,5.84324903456974e+34
28.8,4.52429990449967e+36,4.46624817944916e+36,5.80517250505072e+34
28.9,4.49518718439478e+36,4.43751237355592e+36,5.76748108388639e+34
29,4.46636661481324e+36,4.4090649194638e+36,5.73016953494456e+34
29.1,4.43783424704631e+36,4.38090191993414e+36,5.69323271121668e+34
29.2,4.40958619925971e+36,4.35301954372972e+36,5.65666555299914e+34
29.3,4.38161865513505e+36,4.32541402427387e+36,5.6204630861177e+34
29.4,4.35392786254341e+36,4.29808165834147e+36,5.58462042019409e+34
29.5,4.32651013225025e+36,4.27101880478072e+36,5.54913274695345e+34
29.6,4.29936183665064e+36,4.24422188326493e+36,5.51399533857159e+34
29.7,4.27247940853424e+36,4.21768737307363e+36,5.47920354606101e+34
29.8,4.24585933987903e+36,4.19141181190209e+36,5.44475279769459e+34
29.9,4.21949818067314e+36,4.16539179469848e+36,5.410638597466e+34
30,4.19339253776397e+36,4.13962397252811e+36,5.37685652358586e+34
30.1,4.16753907373396e+36,4.11410505146383e+36,5.34340222701265e+34
30.2,4.1419345058022e+36,4.08883179150202e+36,5.31027143001749e+34
30.3,4.11657560475127e+36,4.06380100550345e+36,5.27745992478191e+34
30.4,4.09145919387866e+36,4.03900955815838e+36,5.24496357202773e+34
30.5,4.06658214797208e+36,4.01445436497529e+36,5.21277829967818e+34
30.6,4.04194139230804e+36,3.99013239129255e+36,5.18090010154952e+34
30.7,4.01753390167322e+36,3.96604065131249e+36,5.1493250360723e+34
30.8,3.99335669940778e+36,3.94217620715736e+36,5.11804922504156e+34
30.9,3.96940685647037e+36,3.91853616794641e+36,5.08706885239513e+34
31,3.94568149052399e+36,3.89511768889379e+36,5.05638016301942e+34
31.1,3.92217776504239e+36,3.87191797042657e+36,5.02597946158187e+34
31.2,3.89889288843632e+36,3.84893425732242e+36,4.99586311138954e+34
31.3,3.87582411319925e+36,3.82616383786652e+36,4.96602753327303e+34
31.4,3.85296873507197e+36,3.80360404302701e+36,4.93646920449511e+34
31.5,3.83032409222566e+36,3.78125224564883e+36,4.90718465768359e+34
31.6,3.80788756446296e+36,3.75910585966508e+36,4.8781704797875e+34
31.7,3.78565657243648e+36,3.73716233932592e+36,4.84942331105641e+34
31.8,3.76362857688455e+36,3.71541917844414e+36,4.82093984404195e+34
31.9,3.74180107788348e+36,3.69387390965727e+36,4.79271682262114e+34
32,3.72017161411617e+36,3.67252410370576e+36,4.76475104104098e+34
32.1,3.69873776215652e+36,3.65136736872668e+36,4.73703934298379e+34
32.2,3.67749713576935e+36,3.63040134956282e+36,4.70957862065269e+34
32.3,3.65644738522531e+36,3.60962372708654e+36,4.68236581387683e+34
32.4,3.63558619663056e+36,3.5890322175382e+36,4.65539790923582e+34
32.5,3.6149112912708e+36,3.56862457187877e+36,4.62867193920295e+34
32.6,3.59442042496922e+36,3.54839857515616e+36,4.60218498130666e+34
32.7,3.57411138745821e+36,3.52835204588511e+36,4.57593415730985e+34
32.8,3.55398200176427e+36,3.5084828354402e+36,4.54991663240669e+34
32.9,3.53403012360604e+36,3.48878882746168e+36,4.5241296144363e+34
33,3.51425364080496e+36,3.46926793727383e+36,4.4985703531131e+34
33.1,3.49465047270824e+36,3.44991811131551e+36,4.47323613927335e+34
33.2,3.4752185696241e+36,3.43073732658273e+36,4.44812430413742e+34
33.3,3.45595591226861e+36,3.41172359008273e+36,4.42323221858752e+34
33.4,3.43686051122414e+36,3.39287493829954e+36,4.39855729246047e+34
33.5,3.41793040640911e+36,3.37418943667055e+36,4.37409697385523e+34
33.6,3.39916366655853e+36,3.35566517907399e+36,4.34984874845459e+34
33.7,3.38055838871551e+36,3.3373002873269e+36,4.32581013886112e+34
33.8,3.36211269773297e+36,3.3190929106935e+36,4.3019787039466e+34
33.9,3.34382474578577e+36,3.30104122540362e+36,4.27835203821487e+34
34,3.32569271189272e+36,3.28314343418095e+36,4.25492777117774e+34
34.1,3.30771480144837e+36,3.26539776578093e+36,4.2317035667436e+34
34.2,3.28988924576429e+36,3.2478024745381e+36,4.20867712261854e+34
34.3,3.27221430161966e+36,3.23035583992247e+36,4.18584616971948e+34
34.4,3.25468825082102e+36,3.21305616610502e+36,4.1632084715994e+34
34.5,3.23730939977072e+36,3.19590178153188e+36,4.14076182388389e+34
34.6,3.22007607904425e+36,3.17889103850706e+36,4.11850405371927e+34
34.7,3.20298664297587e+36,3.16202231278356e+36,4.09643301923164e+34
34.8,3.18603946925261e+36,3.14529400316264e+36,4.07454660899679e+34
34.9,3.16923295851632e+36,3.12870453110111e+36,4.05284274152072e+34
35,3.15256553397366e+36,3.11225234032636e+36,4.03131936473037e+34
35.1,3.13603564101379e+36,3.09593589645904e+36,4.00997445547458e+34
35.2,3.11964174683356e+36,3.07975368664321e+36,3.98880601903487e+34
35.3,3.10338234007023e+36,3.06370421918377e+36,3.9678120886458e+34
35.4,3.08725593044124e+36,3.04778602319099e+36,3.94699072502487e+34
35.5,3.07126104839114e+36,3.03199764823202e+36,3.92634001591154e+34
35.6,3.05539624474534e+36,3.01633766398918e+36,3.90585807561531e+34
35.7,3.03966009037071e+36,3.00080465992498e+36,3.8855430445726e+34
35.8,3.02405117584264e+36,2.98539724495352e+36,3.86539308891223e+34
35.9,3.00856811111866e+36,2.97011404711836e+36,3.84540640002936e+34
36,2.99320952521826e+36,2.95495371327659e+36,3.8255811941676e+34
36.1,2.977974065909e+36,2.93991490878891e+36,3.80591571200923e+34
36.2,2.9628603993985e+36,2.92499631721576e+36,3.78640821827331e+34
36.3,2.94786721003245e+36,2.91019664001923e+36,3.7670570013214e+34
36.4,2.93299319999834e+36,2.89551459627063e+36,3.74786037277094e+34
36.5,2.91823708903484e+36,2.88094892236368e+36,3.7288166671159e+34
36.6,2.90359761414667e+36,2.86649837173312e+36,3.70992424135472e+34
36.7,2.88907352932493e+36,2.85216171457868e+36,3.69118147462521e+34
36.8,2.87466360527267e+36,2.8379377375942e+36,3.67258676784647e+34
36.9,2.86036662913561e+36,2.82382524370194e+36,3.65413854336748e+34
37,2.846181404238e+36,2.80982305179178e+36,3.63583524462229e+34
37.1,2.83210674982332e+36,2.7959299964654e+36,3.61767533579174e+34
37.2,2.81814150079993e+36,2.78214492778521e+36,3.59965730147147e+34
37.3,2.80428450749136e+36,2.7684667110279e+36,3.58177964634611e+34
37.4,2.79053463539136e+36,2.75489422644266e+36,3.56404089486958e+34
37.5,2.77689076492335e+36,2.74142636901384e+36,3.54643959095123e+34
37.6,2.76335179120445e+36,2.72806204822797e+36,3.5289742976479e+34
37.7,2.74991662381377e+36,2.71480018784516e+36,3.5116435968616e+34
37.8,2.736584186565e+36,2.70163972567458e+36,3.49444608904276e+34
37.9,2.72335341728316e+36,2.68857961335417e+36,3.47738039289889e+34
38,2.71022326758543e+36,2.67561881613434e+36,3.46044514510868e+34
38.1,2.69719270266598e+36,2.66275631266556e+36,3.44363900004123e+34
38.2,2.68426070108472e+36,2.64999109478992e+36,3.42696062948041e+34
38.3,2.6714262545599e+36,2.63732216733636e+36,3.41040872235421e+34
38.4,2.65868836776441e+36,2.62474854791972e+36,3.3939819844691e+34
38.5,2.64604605812581e+36,2.61226926674332e+36,3.37767913824901e+34
38.6,2.63349835562996e+36,2.59988336640517e+36,3.36149892247921e+34
38.7,2.62104430262814e+36,2.5875899017076e+36,3.34544009205459e+34
38.8,2.60868295364764e+36,2.57538793947031e+36,3.32950141773267e+34
38.9,2.59641337520574e+36,2.56327655834683e+36,3.31368168589085e+34
39,2.58423464562702e+36,2.55125484864413e+36,3.29797969828807e+34
39.1,2.57214585486386e+36,2.53932191214555e+36,3.28239427183071e+34
39.2,2.5601461043202e+36,2.52747686193678e+36,3.26692423834263e+34
39.3,2.54823450667837e+36,2.51571882223498e+36,3.25156844433929e+34
39.4,2.53641018572897e+36,2.50404692822091e+36,3.23632575080582e+34
39.5,2.52467227620375e+36,2.49246032587396e+36,3.22119503297906e+34
39.6,2.51301992361146e+36,2.48095817181012e+36,3.20617518013341e+34
39.7,2.50145228407651e+36,2.46953963312281e+36,3.19126509537036e+34
39.8,2.4899685241805e+36,2.45820388722638e+36,3.17646369541183e+34
39.9,2.47856782080646e+36,2.44695012170249e+36,3.161769910397e+34
40,2.46724936098584e+36,2.43577753414901e+36,3.14718268368271e+34
40.1,2.45601234174814e+36,2.42468533203167e+36,3.13270097164736e+34
40.2,2.44485596997313e+36,2.41367273253815e+36,3.11832374349815e+34
40.3,2.43377946224561e+36,2.40273896243479e+36,3.10404998108166e+34
40.4,2.4227820447127e+36,2.39188325792572e+36,3.08987867869771e+34
40.5,2.41186295294355e+36,2.38110486451439e+36,3.07580884291641e+34
40.6,2.40102143179147e+36,2.37040303686749e+36,3.06183949239832e+34
40.7,2.39025673525837e+36,2.3597770386812e+36,3.04796965771774e+34
40.8,2.37956812636159e+36,2.3492261425497e+36,3.03419838118894e+34
40.9,2.36895487700288e+36,2.33874962983592e+36,3.02052471669539e+34
41,2.35841626783973e+36,2.32834679054452e+36,3.00694772952189e+34
41.1,2.34795158815879e+36,2.31801692319689e+36,2.9934664961895e+34
41.2,2.3375601357514e+36,2.30775933470847e+36,2.98008010429334e+34
41.3,2.32724121679134e+36,2.29757334026791e+36,2.96678765234298e+34
41.4,2.31699414571447e+36,2.28745826321842e+36,2.95358824960569e+34
41.5,2.30681824510053e+36,2.277413434941e+36,2.94048101595215e+34
41.6,2.29671284555678e+36,2.26743819473973e+36,2.92746508170486e+34
41.7,2.28667728560371e+36,2.25753188972882e+36,2.91453958748903e+34
41.8,2.27671091156255e+36,2.24769387472169e+36,2.90170368408592e+34
41.9,2.26681307744469e+36,2.2379235121218e+36,2.88895653228868e+34
42,2.25698314484293e+36,2.22822017181533e+36,2.87629730276056e+34
42.1,2.24722048282451e+36,2.21858323106556e+36,2.86372517589539e+34
42.2,2.2375244678259e+36,2.2090120744091e+36,2.85123934168047e+34
42.3,2.22789448354935e+36,2.19950609355373e+36,2.83883899956163e+34
42.4,2.21832992086105e+36,2.19006468727794e+36,2.82652335831056e+34
42.5,2.20883017769108e+36,2.18068726133214e+36,2.81429163589425e+34
42.6,2.19939465893488e+36,2.17137322834142e+36,2.80214305934663e+34
42.7,2.19002277635641e+36,2.16212200770998e+36,2.79007686464224e+34
42.8,2.18071394849277e+36,2.15293302552705e+36,2.77809229657197e+34
42.9,2.17146760056052e+36,2.14380571447431e+36,2.76618860862089e+34
43,2.16228316436338e+36,2.1347395137349e+36,2.7543650628479e+34
43.1,2.15316007820145e+36,2.12573386890378e+36,2.74262092976747e+34
43.2,2.14409778678195e+36,2.11678823189962e+36,2.7309554882332e+34
43.3,2.13509574113131e+36,2.10790206087808e+36,2.7193680253233e+34
43.4,2.12615339850871e+36,2.09907482014643e+36,2.70785783622784e+34
43.5,2.117270222321e+36,2.09030598007962e+36,2.6964242241379e+34
43.6,2.10844568203898e+36,2.08159501703761e+36,2.68506650013635e+34
43.7,2.09967925311498e+36,2.07294141328407e+36,2.67378398309051e+34
43.8,2.09097041690178e+36,2.06434465690632e+36,2.66257599954645e+34
43.9,2.08231866057281e+36,2.05580424173656e+36,2.65144188362491e+34
44,2.07372347704356e+36,2.04731966727437e+36,2.64038097691899e+34
44.1,2.0651843648943e+36,2.03889043861036e+36,2.62939262839331e+34
44.2,2.05670082829398e+36,2.03051606635113e+36,2.61847619428492e+34
44.3,2.04827237692532e+36,2.02219606654526e+36,2.60763103800558e+34
44.4,2.03989852591108e+36,2.01392996061062e+36,2.59685653004575e+34
44.5,2.03157879574146e+36,2.00571727526266e+36,2.58615204787991e+34
44.6,2.02331271220269e+36,1.99755754244395e+36,2.57551697587354e+34
44.7,2.01509980630661e+36,1.9894502992547e+36,2.56495070519137e+34
44.8,2.00693961422152e+36,1.98139508788444e+36,2.55445263370717e+34
44.9,1.99883167720389e+36,1.97339145554474e+36,2.54402216591488e+34
45,1.99077554153133e+36,1.96543895440292e+36,2.53365871284115e+34
45.1,1.98277075843644e+36,1.95753714151685e+36,2.5233616919592e+34
45.2,1.97481688404174e+36,1.9496855787707e+36,2.51313052710402e+34
45.3,1.96691347929558e+36,1.94188383281169e+36,2.50296464838885e+34
45.4,1.95906010990907e+36,1.93413147498784e+36,2.49286349212296e+34
45.5,1.95125634629389e+36,1.92642808128658e+36,2.48282650073073e+34
45.6,1.94350176350115e+36,1.91877323227443e+36,2.47285312267183e+34
45.7,1.9357959411611e+36,1.91116651303747e+36,2.46294281236278e+34
45.8,1.92813846342377e+36,1.90360751312277e+36,2.45309503009958e+34
45.9,1.92052891890055e+36,1.89609582648074e+36,2.44330924198155e+34
46,1.91296690060661e+36,1.88863105140825e+36,2.43358491983636e+34
46.1,1.90545200590417e+36,1.88121279049271e+36,2.42392154114612e+34
46.2,1.89798383644668e+36,1.87384065055693e+36,2.41431858897462e+34
46.3,1.89056199812382e+36,1.86651424260486e+36,2.40477555189568e+34
46.4,1.88318610100727e+36,1.85923318176805e+36,2.39529192392251e+34
46.5,1.87585575929738e+36,1.851997087253e+36,2.38586720443823e+34
46.6,1.86857059127053e+36,1.84480558228926e+36,2.3765008981273e+34
46.7,1.86133021922738e+36,1.8376582940783e+36,2.36719251490806e+34
46.8,1.8541342694418e+36,1.83055485374313e+36,2.35794156986628e+34
46.9,1.8469823721106e+36,1.8234948962787e+36,2.3487475831896e+34
47,1.83987416130402e+36,1.81647806050299e+36,2.33961008010307e+34
47.1,1.8328092749169e+36,1.80950398900884e+36,2.33052859080551e+34
47.2,1.82578735462057e+36,1.8025723281165e+36,2.32150265040693e+34
47.3,1.81880804581553e+36,1.79568272782686e+36,2.31253179886678e+34
47.4,1.8118709975847e+36,1.78883484177537e+36,2.30361558093311e+34
47.5,1.80497586264745e+36,1.78202832718663e+36,2.29475354608272e+34
47.6,1.79812229731428e+36,1.77526284482966e+36,2.285945248462e+34
47.7,1.79130996144209e+36,1.7685380589738e+36,2.27719024682886e+34
47.8,1.78453851839019e+36,1.76185363734524e+36,2.2684881044953e+34
47.9,1.77780763497694e+36,1.75520925108423e+36,2.25983838927093e+34
48,1.77111698143692e+36,1.74860457470285e+36,2.25124067340727e+34
48.1,1.76446623137886e+36,1.74203928604343e+36,2.2426945335429e+34
48.2,1.75785506174403e+36,1.73551306623754e+36,2.2341995506493e+34
48.3,1.75128315276539e+36,1.72902559966561e+36,2.22575530997759e+34
48.4,1.74475018792714e+36,1.72257657391708e+36,2.21736140100595e+34
48.5,1.73825585392502e+36,1.71616567975114e+36,2.20901741738782e+34
48.6,1.73179984062708e+36,1.70979261105807e+36,2.20072295690087e+34
48.7,1.72538184103501e+36,1.70345706482104e+36,2.19247762139661e+34
48.8,1.71900155124608e+36,1.69715874107857e+36,2.18428101675086e+34
48.9,1.71265867041555e+36,1.6908973428874e+36,2.17613275281477e+34
49,1.70635290071967e+36,1.68467257628601e+36,2.16803244336661e+34
49.1,1.70008394731917e+36,1.67848415025852e+36,2.1599797060643e+34
49.2,1.69385151832325e+36,1.67233177669927e+36,2.15197416239849e+34
49.3,1.68765532475415e+36,1.66621517037769e+36,2.14401543764637e+34
49.4,1.68149508051212e+36,1.66013404890386e+36,2.13610316082615e+34
49.5,1.67537050234097e+36,1.65408813269444e+36,2.12823696465214e+34
49.6,1.66928130979401e+36,1.6480771449391e+36,2.12041648549043e+34
49.7,1.66322722520057e+36,1.64210081156742e+36,2.11264136331531e+34
49.8,1.65720797363292e+36,1.63615886121626e+36,2.10491124166613e+34
49.9,1.65122328287364e+36,1.63025102519759e+36,2.0972257676049e+34
50,1.64527288338348e+36,1.62437703746674e+36,2.08958459167439e+34
50.1,1.63935650826967e+36,1.6185366345911e+36,2.08198736785688e+34
50.2,1.63347389325463e+36,1.61272955571929e+36,2.07443375353345e+34
50.3,1.62762477664513e+36,1.60695554255069e+36,2.06692340944377e+34
50.4,1.62180889930188e+36,1.60121433930541e+36,2.0594559996466e+34
50.5,1.61602600460955e+36,1.59550569269475e+36,2.05203119148067e+34
50.6,1.61027583844718e+36,1.58982935189191e+36,2.0446486555262e+34
50.7,1.60455814915896e+36,1.58418506850329e+36,2.03730806556691e+34
50.8,1.59887268752551e+36,1.57857259653998e+36,2.03000909855255e+34
50.9,1.59321920673545e+36,1.57299169238983e+36,2.02275143456193e+34
51,1.58759746235743e+36,1.56744211478977e+36,2.01553475676649e+34
51.1,1.58200721231248e+36,1.56192362479853e+36,2.00835875139435e+34
51.2,1.57644821684675e+36,1.5564359857698e+36,2.00122310769481e+34
51.3,1.57092023850468e+36,1.55097896332565e+36,1.99412751790335e+34
51.4,1.56542304210246e+36,1.54555232533039e+36,1.9870716772072e+34
51.5,1.55995639470185e+36,1.54015584186474e+36,1.98005528371119e+34
51.6,1.5545200655844e+36,1.53478928520036e+36,1.97307803840422e+34
51.7,1.54911382622598e+36,1.52945242977472e+36,1.96613964512612e+34
51.8,1.54373745027165e+36,1.5241450521663e+36,1.95923981053495e+34
51.9,1.53839071351092e+36,1.51886693107017e+36,1.95237824407472e+34
52,1.53307339385323e+36,1.51361784727379e+36,1.9455546579436e+34
52.1,1.52778527130387e+36,1.50839758363324e+36,1.93876876706248e+34
52.2,1.52252612794016e+36,1.50320592504972e+36,1.93202028904402e+34
52.3,1.51729574788797e+36,1.49804265844635e+36,1.92530894416205e+34
52.4,1.51209391729851e+36,1.4929075727453e+36,1.91863445532143e+34
52.5,1.5069204243255e+36,1.48780045884522e+36,1.91199654802824e+34
52.6,1.50177505910256e+36,1.48272110959895e+36,1.90539495036046e+34
52.7,1.49665761372095e+36,1.47766931979156e+36,1.89882939293896e+34
52.8,1.4915678822076e+36,1.47264488611861e+36,1.89229960889887e+34
52.9,1.48650595491991e+36,1.46764790158129e+36,1.88580533386141e+34
53,1.48162734306311e+36,1.46283388000405e+36,1.87934630590598e+34
53.1,1.47677478430266e+36,1.45804556164723e+36,1.87292226554268e+34
53.2,1.47194808873051e+36,1.45328275917366e+36,1.86653295568518e+34
53.3,1.4671470681852e+36,1.44854528696896e+36,1.86017812162391e+34
53.4,1.46237153623246e+36,1.44383296112246e+36,1.85385751099965e+34
53.5,1.45762130814611e+36,1.43914559940833e+36,1.84757087377742e+34
53.6,1.45289620088921e+36,1.434483021267e+36,1.84131796222076e+34
53.7,1.44819603309545e+36,1.42984504778679e+36,1.83509853086627e+34
53.8,1.4435206250508e+36,1.42523150168581e+36,1.82891233649856e+34
53.9,1.43886979867531e+36,1.42064220729405e+36,1.82275913812546e+34
54,1.43424337750526e+36,1.41607699053573e+36,1.81663869695358e+34
54.1,1.42964118667549e+36,1.41153567891185e+36,1.81055077636415e+34
54.2,1.42506305290189e+36,1.407018101483e+36,1.80449514188923e+34
54.3,1.42050880446424e+36,1.40252408885236e+36,1.79847156118814e+34
54.4,1.41597827118918e+36,1.39805347314893e+36,1.79247980402429e+34
54.5,1.4114712844334e+36,1.39360608801098e+36,1.78651964224222e+34
54.6,1.40698767706709e+36,1.38918176856964e+36,1.78059084974495e+34
54.7,1.40252728345757e+36,1.38478035143285e+36,1.77469320247171e+34
54.8,1.39808993945309e+36,1.38040167466933e+36,1.76882647837578e+34
54.9,1.39367548236693e+36,1.37604557779291e+36,1.76299045740281e+34
55,1.38928375096162e+36,1.37171190174693e+36,1.75718492146923e+34
55.1,1.38491458543336e+36,1.36740048888895e+36,1.75140965444105e+34
55.2,1.38056782739668e+36,1.36311118297555e+36,1.74566444211286e+34
55.3,1.37624331986928e+36,1.35884382914741e+36,1.73994907218716e+34
55.4,1.37194090725703e+36,1.35459827391449e+36,1.73426333425388e+34
55.5,1.36766043533917e+36,1.35037436514147e+36,1.7286070197702e+34
55.6,1.36340175125372e+36,1.34617195203331e+36,1.72297992204059e+34
55.7,1.35916470348304e+36,1.34199088512107e+36,1.71738183619717e+34
55.8,1.3549491418396e+36,1.3378310162478e+36,1.71181255918025e+34
55.9,1.35075491745187e+36,1.33369219855468e+36,1.70627188971908e+34
56,1.34658188275046e+36,1.32957428646734e+36,1.70075962831297e+34
56.1,1.34242989145438e+36,1.32547713568225e+36,1.69527557721245e+34
56.2,1.33829879855745e+36,1.32140060315344e+36,1.68981954040085e+34
56.3,1.33418846031496e+36,1.3173445470792e+36,1.68439132357602e+34
56.4,1.33009873423043e+36,1.31330882688911e+36,1.67899073413222e+34
56.5,1.32602947904252e+36,1.3092933032311e+36,1.67361758114236e+34
56.6,1.32198055471215e+36,1.30529783795874e+36,1.66827167534039e+34
56.7,1.31795182240972e+36,1.30132229411868e+36,1.66295282910389e+34
56.8,1.31394314450259e+36,1.29736653593822e+36,1.6576608564369e+34
56.9,1.30995438454255e+36,1.29343042881302e+36,1.65239557295296e+34
57,1.30598540725361e+36,1.28951383929502e+36,1.64715679585834e+34
57.1,1.3020360785198e+36,1.28561663508045e+36,1.64194434393549e+34
57.2,1.29810626537325e+36,1.28173868499798e+36,1.63675803752665e+34
57.3,1.29419583598226e+36,1.27787985899709e+36,1.63159769851772e+34
57.4,1.29030465963968e+36,1.27404002813646e+36,1.6264631503223e+34
57.5,1.28643260675128e+36,1.27021906457262e+36,1.62135421786589e+34
57.6,1.28257954882437e+36,1.26641684154866e+36,1.61627072757038e+34
57.7,1.27874535845648e+36,1.26263323338309e+36,1.61121250733857e+34
57.8,1.27492990932425e+36,1.25886811545886e+36,1.60617938653904e+34
57.9,1.27113307617239e+36,1.25512136421248e+36,1.60117119599109e+34
58,1.26735473480276e+36,1.25139285712327e+36,1.59618776794988e+34
58.1,1.26359476206369e+36,1.24768247270277e+36,1.59122893609176e+34
58.2,1.25985303583927e+36,1.24399009048427e+36,1.58629453549981e+34
58.3,1.2561294350389e+36,1.2403155910124e+36,1.58138440264948e+34
58.4,1.2524238395869e+36,1.23665885583295e+36,1.57649837539447e+34
58.5,1.24873613041224e+36,1.23301976748271e+36,1.57163629295276e+34
58.6,1.24506618943842e+36,1.2293982094795e+36,1.56679799589275e+34
58.7,1.24141389957346e+36,1.22579406631227e+36,1.56198332611968e+34
58.8,1.23777914469998e+36,1.22220722343136e+36,1.55719212686204e+34
58.9,1.23416180966545e+36,1.21863756723887e+36,1.55242424265832e+34
59,1.23056178027249e+36,1.21508498507906e+36,1.54767951934376e+34
59.1,1.22697894326936e+36,1.21154936522898e+36,1.54295780403738e+34
59.2,1.22341318634046e+36,1.20803059688917e+36,1.53825894512911e+34
59.3,1.21986439809706e+36,1.20452857017439e+36,1.53358279226706e+34
59.4,1.21633246806805e+36,1.2010431761046e+36,1.52892919634496e+34
59.5,1.21281728669084e+36,1.19757430659594e+36,1.52429800948974e+34
59.6,1.2093187453023e+36,1.19412185445181e+36,1.51968908504923e+34
59.7,1.20583673612995e+36,1.19068571335415e+36,1.51510227758006e+34
59.8,1.20237115228306e+36,1.1872657778547e+36,1.51053744283562e+34
59.9,1.19892188774401e+36,1.18386194336647e+36,1.50599443775422e+34
60,1.19548883735971e+36,1.18047410615523e+36,1.5014731204474e+34
60.1,1.19207189683301e+36,1.17710216333113e+36,1.49697335018832e+34
60.2,1.18867096271442e+36,1.17374601284042e+36,1.49249498740033e+34
60.3,1.18528593239369e+36,1.17040555345724e+36,1.48803789364565e+34
60.4,1.18191670409168e+36,1.16708068477554e+36,1.48360193161418e+34
60.5,1.17856317685219e+36,1.16377130720107e+36,1.47918696511241e+34
60.6,1.17522525053398e+36,1.16047732194345e+36,1.47479285905254e+34
60.7,1.17190282580279e+36,1.15719863100837e+36,1.47041947944162e+34
60.8,1.16859580412354e+36,1.15393513718984e+36,1.4660666933709e+34
60.9,1.16530408775257e+36,1.15068674406252e+36,1.46173436900528e+34
61,1.16202757972993e+36,1.1474533559742e+36,1.45742237557283e+34
61.1,1.15876618387186e+36,1.14423487803831e+36,1.45313058335451e+34
61.2,1.15551980476325e+36,1.14103121612651e+36,1.44885886367395e+34
61.3,1.15228834775026e+36,1.13784227686139e+36,1.44460708888731e+34
61.4,1.149071718933e+36,1.13466796760927e+36,1.44037513237337e+34
61.5,1.14586982515828e+36,1.13150819647304e+36,1.43616286852363e+34
61.6,1.14268257401241e+36,1.12836287228509e+36,1.43197017273255e+34
61.7,1.1395098738142e+36,1.12523190460032e+36,1.42779692138795e+34
61.8,1.13635163360788e+36,1.12211520368927e+36,1.42364299186146e+34
61.9,1.13320776315622e+36,1.11901268053123e+36,1.41950826249908e+34
62,1.13007817293368e+36,1.11592424680756e+36,1.41539261261184e+34
62.1,1.12696277411962e+36,1.11284981489496e+36,1.4112959224666e+34
62.2,1.12386147859165e+36,1.10978929785888e+36,1.40721807327696e+34
62.3,1.12077419891896e+36,1.10674260944702e+36,1.40315894719418e+34
62.4,1.11770084835582e+36,1.10370966408283e+36,1.39911842729836e+34
62.5,1.11464134083504e+36,1.10069037685914e+36,1.39509639758955e+34
62.6,1.11159559096165e+36,1.09768466353185e+36,1.39109274297907e+34
62.7,1.1085635140065e+36,1.09469244051369e+36,1.38710734928088e+34
62.8,1.10554502590006e+36,1.09171362486803e+36,1.38314010320304e+34
62.9,1.10254004322616e+36,1.08874813430277e+36,1.3791908923393e+34
63,1.09954848321592e+36,1.08579588716432e+36,1.37525960516074e+34
63.1,1.09657026374167e+36,1.08285680243159e+36,1.37134613100755e+34
63.2,1.09360530331094e+36,1.07993079971013e+36,1.36745036008089e+34
63.3,1.09065352106055e+36,1.0770177992262e+36,1.36357218343476e+34
63.4,1.08771483675076e+36,1.07411772182108e+36,1.35971149296809e+34
63.5,1.08478917075945e+36,1.07123048894528e+36,1.35586818141678e+34
63.6,1.08187644407639e+36,1.06835602265293e+36,1.35204214234596e+34
63.7,1.07897657829757e+36,1.06549424559615e+36,1.34823327014221e+34
63.8,1.07608949561962e+36,1.06264508101956e+36,1.34444146000601e+34
63.9,1.07321511883419e+36,1.05980845275475e+36,1.34066660794409e+34
64,1.07035337132253e+36,1.05698428521491e+36,1.33690861076204e+34
64.1,1.06750417705003e+36,1.05417250338946e+36,1.33316736605685e+34
64.2,1.06466746056083e+36,1.05137303283873e+36,1.32944277220966e+34
64.3,1.06184314697252e+36,1.04858579968874e+36,1.32573472837846e+34
64.4,1.05903116197092e+36,1.04581073062601e+36,1.32204313449102e+34
64.5,1.05623143180483e+36,1.04304775289245e+36,1.31836789123776e+34
64.6,1.05344388328089e+36,1.04029679428024e+36,1.31470890006478e+34
64.7,1.05066844375852e+36,1.03755778312685e+36,1.31106606316688e+34
64.8,1.04790504114486e+36,1.03483064831005e+36,1.30743928348075e+34
64.9,1.04515360388979e+36,1.03211531924301e+36,1.30382846467822e+34
65,1.042414060981e+36,1.0294117258694e+36,1.30023351115948e+34
65.1,1.03968634193911e+36,1.02671979865864e+36,1.29665432804651e+34
65.2,1.03697037681286e+36,1.0240394686011e+36,1.29309082117651e+34
65.3,1.03426609617434e+36,1.02137066720339e+36,1.28954289709537e+34
65.4,1.03157343111422e+36,1.01871332648371e+36,1.28601046305126e+34
65.5,1.02889231323715e+36,1.01606737896726e+36,1.28249342698827e+34
65.6,1.02622267465704e+36,1.01343275768164e+36,1.27899169754016e+34
65.7,1.02356444799259e+36,1.01080939615235e+36,1.27550518402409e+34
65.8,1.02091756636266e+36,1.00819722839832e+36,1.27203379643449e+34
65.9,1.01828196338186e+36,1.00559618892749e+36,1.26857744543693e+34
66,1.01565757315608e+36,1.00300621273245e+36,1.26513604236214e+34
66.1,1.01304433027811e+36,1.00042723528611e+36,1.2617094992e+34
66.2,1.01044216982331e+36,9.97859192537375e+35,1.25829772859368e+34
66.3,1.00785102734533e+36,9.95302020906989e+35,1.25490064383378e+34
66.4,1.00527083887181e+36,9.92755657283281e+35,1.25151815885253e+34
66.5,1.00270154090022e+36,9.90220039018035e+35,1.24815018821809e+34
66.6,1.00014307039367e+36,9.87695103922385e+35,1.24479664712889e+34
66.7,9.97595364776828e+35,9.85180790262748e+35,1.24145745140804e+34
66.8,9.95058361931776e+35,9.82677036756799e+35,1.23813251749776e+34
66.9,9.92532000194035e+35,9.80183782569496e+35,1.2348217624539e+34
67,9.90016218348544e+35,9.77700967309139e+35,1.23152510394052e+34
67.1,9.87510955625714e+35,9.75228531023469e+35,1.22824246022454e+34
67.2,9.8501615169752e+35,9.72766414195817e+35,1.22497375017037e+34
67.3,9.82531746673623e+35,9.70314557741276e+35,1.22171889323468e+34
67.4,9.80057681097541e+35,9.67872903002929e+35,1.2184778094612e+34
67.5,9.77593895942857e+35,9.65441391748102e+35,1.21525041947555e+34
67.6,9.75140332609457e+35,9.63019966164656e+35,1.21203664448011e+34
67.7,9.72696932919821e+35,9.6060856885733e+35,1.20883640624906e+34
67.8,9.70263639115338e+35,9.58207142844105e+35,1.20564962712326e+34
67.9,9.67840393852668e+35,9.55815631552614e+35,1.20247623000541e+34
68,9.65427140200142e+35,9.53433978816591e+35,1.19931613835509e+34
68.1,9.63023821634185e+35,9.51062128872346e+35,1.19616927618392e+34
68.2,9.60630382035798e+35,9.48700026355289e+35,1.19303556805082e+34
68.3,9.58246765687054e+35,9.46347616296482e+35,1.18991493905716e+34
68.4,9.55872917267645e+35,9.44004844119224e+35,1.18680731484217e+34
68.5,9.53508781851455e+35,9.41671655635673e+35,1.18371262157819e+34
68.6,9.51154304903168e+35,9.39347997043507e+35,1.18063078596614e+34
68.7,9.4880943227492e+35,9.37033814922611e+35,1.17756173523091e+34
68.8,9.4647411020297e+35,9.34729056231801e+35,1.17450539711688e+34
68.9,9.44148285304416e+35,9.32433668305581e+35,1.17146169988342e+34
69,9.41831904573941e+35,9.30147598850936e+35,1.1684305723005e+34
69.1,9.39524915380588e+35,9.27870795944146e+35,1.16541194364429e+34
69.2,9.37227265464572e+35,9.25603208027643e+35,1.16240574369283e+34
69.3,9.34938902934114e+35,9.23344783906896e+35,1.15941190272176e+34
69.4,9.32659776262319e+35,9.21095472747319e+35,1.15643035150001e+34
69.5,9.30389834284074e+35,9.18855224071217e+35,1.15346102128569e+34
69.6,9.28129026192982e+35,9.16623987754764e+35,1.15050384382182e+34
69.7,9.25877301538327e+35,9.14401714025004e+35,1.1475587513323e+34
69.8,9.2363461022206e+35,9.12188353456883e+35,1.14462567651776e+34
69.9,9.21400902495835e+35,9.09983856970319e+35,1.14170455255157e+34
70,9.19176128958052e+35,9.07788175827294e+35,1.13879531307579e+34
70.1,9.16960240550942e+35,9.05601261628969e+35,1.13589789219725e+34
70.2,9.14753188557681e+35,9.03423066312845e+35,1.1330122244836e+34
70.3,9.12554924599525e+35,9.0125354214993e+35,1.13013824495946e+34
70.4,9.1036540063298e+35,8.99092641741955e+35,1.12727588910252e+34
70.5,9.08184568946997e+35,8.96940318018599e+35,1.12442509283979e+34
70.6,9.06012382160197e+35,8.94796524234759e+35,1.12158579254378e+34
70.7,9.0384879321812e+35,8.92661213967832e+35,1.11875792502881e+34
70.8,9.01693755390504e+35,8.90534341115031e+35,1.11594142754729e+34
70.9,8.99547222268592e+35,8.88415859890732e+35,1.11313623778605e+34
71,8.97409147762461e+35,8.86305724823833e+35,1.11034229386274e+34
71.1,8.95283557361757e+35,8.84203890755154e+35,1.1079666606603e+34
71.2,8.93167654957888e+35,8.82110312834849e+35,1.10573421230386e+34
71.3,8.91060048763326e+35,8.80024946519852e+35,1.10351022434737e+34
71.4,8.88960694091375e+35,8.77947747571337e+35,1.10129465200375e+34
71.5,8.86869546560097e+35,8.75878672052217e+35,1.09908745078805e+34
71.6,8.84786562089798e+35,8.73817676324648e+35,1.09688857651504e+34
71.7,8.82711696900544e+35,8.71764717047576e+35,1.09469798529673e+34
71.8,8.80644907509694e+35,8.69719751174295e+35,1.09251563353994e+34
71.9,8.78586150729469e+35,8.67682735950029e+35,1.09034147794393e+34
72,8.76535383664529e+35,8.65653628909549e+35,1.08817547549799e+34
72.1,8.74492563709586e+35,8.63632387874795e+35,1.08601758347911e+34
72.2,8.72457648547033e+35,8.61618970952536e+35,1.08386775944964e+34
72.3,8.70430596144596e+35,8.59613336532046e+35,1.08172596125498e+34
72.4,8.68411364753016e+35,8.57615443282803e+35,1.07959214702129e+34
72.5,8.66399912903743e+35,8.55625250152211e+35,1.07746627515322e+34
72.6,8.64396199406661e+35,8.53642716363344e+35,1.07534830433169e+34
72.7,8.62400183347836e+35,8.5166780141272e+35,1.07323819351164e+34
72.8,8.60411824087274e+35,8.49700465068076e+35,1.07113590191983e+34
72.9,8.58431081256716e+35,8.47740667366189e+35,1.06904138905265e+34
73,8.5645791475744e+35,8.457883686107e+35,1.06695461467402e+34
73.1,8.5449228475809e+35,8.43843529369959e+35,1.06487553881314e+34
73.2,8.52534151692524e+35,8.41906110474899e+35,1.06280412176249e+34
73.3,8.50583476257676e+35,8.3997607301692e+35,1.06074032407562e+34
73.4,8.48640219411446e+35,8.38053378345794e+35,1.05868410656516e+34
73.5,8.46704342370609e+35,8.36137988067602e+35,1.05663543030069e+34
73.6,8.44775806608735e+35,8.34229864042667e+35,1.05459425660673e+34
73.7,8.42854573854141e+35,8.32328968383533e+35,1.05256054706073e+34
73.8,8.40940606087854e+35,8.30435263452944e+35,1.05053426349101e+34
73.9,8.39033865541599e+35,8.2854871186185e+35,1.04851536797484e+34
74,8.37134314695793e+35,8.26669276467428e+35,1.04650382283644e+34
74.1,8.35241916277572e+35,8.24796920371122e+35,1.04449959064502e+34
74.2,8.33356633258831e+35,8.22931606916702e+35,1.04250263421287e+34
74.3,8.31478428854272e+35,8.21073299688337e+35,1.04051291659345e+34
74.4,8.29607266519488e+35,8.19221962508693e+35,1.03853040107946e+34
74.5,8.27743109949057e+35,8.17377559437046e+35,1.03655505120101e+34
74.6,8.25885923074655e+35,8.15540054767418e+35,1.03458683072372e+34
74.7,8.24035670063194e+35,8.13709413026725e+35,1.03262570364689e+34
74.8,8.22192315314967e+35,8.1188559897295e+35,1.03067163420168e+34
74.9,8.20355823461817e+35,8.10068577593324e+35,1.0287245868493e+34
75,8.18526159365324e+35,8.08258314102532e+35,1.0267845262792e+34
75.1,8.16703288114993e+35,8.0645477394092e+35,1.0248514174073e+34
75.2,8.14887175026478e+35,8.04657922772735e+35,1.02292522537425e+34
75.3,8.130777856398e+35,8.02867726484363e+35,1.02100591554365e+34
75.4,8.11275085717601e+35,8.01084151182597e+35,1.01909345350034e+34
75.5,8.094790412434e+35,7.99307163192913e+35,1.01718780504871e+34
75.6,8.07689618419873e+35,7.97536729057764e+35,1.01528893621094e+34
75.7,8.05906783667149e+35,7.95772815534895e+35,1.01339681322539e+34
75.8,8.04130503621111e+35,7.94015389595662e+35,1.01151140254487e+34
75.9,8.02360745131729e+35,7.92264418423379e+35,1.00963267083504e+34
76,8.00597475261391e+35,7.90519869411664e+35,1.00776058497273e+34
76.1,7.98840661283262e+35,7.88781710162818e+35,1.00589511204436e+34
76.2,7.97090270679649e+35,7.87049908486206e+35,1.00403621934429e+34
76.3,7.95346271140392e+35,7.85324432396659e+35,1.00218387437324e+34
76.4,7.93608630561262e+35,7.83605250112894e+35,1.00033804483673e+34
76.5,7.91877317042384e+35,7.81892330055949e+35,9.98498698643504e+33
76.6,7.90152298886665e+35,7.80185640847625e+35,9.96665803903982e+33
76.7,7.8843354459824e+35,7.78485151308953e+35,9.94839328928702e+33
76.8,7.86721022880931e+35,7.76790830458663e+35,9.93019242226817e+33
76.9,7.85014702636716e+35,7.75102647511671e+35,9.91205512504588e+33
77,7.83314552964214e+35,7.73420571877575e+35,9.89398108663885e+33
77.1,7.81620543157178e+35,7.71744573159171e+35,9.87596999800701e+33
77.2,7.7993264270301e+35,7.70074621150973e+35,9.85802155203681e+33
77.3,7.78250821281286e+35,7.68410685837759e+35,9.8401354435266e+33
77.4,7.76575048762293e+35,7.6675273739312e+35,9.82231136917233e+33
77.5,7.74905295205576e+35,7.65100746178023e+35,9.8045490275532e+33
77.6,7.73241530858507e+35,7.63454682739389e+35,9.78684811911751e+33
77.7,7.71583726154846e+35,7.61814517808678e+35,9.76920834616862e+33
77.8,7.69931851713338e+35,7.60180222300488e+35,9.75162941285085e+33
77.9,7.68285878336303e+35,7.58551767311167e+35,9.7341110251358e+33
78,7.66645777008253e+35,7.56929124117444e+35,9.71665289080861e+33
78.1,7.6501151889452e+35,7.55312264175066e+35,9.69925471945448e+33
78.2,7.63383075339899e+35,7.53701159117454e+35,9.68191622244526e+33
78.3,7.61760417867299e+35,7.52095780754373e+35,9.66463711292605e+33
78.4,7.6014351817641e+35,7.50496101070608e+35,9.64741710580193e+33
78.5,7.58532348142375e+35,7.4890209222465e+35,9.63025591772488e+33
78.6,7.56926879814481e+35,7.47313726547401e+35,9.61315326708075e+33
78.7,7.55327085414855e+35,7.45730976540878e+35,9.59610887397652e+33
78.8,7.53732937337172e+35,7.44153814876944e+35,9.57912246022753e+33
78.9,7.52144408145383e+35,7.42582214396038e+35,9.56219374934484e+33
79,7.50561470572442e+35,7.41016148105919e+35,9.54532246652263e+33
79.1,7.48984097519054e+35,7.39455589180428e+35,9.52850833862575e+33
79.2,7.47412262052417e+35,7.3790051095824e+35,9.51175109417736e+33
79.3,7.45845937404986e+35,7.36350886941639e+35,9.49505046334674e+33
79.4,7.4428509697324e+35,7.34806690795303e+35,9.47840617793728e+33
79.5,7.42729714316462e+35,7.33267896345087e+35,9.46181797137445e+33
79.6,7.41179763155536e+35,7.31734477576842e+35,9.44528557869394e+33
79.7,7.39635217371752e+35,7.30206408635222e+35,9.42880873652979e+33
79.8,7.38096051005624e+35,7.28683663822521e+35,9.41238718310264e+33
79.9,7.36562238255719e+35,7.27166217597511e+35,9.39602065820814e+33
80,7.35033753477497e+35,7.25654044574291e+35,9.37970890320544e+33
80.1,7.33510571182152e+35,7.24147119521147e+35,9.36345166100589e+33
80.2,7.31992666035482e+35,7.22645417359421e+35,9.34724867606177e+33
80.3,7.3048001285675e+35,7.21148913162395e+35,9.33109969435508e+33
80.4,7.28972586617572e+35,7.19657582154185e+35,9.3150044633864e+33
80.5,7.27470362440807e+35,7.18171399708643e+35,9.29896273216384e+33
80.6,7.25973315599452e+35,7.1669034134826e+35,9.28297425119204e+33
80.7,7.24481421515549e+35,7.15214382743088e+35,9.26703877246143e+33
80.8,7.22994655759091e+35,7.13743499709654e+35,9.25115604943747e+33
80.9,7.21512994046942e+35,7.12277668209892e+35,9.23532583705007e+33
81,7.20036412241766e+35,7.10816864350083e+35,9.21954789168312e+33
81.1,7.18564886350967e+35,7.09361064379803e+35,9.20382197116393e+33
81.2,7.17098392525638e+35,7.07910244690885e+35,9.18814783475287e+33
81.3,7.15636907059517e+35,7.06464381816384e+35,9.172525243133e+33
81.4,7.14180406387953e+35,7.05023452429554e+35,9.15695395839987e+33
81.5,7.12728867086882e+35,7.03587433342831e+35,9.14143374405137e+33
81.6,7.11282265871809e+35,7.02156301506831e+35,9.12596436497778e+33
81.7,7.09840579596811e+35,7.00730034009359e+35,9.11054558745187e+33
81.8,7.08403785253545e+35,6.99308608074426e+35,9.09517717911904e+33
81.9,7.06971859970267e+35,6.9789200106128e+35,9.07985890898755e+33
82,7.05544781010857e+35,6.96480190463438e+35,9.06459054741874e+33
82.1,7.04122525773844e+35,6.95073153907727e+35,9.04937186611738e+33
82.2,7.02705071791448e+35,6.93670869153326e+35,9.03420263812213e+33
82.3,7.01292396728622e+35,6.92273314090826e+35,9.01908263779605e+33
82.4,6.99884478382106e+35,6.90880466741289e+35,9.00401164081725e+33
82.5,6.98481294679486e+35,6.89492305255317e+35,8.9889894241697e+33
82.6,6.97082823678259e+35,6.88108807912125e+35,8.97401576613396e+33
82.7,6.956890435649e+35,6.86729953118622e+35,8.95909044627808e+33
82.8,6.94299932653938e+35,6.85355719408489e+35,8.94421324544851e+33
82.9,6.92915469387042e+35,6.83986085441281e+35,8.929383945761e+33
83,6.91535632332122e+35,6.8262103000153e+35,8.91460233059169e+33
83.1,6.90160400182429e+35,6.81260531997861e+35,8.89986818456825e+33
83.2,6.88789751755676e+35,6.79904570462115e+35,8.8851812935611e+33
83.3,6.87423665993159e+35,6.78553124548484e+35,8.87054144467476e+33
83.4,6.86062121958884e+35,6.77206173532645e+35,8.8559484262393e+33
83.5,6.84705098838713e+35,6.75863696810911e+35,8.84140202780172e+33
83.6,6.83352575939508e+35,6.74525673899391e+35,8.82690204011754e+33
83.7,6.82004532688298e+35,6.73192084433156e+35,8.81244825514231e+33
83.8,6.80660948631428e+35,6.71862908165404e+35,8.79804046602318e+33
83.9,6.79321803433727e+35,6.70538124966637e+35,8.78367846709065e+33
84,6.77987076877678e+35,6.69217714823828e+35,8.76936205385028e+33
84.1,6.76656748862586e+35,6.67901657839611e+35,8.75509102297458e+33
84.2,6.75330799403765e+35,6.6658993423147e+35,8.740865172295e+33
84.3,6.74009208631723e+35,6.65282524330929e+35,8.7266843007939e+33
84.4,6.72691956791346e+35,6.6397940858275e+35,8.71254820859666e+33
84.5,6.713790242411e+35,6.62680567544136e+35,8.69845669696373e+33
84.6,6.70070391452231e+35,6.61385981883948e+35,8.68440956828285e+33
84.7,6.68766039007991e+35,6.6009563238193e+35,8.67040662606117e+33
84.8,6.67465947602855e+35,6.58809499927938e+35,8.65644767491757e+33
84.9,6.66170098041758e+35,6.57527565521183e+35,8.64253252057497e+33
85,6.64878471239333e+35,6.56249810269481e+35,8.62866096985279e+33
85.1,6.63591048219162e+35,6.54976215388502e+35,8.61483283065944e+33
85.2,6.62307810113029e+35,6.53706762201044e+35,8.60104791198494e+33
85.3,6.61028738160187e+35,6.52441432136293e+35,8.58730602389355e+33
85.4,6.59753813706614e+35,6.51180206729098e+35,8.57360697751642e+33
85.5,6.58483018204285e+35,6.4992306761924e+35,8.55995058504433e+33
85.6,6.57216333210434e+35,6.48669996550714e+35,8.54633665972042e+33
85.7,6.55953740386838e+35,6.47420975371005e+35,8.53276501583302e+33
85.8,6.54695221499083e+35,6.46175986030375e+35,8.5192354687085e+33
85.9,6.53440758415854e+35,6.4493501058115e+35,8.50574783470421e+33
86,6.52190333108213e+35,6.43698031177012e+35,8.49230193120158e+33
86.1,6.50943927648901e+35,6.42465030072302e+35,8.4788975765991e+33
86.2,6.49701524211639e+35,6.41235989621334e+35,8.46553459030561e+33
86.3,6.48463105070442e+35,6.40010892277709e+35,8.45221279273343e+33
86.4,6.47228652598936e+35,6.38789720593645e+35,8.43893200529162e+33
86.5,6.45998149269692e+35,6.37572457219313e+35,8.42569205037923e+33
86.6,6.44771577653561e+35,6.36359084902182e+35,8.41249275137862e+33
86.7,6.43548920419016e+35,6.35149586486367e+35,8.3993339326488e+33
86.8,6.42330160331501e+35,6.33943944911982e+35,8.38621541951886e+33
86.9,6.41115280252776e+35,6.32742143214495e+35,8.37313703828147e+33
87,6.39904263140271e+35,6.31544164524085e+35,8.36009861618636e+33
87.1,6.38697092046435e+35,6.30349992065001e+35,8.34709998143403e+33
87.2,6.37493750118093e+35,6.29159609154923e+35,8.33414096316937e+33
87.3,6.36294220595794e+35,6.27972999204318e+35,8.32122139147543e+33
87.4,6.3509848681318e+35,6.26790145715813e+35,8.3083410973671e+33
87.5,6.33906532196345e+35,6.2561103228356e+35,8.29549991278496e+33
87.6,6.3271834026321e+35,6.24435642592621e+35,8.28269767058907e+33
87.7,6.31533894622906e+35,6.23263960418353e+35,8.26993420455282e+33
87.8,6.30353178975161e+35,6.22095969625804e+35,8.25720934935682e+33
87.9,6.29176177109705e+35,6.20931654169122e+35,8.24452294058293e+33
88,6.28002872905672e+35,6.19770998090964e+35,8.23187481470825e+33
88.1,6.26833250331022e+35,6.18613985521923e+35,8.2192648090992e+33
88.2,6.25667293441952e+35,6.17460600679946e+35,8.20669276200575e+33
88.3,6.24504986382322e+35,6.16310827869766e+35,8.19415851255554e+33
88.4,6.23346313383071e+35,6.15164651482323e+35,8.18166190074819e+33
88.5,6.22191258761643e+35,6.14022055994194e+35,8.16920276744953e+33
88.6,6.21039806921404e+35,6.12883025967019e+35,8.1567809543859e+33
88.7,6.19891942351063e+35,6.11747546046925e+35,8.1443963041385e+33
88.8,6.18747649624094e+35,6.10615600963956e+35,8.13204866013771e+33
88.9,6.17606913398168e+35,6.09487175531511e+35,8.11973786665756e+33
89,6.16469718414587e+35,6.08362254645777e+35,8.10746376881013e+33
89.1,6.15336049497725e+35,6.07240823285185e+35,8.09522621254015e+33
89.2,6.14318423412097e+35,6.06235398367478e+35,8.08302504461952e+33
89.3,6.13415361242258e+35,6.05344501129616e+35,8.07086011264194e+33
89.4,6.12514954925009e+35,6.04456223659991e+35,8.05873126501765e+33
89.5,6.11617193424315e+35,6.03570555073347e+35,8.04663835096804e+33
89.6,6.1072206576294e+35,6.02687484542419e+35,8.03458122052047e+33
89.7,6.09829561022067e+35,6.01807001297564e+35,8.02255972450295e+33
89.8,6.08939668340927e+35,6.00929094626388e+35,8.01057371453897e+33
89.9,6.08052376916422e+35,6.00053753873379e+35,7.99862304304228e+33
90,6.07167676002742e+35,5.99180968439531e+35,7.98670756321179e+33
90.1,6.06285554910986e+35,5.9831072778196e+35,7.97482712902644e+33
90.2,6.05406003008776e+35,5.97443021413536e+35,7.96298159524015e+33
90.3,6.04529009719887e+35,5.9657783890251e+35,7.95117081737688e+33
90.4,6.03654564523876e+35,5.9571516987215e+35,7.93939465172563e+33
90.5,6.0278265695572e+35,5.94855004000384e+35,7.92765295533558e+33
90.6,6.01913276605471e+35,5.93997331019459e+35,7.91594558601124e+33
90.7,6.01046413117913e+35,5.93142140715605e+35,7.90427240230759e+33
90.8,6.00182056192226e+35,5.92289422928701e+35,7.89263326352526e+33
90.9,5.99320195581656e+35,5.9143916755195e+35,7.88102802970582e+33
91,5.98460821093177e+35,5.9059136453155e+35,7.86945656162694e+33
91.1,5.9760392258716e+35,5.89746003866363e+35,7.85791872079769e+33
91.2,5.96749489977028e+35,5.88903075607574e+35,7.84641436945387e+33
91.3,5.95897513228906e+35,5.88062569858352e+35,7.83494337055337e+33
91.4,5.95047982361275e+35,5.87224476773503e+35,7.82350558777155e+33
91.5,5.94200887444621e+35,5.86388786559125e+35,7.81210088549669e+33
91.6,5.93356218601091e+35,5.85555489472266e+35,7.8007291288255e+33
91.7,5.92513966004156e+35,5.84724575820597e+35,7.78939018355866e+33
91.8,5.91674119878286e+35,5.8389603596209e+35,7.77808391619634e+33
91.9,5.90836670498635e+35,5.83069860304702e+35,7.76681019393379e+33
92,5.90001608190739e+35,5.82246039306082e+35,7.75556888465695e+33
92.1,5.89168923330211e+35,5.81424563473273e+35,7.74435985693808e+33
92.2,5.88338606342455e+35,5.80605423362423e+35,7.73318298003137e+33
92.3,5.8751064770235e+35,5.79788609578482e+35,7.72203812386865e+33
92.4,5.86685037933956e+35,5.78974112774901e+35,7.71092515905506e+33
92.5,5.85861767610189e+35,5.78161923653324e+35,7.69984395686481e+33
92.6,5.85040827352508e+35,5.77352032963271e+35,7.68879438923697e+33
92.7,5.84222207830584e+35,5.76544431501813e+35,7.67777632877128e+33
92.8,5.83405899761983e+35,5.75739110113259e+35,7.66678964872406e+33
92.9,5.82591893911849e+35,5.74936059688845e+35,7.65583422300405e+33
93,5.81780181092607e+35,5.74135271166438e+35,7.64490992616844e+33
93.1,5.80970752163672e+35,5.73336735530253e+35,7.63401663341875e+33
93.2,5.80163598031171e+35,5.72540443810574e+35,7.62315422059687e+33
93.3,5.79358709647672e+35,5.71746387083491e+35,7.61232256418104e+33
93.4,5.78556078011923e+35,5.70954556470641e+35,7.60152154128191e+33
93.5,5.77755694168578e+35,5.70164943138939e+35,7.59075102963854e+33
93.6,5.76957549207916e+35,5.69377538300301e+35,7.58001090761454e+33
93.7,5.76161634265549e+35,5.68592333211355e+35,7.56930105419413e+33
93.8,5.75367940522127e+35,5.67809319173149e+35,7.55862134897832e+33
93.9,5.74576459203035e+35,5.67028487530854e+35,7.54797167218107e+33
94,5.73787181578097e+35,5.66249829673471e+35,7.53735190462552e+33
94.1,5.73000098961283e+35,5.65473337033543e+35,7.52676192774022e+33
94.2,5.72215202710439e+35,5.64699001086883e+35,7.51620162355547e+33
94.3,5.71432484227021e+35,5.63926813352321e+35,7.50567087469953e+33
94.4,5.70651934955857e+35,5.63156765391462e+35,7.49516956439503e+33
94.5,5.69873546384905e+35,5.6238884880845e+35,7.4846975764553e+33
94.6,5.6909731004501e+35,5.6162305524973e+35,7.47425479528065e+33
94.7,5.68323217509653e+35,5.60859376403798e+35,7.46384110585485e+33
94.8,5.67551260394683e+35,5.60097804000942e+35,7.45345639374149e+33
94.9,5.66781430358048e+35,5.59338329812968e+35,7.44310054508034e+33
95,5.66013719099506e+35,5.58580945652922e+35,7.43277344658389e+33
95.1,5.65248118360351e+35,5.57825643374817e+35,7.42247498553378e+33
95.2,5.64484619923131e+35,5.57072414873354e+35,7.4122050497773e+33
95.3,5.63723215611395e+35,5.56321252083671e+35,7.40196352772398e+33
95.4,5.62963897289451e+35,5.55572146981108e+35,7.39175030834218e+33
95.5,5.62206656862144e+35,5.54825091580988e+35,7.38156528115565e+33
95.6,5.61451486274644e+35,5.54080077938404e+35,7.37140833624022e+33
95.7,5.60698377512232e+35,5.53337098148012e+35,7.36127936422049e+33
95.8,5.59947322600061e+35,5.52596144343795e+35,7.35117825626643e+33
95.9,5.59198313602912e+35,5.51857208698821e+35,7.34110490409016e+33
96,5.5845134262493e+35,5.51120283424987e+35,7.33105919994266e+33
96.1,5.5770640180936e+35,5.50385360772749e+35,7.32104103661046e+33
96.2,5.56963483338279e+35,5.49652433030867e+35,7.31105030741246e+33
96.3,5.56222579432348e+35,5.48921492526151e+35,7.30108690619661e+33
96.4,5.5548368235058e+35,5.48192531623243e+35,7.29115072733684e+33
96.5,5.54746784390126e+35,5.47465542724397e+35,7.28124166572975e+33
96.6,5.54011877886081e+35,5.4674051826929e+35,7.27135961679155e+33
96.7,5.53278955211288e+35,5.46017450734833e+35,7.26150447645492e+33
96.8,5.52548008776133e+35,5.45296332634967e+35,7.2516761411659e+33
96.9,5.51819031028326e+35,5.44577156520445e+35,7.24187450788082e+33
97,5.51092014452656e+35,5.43859914978593e+35,7.23209947406327e+33
97.1,5.50366951570732e+35,5.43144600633051e+35,7.22235093768106e+33
97.2,5.49643834940726e+35,5.42431206143523e+35,7.21262879720319e+33
97.3,5.48922657157133e+35,5.41719724205536e+35,7.20293295159685e+33
97.4,5.48203410850556e+35,5.41010147550231e+35,7.19326330032445e+33
97.5,5.47486088687516e+35,5.40302468944175e+35,7.18361974334063e+33
97.6,5.46770683370284e+35,5.39596681189195e+35,7.17400218108934e+33
97.7,5.46057187636701e+35,5.388927771222e+35,7.16441051450085e+33
97.8,5.45345594259984e+35,5.38190749614995e+35,7.15484464498892e+33
97.9,5.4463589604851e+35,5.37490591574062e+35,7.14530447444789e+33
98,5.43928085845576e+35,5.36792295940327e+35,7.13578990524979e+33
98.1,5.43222156529154e+35,5.36095855688912e+35,7.12630084024162e+33
98.2,5.42518101011652e+35,5.3540126382891e+35,7.11683718274249e+33
98.3,5.41815912239702e+35,5.34708513403161e+35,7.10739883654086e+33
98.4,5.41115583193974e+35,5.34017597488082e+35,7.0979857058918e+33
98.5,5.4041710688902e+35,5.33328509193506e+35,7.08859769551431e+33
98.6,5.39720476373106e+35,5.32641241662518e+35,7.07923471058851e+33
98.7,5.39025684728046e+35,5.31955788071293e+35,7.06989665675301e+33
98.8,5.38332725069e+35,5.31272141628898e+35,7.06058344010221e+33
98.9,5.37641590544249e+35,5.30590295577066e+35,7.0512949671836e+33
99,5.36952274334958e+35,5.29910243189963e+35,7.04203114499506e+33
99.1,5.36264769654948e+35,5.29231977773966e+35,7.03279188098226e+33
99.2,5.35579069750498e+35,5.28555492667462e+35,7.02357708303597e+33
99.3,5.34895167900167e+35,5.27880781240678e+35,7.01438665948944e+33
99.4,5.3421305741466e+35,5.27207836895545e+35,7.00522051911581e+33
99.5,5.33532731636677e+35,5.26536653065552e+35,6.99607857112551e+33
99.6,5.32854183940746e+35,5.25867223215583e+35,6.98696072516371e+33
99.7,5.32177407733025e+35,5.25199540841717e+35,6.97786689130777e+33
99.8,5.31502396451076e+35,5.24533599471011e+35,6.96879698006477e+33
99.9,5.30829143563638e+35,5.23869392661269e+35,6.95975090236896e+33
100,5.30157642570423e+35,5.23206914000844e+35,6.95072856957935e+33
100.1,5.29487887001947e+35,5.2254615710847e+35,6.94172989347719e+33
100.2,5.28819870419395e+35,5.21887115633131e+35,6.93275478626361e+33
100.3,5.28153586414495e+35,5.21229783253938e+35,6.92380316055713e+33
100.4,5.2748902860936e+35,5.20574153679968e+35,6.91487492939129e+33
100.5,5.26826190656299e+35,5.19920220650087e+35,6.90597000621225e+33
100.6,5.26165066237603e+35,5.19267977932726e+35,6.89708830487638e+33
100.7,5.25505649065321e+35,5.18617419325673e+35,6.88822973964795e+33
100.8,5.24847932881073e+35,5.17968538655876e+35,6.87939422519672e+33
100.9,5.24191911455904e+35,5.17321329779308e+35,6.87058167659569e+33
101,5.23537578590164e+35,5.16675786580845e+35,6.86179200931868e+33
101.1,5.22884928113383e+35,5.16031902974145e+35,6.85302513923814e+33
101.2,5.22233953884107e+35,5.15389672901484e+35,6.8442809826228e+33
101.3,5.2158464978969e+35,5.14749090333555e+35,6.83555945613542e+33
101.4,5.20937009746088e+35,5.14110149269258e+35,6.82686047683054e+33
101.5,5.20291027697662e+35,5.13472843735509e+35,6.81818396215226e+33
101.6,5.1964669761703e+35,5.12837167787098e+35,6.80952982993198e+33
101.7,5.19004013504966e+35,5.1220311550658e+35,6.80089799838617e+33
101.8,5.18362969390281e+35,5.11570681004167e+35,6.79228838611421e+33
101.9,5.17723559329656e+35,5.1093985841756e+35,6.78370091209614e+33
102,5.1708577740745e+35,5.10310641911759e+35,6.7751354956905e+33
102.1,5.16449617735489e+35,5.09683025678857e+35,6.76659205663216e+33
102.2,5.15815074452893e+35,5.09057003937863e+35,6.75807051503015e+33
102.3,5.15182141725955e+35,5.08432570934589e+35,6.74957079136553e+33
102.4,5.14550813748047e+35,5.07809720941558e+35,6.74109280648929e+33
102.5,5.13921084739488e+35,5.07188448257867e+35,6.73263648162027e+33
102.6,5.13292948947359e+35,5.06568747209016e+35,6.72420173834303e+33
102.7,5.12666400645313e+35,5.05950612146707e+35,6.7157884986059e+33
102.8,5.1204143413339e+35,5.05334037448671e+35,6.70739668471885e+33
102.9,5.11418043737898e+35,5.04719017518547e+35,6.69902621935155e+33
103,5.10796223811317e+35,5.04105546785785e+35,6.69067702553136e+33
103.1,5.1017596873216e+35,5.03493619705519e+35,6.6823490266413e+33
103.2,5.09557272904802e+35,5.02883230758384e+35,6.67404214641814e+33
103.3,5.08940130759293e+35,5.02274374450342e+35,6.66575630895036e+33
103.4,5.08324536751206e+35,5.0166704531253e+35,6.65749143867624e+33
103.5,5.07710485361551e+35,5.01061237901169e+35,6.64924746038182e+33
103.6,5.07097971096644e+35,5.00456946797445e+35,6.64102429919899e+33
103.7,5.06486988487958e+35,4.99854166607354e+35,6.63282188060353e+33
103.8,5.05877532091935e+35,4.99252891961522e+35,6.6246401304131e+33
103.9,5.05269596489844e+35,4.98653117515059e+35,6.61647897478537e+33
104,5.04663176287681e+35,4.98054837947465e+35,6.60833834021605e+33
104.1,5.04058266116041e+35,4.97458047962504e+35,6.60021815353699e+33
104.2,5.03454860629965e+35,4.96862742288051e+35,6.59211834191427e+33
104.3,5.0285295450878e+35,4.96268915675933e+35,6.58403883284638e+33
104.4,5.02252542455984e+35,4.95676562901821e+35,6.57597955416231e+33
104.5,5.01653619199135e+35,4.95085678765115e+35,6.56794043401977e+33
104.6,5.01056179489702e+35,4.94496258088799e+35,6.55992140090339e+33
104.7,5.00460218102918e+35,4.93908295719295e+35,6.5519223836229e+33
104.8,4.99865729837658e+35,4.93321786526347e+35,6.54394331131139e+33
104.9,4.99272709516317e+35,4.92736725402893e+35,6.53598411342355e+33
105,4.98681151984668e+35,4.92153107264934e+35,6.52804471973392e+33
105.1,4.98091052111733e+35,4.91570927051397e+35,6.52012506033517e+33
105.2,4.97502404789665e+35,4.90990179724029e+35,6.51222506563634e+33
105.3,4.96915204933617e+35,4.90410860267256e+35,6.50434466636112e+33
105.4,4.96329447481616e+35,4.8983296368807e+35,6.49648379354612e+33
105.5,4.95745127394443e+35,4.89256485015903e+35,6.48864237853916e+33
105.6,4.95162239655501e+35,4.88681419302504e+35,6.48082035299748e+33
105.7,4.945807792707e+35,4.88107761621814e+35,6.47301764888612e+33
105.8,4.94000774326511e+35,4.87535540128035e+35,6.4652341984761e+33
105.9,4.93430942536302e+35,4.86973472601959e+35,6.45746993434278e+33
106,4.92862491200685e+35,4.8641276641132e+35,6.44972478936417e+33
106.1,4.92295415548219e+35,4.858534168515e+35,6.44199869671919e+33
106.2,4.9172971082869e+35,4.85295419238804e+35,6.43429158988607e+33
106.3,4.91165372312991e+35,4.8473876891035e+35,6.4266034026407e+33
106.4,4.90602395293011e+35,4.84183461223956e+35,6.41893406905496e+33
106.5,4.90040775081524e+35,4.83629491558029e+35,6.41128352349515e+33
106.6,4.89480507012075e+35,4.83076855311455e+35,6.4036517006204e+33
106.7,4.88921586438867e+35,4.82525547903486e+35,6.39603853538113e+33
106.8,4.88364008736651e+35,4.81975564773633e+35,6.3884439630174e+33
106.9,4.87807769300609e+35,4.81426901381552e+35,6.38086791905747e+33
107,4.87252863546244e+35,4.80879553206928e+35,6.37331033931622e+33
107.1,4.86699286909278e+35,4.80333515749384e+35,6.36577115989365e+33
107.2,4.86147034845536e+35,4.79788784528363e+35,6.35825031717331e+33
107.3,4.8559610283083e+35,4.79245355083009e+35,6.35074774782085e+33
107.4,4.85046486360863e+35,4.78703222972081e+35,6.34326338878248e+33
107.5,4.84498180951139e+35,4.78162383773855e+35,6.33579717728341e+33
107.6,4.83951182136837e+35,4.77622833086011e+35,6.32834905082643e+33
107.7,4.83405485472695e+35,4.77084566525505e+35,6.32091894719032e+33
107.8,4.82861086532916e+35,4.76547579728488e+35,6.3135068044284e+33
107.9,4.82317980911094e+35,4.76011868350227e+35,6.30611256086698e+33
108,4.81776164220091e+35,4.75477428064987e+35,6.29873615510391e+33
108.1,4.81235632091904e+35,4.74944254565896e+35,6.29137752600706e+33
108.2,4.80696380177559e+35,4.74412343564847e+35,6.28403661271286e+33
108.3,4.80158404147048e+35,4.73881690792423e+35,6.27671335462486e+33
108.4,4.79621699689241e+35,4.73352291997829e+35,6.2694076914123e+33
108.5,4.79086262511772e+35,4.72824142948764e+35,6.2621195630086e+33
108.6,4.78552088340899e+35,4.72297239431288e+35,6.25484890961009e+33
108.7,4.780191729214e+35,4.71771577249726e+35,6.24759567167453e+33
108.8,4.77487512016519e+35,4.71247152226599e+35,6.24035978991977e+33
108.9,4.76957101407889e+35,4.70723960202567e+35,6.23314120532241e+33
109,4.76427936895444e+35,4.70201997036327e+35,6.22593985911643e+33
109.1,4.75900014297263e+35,4.69681258604471e+35,6.21875569279189e+33
109.2,4.75373329449452e+35,4.69161740801359e+35,6.21158864809356e+33
109.3,4.74847878206063e+35,4.68643439539043e+35,6.20443866701966e+33
109.4,4.74323656439035e+35,4.68126350747214e+35,6.19730569182047e+33
109.5,4.73800660038131e+35,4.67610470373134e+35,6.19018966499704e+33
109.6,4.73278884910842e+35,4.67095794381542e+35,6.18309052929984e+33
109.7,4.72758326982243e+35,4.66582318754516e+35,6.17600822772744e+33
109.8,4.72238982194869e+35,4.66070039491344e+35,6.16894270352517e+33
109.9,4.71720846508627e+35,4.65558952608443e+35,6.16189390018381e+33
110,4.71203915900749e+35,4.65049054139311e+35,6.15486176143819e+33
110.1,4.70688186365739e+35,4.64540340134473e+35,6.14784623126596e+33
110.2,4.70173653915292e+35,4.64032806661406e+35,6.14084725388621e+33
110.3,4.69660314578178e+35,4.6352644980442e+35,6.1338647737582e+33
110.4,4.69148164400102e+35,4.63021265664522e+35,6.1268987355801e+33
110.5,4.68637199443587e+35,4.625172503593e+35,6.11994908428769e+33
110.6,4.68127415787903e+35,4.6201440002285e+35,6.11301576505318e+33
110.7,4.67618809529018e+35,4.61512710805734e+35,6.10609872328395e+33
110.8,4.67111376779553e+35,4.61012178874932e+35,6.09919790462137e+33
110.9,4.66605113668703e+35,4.60512800413763e+35,6.09231325493966e+33
111,4.66100016342132e+35,4.60014571621788e+35,6.08544472034464e+33
111.1,4.65596080961842e+35,4.5951748871467e+35,6.07859224717264e+33
111.2,4.65093303706053e+35,4.59021547924063e+35,6.07175578198931e+33
111.3,4.64591680769121e+35,4.58526745497533e+35,6.06493527158846e+33
111.4,4.6409120836149e+35,4.580330776985e+35,6.05813066299089e+33
111.5,4.63591882709645e+35,4.57540540806202e+35,6.05134190344322e+33
111.6,4.63093700056059e+35,4.57049131115642e+35,6.04456894041668e+33
111.7,4.62596656659105e+35,4.56558844937499e+35,6.03781172160593e+33
111.8,4.62100748792947e+35,4.56069678598019e+35,6.03107019492788e+33
111.9,4.6160597274741e+35,4.5558162843889e+35,6.02434430852044e+33
112,4.61112324827876e+35,4.55094690817134e+35,6.01763401074137e+33
112.1,4.60619801355201e+35,4.54608862105034e+35,6.01093925016707e+33
112.2,4.60128398665673e+35,4.54124138690081e+35,6.00425997559143e+33
112.3,4.59638113110969e+35,4.53640516974944e+35,5.99759613602467e+33
112.4,4.59148941058105e+35,4.53157993377413e+35,5.99094768069226e+33
112.5,4.58660878889365e+35,4.52676564330331e+35,5.98431455903374e+33
112.6,4.58173923002199e+35,4.52196226281498e+35,5.97769672070176e+33
112.7,4.57688069809109e+35,4.51716975693549e+35,5.97109411556095e+33
112.8,4.57203315737537e+35,4.5123880904385e+35,5.96450669368692e+33
112.9,4.56719657229775e+35,4.5076172282441e+35,5.95793440536526e+33
113,4.56237090742907e+35,4.50285713541816e+35,5.95137720109048e+33
113.1,4.55755612748761e+35,4.49810777717196e+35,5.94483503156503e+33
113.2,4.55275219733871e+35,4.49336911886173e+35,5.93830784769827e+33
113.3,4.54795908199422e+35,4.48864112598817e+35,5.93179560060538e+33
113.4,4.54317674661175e+35,4.48392376419569e+35,5.92529824160636e+33
113.5,4.53840515649369e+35,4.47921699927144e+35,5.91881572222493e+33
113.6,4.53364427708616e+35,4.47452079714429e+35,5.91234799418743e+33
113.7,4.528894073978e+35,4.46983512388378e+35,5.90589500942174e+33
113.8,4.52415451289987e+35,4.46515994569931e+35,5.89945672005617e+33
113.9,4.51942555972373e+35,4.46049522893955e+35,5.89303307841841e+33
114,4.51470718046231e+35,4.45584094009197e+35,5.8866240370344e+33
114.1,4.50999934126876e+35,4.45119704578249e+35,5.88022954862734e+33
114.2,4.50530200843618e+35,4.44656351277502e+35,5.87384956611663e+33
114.3,4.50061514839695e+35,4.44194030797078e+35,5.86748404261694e+33
114.4,4.49593872772194e+35,4.43732739840757e+35,5.86113293143719e+33
114.5,4.49127271311949e+35,4.43272475125869e+35,5.85479618607971e+33
114.6,4.48661707143448e+35,4.42813233383208e+35,5.84847376023924e+33
114.7,4.48197176964736e+35,4.42355011356934e+35,5.84216560780215e+33
114.8,4.47733677487346e+35,4.41897805804501e+35,5.83587168284548e+33
114.9,4.47271205436247e+35,4.41441613496611e+35,5.82959193963607e+33
115,4.46809757549795e+35,4.40986431217166e+35,5.82332633262967e+33
115.1,4.46349330579705e+35,4.40532255763235e+35,5.81707481646999e+33
115.2,4.45889921290996e+35,4.40079083945008e+35,5.81083734598776e+33
115.3,4.45431526461937e+35,4.39626912585737e+35,5.80461387619973e+33
115.4,4.44974142883968e+35,4.3917573852166e+35,5.79840436230768e+33
115.5,4.44517767361615e+35,4.38725558601918e+35,5.79220875969741e+33
115.6,4.44062396712395e+35,4.38276369688457e+35,5.7860270239377e+33
115.7,4.43608027766728e+35,4.37828168655949e+35,5.77985911077933e+33
115.8,4.43154657367869e+35,4.37380952391715e+35,5.77370497615407e+33
115.9,4.42702282371843e+35,4.3693471779567e+35,5.76756457617375e+33
116,4.42250899647402e+35,4.36489461780273e+35,5.76143786712933e+33
116.1,4.41800506075985e+35,4.36045181270495e+35,5.75532480549003e+33
116.2,4.41351098551678e+35,4.35601873203776e+35,5.74922534790252e+33
116.3,4.40902673981165e+35,4.35159534529975e+35,5.74313945119012e+33
116.4,4.40455229283665e+35,4.34718162211313e+35,5.73706707235199e+33
116.5,4.4000876139086e+35,4.34277753222298e+35,5.73100816856243e+33
116.6,4.39563267246814e+35,4.33838304549644e+35,5.72496269717009e+33
116.7,4.39118743807888e+35,4.33399813192191e+35,5.71893061569718e+33
116.8,4.38675188042665e+35,4.32962276160827e+35,5.71291188183868e+33
116.9,4.38232596931884e+35,4.32525690478423e+35,5.70690645346147e+33
117,4.37790967468381e+35,4.32090053179778e+35,5.70091428860346e+33
117.1,4.37350296657048e+35,4.31655361311576e+35,5.69493534547267e+33
117.2,4.36910581514794e+35,4.31221611932347e+35,5.68896958244626e+33
117.3,4.364718190705e+35,4.30788802112431e+35,5.68301695806959e+33
117.4,4.3603400636498e+35,4.30356928933925e+35,5.67707743105526e+33
117.5,4.35597140450918e+35,4.29925989490635e+35,5.67115096028217e+33
117.6,4.35161218392805e+35,4.2949598088801e+35,5.66523750479461e+33
117.7,4.34726237266869e+35,4.29066900243067e+35,5.65933702380147e+33
117.8,4.34292194160994e+35,4.28638744684319e+35,5.65344947667536e+33
117.9,4.33859086174651e+35,4.28211511351699e+35,5.64757482295197e+33
118,4.33426910418828e+35,4.27785197396499e+35,5.64171302232927e+33
118.1,4.32995664015975e+35,4.27359799981308e+35,5.63586403466696e+33
118.2,4.32565344099958e+35,4.26935316279972e+35,5.63002781998574e+33
118.3,4.32135947816014e+35,4.26511743477548e+35,5.62420433846671e+33
118.4,4.3170747232072e+35,4.26089078770269e+35,5.61839355045067e+33
118.5,4.31279914781947e+35,4.2566731936551e+35,5.61259541643743e+33
118.6,4.30853272378819e+35,4.25246462481734e+35,5.60680989708499e+33
118.7,4.30427542301655e+35,4.24826505348447e+35,5.60103695320878e+33
118.8,4.30002721751913e+35,4.24407445206133e+35,5.59527654578077e+33
118.9,4.29578807942118e+35,4.2398927930619e+35,5.58952863592854e+33
119,4.29155798095793e+35,4.23572004910859e+35,5.58379318493442e+33
119.1,4.28733689447391e+35,4.23155619293157e+35,5.57807015423452e+33
119.2,4.28312479242233e+35,4.22740119736815e+35,5.57235950541794e+33
119.3,4.27892164736451e+35,4.22325503536225e+35,5.56666120022586e+33
119.4,4.27472743196943e+35,4.21911767996392e+35,5.56097520055084e+33
119.5,4.27054211901331e+35,4.21498910432895e+35,5.55530146843613e+33
119.6,4.26636568137926e+35,4.21086928171851e+35,5.54963996607501e+33
119.7,4.26219809205691e+35,4.20675818549881e+35,5.54399065581024e+33
119.8,4.258039324142e+35,4.20265578914067e+35,5.5383535001335e+33
119.9,4.25388935083596e+35,4.19856206621911e+35,5.53272846168487e+33
120,4.24974814544532e+35,4.1944769904128e+35,5.52711550325221e+33
120.1,4.24561568138123e+35,4.19040053550352e+35,5.52151458777057e+33
120.2,4.24149193215873e+35,4.18633267537552e+35,5.5159256783215e+33
120.3,4.23737687139621e+35,4.18227338401488e+35,5.51034873813231e+33
120.4,4.23327047281471e+35,4.17822263550896e+35,5.50478373057521e+33
120.5,4.22917271023741e+35,4.17418040404575e+35,5.49923061916654e+33
120.6,4.22508355758911e+35,4.17014666391345e+35,5.49368936756579e+33
120.7,4.22100298889575e+35,4.16612138950001e+35,5.48815993957478e+33
120.8,4.21693097828408e+35,4.16210455529271e+35,5.48264229913686e+33
120.9,4.21286749998123e+35,4.15809613587787e+35,5.47713641033609e+33
121,4.20881252831441e+35,4.15409610594045e+35,5.47164223739658e+33
121.1,4.20476603771052e+35,4.1501044402637e+35,5.4661597446819e+33
121.2,4.20072800269572e+35,4.14612111372878e+35,5.46068889669455e+33
121.3,4.19669839789497e+35,4.14214610131422e+35,5.4552296580755e+33
121.4,4.19267719803154e+35,4.1381793780955e+35,5.44978199360374e+33
121.5,4.1886643779264e+35,4.13422091924445e+35,5.44434586819582e+33
121.6,4.18465991249774e+35,4.13027070002868e+35,5.43892124690534e+33
121.7,4.18066377676031e+35,4.12632869581108e+35,5.43350809492241e+33
121.8,4.17667594582495e+35,4.12239488204922e+35,5.42810637757294e+33
121.9,4.17269639489807e+35,4.11846923429489e+35,5.42271606031791e+33
122,4.16872509928119e+35,4.11455172819367e+35,5.41733710875255e+33
122.1,4.16476203437057e+35,4.11064233948452e+35,5.41196948860544e+33
122.2,4.16080717565679e+35,4.10674104399941e+35,5.40661316573767e+33
122.3,4.15686049872446e+35,4.10284781766304e+35,5.401268106142e+33
122.4,4.15292197925183e+35,4.09896263649241e+35,5.39593427594207e+33
122.5,4.14899159301046e+35,4.09508547659655e+35,5.39061164139179e+33
122.6,4.14506931586479e+35,4.09121631417604e+35,5.38530016887474e+33
122.7,4.14115512377172e+35,4.08735512552268e+35,5.37999982490377e+33
122.8,4.13724899278014e+35,4.08350188701893e+35,5.3747105761206e+33
122.9,4.13335089903042e+35,4.07965657513747e+35,5.3694323892955e+33
123,4.12946081875396e+35,4.07581916644069e+35,5.36416523132697e+33
123.1,4.12557872827258e+35,4.07198963758017e+35,5.35890906924131e+33
123.2,4.12170460399814e+35,4.06816796529621e+35,5.35366387019215e+33
123.3,4.117838422432e+35,4.0643541264174e+35,5.3484296014598e+33
123.4,4.11398016016466e+35,4.06054809786015e+35,5.34320623045057e+33
123.5,4.11012979387533e+35,4.05674985662837e+35,5.3379937246959e+33
123.6,4.10628730033159e+35,4.05295937981307e+35,5.33279205185151e+33
123.7,4.10245265638905e+35,4.04917664459208e+35,5.32760117969649e+33
123.8,4.09862583899101e+35,4.04540162822969e+35,5.32242107613252e+33
123.9,4.09480682516814e+35,4.04163430807631e+35,5.31725170918307e+33
124,4.09099559203807e+35,4.03787466156814e+35,5.31209304699292e+33
124.1,4.08719211680505e+35,4.03412266622678e+35,5.3069450578276e+33
124.2,4.08339637675952e+35,4.03037829965879e+35,5.30180771007314e+33
124.3,4.07960834927766e+35,4.0266415395553e+35,5.2966809722358e+33
124.4,4.07582801182094e+35,4.02291236369153e+35,5.29156481294182e+33
124.5,4.0720553419357e+35,4.01919074992632e+35,5.28645920093719e+33
124.6,4.06829031725262e+35,4.01547667620174e+35,5.28136410508725e+33
124.7,4.06453291548636e+35,4.01177012054259e+35,5.27627949437618e+33
124.8,4.06078311443511e+35,4.00807106105605e+35,5.27120533790636e+33
124.9,4.05704089198023e+35,4.00437947593126e+35,5.26614160489752e+33
125,4.05330622608587e+35,4.00069534343901e+35,5.2610882646859e+33
125.1,4.04957909479863e+35,3.99701864193139e+35,5.25604528672334e+33
125.2,4.04585947624728e+35,3.99334934984151e+35,5.25101264057642e+33
125.3,4.04214734864241e+35,3.98968744568315e+35,5.24599029592574e+33
125.4,4.03844269027613e+35,3.98603290805048e+35,5.24097822256536e+33
125.5,4.03474547952173e+35,3.98238571561771e+35,5.23597639040245e+33
125.6,4.0310556948333e+35,3.97874584713873e+35,5.23098476945699e+33
125.7,4.02737331474541e+35,3.97511328144679e+35,5.22600332986175e+33
125.8,4.02369831787264e+35,3.97148799745402e+35,5.22103204186208e+33
125.9,4.02003068290925e+35,3.96786997415109e+35,5.2160708758158e+33
126,4.0163703886287e+35,3.96425919060677e+35,5.21111980219283e+33
126.1,4.01271741388325e+35,3.96065562596751e+35,5.20617879157473e+33
126.2,4.00907173760359e+35,3.95705925945705e+35,5.20124781465395e+33
126.3,4.00543333879838e+35,3.95347007037605e+35,5.19632684223296e+33
126.4,4.00180219655394e+35,3.94988803810171e+35,5.19141584522338e+33
126.5,3.99817829003388e+35,3.94631314208743e+35,5.18651479464494e+33
126.6,3.99456159847878e+35,3.94274536186254e+35,5.18162366162469e+33
126.7,3.99095210120591e+35,3.93918467703194e+35,5.17674241739638e+33
126.8,3.98734977760888e+35,3.93563106727588e+35,5.17187103329998e+33
126.9,3.98375460715744e+35,3.93208451234963e+35,5.16700948078153e+33
127,3.98016656939711e+35,3.92854499208318e+35,5.16215773139305e+33
127.1,3.9765856439489e+35,3.92501248638098e+35,5.15731575679261e+33
127.2,3.97301181050901e+35,3.92148697522157e+35,5.15248352874423e+33
127.3,3.96944504884844e+35,3.91796843865726e+35,5.14766101911775e+33
127.4,3.96588533881266e+35,3.91445685681378e+35,5.14284819988841e+33
127.5,3.96233266032126e+35,3.91095220988989e+35,5.13804504313615e+33
127.6,3.95878699336748e+35,3.90745447815703e+35,5.13325152104476e+33
127.7,3.95524831801791e+35,3.9039636419589e+35,5.12846760590087e+33
127.8,3.95171661441209e+35,3.90047968171116e+35,5.12369327009296e+33
127.9,3.94819186276213e+35,3.89700257790102e+35,5.11892848611054e+33
128,3.94467404335237e+35,3.89353231108694e+35,5.11417322654345e+33
128.1,3.9411631365391e+35,3.89006886189828e+35,5.10942746408159e+33
128.2,3.9376591227502e+35,3.88661221103505e+35,5.10469117151481e+33
128.3,3.93416198248492e+35,3.88316233926759e+35,5.09996432173302e+33
128.4,3.93067169631356e+35,3.87971922743629e+35,5.09524688772636e+33
128.5,3.92718824487723e+35,3.87628285645138e+35,5.09053884258519e+33
128.6,3.92371160888758e+35,3.87285320729258e+35,5.08584015949998e+33
128.7,3.9202417691265e+35,3.86943026100889e+35,5.08115081176071e+33
128.8,3.91677870644582e+35,3.86601399871826e+35,5.07647077275614e+33
128.9,3.91332240176703e+35,3.86260440160731e+35,5.07180001597276e+33
129,3.90987283608092e+35,3.85920145093098e+35,5.0671385149937e+33
129.1,3.90642999044724e+35,3.85580512801227e+35,5.06248624349769e+33
129.2,3.90299384599439e+35,3.85241541424181e+35,5.05784317525837e+33
129.3,3.89956438391904e+35,3.8490322910776e+35,5.05320928414385e+33
129.4,3.89614158548579e+35,3.84565574004463e+35,5.04858454411665e+33
129.5,3.89272543202689e+35,3.84228574273455e+35,5.04396892923394e+33
129.6,3.88931590494186e+35,3.83892228080538e+35,5.03936241364779e+33
129.7,3.88591298569724e+35,3.83556533598119e+35,5.03476497160543e+33
129.8,3.88251665582626e+35,3.83221489005177e+35,5.03017657744908e+33
129.9,3.8791268969286e+35,3.82887092487244e+35,5.02559720561557e+33
130,3.87574369067009e+35,3.82553342236373e+35,5.02102683063543e+33
130.1,3.87236701878247e+35,3.82220236451116e+35,5.01646542713179e+33
130.2,3.86899686306314e+35,3.81887773336495e+35,5.01191296981922e+33
130.3,3.86563320537486e+35,3.81555951103984e+35,5.00736943350269e+33
130.4,3.86227602764556e+35,3.81224767971479e+35,5.00283479307687e+33
130.5,3.85892531186801e+35,3.80894222163275e+35,4.99830902352588e+33
130.6,3.85558104009961e+35,3.80564311910037e+35,4.99379209992345e+33
130.7,3.85224319446206e+35,3.80235035448773e+35,4.98928399743334e+33
130.8,3.84891175714114e+35,3.79906391022804e+35,4.9847846913098e+33
130.9,3.84558671038632e+35,3.79578376881734e+35,4.9802941568977e+33
131,3.84226803651053e+35,3.79250991281421e+35,4.97581236963235e+33
131.1,3.83895571788979e+35,3.78924232483941e+35,4.97133930503872e+33
131.2,3.83564973696293e+35,3.78598098757562e+35,4.96687493873035e+33
131.3,3.83235007623122e+35,3.78272588376714e+35,4.96241924640806e+33
131.4,3.82905671825812e+35,3.77947699621953e+35,4.95797220385869e+33
131.5,3.82576964566898e+35,3.77623430779944e+35,4.95353378695433e+33
131.6,3.82248884115075e+35,3.77299780143423e+35,4.94910397165202e+33
131.7,3.81921428745173e+35,3.76976746011179e+35,4.94468273399394e+33
131.8,3.81594596738138e+35,3.7665432668803e+35,4.94027005010802e+33
131.9,3.81268386381003e+35,3.76332520484794e+35,4.9358658962085e+33
132,3.80942795966869e+35,3.76011325718273e+35,4.93147024859623e+33
132.1,3.80617823794882e+35,3.75690740711224e+35,4.9270830836584e+33
132.2,3.80293468170211e+35,3.75370763792343e+35,4.92270437786769e+33
132.3,3.79969727404019e+35,3.75051393296238e+35,4.91833410778099e+33
132.4,3.79646599813441e+35,3.74732627563403e+35,4.913972250038e+33
132.5,3.79324083721559e+35,3.74414464940199e+35,4.90961878135999e+33
132.6,3.79002177457372e+35,3.74096903778823e+35,4.90527367854918e+33
132.7,3.78680879355775e+35,3.73779942437286e+35,4.9009369184888e+33
132.8,3.78360187757524e+35,3.7346357927938e+35,4.89660847814359e+33
132.9,3.78040101009218e+35,3.73147812674657e+35,4.89228833456068e+33
133,3.77720617463268e+35,3.72832640998398e+35,4.88797646487016e+33
133.1,3.77401735477868e+35,3.72518062631583e+35,4.88367284628505e+33
133.2,3.77083453416972e+35,3.72204075960871e+35,4.87937745610062e+33
133.3,3.76765769650261e+35,3.71890679378568e+35,4.87509027169309e+33
133.4,3.76448682553121e+35,3.71577871282603e+35,4.87081127051804e+33
133.5,3.76132190506615e+35,3.71265650076506e+35,4.86654043010908e+33
133.6,3.75816291897459e+35,3.70954014169382e+35,4.86227772807716e+33
133.7,3.75500985118002e+35,3.70642961975891e+35,4.8580231421106e+33
133.8,3.751862685662e+35,3.70332491916224e+35,4.85377664997594e+33
133.9,3.74872140645602e+35,3.70022602416083e+35,4.84953822951884e+33
134,3.74558599765324e+35,3.69713291906659e+35,4.84530785866475e+33
134.1,3.74245644340031e+35,3.69404558824612e+35,4.84108551541871e+33
134.2,3.73933272789915e+35,3.69096401612051e+35,4.83687117786447e+33
134.3,3.73621483540669e+35,3.68788818716506e+35,4.8326648241628e+33
134.4,3.73310275023464e+35,3.68481808590914e+35,4.8284664325499e+33
134.5,3.72999645674925e+35,3.68175369693589e+35,4.82427598133622e+33
134.6,3.7268959393711e+35,3.67869500488204e+35,4.8200934489062e+33
134.7,3.72380118257482e+35,3.67564199443763e+35,4.81591881371894e+33
134.8,3.72071217088886e+35,3.67259465034577e+35,4.81175205430934e+33
134.9,3.71762888889532e+35,3.66955295740243e+35,4.80759314928902e+33
135,3.71455132122962e+35,3.66651690045616e+35,4.80344207734639e+33
135.1,3.71147945258032e+35,3.66348646440786e+35,4.79929881724576e+33
135.2,3.70841326768882e+35,3.66046163421056e+35,4.79516334782567e+33
135.3,3.70535275134914e+35,3.65744239486917e+35,4.79103564799711e+33
135.4,3.70229788840767e+35,3.65442873144025e+35,4.78691569674236e+33
135.5,3.69924866376295e+35,3.6514206290318e+35,4.78280347311486e+33
135.6,3.69620506236547e+35,3.64841807280307e+35,4.77869895624012e+33
135.7,3.69316706921748e+35,3.6454210479643e+35,4.77460212531711e+33
135.8,3.69013466937279e+35,3.6424295397766e+35,4.77051295961901e+33
135.9,3.68710784793659e+35,3.63944353355166e+35,4.76643143849295e+33
136,3.68408659006519e+35,3.63646301465161e+35,4.76235754135863e+33
136.1,3.68107088096586e+35,3.6334879684888e+35,4.7582912477064e+33
136.2,3.67806070589658e+35,3.63051838052563e+35,4.75423253709568e+33
136.3,3.67505605016584e+35,3.6275542362743e+35,4.75018138915441e+33
136.4,3.67205689913246e+35,3.62459552129666e+35,4.74613778357983e+33
136.5,3.66906323820537e+35,3.62164222120397e+35,4.74210170013996e+33
136.6,3.66607505284342e+35,3.61869432165667e+35,4.73807311867459e+33
136.7,3.66309232855519e+35,3.61575180836424e+35,4.73405201909508e+33
136.8,3.66011505089874e+35,3.61281466708491e+35,4.7300383813829e+33
136.9,3.65714320548136e+35,3.60988288362549e+35,4.72603218558767e+33
137,3.65417677795939e+35,3.60695644384114e+35,4.72203341182558e+33
137.1,3.65121575403795e+35,3.60403533363516e+35,4.71804204027919e+33
137.2,3.64826011947077e+35,3.60111953895879e+35,4.71405805119855e+33
137.3,3.64530986006003e+35,3.598209045811e+35,4.71008142490284e+33
137.4,3.64236496165608e+35,3.59530384023827e+35,4.70611214178076e+33
137.5,3.63942541015733e+35,3.59240390833444e+35,4.70215018228969e+33
137.6,3.63649119150998e+35,3.58950923624044e+35,4.69819552695376e+33
137.7,3.63356229170779e+35,3.58661981014417e+35,4.69424815636204e+33
137.8,3.63063869679197e+35,3.58373561628029e+35,4.69030805116791e+33
137.9,3.6277203928509e+35,3.58085664093e+35,4.6863751920901e+33
138,3.62480736602004e+35,3.5779828704209e+35,4.68244955991435e+33
138.1,3.62189960248172e+35,3.57511429112678e+35,4.6785311354939e+33
138.2,3.61899708846493e+35,3.57225088946745e+35,4.67461989974842e+33
138.3,3.61609981024515e+35,3.56939265190853e+35,4.67071583366214e+33
138.4,3.6132077541441e+35,3.56653956496128e+35,4.66681891828222e+33
138.5,3.6103209065296e+35,3.56369161518242e+35,4.66292913471869e+33
138.6,3.60743925381537e+35,3.56084878917391e+35,4.65904646414601e+33
138.7,3.60456278246084e+35,3.55801107358279e+35,4.65517088780425e+33
138.8,3.60169147897098e+35,3.555178455101e+35,4.65130238699853e+33
138.9,3.59882532989609e+35,3.55235092046512e+35,4.64744094309745e+33
139,3.59596432183158e+35,3.54952845645626e+35,4.64358653753133e+33
139.1,3.59310844141778e+35,3.54671104989986e+35,4.6397391517919e+33
139.2,3.59025767533979e+35,3.54389868766545e+35,4.63589876743376e+33
139.3,3.58741201032727e+35,3.54109135666652e+35,4.63206536607542e+33
139.4,3.5845714331543e+35,3.53828904386031e+35,4.62823892939841e+33
139.5,3.58173593063911e+35,3.53549173624766e+35,4.62441943914581e+33
139.6,3.57890548964399e+35,3.53269942087278e+35,4.62060687712089e+33
139.7,3.57608009707503e+35,3.52991208482315e+35,4.61680122518767e+33
139.8,3.573259739882e+35,3.52712971522928e+35,4.61300246527232e+33
139.9,3.57044440505818e+35,3.52435229926455e+35,4.60921057936275e+33
140,3.56763407964015e+35,3.52157982414507e+35,4.60542554950742e+33
140.1,3.56482875070762e+35,3.51881227712948e+35,4.60164735781407e+33
140.2,3.56202840538329e+35,3.51604964551879e+35,4.59787598645013e+33
140.3,3.55923303083263e+35,3.51329191665619e+35,4.59411141764379e+33
140.4,3.55644261426376e+35,3.51053907792693e+35,4.59035363368326e+33
140.5,3.55365714292723e+35,3.50779111675807e+35,4.58660261691576e+33
140.6,3.55087660411586e+35,3.50504802061839e+35,4.5828583497469e+33
140.7,3.5481009851646e+35,3.50230977701818e+35,4.57912081464167e+33
140.8,3.5453302734503e+35,3.49957637350906e+35,4.57538999412405e+33
140.9,3.5425644563916e+35,3.49684779768383e+35,4.57166587077619e+33
141,3.53980352144872e+35,3.49412403717634e+35,4.56794842723806e+33
141.1,3.5370474561233e+35,3.49140507966122e+35,4.56423764620792e+33
141.2,3.53429624795825e+35,3.48869091285383e+35,4.56053351044176e+33
141.3,3.53154988453756e+35,3.48598152451003e+35,4.55683600275285e+33
141.4,3.52880835348615e+35,3.48327690242603e+35,4.55314510601179e+33
141.5,3.5260716424697e+35,3.48057703443823e+35,4.54946080314623e+33
141.6,3.52333973919447e+35,3.47788190842306e+35,4.54578307714055e+33
141.7,3.52061263140716e+35,3.47519151229681e+35,4.54211191103572e+33
141.8,3.51789030689475e+35,3.47250583401546e+35,4.53844728792906e+33
141.9,3.51517275348431e+35,3.46982486157457e+35,4.53478919097398e+33
142,3.51245995904283e+35,3.46714858300903e+35,4.5311376033798e+33
142.1,3.50975344462854e+35,3.46447698639297e+35,4.52764582355616e+33
142.2,3.50705316918608e+35,3.46181005983958e+35,4.52431093464945e+33
142.3,3.50435760839533e+35,3.45914779150093e+35,4.52098168944004e+33
142.4,3.50166675030663e+35,3.45649016956783e+35,4.51765807388015e+33
142.5,3.49898058300934e+35,3.45383718226967e+35,4.51434007396747e+33
142.6,3.4962990946317e+35,3.45118881787425e+35,4.51102767574496e+33
142.7,3.49362227334066e+35,3.44854506468766e+35,4.50772086530062e+33
142.8,3.49095010734175e+35,3.44590591105407e+35,4.50441962876747e+33
142.9,3.48828258487889e+35,3.44327134535566e+35,4.50112395232315e+33
143,3.4856196942343e+35,3.4406413560124e+35,4.49783382218988e+33
143.1,3.48296142372829e+35,3.43801593148195e+35,4.4945492246344e+33
143.2,3.48030776171915e+35,3.43539506025947e+35,4.49127014596737e+33
143.3,3.477658696603e+35,3.43277873087757e+35,4.48799657254356e+33
143.4,3.47501421681366e+35,3.43016693190604e+35,4.48472849076191e+33
143.5,3.47237431082246e+35,3.42755965195181e+35,4.48146588706469e+33
143.6,3.46973896713814e+35,3.42495687965876e+35,4.47820874793741e+33
143.7,3.46710817430666e+35,3.42235860370757e+35,4.47495705990931e+33
143.8,3.46448192091112e+35,3.41976481281559e+35,4.47171080955318e+33
143.9,3.46186019557151e+35,3.41717549573667e+35,4.4684699834842e+33
144,3.45924298694464e+35,3.41459064126104e+35,4.46523456835996e+33
144.1,3.45663028372393e+35,3.41201023821512e+35,4.46200455088108e+33
144.2,3.4540220746393e+35,3.40943427546139e+35,4.45877991779154e+33
144.3,3.451418348457e+35,3.40686274189822e+35,4.45556065587733e+33
144.4,3.44881909397942e+35,3.40429562645977e+35,4.45234675196562e+33
144.5,3.446224300045e+35,3.40173291811575e+35,4.4491381929254e+33
144.6,3.44363395552805e+35,3.39917460587137e+35,4.44593496566829e+33
144.7,3.44104804933863e+35,3.39662067876714e+35,4.44273705714867e+33
144.8,3.43846657042238e+35,3.39407112587876e+35,4.43954445436198e+33
144.9,3.43588950776041e+35,3.39152593631697e+35,4.43635714434371e+33
145,3.43331685036915e+35,3.38898509922745e+35,4.4331751141701e+33
145.1,3.43074858730025e+35,3.38644860379065e+35,4.42999835095916e+33
145.2,3.42818470764043e+35,3.38391643922172e+35,4.42682684187118e+33
145.3,3.42562520051141e+35,3.38138859477034e+35,4.42366057410767e+33
145.4,3.42307005506971e+35,3.37886505972062e+35,4.42049953490947e+33
145.5,3.42051926050653e+35,3.37634582339097e+35,4.41734371155644e+33
145.6,3.41797280604766e+35,3.37383087513398e+35,4.41419309136846e+33
145.7,3.41543068095332e+35,3.37132020433625e+35,4.41104766170658e+33
145.8,3.41289287451806e+35,3.36881380041833e+35,4.40790740997342e+33
145.9,3.4103593760706e+35,3.36631165283448e+35,4.40477232361195e+33
146,3.40783017497362e+35,3.36381375107259e+35,4.40164239010361e+33
146.1,3.4053052606237e+35,3.36132008465402e+35,4.39851759696756e+33
146.2,3.40278462245107e+35,3.35883064313345e+35,4.39539793176151e+33
146.3,3.40026824991956e+35,3.35634541609873e+35,4.39228338208308e+33
146.4,3.39775613252641e+35,3.35386439317071e+35,4.3891739355706e+33
146.5,3.39524825980216e+35,3.35138756400314e+35,4.38606957990267e+33
146.6,3.39274462131048e+35,3.34891491828252e+35,4.38297030279653e+33
146.7,3.39024520664801e+35,3.34644644572794e+35,4.37987609200633e+33
146.8,3.38775000544425e+35,3.34398213609102e+35,4.37678693532289e+33
146.9,3.38525900736147e+35,3.34152197915573e+35,4.3737028205746e+33
147,3.38277220209458e+35,3.33906596473829e+35,4.37062373562881e+33
147.1,3.38028957937106e+35,3.33661408268713e+35,4.36754966839267e+33
147.2,3.37781112895083e+35,3.3341663228827e+35,4.36448060681276e+33
147.3,3.37533684062615e+35,3.33172267523742e+35,4.36141653887355e+33
147.4,3.37286670422153e+35,3.32928312969557e+35,4.35835745259575e+33
147.5,3.37040070959352e+35,3.32684767623316e+35,4.35530333603547e+33
147.6,3.36793884663071e+35,3.32441630485787e+35,4.3522541772848e+33
147.7,3.36548110525358e+35,3.32198900560885e+35,4.34920996447307e+33
147.8,3.36302747541435e+35,3.31956576855667e+35,4.34617068576802e+33
147.9,3.36057794709689e+35,3.31714658380313e+35,4.34313632937616e+33
148,3.3581325103166e+35,3.31473144148118e+35,4.34010688354202e+33
148.1,3.35569115512018e+35,3.31232033175472e+35,4.3370823365466e+33
148.2,3.35325387158552e+35,3.30991324481846e+35,4.3340626767058e+33
148.3,3.35082064982154e+35,3.30751017089784e+35,4.33104789236988e+33
148.4,3.34839147996804e+35,3.3051111002488e+35,4.32803797192393e+33
148.5,3.34596635219561e+35,3.30271602315772e+35,4.32503290378907e+33
148.6,3.3435452567055e+35,3.30032492994126e+35,4.3220326764236e+33
148.7,3.34112818372947e+35,3.29793781094624e+35,4.31903727832347e+33
148.8,3.33871512352977e+35,3.29555465654955e+35,4.31604669802182e+33
148.9,3.33630606639893e+35,3.29317545715805e+35,4.31306092408769e+33
149,3.33390100265972e+35,3.29080020320848e+35,4.31007994512448e+33
149.1,3.33149992266503e+35,3.28842888516734e+35,4.30710374976895e+33
149.2,3.32910281679777e+35,3.28606149353086e+35,4.30413232669119e+33
149.3,3.32670967547082e+35,3.28369801882487e+35,4.30116566459537e+33
149.4,3.32432048912694e+35,3.28133845160473e+35,4.29820375222089e+33
149.5,3.32193524823865e+35,3.27898278245522e+35,4.29524657834331e+33
149.6,3.31955394330818e+35,3.27663100199043e+35,4.29229413177455e+33
149.7,3.31717656486729e+35,3.27428310085366e+35,4.28934640136237e+33
149.8,3.31480310347717e+35,3.27193906971728e+35,4.2864033759891e+33
149.9,3.3124335497283e+35,3.26959889928259e+35,4.28346504457031e+33
150,3.31006789424024e+35,3.2672625802797e+35,4.28053139605383e+33
150.1,3.30770612766156e+35,3.26493010346736e+35,4.27760241941964e+33
150.2,3.30534824066968e+35,3.26260145963288e+35,4.27467810368044e+33
150.3,3.30299422397075e+35,3.26027663959193e+35,4.27175843788259e+33
150.4,3.30064406829952e+35,3.25795563418845e+35,4.26884341110712e+33
150.5,3.29829776441924e+35,3.25563843429454e+35,4.26593301247013e+33
150.6,3.29595530312158e+35,3.25332503081036e+35,4.2630272311226e+33
150.7,3.2936166752265e+35,3.251015414664e+35,4.2601260562495e+33
150.8,3.29128187158214e+35,3.24870957681145e+35,4.25722947706861e+33
150.9,3.2889508830648e+35,3.2464075082365e+35,4.25433748282941e+33
151,3.28662370057878e+35,3.24410919995065e+35,4.25145006281241e+33
151.1,3.28430031505636e+35,3.24181464299307e+35,4.24856720632928e+33
151.2,3.28198071745773e+35,3.23952382843049e+35,4.24568890272339e+33
151.3,3.27966489877085e+35,3.23723674735715e+35,4.2428151413707e+33
151.4,3.27735285001146e+35,3.23495339089465e+35,4.23994591168059e+33
151.5,3.27504456222287e+35,3.23267375019191e+35,4.2370812030962e+33
151.6,3.27274002647592e+35,3.23039781642497e+35,4.23422100509424e+33
151.7,3.27043923386879e+35,3.22812558079695e+35,4.23136530718431e+33
151.8,3.26814217552691e+35,3.22585703453783e+35,4.22851409890777e+33
151.9,3.26584884260276e+35,3.22359216890439e+35,4.22566736983682e+33
152,3.26355922627576e+35,3.22133097518002e+35,4.22282510957374e+33
152.1,3.26127331775215e+35,3.21907344467464e+35,4.21998730775074e+33
152.2,3.25899110826488e+35,3.21681956872458e+35,4.21715395403029e+33
152.3,3.25671258907351e+35,3.21456933869245e+35,4.21432503810587e+33
152.4,3.25443775146413e+35,3.2123227459671e+35,4.21150054970264e+33
152.5,3.2521665867493e+35,3.21007978196352e+35,4.20868047857802e+33
152.6,3.24989908626802e+35,3.2078404381228e+35,4.2058648145218e+33
152.7,3.24763524138558e+35,3.20560470591202e+35,4.20305354735582e+33
152.8,3.24537504349362e+35,3.20337257682428e+35,4.20024666693318e+33
152.9,3.24311848400993e+35,3.20114404237856e+35,4.19744416313735e+33
153,3.24086555437848e+35,3.19891909411967e+35,4.19464602588129e+33
153.1,3.23861624606926e+35,3.19669772361819e+35,4.19185224510687e+33
153.2,3.23637055057818e+35,3.19447992247033e+35,4.18906281078478e+33
153.3,3.23412845942699e+35,3.19226568229784e+35,4.18627771291476e+33
153.4,3.23188996416312e+35,3.19005499474785e+35,4.1834969415262e+33
153.5,3.22965505635956e+35,3.18784785149278e+35,4.18072048667877e+33
153.6,3.22742372761474e+35,3.18564424423011e+35,4.17794833846289e+33
153.7,3.22519596955237e+35,3.18344416468237e+35,4.17518048699997e+33
153.8,3.22297177382129e+35,3.18124760459687e+35,4.17241692244216e+33
153.9,3.22075113209542e+35,3.17905455574571e+35,4.16965763497184e+33
154,3.2185340360736e+35,3.17686500992559e+35,4.16690261480086e+33
154.1,3.21632047747951e+35,3.17467895895781e+35,4.1641518521697e+33
154.2,3.21411044806163e+35,3.17249639468816e+35,4.1614053373469e+33
154.3,3.2119039395932e+35,3.17031730898692e+35,4.15866306062869e+33
154.4,3.20970094387215e+35,3.16814169374876e+35,4.15592501233903e+33
154.5,3.20750145272111e+35,3.16596954089281e+35,4.15319118282994e+33
154.6,3.20530545798732e+35,3.1638008423625e+35,4.15046156248201e+33
154.7,3.20311295154265e+35,3.1616355901256e+35,4.14773614170491e+33
154.8,3.20092392528347e+35,3.15947377617409e+35,4.14501491093776e+33
154.9,3.19873837113058e+35,3.15731539252409e+35,4.14229786064928e+33
155,3.1965562810291e+35,3.15516043121572e+35,4.13958498133753e+33
155.1,3.19437764694829e+35,3.153008884313e+35,4.13687626352948e+33
155.2,3.19220246088147e+35,3.15086074390367e+35,4.13417169778034e+33
155.3,3.19003071484579e+35,3.14871600209906e+35,4.13147127467285e+33
155.4,3.18786240088213e+35,3.14657465103396e+35,4.12877498481678e+33
155.5,3.18569751105497e+35,3.14443668286648e+35,4.1260828188485e+33
155.6,3.18353603745225e+35,3.14230208977794e+35,4.12339476743099e+33
155.7,3.18137797218535e+35,3.14017086397281e+35,4.12071082125398e+33
155.8,3.17922330738897e+35,3.13804299767863e+35,4.11803097103436e+33
155.9,3.17707203522116e+35,3.13591848314599e+35,4.1153552075166e+33
156,3.17492414786326e+35,3.13379731264853e+35,4.11268352147313e+33
156.1,3.17277963751991e+35,3.13167947848286e+35,4.11001590370449e+33
156.2,3.17063849641901e+35,3.12956497296861e+35,4.10735234503936e+33
156.3,3.16850071681167e+35,3.12745378844833e+35,4.10469283633421e+33
156.4,3.16636629097219e+35,3.12534591728746e+35,4.10203736847285e+33
156.5,3.16423521119791e+35,3.12324135187425e+35,4.09938593236584e+33
156.6,3.16210746980911e+35,3.12114008461961e+35,4.09673851894993e+33
156.7,3.15998305914889e+35,3.11904210795702e+35,4.09409511918758e+33
156.8,3.15786197158299e+35,3.11694741434232e+35,4.09145572406671e+33
156.9,3.15574419949963e+35,3.11485599625362e+35,4.08882032460065e+33
157,3.15362973530939e+35,3.11276784619111e+35,4.0861889118283e+33
157.1,3.15151857144511e+35,3.11068295667696e+35,4.08356147681445e+33
157.2,3.14941070036171e+35,3.10860132025521e+35,4.08093801065009e+33
157.3,3.14730611453625e+35,3.10652292949172e+35,4.07831850445277e+33
157.4,3.14520480646777e+35,3.1044477769741e+35,4.07570294936673e+33
157.5,3.1431067686774e+35,3.10237585531177e+35,4.07309133656292e+33
157.6,3.14101199370829e+35,3.1003071571359e+35,4.07048365723881e+33
157.7,3.13892047412562e+35,3.09824167509944e+35,4.06787990261799e+33
157.8,3.13683220251662e+35,3.09617940187712e+35,4.06528006394978e+33
157.9,3.13474717149051e+35,3.09412033016542e+35,4.06268413250861e+33
158,3.13266537367843e+35,3.09206445268249e+35,4.06009209959369e+33
158.1,3.13058680173335e+35,3.09001176216806e+35,4.05750395652868e+33
158.2,3.12851144832992e+35,3.08796225138331e+35,4.05491969466148e+33
158.3,3.12643930616432e+35,3.08591591311067e+35,4.05233930536435e+33
158.4,3.12437036795406e+35,3.08387274015372e+35,4.04976278003403e+33
158.5,3.12230462643785e+35,3.08183272533693e+35,4.04719011009202e+33
158.6,3.12024207437546e+35,3.07979586150561e+35,4.04462128698486e+33
158.7,3.11818270454756e+35,3.07776214152572e+35,4.04205630218434e+33
158.8,3.1161265097557e+35,3.07573155828382e+35,4.03949514718766e+33
158.9,3.11407348282223e+35,3.07370410468705e+35,4.03693781351733e+33
159,3.11202361659035e+35,3.07167977366314e+35,4.03438429272105e+33
159.1,3.10997690392411e+35,3.06965855816039e+35,4.03183457637134e+33
159.2,3.10793333770842e+35,3.06764045114777e+35,4.02928865606515e+33
159.3,3.10589291084911e+35,3.06562544561488e+35,4.02674652342349e+33
159.4,3.10385561627287e+35,3.06361353457196e+35,4.02420817009095e+33
159.5,3.1018214469272e+35,3.06160471104984e+35,4.0216735877355e+33
159.6,3.09979039578034e+35,3.05959896809985e+35,4.01914276804827e+33
159.7,3.09776245582108e+35,3.05759629879364e+35,4.01661570274355e+33
159.8,3.09573762005862e+35,3.05559669622304e+35,4.01409238355887e+33
159.9,3.09371588152239e+35,3.05360015349984e+35,4.01157280225522e+33
160,3.09169723326184e+35,3.05160666375567e+35,4.00905695061719e+33
160.1,3.08968166834633e+35,3.0496162201418e+35,4.00654482045326e+33
160.2,3.08766917986502e+35,3.04762881582906e+35,4.00403640359584e+33
160.3,3.08565976092684e+35,3.04564444400783e+35,4.00153169190138e+33
160.4,3.08365340466048e+35,3.04366309788798e+35,3.99903067725021e+33
160.5,3.08165010421443e+35,3.04168477069896e+35,3.99653335154635e+33
160.6,3.07964985275705e+35,3.03970945568987e+35,3.99403970671724e+33
160.7,3.07765264347662e+35,3.03773714612948e+35,3.99154973471333e+33
160.8,3.07565846958137e+35,3.03576783530629e+35,3.98906342750779e+33
160.9,3.07366732429944e+35,3.03380151652848e+35,3.98658077709616e+33
161,3.0716792008788e+35,3.03183818312384e+35,3.98410177549611e+33
161.1,3.06969409258711e+35,3.02987782843964e+35,3.98162641474732e+33
161.2,3.06771199271151e+35,3.0279204458424e+35,3.97915468691149e+33
161.3,3.06573289455842e+35,3.0259660287177e+35,3.97668658407235e+33
161.4,3.06375679145334e+35,3.02401457046998e+35,3.97422209833584e+33
161.5,3.06178367674067e+35,3.02206606452237e+35,3.97176122183028e+33
161.6,3.0598135437836e+35,3.02012050431654e+35,3.96930394670652e+33
161.7,3.05784638596406e+35,3.01817788331268e+35,3.96685026513806e+33
161.8,3.05588219668272e+35,3.01623819498951e+35,3.96440016932107e+33
161.9,3.05392096935913e+35,3.01430143284438e+35,3.96195365147438e+33
162,3.05196269743171e+35,3.01236759039332e+35,3.95951070383928e+33
162.1,3.05000737435793e+35,3.01043666117114e+35,3.9570713186793e+33
162.2,3.04805499361428e+35,3.00850863873148e+35,3.95463548827999e+33
162.3,3.04610554869628e+35,3.00658351664679e+35,3.95220320494852e+33
162.4,3.04415903311836e+35,3.00466128850822e+35,3.9497744610135e+33
162.5,3.04221544041369e+35,3.00274194792544e+35,3.94734924882464e+33
162.6,3.04027476413395e+35,3.00082548852642e+35,3.94492756075269e+33
162.7,3.03833699784911e+35,2.99891190395722e+35,3.94250938918926e+33
162.8,3.03640213514718e+35,2.99700118788171e+35,3.94009472654688e+33
162.9,3.03447016963406e+35,2.99509333398147e+35,3.93768356525905e+33
163,3.0325410949335e+35,2.9931883359557e+35,3.93527589778034e+33
163.1,3.03061490468706e+35,2.9912861875212e+35,3.93287171658652e+33
163.2,3.02869159255424e+35,2.98938688241249e+35,3.93047101417469e+33
163.3,3.02677115221257e+35,2.98749041438194e+35,3.92807378306335e+33
163.4,3.0248535773578e+35,2.98559677719988e+35,3.92568001579239e+33
163.5,3.02293886170394e+35,2.98370596465471e+35,3.92328970492305e+33
163.6,3.0210269989833e+35,2.98181797055292e+35,3.92090284303779e+33
163.7,3.01911798294637e+35,2.97993278871897e+35,3.91851942274008e+33
163.8,3.01721180736167e+35,2.97805041299513e+35,3.91613943665416e+33
163.9,3.01530846601548e+35,2.97617083724123e+35,3.91376287742482e+33
164,3.01340795271155e+35,2.97429405533438e+35,3.91138973771709e+33
164.1,3.01151026127086e+35,2.9724200611687e+35,3.90902001021606e+33
164.2,3.00961538553144e+35,2.97054884865517e+35,3.90665368762672e+33
164.3,3.00772331934829e+35,2.96868041172155e+35,3.90429076267382e+33
164.4,3.00583405659341e+35,2.96681474431239e+35,3.90193122810188e+33
164.5,3.00394759115597e+35,2.96495184038922e+35,3.89957507667516e+33
164.6,3.00206391694244e+35,2.96309169393066e+35,3.89722230117777e+33
164.7,3.00018302787677e+35,2.96123429893263e+35,3.89487289441375e+33
164.8,2.9983049179005e+35,2.95937964940842e+35,3.89252684920714e+33
164.9,2.99642958097272e+35,2.9575277393887e+35,3.89018415840208e+33
165,2.99455701106995e+35,2.95567856292132e+35,3.88784481486286e+33
165.1,2.99268720218588e+35,2.95383211407115e+35,3.88550881147387e+33
165.2,2.99082014833106e+35,2.95198838691966e+35,3.88317614113955e+33
165.3,2.98895584353256e+35,2.95014737556472e+35,3.88084679678426e+33
165.4,2.9870942818338e+35,2.94830907412028e+35,3.87852077135214e+33
165.5,2.98523545729436e+35,2.9464734767163e+35,3.87619805780683e+33
165.6,2.98337936399006e+35,2.94464057749874e+35,3.87387864913138e+33
165.7,2.98152599601306e+35,2.94281037062978e+35,3.8715625383279e+33
165.8,2.97967534747211e+35,2.94098285028794e+35,3.8692497184175e+33
165.9,2.97782741249281e+35,2.93915801066841e+35,3.86694018244009e+33
166,2.97598218521765e+35,2.93733584598311e+35,3.86463392345431e+33
166.1,2.97413965980612e+35,2.93551635046075e+35,3.86233093453746e+33
166.2,2.97229983043451e+35,2.93369951834665e+35,3.86003120878556e+33
166.3,2.97046269129559e+35,2.93188534390246e+35,3.85773473931333e+33
166.4,2.96862823659834e+35,2.9300738214058e+35,3.85544151925428e+33
166.5,2.96679646056753e+35,2.92826494514992e+35,3.85315154176082e+33
166.6,2.9649673574435e+35,2.92645870944346e+35,3.85086480000426e+33
166.7,2.96314092148209e+35,2.92465510861034e+35,3.84858128717486e+33
166.8,2.96131714695471e+35,2.92285413698989e+35,3.84630099648186e+33
166.9,2.9594960281486e+35,2.92105578893706e+35,3.84402392115341e+33
167,2.95767755936707e+35,2.91926005882271e+35,3.84175005443647e+33
167.1,2.95586173492981e+35,2.91746694103384e+35,3.83947938959671e+33
167.2,2.95404854917289e+35,2.9156764299737e+35,3.83721191991831e+33
167.3,2.95223799644876e+35,2.91388852006172e+35,3.83494763870382e+33
167.4,2.95043007112593e+35,2.91210320573319e+35,3.83268653927394e+33
167.5,2.94862476758857e+35,2.9103204814389e+35,3.83042861496737e+33
167.6,2.9468220802361e+35,2.9085403416447e+35,3.82817385914065e+33
167.7,2.94502200348289e+35,2.90676278083121e+35,3.82592226516802e+33
167.8,2.94322453175808e+35,2.90498779349367e+35,3.82367382644139e+33
167.9,2.94142965950573e+35,2.90321537414203e+35,3.82142853637025e+33
168,2.93963738118504e+35,2.90144551730123e+35,3.81918638838169e+33
168.1,2.93784769127074e+35,2.89967821751154e+35,3.81694737592041e+33
168.2,2.93606058425335e+35,2.89791346932886e+35,3.81471149244878e+33
168.3,2.93427605463928e+35,2.89615126732481e+35,3.81247873144687e+33
168.4,2.93249409695075e+35,2.89439160608662e+35,3.81024908641251e+33
168.5,2.93071470572541e+35,2.8926344802168e+35,3.80802255086127e+33
168.6,2.92893787551589e+35,2.89087988433263e+35,3.80579911832651e+33
168.7,2.92716360088935e+35,2.88912781306575e+35,3.80357878235931e+33
168.8,2.92539187642717e+35,2.88737826106189e+35,3.80136153652843e+33
168.9,2.92362269672498e+35,2.88563122298078e+35,3.79914737442015e+33
169,2.92185605639281e+35,2.88388669349643e+35,3.79693628963819e+33
169.1,2.92009195005554e+35,2.88214466729751e+35,3.79472827580358e+33
169.2,2.91833037235327e+35,2.88040513908773e+35,3.79252332655444e+33
169.3,2.91657131794156e+35,2.8786681035861e+35,3.7903214355459e+33
169.4,2.91481478149135e+35,2.87693355552685e+35,3.78812259644991e+33
169.5,2.9130607576887e+35,2.87520148965914e+35,3.78592680295517e+33
169.6,2.9113092412342e+35,2.87347190074653e+35,3.78373404876701e+33
169.7,2.90956022684254e+35,2.87174478356646e+35,3.78154432760737e+33
169.8,2.90781370924209e+35,2.87002013290994e+35,3.77935763321473e+33
169.9,2.90606968317493e+35,2.86829794358149e+35,3.77717395934416e+33
170,2.90432814339711e+35,2.86657821039943e+35,3.77499329976731e+33
170.1,2.90258908467908e+35,2.86486092819636e+35,3.77281564827245e+33
170.2,2.9008525018062e+35,2.86314609181956e+35,3.77064099866451e+33
170.3,2.89911838957889e+35,2.86143369613124e+35,3.7684693447651e+33
170.4,2.8973867428125e+35,2.85972373600837e+35,3.76630068041254e+33
170.5,2.89565755633688e+35,2.85801620634226e+35,3.76413499946184e+33
170.6,2.89393082499577e+35,2.85631110203792e+35,3.76197229578464e+33
170.7,2.89220654364626e+35,2.85460841801357e+35,3.7598125632692e+33
170.8,2.89048470715865e+35,2.85290814920045e+35,3.75765579582028e+33
170.9,2.88876531041654e+35,2.85121029054295e+35,3.75550198735902e+33
171,2.88704834831735e+35,2.84951483699913e+35,3.75335113182284e+33
171.1,2.88533381577287e+35,2.84782178354122e+35,3.75120322316532e+33
171.2,2.88362170770953e+35,2.84613112515597e+35,3.749058255356e+33
171.3,2.88191201906833e+35,2.84444285684452e+35,3.74691622238036e+33
171.4,2.88020474480435e+35,2.84275697362196e+35,3.74477711823961e+33
171.5,2.87849987988616e+35,2.84107347051666e+35,3.74264093695067e+33
171.6,2.8767974192952e+35,2.83939234256974e+35,3.74050767254609e+33
171.7,2.87509735802558e+35,2.83771358483484e+35,3.73837731907397e+33
171.8,2.87339969108441e+35,2.83603719237843e+35,3.73624987059799e+33
171.9,2.87170441349231e+35,2.83436316028034e+35,3.73412532119739e+33
172,2.870011520284e+35,2.83269148363433e+35,3.73200366496698e+33
172.1,2.86832100650847e+35,2.8310221575483e+35,3.72988489601714e+33
172.2,2.86663286722878e+35,2.82935517714404e+35,3.72776900847387e+33
172.3,2.86494709752132e+35,2.82769053755653e+35,3.72565599647879e+33
172.4,2.86326369247524e+35,2.82602823393335e+35,3.72354585418912e+33
172.5,2.86158264719201e+35,2.82436826143424e+35,3.72143857577766e+33
172.6,2.85990395678557e+35,2.82271061523124e+35,3.71933415543277e+33
172.7,2.85822761638288e+35,2.8210552905093e+35,3.71723258735831e+33
172.8,2.85655362112464e+35,2.8194022824669e+35,3.71513386577353e+33
172.9,2.85488196616547e+35,2.81775158631634e+35,3.71303798491299e+33
173,2.8532126466737e+35,2.81610319728343e+35,3.71094493902648e+33
173.1,2.85154565783064e+35,2.81445711060685e+35,3.70885472237887e+33
173.2,2.84988099482993e+35,2.81281332153743e+35,3.70676732925002e+33
173.3,2.84821865287722e+35,2.81117182533787e+35,3.70468275393467e+33
173.4,2.84655862719043e+35,2.80953261728301e+35,3.70260099074236e+33
173.5,2.8449009130005e+35,2.80789569266053e+35,3.70052203399734e+33
173.6,2.84324550555191e+35,2.80626104677152e+35,3.69844587803852e+33
173.7,2.84159240010265e+35,2.80462867493045e+35,3.69637251721942e+33
173.8,2.83994159192372e+35,2.80299857246463e+35,3.69430194590817e+33
173.9,2.83829307629835e+35,2.80137073471347e+35,3.69223415848749e+33
174,2.83664684852153e+35,2.79974515702799e+35,3.69016914935468e+33
174.1,2.8350029039002e+35,2.79812183477098e+35,3.68810691292167e+33
174.2,2.8333612377539e+35,2.79650076331775e+35,3.68604744361499e+33
174.3,2.83172184541543e+35,2.79488193805668e+35,3.68399073587582e+33
174.4,2.83008472223072e+35,2.79326535438912e+35,3.68193678415998e+33
174.5,2.82844986355824e+35,2.79165100772887e+35,3.67988558293789e+33
174.6,2.82681726476836e+35,2.79003889350141e+35,3.67783712669459e+33
174.7,2.82518692124293e+35,2.78842900714363e+35,3.67579140992967e+33
174.8,2.82355882837574e+35,2.78682134410417e+35,3.67374842715721e+33
174.9,2.82193298157331e+35,2.78521589984425e+35,3.67170817290575e+33
175,2.82030937625501e+35,2.78361266983783e+35,3.66967064171813e+33
175.1,2.8186880078527e+35,2.78201164957118e+35,3.66763582815146e+33
175.2,2.81706887181002e+35,2.78041283454225e+35,3.66560372677702e+33
175.3,2.81545196358199e+35,2.77881622026019e+35,3.66357433218012e+33
175.4,2.81383727863532e+35,2.77722180224571e+35,3.66154763896006e+33
175.5,2.81222481244913e+35,2.77562957603183e+35,3.65952364173002e+33
175.6,2.8106145605151e+35,2.77403953716393e+35,3.65750233511699e+33
175.7,2.80900651833692e+35,2.7724516811993e+35,3.65548371376172e+33
175.8,2.80740068142972e+35,2.77086600370653e+35,3.65346777231869e+33
175.9,2.80579704531996e+35,2.7692825002654e+35,3.65145450545605e+33
176,2.80419560554601e+35,2.76770116646745e+35,3.64944390785563e+33
176.1,2.80259635765849e+35,2.76612199791636e+35,3.64743597421294e+33
176.2,2.80099929721992e+35,2.76454499022755e+35,3.64543069923713e+33
176.3,2.79940441980426e+35,2.76297013902775e+35,3.64342807765101e+33
176.4,2.79781172099668e+35,2.76139743995477e+35,3.6414281041911e+33
176.5,2.79622119639415e+35,2.75982688865807e+35,3.63943077360751e+33
176.6,2.79463284160555e+35,2.7582584807989e+35,3.63743608066407e+33
176.7,2.7930466522513e+35,2.75669221204992e+35,3.63544402013816e+33
176.8,2.79146262396306e+35,2.75512807809485e+35,3.63345458682082e+33
176.9,2.78988075238387e+35,2.7535660746287e+35,3.63146777551657e+33
177,2.78830103316846e+35,2.75200619735802e+35,3.62948358104345e+33
177.1,2.78672346198298e+35,2.75044844200065e+35,3.62750199823289e+33
177.2,2.78514803450477e+35,2.74889280428548e+35,3.62552302192966e+33
177.3,2.7835747464225e+35,2.74733927995258e+35,3.62354664699179e+33
177.4,2.78200359343622e+35,2.74578786475331e+35,3.6215728682905e+33
177.5,2.78043457125719e+35,2.74423855445009e+35,3.61960168071007e+33
177.6,2.77886767560783e+35,2.74269134481635e+35,3.61763307914784e+33
177.7,2.77730290222177e+35,2.74114623163663e+35,3.61566705851407e+33
177.8,2.77574024684376e+35,2.73960321070644e+35,3.61370361373192e+33
177.9,2.77417970522962e+35,2.73806227783225e+35,3.61174273973744e+33
178,2.77262127314626e+35,2.73652342883146e+35,3.60978443147947e+33
178.1,2.77106494637156e+35,2.73498665953236e+35,3.60782868391964e+33
178.2,2.7695107206944e+35,2.73345196577408e+35,3.60587549203239e+33
178.3,2.7679590649797e+35,2.73191981647166e+35,3.6039248508049e+33
178.4,2.76653489397926e+35,2.73051512642688e+35,3.60197675523717e+33
178.5,2.76511254528156e+35,2.72911223327814e+35,3.60003120034194e+33
178.6,2.76369201537012e+35,2.72771113355868e+35,3.59808818114477e+33
178.7,2.76227330073735e+35,2.72631182381052e+35,3.59614769268396e+33
178.8,2.7608563978845e+35,2.72491430058439e+35,3.59420973001058e+33
178.9,2.75944130332162e+35,2.72351856043974e+35,3.59227428818848e+33
179,2.75802801356761e+35,2.72212459994466e+35,3.5903413622942e+33
179.1,2.7566165251501e+35,2.72073241567593e+35,3.58841094741697e+33
179.2,2.75520683460545e+35,2.71934200421886e+35,3.58648303865868e+33
179.3,2.7537989384788e+35,2.71795336216746e+35,3.58455763113378e+33
179.4,2.75239283332392e+35,2.71656648612423e+35,3.58263471996926e+33
179.5,2.75098851570321e+35,2.71518137270016e+35,3.58071430030454e+33
179.6,2.74958598218778e+35,2.71379801851487e+35,3.57879636729144e+33
179.7,2.74818522935741e+35,2.71241642019647e+35,3.57688091609409e+33
179.8,2.74678625380026e+35,2.71103657438137e+35,3.57496794188884e+33
179.9,2.74538905211309e+35,2.70965847771444e+35,3.57305743986426e+33
180,2.7439936209014e+35,2.70828212684919e+35,3.57114940522097e+33
180.1,2.74259995677921e+35,2.70690751844749e+35,3.56924383317172e+33
180.2,2.74120805636868e+35,2.70553464917926e+35,3.56734071894124e+33
180.3,2.73981791630045e+35,2.70416351572279e+35,3.56544005776626e+33
180.4,2.73842953321393e+35,2.70279411476497e+35,3.56354184489548e+33
180.5,2.73704290375707e+35,2.70142644300118e+35,3.56164607558954e+33
180.6,2.7356580245859e+35,2.70006049713469e+35,3.55975274512099e+33
180.7,2.73427489236447e+35,2.69869627387672e+35,3.55786184877433e+33
180.8,2.73289350376533e+35,2.69733376994687e+35,3.55597338184594e+33
180.9,2.7315138554698e+35,2.69597298207336e+35,3.55408733964412e+33
181,2.73013594416768e+35,2.69461390699279e+35,3.55220371748907e+33
181.1,2.72875976655653e+35,2.6932565414494e+35,3.55032251071284e+33
181.2,2.72738531934172e+35,2.69190088219512e+35,3.54844371465935e+33
181.3,2.72601259923688e+35,2.69054692599004e+35,3.54656732468437e+33
181.4,2.72464160296432e+35,2.68919466960276e+35,3.54469333615543e+33
181.5,2.72327232725496e+35,2.68784410981044e+35,3.54282174445184e+33
181.6,2.72190476884768e+35,2.68649524339803e+35,3.54095254496458e+33
181.7,2.72053892448875e+35,2.68514806715779e+35,3.53908573309633e+33
181.8,2.71917479093216e+35,2.68380257788955e+35,3.53722130426133e+33
181.9,2.7178123649401e+35,2.68245877240125e+35,3.53535925388535e+33
182,2.7164516432834e+35,2.68111664750934e+35,3.53349957740566e+33
182.1,2.7150926227414e+35,2.67977620003869e+35,3.53164227027092e+33
182.2,2.71373530010124e+35,2.67843742682183e+35,3.52978732794117e+33
182.3,2.71237967215729e+35,2.67710032469842e+35,3.52793474588772e+33
182.4,2.71102573571121e+35,2.67576489051528e+35,3.52608451959319e+33
182.5,2.70967348757254e+35,2.67443112112703e+35,3.52423664455138e+33
182.6,2.70832292455919e+35,2.67309901339651e+35,3.5223911162673e+33
182.7,2.70697404349762e+35,2.67176856419505e+35,3.52054793025713e+33
182.8,2.70562684122244e+35,2.67043977040195e+35,3.51870708204816e+33
182.9,2.70428131457556e+35,2.66911262890377e+35,3.51686856717887e+33
183,2.70293746040587e+35,2.66778713659388e+35,3.5150323811988e+33
183.1,2.70159527556942e+35,2.66646329037273e+35,3.51319851966866e+33
183.2,2.70025475692997e+35,2.66514108714837e+35,3.51136697816024e+33
183.3,2.69891590135958e+35,2.66382052383701e+35,3.50953775225644e+33
183.4,2.69757870573873e+35,2.66250159736322e+35,3.50771083755125e+33
183.5,2.69624316695596e+35,2.66118430465947e+35,3.50588622964976e+33
183.6,2.69490928190717e+35,2.65986864266549e+35,3.50406392416811e+33
183.7,2.69357704749505e+35,2.65855460832771e+35,3.50224391673349e+33
183.8,2.69224646062912e+35,2.65724219859928e+35,3.50042620298411e+33
183.9,2.69091751822619e+35,2.6559314104405e+35,3.49861077856913e+33
184,2.68959021721092e+35,2.65462224081943e+35,3.49679763914869e+33
184.1,2.68826455451621e+35,2.65331468671227e+35,3.49498678039379e+33
184.2,2.68694052708321e+35,2.65200874510335e+35,3.49317819798628e+33
184.3,2.68561813186079e+35,2.6507044129846e+35,3.4913718876188e+33
184.4,2.68429736580486e+35,2.64940168735491e+35,3.48956784499472e+33
184.5,2.68297822587796e+35,2.64810056521968e+35,3.48776606582808e+33
184.6,2.6816607090493e+35,2.64680104359086e+35,3.48596654584357e+33
184.7,2.68034481229512e+35,2.64550311948736e+35,3.48416928077643e+33
184.8,2.67903053259933e+35,2.64420678993561e+35,3.48237426637242e+33
184.9,2.67771786695387e+35,2.64291205196999e+35,3.4805814983878e+33
185,2.67640681235874e+35,2.64161890263285e+35,3.47879097258926e+33
185.1,2.67509736582171e+35,2.64032733897417e+35,3.47700268475393e+33
185.2,2.67378952435764e+35,2.63903735805095e+35,3.47521663066928e+33
185.3,2.672483284988e+35,2.63774895692667e+35,3.47343280613318e+33
185.4,2.67117864474067e+35,2.63646213267113e+35,3.47165120695382e+33
185.5,2.6698756006501e+35,2.6351768823606e+35,3.46987182894973e+33
185.6,2.66857414975784e+35,2.63389320307834e+35,3.46809466794976e+33
185.7,2.66727428911298e+35,2.63261109191505e+35,3.46631971979304e+33
185.8,2.66597601577249e+35,2.6313305459692e+35,3.46454698032901e+33
185.9,2.66467932680115e+35,2.63005156234698e+35,3.46277644541738e+33
186,2.66338421927122e+35,2.62877413816194e+35,3.4610081109281e+33
186.1,2.66209069026184e+35,2.62749827053443e+35,3.45924197274138e+33
186.2,2.6607987368586e+35,2.62622395659112e+35,3.45747802674763e+33
186.3,2.6595083561533e+35,2.62495119346483e+35,3.45571626884745e+33
186.4,2.65821954524412e+35,2.6236799782946e+35,3.4539566949516e+33
186.5,2.65693230123594e+35,2.62241030822613e+35,3.45219930098096e+33
186.6,2.65564662124087e+35,2.62114218041221e+35,3.45044408286645e+33
186.7,2.65436250237855e+35,2.61987559201306e+35,3.44869103654908e+33
186.8,2.65307994177627e+35,2.61861054019647e+35,3.44694015797982e+33
186.9,2.65179893656871e+35,2.61734702213751e+35,3.44519144311959e+33
187,2.65051948389757e+35,2.61608503501818e+35,3.44344488793921e+33
187.1,2.64924158091106e+35,2.61482457602687e+35,3.44170048841936e+33
187.2,2.64796522476354e+35,2.61356564235804e+35,3.43995824055052e+33
187.3,2.64669041261545e+35,2.61230823121212e+35,3.43821814033297e+33
187.4,2.64541714163345e+35,2.61105233979568e+35,3.43648018377671e+33
187.5,2.64414540899082e+35,2.60979796532181e+35,3.43474436690145e+33
187.6,2.64287521186788e+35,2.60854510501051e+35,3.43301068573659e+33
187.7,2.64160654745222e+35,2.60729375608901e+35,3.43127913632117e+33
187.8,2.64033941293883e+35,2.60604391579179e+35,3.4295497147039e+33
187.9,2.63907380552992e+35,2.60479558136049e+35,3.42782241694306e+33
188,2.63780972243455e+35,2.60354875004348e+35,3.42609723910658e+33
188.1,2.63654716086821e+35,2.60230341909549e+35,3.42437417727198e+33
188.2,2.63528611805246e+35,2.6010595857772e+35,3.42265322752634e+33
188.3,2.63402659121482e+35,2.59981724735515e+35,3.42093438596636e+33
188.4,2.63276857758877e+35,2.59857640110179e+35,3.41921764869825e+33
188.5,2.63151207441409e+35,2.59733704429571e+35,3.41750301183783e+33
188.6,2.63025707893716e+35,2.59609917422206e+35,3.41579047151041e+33
188.7,2.6290035884113e+35,2.59486278817279e+35,3.41408002385085e+33
188.8,2.62775160009694e+35,2.59362788344691e+35,3.41237166500348e+33
188.9,2.62650111126162e+35,2.5923944573504e+35,3.41066539112212e+33
189,2.62525211917977e+35,2.59116250719607e+35,3.40896119837001e+33
189.1,2.62400462113235e+35,2.58993203030315e+35,3.40725908291981e+33
189.2,2.62275861440653e+35,2.58870302399699e+35,3.40555904095355e+33
189.3,2.62151409629537e+35,2.58747548560874e+35,3.40386106866257e+33
189.4,2.62027106409771e+35,2.58624941247523e+35,3.40216516224753e+33
189.5,2.61902951511822e+35,2.58502480193904e+35,3.40047131791829e+33
189.6,2.61778944666765e+35,2.58380165134871e+35,3.39877953189394e+33
189.7,2.61655085606309e+35,2.58257995805906e+35,3.39708980040272e+33
189.8,2.61531374062825e+35,2.58135971943143e+35,3.39540211968196e+33
189.9,2.61407809769367e+35,2.58014093283389e+35,3.39371648597808e+33
190,2.61284392459673e+35,2.57892359564127e+35,3.39203289554653e+33
190.1,2.61161121868152e+35,2.577707705235e+35,3.39035134465175e+33
190.2,2.61037997729856e+35,2.57649325900289e+35,3.38867182956715e+33
190.3,2.60915019780451e+35,2.57528025433876e+35,3.38699434657506e+33
190.4,2.60792187756185e+35,2.57406868864219e+35,3.38531889196674e+33
190.5,2.60669501393875e+35,2.57285855931833e+35,3.38364546204232e+33
190.6,2.60546960430896e+35,2.57164986377786e+35,3.3819740531108e+33
190.7,2.60424564605198e+35,2.57044259943708e+35,3.38030466149004e+33
190.8,2.60302313655322e+35,2.56923676371815e+35,3.37863728350671e+33
190.9,2.6018020732043e+35,2.56803235404934e+35,3.37697191549631e+33
191,2.60058245340325e+35,2.56682936786522e+35,3.37530855380316e+33
191.1,2.59936427455466e+35,2.56562780260685e+35,3.37364719478035e+33
191.2,2.59814753406966e+35,2.56442765572176e+35,3.37198783478976e+33
191.3,2.59693222936583e+35,2.56322892466381e+35,3.37033047020201e+33
191.4,2.59571835786699e+35,2.56203160689303e+35,3.36867509739649e+33
191.5,2.59450591700289e+35,2.56083569987528e+35,3.36702171276128e+33
191.6,2.59329490420899e+35,2.55964120108206e+35,3.36537031269319e+33
191.7,2.59208531692627e+35,2.5584481079903e+35,3.36372089359766e+33
191.8,2.59087715260122e+35,2.55725641808233e+35,3.36207345188881e+33
191.9,2.58967040868582e+35,2.55606612884592e+35,3.36042798398936e+33
192,2.58846508263775e+35,2.55487723777445e+35,3.35878448633061e+33
192.1,2.58726117192061e+35,2.55368974236708e+35,3.35714295535241e+33
192.2,2.58605867400407e+35,2.55250364012903e+35,3.35550338750313e+33
192.3,2.58485758636407e+35,2.55131892857167e+35,3.35386577923961e+33
192.4,2.58365790648287e+35,2.5501356052126e+35,3.35223012702714e+33
192.5,2.58245963184902e+35,2.54895366757562e+35,3.35059642733942e+33
192.6,2.58126275995718e+35,2.5477731131906e+35,3.34896467665853e+33
192.7,2.58006728830797e+35,2.54659393959322e+35,3.3473348714749e+33
192.8,2.5788732144077e+35,2.54541614432483e+35,3.34570700828727e+33
192.9,2.57768053576818e+35,2.54423972493215e+35,3.3440810836027e+33
193,2.5764892499066e+35,2.54306467896724e+35,3.34245709393648e+33
193.1,2.57529935434548e+35,2.54189100398736e+35,3.34083503581219e+33
193.2,2.57411084661271e+35,2.5407186975551e+35,3.3392149057616e+33
193.3,2.57292372424171e+35,2.53954775723847e+35,3.33759670032472e+33
193.4,2.57173798477157e+35,2.53837818061108e+35,3.33598041604975e+33
193.5,2.57055362574723e+35,2.5372099652523e+35,3.33436604949305e+33
193.6,2.56937064471961e+35,2.53604310874742e+35,3.33275359721919e+33
193.7,2.56818903924567e+35,2.53487760868767e+35,3.33114305580085e+33
193.8,2.56700880688841e+35,2.53371346267022e+35,3.32953442181886e+33
193.9,2.56582994521674e+35,2.53255066829812e+35,3.32792769186222e+33
194,2.56465245180532e+35,2.53138922318005e+35,3.32632286252798e+33
194.1,2.56347632423441e+35,2.5302291249302e+35,3.32471993042132e+33
194.2,2.56230156008962e+35,2.52907037116807e+35,3.32311889215547e+33
194.3,2.56112815696183e+35,2.52791295951831e+35,3.32151974435172e+33
194.4,2.55995611244705e+35,2.52675688761066e+35,3.3199224836394e+33
194.5,2.55878542414649e+35,2.52560215307993e+35,3.31832710665581e+33
194.6,2.55761608966655e+35,2.52444875356609e+35,3.31673361004624e+33
194.7,2.55644810661901e+35,2.52329668671437e+35,3.31514199046392e+33
194.8,2.55528147262111e+35,2.52214595017541e+35,3.31355224456997e+33
194.9,2.55411618529573e+35,2.5209965416054e+35,3.31196436903339e+33
195,2.55295224227148e+35,2.51984845866617e+35,3.31037836053101e+33
195.1,2.55178964118272e+35,2.51870169902525e+35,3.30879421574747e+33
195.2,2.55062837966956e+35,2.5175562603558e+35,3.30721193137517e+33
195.3,2.54946845537774e+35,2.5164121403366e+35,3.30563150411422e+33
195.4,2.54830986595855e+35,2.51526933665183e+35,3.30405293067244e+33
195.5,2.54715260906864e+35,2.51412784699099e+35,3.30247620776532e+33
195.6,2.54599668236984e+35,2.51298766904868e+35,3.30090133211595e+33
195.7,2.54484208352908e+35,2.51184880052453e+35,3.29932830045504e+33
195.8,2.54368881021832e+35,2.51071123912311e+35,3.29775710952087e+33
195.9,2.54253686011449e+35,2.5095749825539e+35,3.29618775605926e+33
196,2.54138623089956e+35,2.50844002853133e+35,3.29462023682357e+33
196.1,2.54023692026065e+35,2.5073063747749e+35,3.29305454857465e+33
196.2,2.53908892589009e+35,2.50617401900928e+35,3.29149068808084e+33
196.3,2.53794224548558e+35,2.5050429589644e+35,3.28992865211796e+33
196.4,2.53679687675029e+35,2.5039131923756e+35,3.28836843746928e+33
196.5,2.5356528173929e+35,2.50278471698365e+35,3.28681004092552e+33
196.6,2.53451006512763e+35,2.50165753053478e+35,3.28525345928483e+33
196.7,2.53336861767417e+35,2.50053163078064e+35,3.28369868935276e+33
196.8,2.53222847275763e+35,2.4994070154782e+35,3.28214572794228e+33
196.9,2.53108962810839e+35,2.49828368238965e+35,3.28059457187375e+33
197,2.52995208146201e+35,2.49716162928226e+35,3.27904521797492e+33
197.1,2.52881583055903e+35,2.49604085392822e+35,3.27749766308087e+33
197.2,2.52768087314497e+35,2.49492135410463e+35,3.27595190403406e+33
197.3,2.52654720697019e+35,2.49380312759335e+35,3.27440793768425e+33
197.4,2.52541482978992e+35,2.49268617218104e+35,3.27286576088853e+33
197.5,2.52428373936428e+35,2.49157048565917e+35,3.27132537051126e+33
197.6,2.52315393345834e+35,2.4904560658241e+35,3.26978676342407e+33
197.7,2.52202540984225e+35,2.48934291047719e+35,3.26824993650583e+33
197.8,2.52089816629127e+35,2.48823101742484e+35,3.26671488664262e+33
197.9,2.51977220058589e+35,2.48712038447861e+35,3.26518161072769e+33
198,2.5186475105119e+35,2.48601100945528e+35,3.26365010566149e+33
198.1,2.51752409386035e+35,2.48490289017683e+35,3.26212036835158e+33
198.2,2.51640194842758e+35,2.48379602447045e+35,3.26059239571261e+33
198.3,2.5152810720151e+35,2.48269041016844e+35,3.25906618466633e+33
198.4,2.51416146242956e+35,2.48158604510815e+35,3.25754173214153e+33
198.5,2.51304311748258e+35,2.48048292713184e+35,3.25601903507404e+33
198.6,2.51192603499066e+35,2.4793810540866e+35,3.25449809040667e+33
198.7,2.51081021277511e+35,2.47828042382421e+35,3.25297889508923e+33
198.8,2.50969564866191e+35,2.47718103420113e+35,3.25146144607847e+33
198.9,2.50858234048177e+35,2.47608288307839e+35,3.24994574033808e+33
199,2.50747028607002e+35,2.47498596832164e+35,3.24843177483868e+33
199.1,2.50635948326674e+35,2.47389028780117e+35,3.24691954655776e+33
199.2,2.50524992991676e+35,2.47279583939196e+35,3.24540905247971e+33
199.3,2.50414162386974e+35,2.47170262097378e+35,3.2439002895958e+33
199.4,2.50303456298026e+35,2.47061063043122e+35,3.2423932549041e+33
199.5,2.50192874510789e+35,2.46951986565379e+35,3.24088794540956e+33
199.6,2.50082416811718e+35,2.46843032453594e+35,3.23938435812392e+33
199.7,2.49972082987773e+35,2.46734200497707e+35,3.23788249006574e+33
199.8,2.49861872826414e+35,2.46625490488154e+35,3.23638233826035e+33
199.9,2.49751786115595e+35,2.46516902215855e+35,3.23488389973987e+33
200,2.49641822643758e+35,2.46408435472215e+35,3.23338717154315e+33
200.1,2.49531982199824e+35,2.46300090049108e+35,3.23189215071577e+33
200.2,2.49422264573182e+35,2.46191865738872e+35,3.23039883431004e+33
200.3,2.49312669553684e+35,2.46083762334299e+35,3.22890721938496e+33
200.4,2.49203196931636e+35,2.45975779628629e+35,3.22741730300618e+33
200.5,2.49093846497794e+35,2.45867917415548e+35,3.225929082246e+33
200.6,2.48984618043366e+35,2.45760175489183e+35,3.22444255418334e+33
200.7,2.4887551136001e+35,2.45652553644106e+35,3.22295771590372e+33
200.8,2.48766526239841e+35,2.45545051675341e+35,3.22147456449921e+33
200.9,2.48657662475434e+35,2.45437669378365e+35,3.21999309706843e+33
201,2.48548919859832e+35,2.45330406549116e+35,3.21851331071649e+33
201.1,2.48440298186554e+35,2.45223262983999e+35,3.21703520255501e+33
201.2,2.48331797249593e+35,2.45116238479891e+35,3.21555876970204e+33
201.3,2.48223416843425e+35,2.45009332834143e+35,3.21408400928206e+33
201.4,2.48115156763006e+35,2.4490254584458e+35,3.21261091842598e+33
201.5,2.48007016803769e+35,2.44795877309498e+35,3.21113949427104e+33
201.6,2.47898996761623e+35,2.44689327027662e+35,3.20966973396087e+33
201.7,2.47791096432941e+35,2.44582894798295e+35,3.20820163464541e+33
201.8,2.47683315614557e+35,2.44476580421076e+35,3.20673519348093e+33
201.9,2.47575654103758e+35,2.44370383696128e+35,3.20527040762997e+33
202,2.47468111698274e+35,2.44264304424013e+35,3.20380727426136e+33
202.1,2.47360688196277e+35,2.44158342405726e+35,3.20234579055018e+33
202.2,2.47253383396372e+35,2.44052497442695e+35,3.20088595367775e+33
202.3,2.47146197097604e+35,2.43946769336772e+35,3.19942776083165e+33
202.4,2.47039129099448e+35,2.43841157890242e+35,3.19797120920564e+33
202.5,2.46932179201821e+35,2.43735662905821e+35,3.19651629599971e+33
202.6,2.46825347205081e+35,2.43630284186661e+35,3.19506301842006e+33
202.7,2.46718632910035e+35,2.43525021536356e+35,3.19361137367905e+33
202.8,2.46612036117939e+35,2.43419874758944e+35,3.19216135899523e+33
202.9,2.46505556630507e+35,2.43314843658914e+35,3.19071297159334e+33
203,2.46399194249908e+35,2.43209928041203e+35,3.18926620870424e+33
203.1,2.4629294877877e+35,2.43105127711206e+35,3.18782106756497e+33
203.2,2.46186820020181e+35,2.43000442474762e+35,3.18637754541869e+33
203.3,2.46080807777678e+35,2.42895872138163e+35,3.18493563951468e+33
203.4,2.45974911855249e+35,2.42791416508141e+35,3.18349534710833e+33
203.5,2.45869132057325e+35,2.42687075391863e+35,3.18205666546113e+33
203.6,2.45763468188771e+35,2.4258284859693e+35,3.18061959184064e+33
203.7,2.45657920054884e+35,2.42478735931364e+35,3.17918412352048e+33
203.8,2.45552487461385e+35,2.42374737203604e+35,3.17775025778029e+33
203.9,2.45447170214412e+35,2.42270852222506e+35,3.17631799190577e+33
204,2.45341968120522e+35,2.42167080797333e+35,3.17488732318858e+33
204.1,2.45236880986687e+35,2.42063422737761e+35,3.17345824892638e+33
204.2,2.45131908620298e+35,2.41959877853875e+35,3.17203076642276e+33
204.3,2.45027050829159e+35,2.41856445956172e+35,3.17060487298726e+33
204.4,2.44922307421501e+35,2.41753126855566e+35,3.16918056593533e+33
204.5,2.44817678205977e+35,2.41649920363389e+35,3.16775784258828e+33
204.6,2.4471316299167e+35,2.41546826291397e+35,3.1663367002733e+33
204.7,2.44608761588094e+35,2.41443844451771e+35,3.16491713632343e+33
204.8,2.44504473805198e+35,2.4134097465712e+35,3.16349914807751e+33
204.9,2.44400299453365e+35,2.41238216720484e+35,3.16208273288017e+33
205,2.44296238343411e+35,2.41135570455329e+35,3.16066788808184e+33
205.1,2.44192290286586e+35,2.41033035675547e+35,3.15925461103868e+33
205.2,2.44088455094564e+35,2.40930612195452e+35,3.15784289911261e+33
205.3,2.43984732579447e+35,2.40828299829776e+35,3.15643274967126e+33
205.4,2.43881122553751e+35,2.40726098393663e+35,3.15502416008796e+33
205.5,2.43777624830408e+35,2.40624007702666e+35,3.15361712774173e+33
205.6,2.43674239222755e+35,2.40522027572738e+35,3.15221165001726e+33
205.7,2.43570965544536e+35,2.40420157820231e+35,3.15080772430489e+33
205.8,2.43467803609894e+35,2.40318398261894e+35,3.14940534800063e+33
205.9,2.43364753233371e+35,2.40216748714865e+35,3.14800451850608e+33
206,2.43261814229909e+35,2.4011520899668e+35,3.14660523322848e+33
206.1,2.43158986414848e+35,2.40013778925267e+35,3.14520748958065e+33
206.2,2.4305626960393e+35,2.39912458318949e+35,3.14381128498102e+33
206.3,2.42953663613303e+35,2.39811246996449e+35,3.14241661685356e+33
206.4,2.4285116825952e+35,2.39710144776892e+35,3.14102348262784e+33
206.5,2.42748783359543e+35,2.39609151479804e+35,3.13963187973893e+33
206.6,2.42646508730749e+35,2.39508266925121e+35,3.13824180562744e+33
206.7,2.42544344190925e+35,2.39407490933186e+35,3.13685325773951e+33
206.8,2.42442289558276e+35,2.39306823324749e+35,3.13546623352674e+33
206.9,2.42340344651415e+35,2.39206263920969e+35,3.13408073044623e+33
207,2.42238509289371e+35,2.3910581254341e+35,3.13269674596053e+33
207.1,2.42136783291576e+35,2.39005469014038e+35,3.13131427753762e+33
207.2,2.4203516647787e+35,2.38905233155219e+35,3.12993332265092e+33
207.3,2.4193365866849e+35,2.3880510478971e+35,3.12855387877926e+33
207.4,2.41832259684069e+35,2.38705083740662e+35,3.12717594340682e+33
207.5,2.4173096934563e+35,2.38605169831606e+35,3.12579951402317e+33
207.6,2.41629787474582e+35,2.38505362886459e+35,3.12442458812325e+33
207.7,2.4152871389272e+35,2.38405662729512e+35,3.12305116320728e+33
207.8,2.41427748422216e+35,2.38306069185435e+35,3.12167923678083e+33
207.9,2.41326890885627e+35,2.38206582079272e+35,3.12030880635477e+33
208,2.41226141105885e+35,2.3810720123644e+35,3.11893986944523e+33
208.1,2.41125498906308e+35,2.38007926482734e+35,3.11757242357362e+33
208.2,2.41024964110593e+35,2.37908757644326e+35,3.11620646626659e+33
208.3,2.40924536542822e+35,2.37809694547766e+35,3.11484199505606e+33
208.4,2.40824216027465e+35,2.37710737019985e+35,3.11347900747914e+33
208.5,2.40724002389378e+35,2.376118848883e+35,3.11211750107817e+33
208.6,2.40623895453809e+35,2.37513137980408e+35,3.1107574734007e+33
208.7,2.40523895046395e+35,2.37414496124396e+35,3.10939892199948e+33
208.8,2.40424000993165e+35,2.37315959148732e+35,3.10804184443244e+33
208.9,2.40324213120535e+35,2.37217526882272e+35,3.10668623826267e+33
209,2.4022453125531e+35,2.37119199154252e+35,3.10533210105846e+33
209.1,2.40124955224681e+35,2.37020975794288e+35,3.10397943039324e+33
209.2,2.40025484856218e+35,2.36922856632372e+35,3.10262822384561e+33
209.3,2.3992611997787e+35,2.36824841498871e+35,3.1012784789993e+33
209.4,2.39826860417961e+35,2.36726930224518e+35,3.09993019344319e+33
209.5,2.39727706005184e+35,2.36629122640413e+35,3.09858336477127e+33
209.6,2.396286565686e+35,2.36531418578017e+35,3.09723799058268e+33
209.7,2.39529711937633e+35,2.36433817869152e+35,3.09589406848164e+33
209.8,2.39430871942073e+35,2.36336320345995e+35,3.09455159607749e+33
209.9,2.39332136412068e+35,2.36238925841084e+35,3.09321057098463e+33
210,2.39233505178131e+35,2.36141634187308e+35,3.09187099082257e+33
210.1,2.39134978071134e+35,2.36044445217918e+35,3.09053285321584e+33
210.2,2.39036554922313e+35,2.35947358766519e+35,3.08919615579406e+33
210.3,2.38938235563269e+35,2.35850374667077e+35,3.08786089619184e+33
210.4,2.38840019825969e+35,2.3575349275392e+35,3.08652707204884e+33
210.5,2.38741907542749e+35,2.35656712861739e+35,3.08519468100969e+33
210.6,2.38643898546312e+35,2.35560034825588e+35,3.08386372072401e+33
210.7,2.38545992669733e+35,2.35463458480886e+35,3.0825341888464e+33
210.8,2.38448189746456e+35,2.3536698366342e+35,3.08120608303637e+33
210.9,2.38350489610298e+35,2.3527061020934e+35,3.07987940095838e+33
211,2.38252892095442e+35,2.3517433795516e+35,3.07855414028177e+33
211.1,2.38155397036439e+35,2.35078166737758e+35,3.0772302986808e+33
211.2,2.38058004268205e+35,2.3498209639437e+35,3.07590787383458e+33
211.3,2.37960713626017e+35,2.3488612676259e+35,3.07458686342705e+33
211.4,2.37863524945511e+35,2.34790257680364e+35,3.07326726514701e+33
211.5,2.37766438062679e+35,2.34694488985991e+35,3.07194907668805e+33
211.6,2.37669452813863e+35,2.34598820518114e+35,3.07063229574857e+33
211.7,2.37572569035756e+35,2.34503252115724e+35,3.06931692003175e+33
211.8,2.37475786565397e+35,2.34407783618151e+35,3.06800294724553e+33
211.9,2.37379105240171e+35,2.34312414865068e+35,3.06669037510259e+33
212,2.37282524897805e+35,2.34217145696484e+35,3.06537920132035e+33
212.1,2.3718604537637e+35,2.3412197595275e+35,3.06406942362098e+33
212.2,2.37089666514282e+35,2.34026905474551e+35,3.06276103973133e+33
212.3,2.36993388150297e+35,2.33931934102914e+35,3.06145404738295e+33
212.4,2.36897210123518e+35,2.33837061679206e+35,3.0601484443121e+33
212.5,2.36801132273392e+35,2.33742288045132e+35,3.05884422825971e+33
212.6,2.36705154439712e+35,2.3364761304274e+35,3.05754139697138e+33
212.7,2.36609276462619e+35,2.33553036514422e+35,3.05623994819739e+33
212.8,2.36513498182602e+35,2.33458558302909e+35,3.05493987969263e+33
212.9,2.36417819440496e+35,2.33364178251279e+35,3.05364118921669e+33
213,2.36322240077483e+35,2.33269896202949e+35,3.05234387453377e+33
213.1,2.36226759935093e+35,2.33175712001681e+35,3.05104793341269e+33
213.2,2.361313788552e+35,2.33081625491573e+35,3.04975336362692e+33
213.3,2.36036096680018e+35,2.32987636517063e+35,3.04846016295453e+33
213.4,2.35940913252104e+35,2.32893744922926e+35,3.0471683291782e+33
213.5,2.35845828414351e+35,2.32799950554266e+35,3.0458778600852e+33
213.6,2.35750842009986e+35,2.32706253256519e+35,3.0445887534674e+33
213.7,2.35655953882569e+35,2.32612652875448e+35,3.04330100712125e+33
213.8,2.35561163875986e+35,2.32519149257138e+35,3.04201461884776e+33
213.9,2.35466471834453e+35,2.32425742248e+35,3.04072958645252e+33
214,2.35371877602506e+35,2.32332431694761e+35,3.03944590774565e+33
214.1,2.35277381025008e+35,2.32239217444466e+35,3.03816358054182e+33
214.2,2.35182981947142e+35,2.32146099344481e+35,3.03688260266024e+33
214.3,2.3508868021441e+35,2.32053077242486e+35,3.03560297192463e+33
214.4,2.3499447567264e+35,2.31960150986477e+35,3.03432468616321e+33
214.5,2.34900368167978e+35,2.31867320424769e+35,3.03304774320871e+33
214.6,2.34806357546893e+35,2.31774585405995e+35,3.03177214089835e+33
214.7,2.34712443656178e+35,2.31681945779104e+35,3.03049787707382e+33
214.8,2.3461862634295e+35,2.31589401393369e+35,3.02922494958127e+33
214.9,2.3452490545465e+35,2.31496952098378e+35,3.02795335627131e+33
215,2.34431280839044e+35,2.31404597744045e+35,3.02668309499899e+33
215.1,2.34337752344227e+35,2.31312338180603e+35,3.0254141636238e+33
215.2,2.34244319818615e+35,2.31220173258606e+35,3.02414656000966e+33
215.3,2.34150983110953e+35,2.31128102828928e+35,3.02288028202488e+33
215.4,2.34057742070308e+35,2.31036126742766e+35,3.02161532754219e+33
215.5,2.33964596546072e+35,2.30944244851633e+35,3.02035169443873e+33
215.6,2.33871546387954e+35,2.30852457007358e+35,3.019089380596e+33
215.7,2.33778591445988e+35,2.30760763062088e+35,3.01782838389991e+33
215.8,2.33685731570519e+35,2.30669162868279e+35,3.01656870224069e+33
215.9,2.33592966612213e+35,2.305776562787e+35,3.015310333513e+33
216,2.33500296422043e+35,2.30486243146427e+35,3.01405327561579e+33
216.1,2.33407720851295e+35,2.30394923324843e+35,3.0127975264524e+33
216.2,2.33315239751565e+35,2.30303696667634e+35,3.01154308393049e+33
216.3,2.33222852974753e+35,2.30212563028791e+35,3.01028994596205e+33
216.4,2.33130560373068e+35,2.30121522262605e+35,3.00903811046339e+33
216.5,2.33038361799023e+35,2.30030574223668e+35,3.00778757535513e+33
216.6,2.32946257105435e+35,2.29939718766873e+35,3.00653833856221e+33
216.7,2.32854246145426e+35,2.29848955747412e+35,3.00529039801383e+33
216.8,2.32762328772425e+35,2.29758285020781e+35,3.00404375164351e+33
216.9,2.32670504840163e+35,2.29667706442774e+35,3.00279839738902e+33
217,2.32578774202679e+35,2.29577219869486e+35,3.0015543331924e+33
217.1,2.32487136714317e+35,2.29486825157317e+35,3.00031155699994e+33
217.2,2.32395592229728e+35,2.29396522162965e+35,2.99907006676216e+33
217.3,2.32304140603869e+35,2.29306310743435e+35,2.99782986043382e+33
217.4,2.32212781692006e+35,2.29216190756032e+35,2.99659093597389e+33
217.5,2.32121515349707e+35,2.29126162058361e+35,2.99535329134554e+33
217.6,2.32030341432849e+35,2.29036224508333e+35,2.99411692451613e+33
217.7,2.31939259797612e+35,2.28946377964155e+35,2.9928818334572e+33
217.8,2.31848270300479e+35,2.28856622284334e+35,2.99164801614443e+33
217.9,2.31757372798234e+35,2.28766957327676e+35,2.99041547055767e+33
218,2.31666567147961e+35,2.2867738295328e+35,2.9891841946809e+33
218.1,2.31575853207039e+35,2.28587899020536e+35,2.98795418650222e+33
218.2,2.31485230833143e+35,2.28498505389129e+35,2.98672544401383e+33
218.3,2.31394699884241e+35,2.28409201919029e+35,2.98549796521203e+33
218.4,2.3130426021859e+35,2.28319988470493e+35,2.98427174809721e+33
218.5,2.31213911694736e+35,2.28230864904062e+35,2.98304679067383e+33
218.6,2.3112365417151e+35,2.2814183108056e+35,2.98182309095039e+33
218.7,2.3103348750803e+35,2.28052886861091e+35,2.98060064693947e+33
218.8,2.30943411563695e+35,2.27964032107037e+35,2.97937945665766e+33
218.9,2.30853426198188e+35,2.27875266680063e+35,2.97815951812561e+33
219,2.30763531271475e+35,2.27786590442107e+35,2.97694082936796e+33
219.1,2.30673726643801e+35,2.27698003255388e+35,2.97572338841339e+33
219.2,2.30584012175696e+35,2.27609504982402e+35,2.97450719329458e+33
219.3,2.30494387727969e+35,2.27521095485921e+35,2.9732922420482e+33
219.4,2.30404853161713e+35,2.27432774628998e+35,2.97207853271491e+33
219.5,2.30315408338301e+35,2.27344542274962e+35,2.97086606333939e+33
219.6,2.3022605311939e+35,2.2725639828742e+35,2.96965483197028e+33
219.7,2.30136787366919e+35,2.27168342530259e+35,2.96844483666021e+33
219.8,2.3004761094311e+35,2.27080374867644e+35,2.96723607546578e+33
219.9,2.29958523710466e+35,2.26992495164018e+35,2.96602854644758e+33
220,2.29869525531771e+35,2.26904703284101e+35,2.96482224767016e+33
220.1,2.29780616270092e+35,2.2681699909289e+35,2.96361717720203e+33
220.2,2.29691795788773e+35,2.26729382455658e+35,2.96241333311569e+33
220.3,2.2960306395144e+35,2.26641853237952e+35,2.96121071348757e+33
220.4,2.29514420621992e+35,2.26554411305594e+35,2.96000931639809e+33
220.5,2.29425865664608e+35,2.26467056524676e+35,2.95880913993162e+33
220.6,2.29337398943736e+35,2.26379788761559e+35,2.95761018217645e+33
220.7,2.292490203241e+35,2.26292607882876e+35,2.95641244122487e+33
220.8,2.29160729670694e+35,2.26205513755521e+35,2.95521591517306e+33
220.9,2.2907252684878e+35,2.26118506246658e+35,2.95402060212119e+33
221,2.28984411723888e+35,2.26031585223714e+35,2.95282650017332e+33
221.1,2.28896384161815e+35,2.25944750554378e+35,2.95163360743746e+33
221.2,2.28808444028626e+35,2.258580021066e+35,2.95044192202554e+33
221.3,2.28720591190646e+35,2.25771339748593e+35,2.94925144205339e+33
221.4,2.2863282551447e+35,2.2568476334883e+35,2.94806216564075e+33
221.5,2.28545146866955e+35,2.25598272776044e+35,2.94687409091126e+33
221.6,2.28457555115222e+35,2.25511867899229e+35,2.94568721599246e+33
221.7,2.28370050126657e+35,2.25425548587641e+35,2.94450153901575e+33
221.8,2.28282631768911e+35,2.25339314710794e+35,2.94331705811641e+33
221.9,2.281952999099e+35,2.25253166138466e+35,2.94213377143357e+33
222,2.28108054417806e+35,2.25167102740695e+35,2.94095167711022e+33
222.1,2.28020895161074e+35,2.25081124387781e+35,2.93977077329318e+33
222.2,2.27933822008419e+35,2.24995230950286e+35,2.93859105813311e+33
222.3,2.27846834828817e+35,2.24909422299032e+35,2.93741252978448e+33
222.4,2.27759933491511e+35,2.24823698305106e+35,2.93623518640557e+33
222.5,2.2767311786601e+35,2.24738058839851e+35,2.93505902615845e+33
222.6,2.27586387822084e+35,2.24652503774875e+35,2.93388404720898e+33
222.7,2.27499743229769e+35,2.24567032982042e+35,2.93271024772681e+33
222.8,2.2741318395936e+35,2.24481646333474e+35,2.93153762588533e+33
222.9,2.27326709881414e+35,2.24396343701552e+35,2.9303661798617e+33
223,2.27240320866748e+35,2.24311124958911e+35,2.92919590783682e+33
223.1,2.27154016786434e+35,2.24225989978439e+35,2.92802680799533e+33
223.2,2.27067797511802e+35,2.24140938633276e+35,2.92685887852559e+33
223.3,2.26981662914433e+35,2.24055970796814e+35,2.92569211761968e+33
223.4,2.26895612866165e+35,2.23971086342691e+35,2.92452652347339e+33
223.5,2.26809647239082e+35,2.23886285144796e+35,2.92336209428621e+33
223.6,2.26723765905522e+35,2.2380156707726e+35,2.92219882826131e+33
223.7,2.26637968738068e+35,2.23716932014462e+35,2.92103672360556e+33
223.8,2.26552255609552e+35,2.23632379831023e+35,2.91987577852949e+33
223.9,2.26466626393054e+35,2.23547910401807e+35,2.9187159912473e+33
224,2.26381080961897e+35,2.2346352360192e+35,2.91755735997685e+33
224.1,2.2629561918965e+35,2.23379219306711e+35,2.91639988293965e+33
224.2,2.2621024095013e+35,2.23294997391769e+35,2.91524355836086e+33
224.3,2.26124946117394e+35,2.23210857732925e+35,2.91408838446926e+33
224.4,2.26039734565748e+35,2.23126800206251e+35,2.91293435949729e+33
224.5,2.25954606169741e+35,2.2304282468806e+35,2.91178148168097e+33
224.6,2.25869560804166e+35,2.22958931054906e+35,2.91062974925997e+33
224.7,2.25784598344061e+35,2.22875119183584e+35,2.90947916047755e+33
224.8,2.25699718664708e+35,2.22791388951128e+35,2.90832971358056e+33
224.9,2.25614921641634e+35,2.22707740234814e+35,2.90718140681947e+33
225,2.25530207150607e+35,2.22624172912159e+35,2.9060342384483e+33
225.1,2.2544557506764e+35,2.22540686860916e+35,2.90488820672466e+33
225.2,2.25361025268989e+35,2.22457281959079e+35,2.90374330990976e+33
225.3,2.25276557631148e+35,2.2237395808488e+35,2.90259954626831e+33
225.4,2.25192172030855e+35,2.22290715116786e+35,2.90145691406863e+33
225.5,2.25107868345084e+35,2.22207552933502e+35,2.90031541158256e+33
225.6,2.2502364645105e+35,2.22124471413964e+35,2.89917503708549e+33
225.7,2.24939506226202e+35,2.22041470437345e+35,2.89803578885633e+33
225.8,2.24855447548226e+35,2.21958549883048e+35,2.89689766517754e+33
225.9,2.24771470295042e+35,2.21875709630707e+35,2.89576066433507e+33
226,2.24687574344803e+35,2.21792949560185e+35,2.89462478461841e+33
226.1,2.24603759575894e+35,2.21710269551573e+35,2.89349002432054e+33
226.2,2.24520025866929e+35,2.21627669485191e+35,2.89235638173794e+33
226.3,2.24436373096754e+35,2.21545149241583e+35,2.8912238551706e+33
226.4,2.24352801144443e+35,2.21462708701521e+35,2.89009244292198e+33
226.5,2.24269309889299e+35,2.21380347746e+35,2.88896214329904e+33
226.6,2.24185899210853e+35,2.21298066256241e+35,2.88783295461221e+33
226.7,2.24102568988864e+35,2.21215864113689e+35,2.8867048751754e+33
226.8,2.24019319103318e+35,2.21133741200012e+35,2.88557790330598e+33
226.9,2.23936149434429e+35,2.21051697397104e+35,2.88445203732481e+33
227,2.23853059862638e+35,2.20969732587082e+35,2.88332727555617e+33
227.1,2.23770050268616e+35,2.20887846652288e+35,2.88220361632784e+33
227.2,2.23687120533259e+35,2.20806039475287e+35,2.88108105797103e+33
227.3,2.23604270537692e+35,2.20724310938871e+35,2.87995959882041e+33
227.4,2.23521500163268e+35,2.20642660926054e+35,2.87883923721408e+33
227.5,2.23438809291569e+35,2.20561089320075e+35,2.87771997149361e+33
227.6,2.23356197804404e+35,2.204795960044e+35,2.87660180000397e+33
227.7,2.23273665583808e+35,2.20398180862714e+35,2.87548472109362e+33
227.8,2.23191212512046e+35,2.20316843778932e+35,2.87436873311439e+33
227.9,2.23108838471608e+35,2.20235584637187e+35,2.87325383442158e+33
228,2.23026543345211e+35,2.20154403321837e+35,2.87214002337388e+33
228.1,2.22944327015796e+35,2.20073299717463e+35,2.87102729833344e+33
228.2,2.22862189366529e+35,2.19992273708863e+35,2.86991565766577e+33
228.3,2.22780130280799e+35,2.19911325181059e+35,2.86880509973982e+33
228.4,2.22698149642218e+35,2.1983045401929e+35,2.86769562292792e+33
228.5,2.22616247334619e+35,2.19749660109013e+35,2.86658722560582e+33
228.6,2.22534423242054e+35,2.19668943335901e+35,2.86547990615261e+33
228.7,2.22452677248794e+35,2.19588303585843e+35,2.86437366295081e+33
228.8,2.22371009239328e+35,2.19507740744942e+35,2.86326849438626e+33
228.9,2.22289419098363e+35,2.19427254699515e+35,2.86216439884821e+33
229,2.2220790671082e+35,2.19346845336091e+35,2.86106137472921e+33
229.1,2.22126471961835e+35,2.1926651254141e+35,2.8599594204252e+33
229.2,2.22045114736758e+35,2.19186256202423e+35,2.85885853433542e+33
229.3,2.21963834921154e+35,2.19106076206291e+35,2.85775871486245e+33
229.4,2.21882632400799e+35,2.19025972440387e+35,2.85665996041217e+33
229.5,2.21801507061683e+35,2.18945944792289e+35,2.85556226939378e+33
229.6,2.21720458790007e+35,2.18865993149787e+35,2.85446564021973e+33
229.7,2.21639487472185e+35,2.18786117400879e+35,2.85337007130579e+33
229.8,2.21558592994842e+35,2.18706317433771e+35,2.85227556107097e+33
229.9,2.21477775244817e+35,2.18626593136879e+35,2.85118210793755e+33
230,2.21397034109156e+35,2.18546944398825e+35,2.85008971033104e+33
230.1,2.21316369475121e+35,2.18467371108441e+35,2.84899836668019e+33
230.2,2.21235781230183e+35,2.18387873154766e+35,2.84790807541698e+33
230.3,2.21155269262025e+35,2.18308450427049e+35,2.84681883497658e+33
230.4,2.21074833458541e+35,2.18229102814744e+35,2.84573064379736e+33
230.5,2.20994473707834e+35,2.18149830207513e+35,2.84464350032089e+33
230.6,2.20914189898219e+35,2.18070632495227e+35,2.84355740299191e+33
230.7,2.2083398191822e+35,2.17991509567961e+35,2.84247235025833e+33
230.8,2.20753849656569e+35,2.17912461315998e+35,2.84138834057122e+33
230.9,2.20673793002208e+35,2.17833487629823e+35,2.8403053723848e+33
231,2.20593811844285e+35,2.17754588400129e+35,2.83922344415641e+33
231.1,2.20513906072156e+35,2.1767576351781e+35,2.83814255434654e+33
231.2,2.20434075575383e+35,2.17597012873964e+35,2.83706270141882e+33
231.3,2.20354320243732e+35,2.17518336359892e+35,2.83598388383996e+33
231.4,2.20274639967172e+35,2.17439733867093e+35,2.8349061000798e+33
231.5,2.20195034635879e+35,2.17361205287268e+35,2.8338293486113e+33
231.6,2.20115504140228e+35,2.17282750512317e+35,2.83275362791049e+33
231.7,2.20036048370797e+35,2.1720436943434e+35,2.83167893645651e+33
231.8,2.19956667218364e+35,2.17126061945633e+35,2.83060527273157e+33
231.9,2.19877360573909e+35,2.17047827938688e+35,2.82953263522099e+33
232,2.19798128328611e+35,2.16969667306198e+35,2.82846102241314e+33
232.1,2.19718970373848e+35,2.16891579941048e+35,2.82739043279949e+33
232.2,2.19639886601197e+35,2.16813565736322e+35,2.82632086487456e+33
232.3,2.19560876902434e+35,2.16735624585298e+35,2.82525231713595e+33
232.4,2.19481941169534e+35,2.1665775638145e+35,2.82418478808431e+33
232.5,2.1940307929467e+35,2.16579961018447e+35,2.82311827622335e+33
232.6,2.19324291170216e+35,2.16502238390156e+35,2.82205278005985e+33
232.7,2.1924557668874e+35,2.16424588390636e+35,2.82098829810362e+33
232.8,2.19166935743013e+35,2.16347010914145e+35,2.81992482886753e+33
232.9,2.19088368226002e+35,2.16269505855135e+35,2.8188623708675e+33
233,2.19009874030875e+35,2.16192073108252e+35,2.81780092262247e+33
233.1,2.18931453050996e+35,2.16114712568342e+35,2.81674048265443e+33
233.2,2.18853105179931e+35,2.16037424130442e+35,2.81568104948839e+33
233.3,2.18774830311441e+35,2.15960207689788e+35,2.81462262165239e+33
233.4,2.18696628339488e+35,2.1588306314181e+35,2.81356519767751e+33
233.5,2.18618499158231e+35,2.15805990382133e+35,2.81250877609781e+33
233.6,2.18540442662026e+35,2.15728989306576e+35,2.81145335545038e+33
233.7,2.18462458745429e+35,2.15652059811154e+35,2.81039893427533e+33
233.8,2.18384547303189e+35,2.15575201792073e+35,2.80934551111574e+33
233.9,2.18306708230253e+35,2.15498415145735e+35,2.80829308451769e+33
234,2.18228941421763e+35,2.15421699768733e+35,2.80724165303027e+33
234.1,2.18151246773055e+35,2.1534505555785e+35,2.80619121520552e+33
234.2,2.1807362417966e+35,2.15268482410061e+35,2.80514176959846e+33
234.3,2.17996073537299e+35,2.15191980222532e+35,2.80409331476709e+33
234.4,2.17918594741889e+35,2.15115548892617e+35,2.80304584927236e+33
234.5,2.17841187689534e+35,2.15039188317856e+35,2.80199937167816e+33
234.6,2.17763852276531e+35,2.1496289839598e+35,2.80095388055134e+33
234.7,2.17686588399366e+35,2.14886679024905e+35,2.79990937446168e+33
234.8,2.17609395954714e+35,2.14810530102732e+35,2.79886585198188e+33
234.9,2.17532274839436e+35,2.14734451527748e+35,2.79782331168756e+33
235,2.17455224950583e+35,2.14658443198426e+35,2.79678175215726e+33
235.1,2.17378246185393e+35,2.1458250501342e+35,2.79574117197241e+33
235.2,2.17301338441288e+35,2.14506636871571e+35,2.79470156971736e+33
235.3,2.17224501615879e+35,2.144308386719e+35,2.79366294397931e+33
235.4,2.17147735606962e+35,2.14355110313613e+35,2.79262529334836e+33
235.5,2.17071040312517e+35,2.14279451696099e+35,2.79158861641747e+33
235.6,2.16994415630712e+35,2.1420386271893e+35,2.79055291178247e+33
235.7,2.169178614599e+35,2.14128343281857e+35,2.78951817804202e+33
235.8,2.16841377698616e+35,2.14052893284818e+35,2.78848441379764e+33
235.9,2.16764964245584e+35,2.1397751262793e+35,2.78745161765367e+33
236,2.16688620999711e+35,2.13902201211494e+35,2.78641978821729e+33
236.1,2.16612347860089e+35,2.13826958935991e+35,2.78538892409847e+33
236.2,2.16536144725996e+35,2.13751785702086e+35,2.78435902391003e+33
236.3,2.16460011496892e+35,2.13676681410624e+35,2.78333008626753e+33
236.4,2.16383948072423e+35,2.13601645962634e+35,2.78230210978936e+33
236.5,2.1630795435242e+35,2.13526679259323e+35,2.78127509309666e+33
236.6,2.16232030236895e+35,2.13451781202082e+35,2.78024903481336e+33
236.7,2.16156175626047e+35,2.13376951692481e+35,2.77922393356613e+33
236.8,2.16080390420256e+35,2.13302190632271e+35,2.77819978798442e+33
236.9,2.16004674520083e+35,2.13227497923382e+35,2.77717659670038e+33
237,2.15929027826274e+35,2.13152873467925e+35,2.77615435834892e+33
237.1,2.15853450239755e+35,2.13078317168188e+35,2.77513307156766e+33
237.2,2.15777941661635e+35,2.13003828926638e+35,2.77411273499692e+33
237.3,2.157025019932e+35,2.1292940864592e+35,2.77309334727975e+33
237.4,2.15627131135919e+35,2.12855056228858e+35,2.77207490706187e+33
237.5,2.15551828991441e+35,2.12780771578449e+35,2.77105741299168e+33
237.6,2.15476595461591e+35,2.12706554597871e+35,2.77004086372027e+33
237.7,2.15401430448375e+35,2.12632405190474e+35,2.76902525790137e+33
237.8,2.15326333853977e+35,2.12558323259785e+35,2.76801059419139e+33
237.9,2.15251305580758e+35,2.12484308709508e+35,2.76699687124936e+33
238,2.15176345531257e+35,2.1241036144352e+35,2.76598408773696e+33
238.1,2.15101453608191e+35,2.12336481365873e+35,2.76497224231848e+33
238.2,2.15026629714455e+35,2.12262668380794e+35,2.76396133366086e+33
238.3,2.14951873753118e+35,2.12188922392684e+35,2.7629513604336e+33
238.4,2.14877185627429e+35,2.1211524330612e+35,2.76194232130884e+33
238.5,2.14802565240813e+35,2.12041631025852e+35,2.7609342149613e+33
238.6,2.14728012496873e+35,2.11968085456805e+35,2.75992704006827e+33
238.7,2.14653527299389e+35,2.11894606504079e+35,2.75892079530964e+33
238.8,2.14579109552317e+35,2.1182119407295e+35,2.75791547936783e+33
238.9,2.14504759159793e+35,2.11747848068865e+35,2.75691109092787e+33
239,2.14430476026128e+35,2.11674568397451e+35,2.75590762867731e+33
239.1,2.14356260055813e+35,2.11601354964506e+35,2.75490509130626e+33
239.2,2.14282111153514e+35,2.11528207676006e+35,2.75390347750736e+33
239.3,2.14208029224077e+35,2.11455126438101e+35,2.75290278597581e+33
239.4,2.14134014172525e+35,2.11382111157116e+35,2.75190301540932e+33
239.5,2.14060065904059e+35,2.1130916173955e+35,2.75090416450813e+33
239.6,2.13986184324055e+35,2.1123627809208e+35,2.749906231975e+33
239.7,2.1391236933807e+35,2.11163460121555e+35,2.74890921651521e+33
239.8,2.13838620851835e+35,2.11090707734998e+35,2.74791311683655e+33
239.9,2.13764938771258e+35,2.11018020839608e+35,2.74691793164931e+33
240,2.13691323002423e+35,2.10945399342757e+35,2.74592365966629e+33
240.1,2.13617773451592e+35,2.10872843151989e+35,2.74493029960278e+33
240.2,2.13544290025198e+35,2.10800352175021e+35,2.74393785017657e+33
240.3,2.13470872629851e+35,2.10727926319743e+35,2.74294631010794e+33
240.4,2.13397521172335e+35,2.10655565494215e+35,2.74195567811967e+33
240.5,2.13324235559605e+35,2.10583269606668e+35,2.74096595293699e+33
240.6,2.13251015698791e+35,2.10511038565503e+35,2.73997713328764e+33
240.7,2.13177861497192e+35,2.10438872279291e+35,2.73898921790182e+33
240.8,2.13104772862282e+35,2.1036677065677e+35,2.73800220551221e+33
240.9,2.13031749701702e+35,2.10294733606848e+35,2.73701609485396e+33
241,2.12958791923264e+35,2.10222761038599e+35,2.73603088466466e+33
241.1,2.1288589943495e+35,2.10150852861265e+35,2.73504657368438e+33
241.2,2.12813072144909e+35,2.10079008984254e+35,2.73406316065563e+33
241.3,2.12740309961461e+35,2.10007229317138e+35,2.73308064432338e+33
241.4,2.12667612793092e+35,2.09935513769656e+35,2.73209902343503e+33
241.5,2.12594980548453e+35,2.09863862251713e+35,2.73111829674042e+33
241.6,2.12522413136367e+35,2.09792274673376e+35,2.73013846299182e+33
241.7,2.1244991046582e+35,2.09720750944877e+35,2.72915952094392e+33
241.8,2.12377472445966e+35,2.09649290976612e+35,2.72818146935382e+33
241.9,2.12305098986124e+35,2.09577894679143e+35,2.72720430698105e+33
242,2.1223278999578e+35,2.09506561963192e+35,2.72622803258751e+33
242.1,2.12160545384584e+35,2.09435292739647e+35,2.72525264493751e+33
242.2,2.12088365062354e+35,2.09364086919556e+35,2.72427814279775e+33
242.3,2.12016248939072e+35,2.09292944414134e+35,2.72330452493727e+33
242.4,2.11944196924885e+35,2.09221865134757e+35,2.72233179012751e+33
242.5,2.11872208930105e+35,2.09150848992963e+35,2.72135993714224e+33
242.6,2.1180028486521e+35,2.09079895900453e+35,2.7203889647576e+33
242.7,2.11728424640843e+35,2.09009005769091e+35,2.71941887175204e+33
242.8,2.11656628167809e+35,2.08938178510902e+35,2.71844965690633e+33
242.9,2.11584895357079e+35,2.08867414038076e+35,2.71748131900358e+33
243,2.11513226119789e+35,2.0879671226296e+35,2.71651385682918e+33
243.1,2.11441620367238e+35,2.08726073098067e+35,2.71554726917081e+33
243.2,2.11370078010886e+35,2.08655496456068e+35,2.71458155481844e+33
243.3,2.11298598962361e+35,2.08584982249796e+35,2.7136167125643e+33
243.4,2.11227183133449e+35,2.08514530392246e+35,2.71265274120289e+33
243.5,2.11155830436102e+35,2.08444140796571e+35,2.71168963953093e+33
243.6,2.11084540782433e+35,2.08373813376086e+35,2.7107274063474e+33
243.7,2.11013314084717e+35,2.08303548044264e+35,2.70976604045349e+33
243.8,2.10942150255391e+35,2.08233344714738e+35,2.7088055406526e+33
243.9,2.10871049207051e+35,2.081632033013e+35,2.70784590575035e+33
244,2.10800010852456e+35,2.08093123717902e+35,2.70688713455453e+33
244.1,2.10729035104526e+35,2.08023105878651e+35,2.70592922587511e+33
244.2,2.10658121876341e+35,2.07953149697817e+35,2.70497217852426e+33
244.3,2.10587271081141e+35,2.07883255089824e+35,2.70401599131628e+33
244.4,2.10516482632325e+35,2.07813421969257e+35,2.70306066306763e+33
244.5,2.10445756443455e+35,2.07743650250858e+35,2.70210619259692e+33
244.6,2.10375092428249e+35,2.07673939849524e+35,2.7011525787249e+33
244.7,2.10304490500589e+35,2.07604290680315e+35,2.70019982027441e+33
244.8,2.10233950574514e+35,2.07534702658444e+35,2.69924791607046e+33
244.9,2.10163472564224e+35,2.07465175699284e+35,2.69829686494012e+33
245,2.1009305638408e+35,2.07395709718367e+35,2.6973466657126e+33
245.1,2.100227019486e+35,2.07326304631381e+35,2.69639731721918e+33
245.2,2.09952409172465e+35,2.07256960354172e+35,2.69544881829323e+33
245.3,2.09882177970517e+35,2.07187676802746e+35,2.69450116777022e+33
245.4,2.09812008257755e+35,2.07118453893267e+35,2.69355436448768e+33
245.5,2.09741899949342e+35,2.07049291542057e+35,2.69260840728521e+33
245.6,2.096718529606e+35,2.06980189665596e+35,2.69166329500447e+33
245.7,2.09601867207012e+35,2.06911148180523e+35,2.6907190264892e+33
245.8,2.09531942604222e+35,2.06842167003637e+35,2.68977560058516e+33
245.9,2.09462079068035e+35,2.06773246051894e+35,2.68883301614019e+33
246,2.09392276514415e+35,2.06704385242411e+35,2.68789127200416e+33
246.1,2.0932253485949e+35,2.06635584492461e+35,2.68695036702897e+33
246.2,2.09252854019547e+35,2.06566843719478e+35,2.68601030006856e+33
246.3,2.09183233911032e+35,2.06498162841053e+35,2.68507106997891e+33
246.4,2.09113674450552e+35,2.06429541774934e+35,2.68413267561803e+33
246.5,2.09044175554876e+35,2.0636098043903e+35,2.68319511584591e+33
246.6,2.0897473714093e+35,2.06292478751406e+35,2.68225838952462e+33
246.7,2.08905359125801e+35,2.06224036630283e+35,2.68132249551819e+33
246.8,2.08836041426732e+35,2.06155653994039e+35,2.68038743269268e+33
246.9,2.08766783961128e+35,2.06087330761211e+35,2.67945319991617e+33
247,2.08697586646547e+35,2.06019066850489e+35,2.67851979605872e+33
247.1,2.0862844940071e+35,2.05950862180718e+35,2.67758721999239e+33
247.2,2.0855937214149e+35,2.05882716670899e+35,2.67665547059125e+33
247.3,2.08490354786918e+35,2.05814630240187e+35,2.67572454673134e+33
247.4,2.0842139725518e+35,2.0574660280789e+35,2.67479444729069e+33
247.5,2.08352499464618e+35,2.05678634293468e+35,2.67386517114931e+33
247.6,2.08283661333725e+35,2.05610724616536e+35,2.6729367171892e+33
247.7,2.08214882781152e+35,2.05542873696857e+35,2.67200908429431e+33
247.8,2.08146163725699e+35,2.05475081454349e+35,2.67108227135058e+33
247.9,2.08077504086323e+35,2.05407347809077e+35,2.67015627724588e+33
248,2.0800890378213e+35,2.0533967268126e+35,2.66923110087008e+33
248.1,2.07940362732378e+35,2.05272055991263e+35,2.66830674111496e+33
248.2,2.07871880856477e+35,2.05204497659603e+35,2.66738319687429e+33
248.3,2.07803458073987e+35,2.05136997606943e+35,2.66646046704375e+33
248.4,2.07735094304619e+35,2.05069555754098e+35,2.66553855052098e+33
248.5,2.07666789468233e+35,2.05002172022027e+35,2.66461744620554e+33
248.6,2.0759854348484e+35,2.04934846331841e+35,2.66369715299891e+33
248.7,2.07530356274599e+35,2.04867578604795e+35,2.66277766980452e+33
248.8,2.07462227757819e+35,2.04800368762291e+35,2.66185899552769e+33
248.9,2.07394157854958e+35,2.04733216725882e+35,2.66094112907566e+33
249,2.0732614648662e+35,2.04666122417263e+35,2.66002406935757e+33
249.1,2.07258193573561e+35,2.04599085758277e+35,2.65910781528446e+33
249.2,2.07190299036683e+35,2.04532106670914e+35,2.65819236576927e+33
249.3,2.07122462797036e+35,2.04465185077309e+35,2.65727771972682e+33
249.4,2.07054684775817e+35,2.04398320899743e+35,2.65636387607381e+33
249.5,2.06986964894371e+35,2.04331514060643e+35,2.6554508337288e+33
249.6,2.06919303074191e+35,2.04264764482579e+35,2.65453859161224e+33
249.7,2.06851699236915e+35,2.04198072088269e+35,2.65362714864643e+33
249.8,2.0678415330433e+35,2.04131436800574e+35,2.65271650375551e+33
249.9,2.06716665198366e+35,2.04064858542501e+35,2.65180665586547e+33
250,2.06649234841102e+35,2.03998337237198e+35,2.65089760390416e+33
250.1,2.06581862154762e+35,2.03931872807961e+35,2.64998934680124e+33
250.2,2.06514547061714e+35,2.03865465178226e+35,2.64908188348818e+33
250.3,2.06447289484475e+35,2.03799114271576e+35,2.6481752128983e+33
250.4,2.06380089345702e+35,2.03732820011735e+35,2.64726933396671e+33
250.5,2.06312946568199e+35,2.03666582322569e+35,2.64636424563031e+33
250.6,2.06245861074917e+35,2.03600401128089e+35,2.6454599468278e+33
250.7,2.06178832788946e+35,2.03534276352446e+35,2.64455643649967e+33
250.8,2.06111861633523e+35,2.03468207919935e+35,2.64365371358819e+33
250.9,2.06044947532028e+35,2.03402195754991e+35,2.64275177703738e+33
251,2.05978090407985e+35,2.03336239782192e+35,2.64185062579302e+33
251.1,2.05911290185059e+35,2.03270339926256e+35,2.64095025880267e+33
251.2,2.05844546787059e+35,2.03204496112044e+35,2.6400506750156e+33
251.3,2.05777860137938e+35,2.03138708264555e+35,2.63915187338282e+33
251.4,2.0571123016179e+35,2.03072976308933e+35,2.6382538528571e+33
251.5,2.05644656782852e+35,2.03007300170459e+35,2.63735661239288e+33
251.6,2.05578139925504e+35,2.02941679774557e+35,2.63646015094633e+33
251.7,2.05511679514266e+35,2.02876115046791e+35,2.63556446747534e+33
251.8,2.05445275473803e+35,2.02810605912863e+35,2.63466956093947e+33
251.9,2.05378927728921e+35,2.02745152298621e+35,2.63377543029999e+33
252,2.05312636204568e+35,2.02679754130048e+35,2.63288207451981e+33
252.1,2.05246400825834e+35,2.02614411333271e+35,2.63198949256355e+33
252.2,2.05180221517953e+35,2.02549123834556e+35,2.63109768339748e+33
252.3,2.05114098206299e+35,2.02483891560309e+35,2.63020664598953e+33
252.4,2.05048030816388e+35,2.02418714437079e+35,2.62931637930927e+33
252.5,2.04982019273881e+35,2.02353592391553e+35,2.62842688232793e+33
252.6,2.04916063504578e+35,2.02288525350559e+35,2.62753815401837e+33
252.7,2.04850163434422e+35,2.02223513241067e+35,2.62665019335507e+33
252.8,2.047843189895e+35,2.02158555990186e+35,2.62576299931415e+33
252.9,2.04718530096039e+35,2.02093653525166e+35,2.62487657087336e+33
253,2.04652796680408e+35,2.02028805773396e+35,2.62399090701203e+33
253.1,2.04587118669118e+35,2.01964012662407e+35,2.62310600671115e+33
253.2,2.04521495988822e+35,2.01899274119869e+35,2.62222186895327e+33
253.3,2.04455928566314e+35,2.01834590073591e+35,2.62133849272257e+33
253.4,2.04390416328528e+35,2.01769960451523e+35,2.62045587700483e+33
253.5,2.04324959202541e+35,2.01705385181753e+35,2.61957402078741e+33
253.6,2.04259557115568e+35,2.01640864192509e+35,2.61869292305927e+33
253.7,2.04194209994966e+35,2.01576397412155e+35,2.61781258281096e+33
253.8,2.0412891776823e+35,2.01511984769195e+35,2.61693299903461e+33
253.9,2.04063680362995e+35,2.01447626192272e+35,2.61605417072396e+33
254,2.03998497707036e+35,2.01383321610162e+35,2.61517609687432e+33
254.1,2.03933369728263e+35,2.01319070951781e+35,2.61429877648256e+33
254.2,2.03868296354727e+35,2.01254874146179e+35,2.61342220854716e+33
254.3,2.03803277514613e+35,2.01190731122545e+35,2.61254639206817e+33
254.4,2.03738313136245e+35,2.01126641810197e+35,2.61167132604723e+33
254.5,2.03673403148081e+35,2.01062606138594e+35,2.61079700948754e+33
254.6,2.03608547478717e+35,2.00998624037323e+35,2.6099234413939e+33
254.7,2.03543746056881e+35,2.00934695436108e+35,2.60905062077265e+33
254.8,2.03478998811437e+35,2.00870820264805e+35,2.60817854663176e+33
254.9,2.03414305671381e+35,2.00806998453401e+35,2.60730721798073e+33
255,2.03349666565845e+35,2.00743229932014e+35,2.60643663383067e+33
255.1,2.0328508142409e+35,2.00679514630896e+35,2.60556679319424e+33
255.2,2.03220550175512e+35,2.00615852480427e+35,2.60469769508571e+33
255.3,2.03156072749637e+35,2.00552243411116e+35,2.6038293385209e+33
255.4,2.03091649076122e+35,2.00488687353605e+35,2.6029617225172e+33
255.5,2.03027279084756e+35,2.00425184238662e+35,2.6020948460936e+33
255.6,2.02962962705456e+35,2.00361733997186e+35,2.60122870827065e+33
255.7,2.02898699868271e+35,2.00298336560201e+35,2.60036330807048e+33
255.8,2.02834490503379e+35,2.00234991858862e+35,2.59949864451678e+33
255.9,2.02770334541085e+35,2.0017169982445e+35,2.59863471663482e+33
256,2.02706231911826e+35,2.00108460388374e+35,2.59777152345145e+33
256.1,2.02642182546164e+35,2.00045273482169e+35,2.59690906399506e+33
256.2,2.02578186374793e+35,1.99982139037497e+35,2.59604733729564e+33
256.3,2.02514243328531e+35,1.99919056986146e+35,2.59518634238471e+33
256.4,2.02450353338326e+35,1.9985602726003e+35,2.59432607829538e+33
256.5,2.02386516335252e+35,1.99793049791189e+35,2.59346654406229e+33
256.6,2.02322732250511e+35,1.99730124511789e+35,2.59260773872166e+33
256.7,2.02259001015431e+35,1.9966725135412e+35,2.59174966131124e+33
256.8,2.02195322561467e+35,1.99604430250597e+35,2.59089231087034e+33
256.9,2.021316968202e+35,1.9954166113376e+35,2.59003568643982e+33
257,2.02068123723338e+35,1.99478943936276e+35,2.58917978706205e+33
257.1,2.02004603202712e+35,1.99416278590931e+35,2.58832461178096e+33
257.2,2.01941135190282e+35,1.9935366503064e+35,2.587470159642e+33
257.3,2.01877719618131e+35,1.99291103188439e+35,2.58661642969214e+33
257.4,2.01814356418468e+35,1.99228592997488e+35,2.58576342097988e+33
257.5,2.01751045523625e+35,1.99166134391069e+35,2.58491113255522e+33
257.6,2.01687786866059e+35,1.9910372730259e+35,2.58405956346967e+33
257.7,2.01624580378353e+35,1.99041371665577e+35,2.58320871277625e+33
257.8,2.01561425993211e+35,1.98979067413682e+35,2.58235857952945e+33
257.9,2.01498323643463e+35,1.98916814480678e+35,2.58150916278529e+33
258,2.01435273262059e+35,1.98854612800458e+35,2.58066046160123e+33
258.1,2.01372274782075e+35,1.98792462307039e+35,2.57981247503623e+33
258.2,2.01309328136707e+35,1.98730362934556e+35,2.57896520215072e+33
258.3,2.01246433259275e+35,1.98668314617269e+35,2.57811864200659e+33
258.4,2.01183590083221e+35,1.98606317289553e+35,2.57727279366718e+33
258.5,2.01120798542106e+35,1.98544370885909e+35,2.57642765619728e+33
258.6,2.01058058569616e+35,1.98482475340952e+35,2.57558322866315e+33
258.7,2.00995370099555e+35,1.98420630589422e+35,2.57473951013246e+33
258.8,2.0093273306585e+35,1.98358836566176e+35,2.57389649967433e+33
258.9,2.00870147402548e+35,1.98297093206189e+35,2.57305419635929e+33
259,2.00807613043816e+35,1.98235400444557e+35,2.57221259925931e+33
259.1,2.00745129923941e+35,1.98173758216493e+35,2.57137170744776e+33
259.2,2.0068269797733e+35,1.98112166457331e+35,2.57053151999945e+33
259.3,2.0062031713851e+35,1.9805062510252e+35,2.56969203599055e+33
259.4,2.00557987342128e+35,1.97989134087629e+35,2.56885325449868e+33
259.5,2.00495708522948e+35,1.97927693348345e+35,2.56801517460282e+33
259.6,2.00433480615856e+35,1.97866302820472e+35,2.56717779538336e+33
259.7,2.00371303555854e+35,1.97804962439932e+35,2.56634111592208e+33
259.8,2.00309177278066e+35,1.97743672142763e+35,2.56550513530212e+33
259.9,2.00247101717731e+35,1.97682431865123e+35,2.56466985260805e+33
260,2.00185076810208e+35,1.97621241543282e+35,2.56383526692577e+33
260.1,2.00123102490975e+35,1.97560101113632e+35,2.56300137734258e+33
260.2,2.00061178695626e+35,1.97499010512679e+35,2.56216818294716e+33
260.3,1.99999305359873e+35,1.97437969677044e+35,2.56133568282953e+33
260.4,1.99937482419546e+35,1.97376978543465e+35,2.56050387608112e+33
260.5,1.99875709810592e+35,1.97316037048797e+35,2.55967276179469e+33
260.6,1.99813987469073e+35,1.97255145130009e+35,2.55884233906438e+33
260.7,1.9975231533117e+35,1.97194302724184e+35,2.55801260698572e+33
260.8,1.99690693333178e+35,1.97133509768522e+35,2.55718356465556e+33
260.9,1.99629121411509e+35,1.97072766200337e+35,2.55635521117213e+33
261,1.99567599502689e+35,1.97012071957054e+35,2.55552754563505e+33
261.1,1.99506127543361e+35,1.96951426976216e+35,2.55470056714526e+33
261.2,1.99444705470281e+35,1.96890831195476e+35,2.55387427480509e+33
261.3,1.99383333220318e+35,1.968302845526e+35,2.55304866771823e+33
261.4,1.99322010730456e+35,1.96769786985467e+35,2.55222374498972e+33
261.5,1.99260737937793e+35,1.96709338432067e+35,2.55139950572598e+33
261.6,1.99199514779538e+35,1.96648938830503e+35,2.55057594903478e+33
261.7,1.99138341193011e+35,1.96588588118985e+35,2.54975307402528e+33
261.8,1.99077217115645e+35,1.96528286235837e+35,2.54893087980797e+33
261.9,1.99016142484986e+35,1.96468033119491e+35,2.54810936549474e+33
262,1.98955117238685e+35,1.96407828708486e+35,2.54728853019884e+33
262.1,1.98894141314509e+35,1.96347672941474e+35,2.54646837303487e+33
262.2,1.98833214650329e+35,1.9628756575721e+35,2.54564889311884e+33
262.3,1.98772337184128e+35,1.9622750709456e+35,2.54483008956809e+33
262.4,1.98711508853996e+35,1.96167496892495e+35,2.54401196150138e+33
262.5,1.98650729598132e+35,1.96107535090093e+35,2.54319450803881e+33
262.6,1.98589999354841e+35,1.96047621626539e+35,2.54237772830186e+33
262.7,1.98529318062534e+35,1.95987756441121e+35,2.54156162141341e+33
262.8,1.98468685659731e+35,1.95927939473233e+35,2.54074618649771e+33
262.9,1.98408102085054e+35,1.95868170662374e+35,2.53993142268038e+33
263,1.98347567277235e+35,1.95808449948147e+35,2.53911732908845e+33
263.1,1.98287081175107e+35,1.95748777270257e+35,2.5383039048503e+33
263.2,1.9822664371761e+35,1.95689152568515e+35,2.53749114909572e+33
263.3,1.98166254843787e+35,1.95629575782832e+35,2.53667906095587e+33
263.4,1.98105914492786e+35,1.95570046853223e+35,2.53586763956333e+33
263.5,1.98045622603858e+35,1.95510565719806e+35,2.53505688405203e+33
263.6,1.97985379116357e+35,1.95451132322799e+35,2.53424679355731e+33
263.7,1.9792518396974e+35,1.95391746602524e+35,2.5334373672159e+33
263.8,1.97865037103569e+35,1.95332408499403e+35,2.53262860416591e+33
263.9,1.97804938457506e+35,1.95273117953959e+35,2.53182050354685e+33
264,1.97744887971316e+35,1.95213874906816e+35,2.53101306449963e+33
264.1,1.97684885584867e+35,1.951546792987e+35,2.53020628616655e+33
264.2,1.97624931238129e+35,1.95095531070437e+35,2.52940016769127e+33
264.3,1.97565024871172e+35,1.95036430162953e+35,2.52859470821889e+33
264.4,1.97505166424171e+35,1.94977376517275e+35,2.52778990689588e+33
264.5,1.97445355837399e+35,1.94918370074529e+35,2.52698576287009e+33
264.6,1.97385593051232e+35,1.94859410775941e+35,2.52618227529078e+33
264.7,1.97325878006148e+35,1.94800498562839e+35,2.52537944330859e+33
264.8,1.97266210642723e+35,1.94741633376648e+35,2.52457726607555e+33
264.9,1.97206590901637e+35,1.94682815158892e+35,2.52377574274508e+33
265,1.97147018723669e+35,1.94624043851197e+35,2.52297487247199e+33
265.1,1.97087494049698e+35,1.94565319395286e+35,2.52217465441247e+33
265.2,1.97028016820704e+35,1.9450664173298e+35,2.52137508772409e+33
265.3,1.96968586977767e+35,1.94448010806201e+35,2.52057617156582e+33
265.4,1.96909204462065e+35,1.94389426556967e+35,2.51977790509797e+33
265.5,1.96849869214877e+35,1.94330888927394e+35,2.51898028748227e+33
265.6,1.96790581177581e+35,1.94272397859699e+35,2.51818331788181e+33
265.7,1.96731340291654e+35,1.94213953296192e+35,2.51738699546104e+33
265.8,1.9667214649867e+35,1.94155555179285e+35,2.51659131938579e+33
265.9,1.96612999740305e+35,1.94097203451482e+35,2.51579628882326e+33
266,1.96553899958329e+35,1.94038898055387e+35,2.51500190294201e+33
266.1,1.96494847094612e+35,1.939806389337e+35,2.51420816091196e+33
266.2,1.9643584109112e+35,1.93922426029216e+35,2.51341506190438e+33
266.3,1.96376881889917e+35,1.93864259284826e+35,2.51262260509192e+33
266.4,1.96317969433165e+35,1.93806138643516e+35,2.51183078964854e+33
266.5,1.96259103663118e+35,1.93748064048369e+35,2.51103961474958e+33
266.6,1.96200284522131e+35,1.93690035442559e+35,2.51024907957171e+33
266.7,1.96141511952652e+35,1.93632052769359e+35,2.50945918329295e+33
266.8,1.96082785897224e+35,1.93574115972132e+35,2.50866992509265e+33
266.9,1.96024106298487e+35,1.93516224994336e+35,2.50788130415147e+33
267,1.95965473099173e+35,1.93458379779522e+35,2.50709331965145e+33
267.1,1.95906886242111e+35,1.93400580271335e+35,2.50630597077591e+33
267.2,1.95848345670222e+35,1.93342826413513e+35,2.50551925670952e+33
267.3,1.95789851326521e+35,1.93285118149882e+35,2.50473317663825e+33
267.4,1.95731403154115e+35,1.93227455424366e+35,2.50394772974939e+33
267.5,1.95673001096207e+35,1.93169838180975e+35,2.50316291523155e+33
267.6,1.95614645096088e+35,1.93112266363814e+35,2.50237873227465e+33
267.7,1.95556335097146e+35,1.93054739917076e+35,2.5015951800699e+33
267.8,1.95498071042857e+35,1.92997258785047e+35,2.50081225780982e+33
267.9,1.9543985287679e+35,1.92939822912102e+35,2.50002996468824e+33
268,1.95381680542605e+35,1.92882432242705e+35,2.49924829990028e+33
268.1,1.95323553984052e+35,1.92825086721409e+35,2.49846726264236e+33
268.2,1.95265473144971e+35,1.92767786292859e+35,2.49768685211217e+33
268.3,1.95207437969295e+35,1.92710530901786e+35,2.49690706750874e+33
268.4,1.95149448401042e+35,1.9265332049301e+35,2.49612790803235e+33
268.5,1.95091504384323e+35,1.92596155011438e+35,2.49534937288457e+33
268.6,1.95033605863335e+35,1.92539034402067e+35,2.49457146126828e+33
268.7,1.94975752782367e+35,1.92481958609979e+35,2.49379417238762e+33
268.8,1.94917945085791e+35,1.92424927580343e+35,2.49301750544805e+33
268.9,1.94860182718072e+35,1.92367941258416e+35,2.49224145965629e+33
269,1.94802465623759e+35,1.92310999589539e+35,2.49146603422035e+33
269.1,1.94744793747489e+35,1.92254102519139e+35,2.49069122834953e+33
269.2,1.94687167033984e+35,1.9219724999273e+35,2.48991704125442e+33
269.3,1.94629585428055e+35,1.92140441955908e+35,2.48914347214689e+33
269.4,1.94572048874595e+35,1.92083678354355e+35,2.48837052024012e+33
269.5,1.94514557318586e+35,1.92026959133838e+35,2.48759818474854e+33
269.6,1.94457110705093e+35,1.91970284240205e+35,2.48682646488792e+33
269.7,1.94399708979264e+35,1.91913653619388e+35,2.48605535987529e+33
269.8,1.94342352086333e+35,1.91857067217404e+35,2.485284868929e+33
269.9,1.94285039971617e+35,1.91800524980349e+35,2.48451499126867e+33
270,1.94227772580517e+35,1.91744026854402e+35,2.48374572611525e+33
270.1,1.94170549858515e+35,1.91687572785824e+35,2.48297707269099e+33
270.2,1.94113371751178e+35,1.91631162720958e+35,2.48220903021942e+33
270.3,1.94056238204152e+35,1.91574796606227e+35,2.48144159792542e+33
270.4,1.93999149163167e+35,1.91518474388132e+35,2.48067477503515e+33
270.5,1.93942104574033e+35,1.91462196013257e+35,2.47990856077612e+33
270.6,1.93885104382643e+35,1.91405961428266e+35,2.47914295437713e+33
270.7,1.93828148534969e+35,1.91349770579901e+35,2.47837795506831e+33
270.8,1.93771236977064e+35,1.91293623414982e+35,2.47761356208114e+33
270.9,1.9371436965506e+35,1.91237519880412e+35,2.4768497746484e+33
271,1.93657546515172e+35,1.91181459923167e+35,2.47608659200422e+33
271.1,1.93600767503691e+35,1.91125443490307e+35,2.47532401338408e+33
271.2,1.9354403256699e+35,1.91069470528966e+35,2.47456203802477e+33
271.3,1.93487341651522e+35,1.91013540986357e+35,2.47380066516446e+33
271.4,1.93430694703816e+35,1.90957654809774e+35,2.47303989404264e+33
271.5,1.93374091670484e+35,1.90901811946583e+35,2.47227972390017e+33
271.6,1.93317532498213e+35,1.90846012344233e+35,2.47152015397924e+33
271.7,1.93261017133771e+35,1.90790255950248e+35,2.47076118352344e+33
271.8,1.93204545524006e+35,1.90734542712229e+35,2.47000281177767e+33
271.9,1.93148117615843e+35,1.90678872577855e+35,2.46924503798823e+33
272,1.93091733356285e+35,1.90623245494882e+35,2.46848786140275e+33
272.1,1.93035392692415e+35,1.90567661411144e+35,2.46773128127026e+33
272.2,1.92979095571394e+35,1.90512120274553e+35,2.46697529684114e+33
272.3,1.92922841940462e+35,1.90456622033095e+35,2.46621990736713e+33
272.4,1.92866631746939e+35,1.90401166634837e+35,2.46546511210136e+33
272.5,1.92810464938219e+35,1.90345754027921e+35,2.46471091029832e+33
272.6,1.92754341461781e+35,1.90290384160567e+35,2.46395730121387e+33
272.7,1.92698261265177e+35,1.90235056981072e+35,2.46320428410525e+33
272.8,1.92642224296042e+35,1.90179772437811e+35,2.46245185823105e+33
272.9,1.92586230502085e+35,1.90124530479234e+35,2.46170002285127e+33
273,1.92530279831099e+35,1.90069331053872e+35,2.46094877722723e+33
273.1,1.92474372230951e+35,1.9001417411033e+35,2.46019812062167e+33
273.2,1.92418507649589e+35,1.89959059597291e+35,2.45944805229866e+33
273.3,1.92362686035039e+35,1.89903987463516e+35,2.45869857152365e+33
273.4,1.92306907335406e+35,1.89848957657842e+35,2.45794967756346e+33
273.5,1.92251171498871e+35,1.89793970129184e+35,2.45720136968626e+33
273.6,1.92195478473696e+35,1.89739024826534e+35,2.4564536471616e+33
273.7,1.9213982820822e+35,1.8968412169896e+35,2.45570650926036e+33
273.8,1.92084220650861e+35,1.89629260695606e+35,2.4549599552548e+33
273.9,1.92028655750112e+35,1.89574441765694e+35,2.45421398441851e+33
274,1.91973133454548e+35,1.89519664858522e+35,2.45346859602645e+33
274.1,1.91917653712819e+35,1.89464929923464e+35,2.45272378935489e+33
274.2,1.91862216473651e+35,1.89410236909969e+35,2.45197956368149e+33
274.3,1.91806821685849e+35,1.89355585767564e+35,2.4512359182852e+33
274.4,1.91751469298296e+35,1.8930097644585e+35,2.45049285244634e+33
274.5,1.91696159259949e+35,1.89246408894502e+35,2.44975036544653e+33
274.6,1.91640891519841e+35,1.89191883063272e+35,2.44900845656872e+33
274.7,1.91585666027083e+35,1.89137398901986e+35,2.44826712509721e+33
274.8,1.91530482730861e+35,1.89082956360544e+35,2.44752637031758e+33
274.9,1.91475341580436e+35,1.89028555388919e+35,2.44678619151674e+33
275,1.91420242525144e+35,1.88974195937161e+35,2.44604658798291e+33
275.1,1.91365185514394e+35,1.88919877955389e+35,2.44530755900559e+33
275.2,1.91310170497672e+35,1.88865601393797e+35,2.44456910387562e+33
275.3,1.91255197424537e+35,1.88811366202652e+35,2.4438312218851e+33
275.4,1.9120026624462e+35,1.88757172332293e+35,2.44309391232744e+33
275.5,1.91145376907626e+35,1.88703019733129e+35,2.44235717449733e+33
275.6,1.91090529363334e+35,1.88648908355643e+35,2.44162100769075e+33
275.7,1.91035723561593e+35,1.88594838150388e+35,2.44088541120496e+33
275.8,1.90980959452325e+35,1.88540809067987e+35,2.44015038433847e+33
275.9,1.90926236985524e+35,1.88486821059133e+35,2.43941592639111e+33
276,1.90871556111255e+35,1.88432874074591e+35,2.43868203666394e+33
276.1,1.90816916779653e+35,1.88378968065194e+35,2.4379487144593e+33
276.2,1.90762318940925e+35,1.88325102981844e+35,2.43721595908079e+33
276.3,1.90707762545346e+35,1.88271278775512e+35,2.43648376983329e+33
276.4,1.90653247543262e+35,1.88217495397239e+35,2.43575214602292e+33
276.5,1.90598773885089e+35,1.88163752798132e+35,2.43502108695705e+33
276.6,1.9054434152131e+35,1.88110050929366e+35,2.43429059194431e+33
276.7,1.90489950402479e+35,1.88056389742184e+35,2.4335606602946e+33
276.8,1.90435600479217e+35,1.88002769187898e+35,2.43283129131904e+33
276.9,1.90381291702213e+35,1.87949189217883e+35,2.43210248433003e+33
277,1.90327024022225e+35,1.87895649783583e+35,2.43137423864118e+33
277.1,1.90272797390076e+35,1.87842150836509e+35,2.43064655356739e+33
277.2,1.9021861175666e+35,1.87788692328235e+35,2.42991942842478e+33
277.3,1.90164467072934e+35,1.87735274210403e+35,2.42919286253071e+33
277.4,1.90110363289924e+35,1.8768189643472e+35,2.42846685520381e+33
277.5,1.90056300358722e+35,1.87628558952958e+35,2.42774140576393e+33
277.6,1.90002278230486e+35,1.87575261716954e+35,2.42701651353218e+33
277.7,1.8994829685644e+35,1.87522004678609e+35,2.42629217783092e+33
277.8,1.89894356187873e+35,1.87468787789889e+35,2.42556839798374e+33
277.9,1.89840456176141e+35,1.87415611002825e+35,2.42484517331548e+33
278,1.89786596772664e+35,1.87362474269511e+35,2.42412250315224e+33
278.1,1.89732777928928e+35,1.87309377542106e+35,2.42340038682135e+33
278.2,1.89678999596483e+35,1.87256320772832e+35,2.4226788236514e+33
278.3,1.89625261726946e+35,1.87203303913974e+35,2.42195781297224e+33
278.4,1.89571564271997e+35,1.87150326917882e+35,2.42123735411495e+33
278.5,1.89517907183379e+35,1.87097389736968e+35,2.42051744641188e+33
278.6,1.89464290412904e+35,1.87044492323707e+35,2.41979808919663e+33
278.7,1.89410713912444e+35,1.8699163463064e+35,2.41907928180404e+33
278.8,1.89357177633937e+35,1.86938816610366e+35,2.41836102357024e+33
278.9,1.89303681529385e+35,1.86886038215552e+35,2.41764331383258e+33
279,1.89250225550855e+35,1.86833299398925e+35,2.41692615192971e+33
279.1,1.89196809650477e+35,1.86780600113275e+35,2.41620953720152e+33
279.2,1.89143433780446e+35,1.86727940311456e+35,2.41549346898916e+33
279.3,1.89090097893019e+35,1.86675319946384e+35,2.41477794663507e+33
279.4,1.89036801940521e+35,1.86622738971038e+35,2.41406296948293e+33
279.5,1.88983545875337e+35,1.86570197338459e+35,2.41334853687769e+33
279.6,1.88930329649919e+35,1.86517695001753e+35,2.4126346481656e+33
279.7,1.88877153216782e+35,1.86465231914087e+35,2.41192130269415e+33
279.8,1.88824016528505e+35,1.86412808028692e+35,2.41120849981213e+33
279.9,1.88770919537732e+35,1.86360423298862e+35,2.41049623886957e+33
280,1.88717862197171e+35,1.86308077677953e+35,2.40978451921781e+33
280.1,1.88664844459596e+35,1.86255771119387e+35,2.40907334020944e+33
280.2,1.88611866277844e+35,1.86203503576646e+35,2.40836270119835e+33
280.3,1.88558927604818e+35,1.86151275003278e+35,2.4076526015397e+33
280.4,1.88506028393485e+35,1.86099085352895e+35,2.40694304058991e+33
280.5,1.88453168596878e+35,1.86046934579171e+35,2.4062340177067e+33
280.6,1.88400348168095e+35,1.85994822635846e+35,2.40552553224907e+33
280.7,1.88347567060299e+35,1.85942749476722e+35,2.40481758357728e+33
280.8,1.8829482522672e+35,1.85890715055667e+35,2.4041101710529e+33
280.9,1.88242122620653e+35,1.85838719326614e+35,2.40340329403874e+33
281,1.88189459195459e+35,1.8578676224356e+35,2.40269695189893e+33
281.1,1.88136834904565e+35,1.85734843760566e+35,2.40199114399883e+33
281.2,1.88084249701466e+35,1.85682963831761e+35,2.40128586970512e+33
281.3,1.88031703539721e+35,1.85631122411335e+35,2.40058112838573e+33
281.4,1.87979196372957e+35,1.85579319453547e+35,2.39987691940987e+33
281.5,1.87926728154869e+35,1.85527554912721e+35,2.39917324214801e+33
281.6,1.87874298839218e+35,1.85475828743246e+35,2.39847009597191e+33
281.7,1.87821908379831e+35,1.85424140899577e+35,2.39776748025459e+33
281.8,1.87769556730605e+35,1.85372491336234e+35,2.39706539437033e+33
281.9,1.87717243845501e+35,1.85320880007806e+35,2.39636383769467e+33
282,1.87664969678551e+35,1.85269306868946e+35,2.39566280960442e+33
282.1,1.87612734183852e+35,1.85217771874374e+35,2.39496230947763e+33
282.2,1.87560537315569e+35,1.85166274978876e+35,2.39426233669363e+33
282.3,1.87508379027937e+35,1.85114816137304e+35,2.39356289063297e+33
282.4,1.87456259275255e+35,1.85063395304577e+35,2.39286397067745e+33
282.5,1.87404178011892e+35,1.85012012435682e+35,2.39216557621014e+33
282.6,1.87352135192283e+35,1.84960667485668e+35,2.39146770661531e+33
282.7,1.87300130770933e+35,1.84909360409655e+35,2.39077036127848e+33
282.8,1.87248164702412e+35,1.84858091162826e+35,2.3900735395864e+33
282.9,1.87196236941358e+35,1.84806859700431e+35,2.38937724092704e+33
283,1.87144347442477e+35,1.84755665977787e+35,2.38868146468958e+33
283.1,1.87092496160541e+35,1.84704509950276e+35,2.38798621026443e+33
283.2,1.87040683050389e+35,1.84653391573346e+35,2.38729147704319e+33
283.3,1.86988908066928e+35,1.84602310802509e+35,2.38659726441868e+33
283.4,1.86937171165129e+35,1.84551267593344e+35,2.3859035717849e+33
283.5,1.86885472300031e+35,1.84500261901494e+35,2.38521039853704e+33
283.6,1.8683381142674e+35,1.84449293682668e+35,2.38451774407149e+33
283.7,1.86782188500425e+35,1.84398362892639e+35,2.38382560778582e+33
283.8,1.86730603476321e+35,1.84347469487243e+35,2.38313398907875e+33
283.9,1.86679056309731e+35,1.84296613422381e+35,2.38244288735018e+33
284,1.8662754695602e+35,1.84245794654018e+35,2.38175230200118e+33
284.1,1.86576075370617e+35,1.84195013138183e+35,2.38106223243397e+33
284.2,1.86524641509018e+35,1.84144268830966e+35,2.38037267805191e+33
284.3,1.8647324532678e+35,1.84093561688521e+35,2.3796836382595e+33
284.4,1.86421886779527e+35,1.84042891667064e+35,2.3789951124624e+33
284.5,1.86370565822942e+35,1.83992258722875e+35,2.37830710006738e+33
284.6,1.86319282412775e+35,1.83941662812292e+35,2.37761960048233e+33
284.7,1.86268036504835e+35,1.83891103891719e+35,2.37693261311628e+33
284.8,1.86216828054997e+35,1.83840581917617e+35,2.37624613737935e+33
284.9,1.86165657019194e+35,1.83790096846512e+35,2.37556017268279e+33
285,1.86114523353425e+35,1.83739648634986e+35,2.37487471843892e+33
285.1,1.86063427013747e+35,1.83689237239686e+35,2.37418977406118e+33
285.2,1.8601236795628e+35,1.83638862617315e+35,2.3735053389641e+33
285.3,1.85961346137203e+35,1.8358852472464e+35,2.37282141256329e+33
285.4,1.85910361512758e+35,1.83538223518483e+35,2.37213799427542e+33
285.5,1.85859414039246e+35,1.83487958955728e+35,2.37145508351828e+33
285.6,1.85808503673029e+35,1.83437730993318e+35,2.37077267971069e+33
285.7,1.85757630370528e+35,1.83387539588256e+35,2.37009078227254e+33
285.8,1.85706794088225e+35,1.833373846976e+35,2.36940939062481e+33
285.9,1.85655994782661e+35,1.83287266278471e+35,2.36872850418951e+33
286,1.85605232410435e+35,1.83237184288046e+35,2.36804812238972e+33
286.1,1.85554506928209e+35,1.8318713868356e+35,2.36736824464955e+33
286.2,1.85503818292702e+35,1.83137129422307e+35,2.36668887039417e+33
286.3,1.85453166460691e+35,1.83087156461641e+35,2.3660099990498e+33
286.4,1.85402551389015e+35,1.83037219758972e+35,2.36533163004368e+33
286.5,1.85351973034571e+35,1.82987319271767e+35,2.36465376280412e+33
286.6,1.85301431354314e+35,1.82937454957554e+35,2.36397639676043e+33
286.7,1.8525092630526e+35,1.82887626773917e+35,2.36329953134298e+33
286.8,1.85200457844482e+35,1.82837834678498e+35,2.36262316598315e+33
286.9,1.85150025929113e+35,1.82788078629e+35,2.36194730011336e+33
287,1.85099630516347e+35,1.8273835858318e+35,2.36127193316705e+33
287.1,1.85049271563434e+35,1.82688674498855e+35,2.36059706457871e+33
287.2,1.84998949027685e+35,1.82639026333901e+35,2.35992269378382e+33
287.3,1.8494866286647e+35,1.82589414046252e+35,2.35924882021892e+33
287.4,1.84898413037221e+35,1.82539837593899e+35,2.35857544332153e+33
287.5,1.84848199497425e+35,1.82490296934895e+35,2.35790256253023e+33
287.6,1.84798022204632e+35,1.82440792027347e+35,2.35723017728461e+33
287.7,1.84747881116451e+35,1.82391322829426e+35,2.35655828702528e+33
287.8,1.84697776190552e+35,1.82341889299358e+35,2.35588689119387e+33
287.9,1.84647707384663e+35,1.8229249139543e+35,2.35521598923303e+33
288,1.84597674656574e+35,1.82243129075987e+35,2.35454558058644e+33
288.1,1.84547677964136e+35,1.82193802299437e+35,2.35387566469879e+33
288.2,1.8449771726526e+35,1.82144511024244e+35,2.3532062410158e+33
288.3,1.84447792517918e+35,1.82095255208933e+35,2.3525373089842e+33
288.4,1.84397903680143e+35,1.82046034812091e+35,2.35186886805177e+33
288.5,1.8434805071003e+35,1.81996849792363e+35,2.35120091766726e+33
288.6,1.84298233565736e+35,1.81947700108456e+35,2.3505334572805e+33
288.7,1.84248452205479e+35,1.81898585719136e+35,2.3498664863423e+33
288.8,1.84198706587538e+35,1.81849506583234e+35,2.34920000430451e+33
288.9,1.84148996670258e+35,1.81800462659638e+35,2.34853401062e+33
289,1.84099322412042e+35,1.817514539073e+35,2.34786850474265e+33
289.1,1.84049683771359e+35,1.81702480285232e+35,2.34720348612738e+33
289.2,1.8400008070674e+35,1.8165354175251e+35,2.34653895423012e+33
289.3,1.83950513176779e+35,1.81604638268271e+35,2.34587490850782e+33
289.4,1.83900981140134e+35,1.81555769791715e+35,2.34521134841846e+33
289.5,1.83851484555525e+35,1.81506936282104e+35,2.34454827342101e+33
289.6,1.83802023381739e+35,1.81458137698764e+35,2.3438856829755e+33
289.7,1.83752597577625e+35,1.81409374001082e+35,2.34322357654295e+33
289.8,1.83703207102097e+35,1.81360645148511e+35,2.34256195358538e+33
289.9,1.83653851914132e+35,1.81311951100566e+35,2.34190081356587e+33
290,1.83604531972775e+35,1.81263291816826e+35,2.34124015594846e+33
290.1,1.83555247237133e+35,1.81214667256935e+35,2.34057998019824e+33
290.2,1.8350599766638e+35,1.81166077380598e+35,2.33992028578128e+33
290.3,1.83456783219754e+35,1.81117522147589e+35,2.33926107216465e+33
290.4,1.8340760385656e+35,1.81069001517743e+35,2.33860233881646e+33
290.5,1.83358459536167e+35,1.81020515450961e+35,2.33794408520576e+33
290.6,1.83309350218012e+35,1.80972063907209e+35,2.33728631080265e+33
290.7,1.83260275861595e+35,1.80923646846517e+35,2.33662901507818e+33
290.8,1.83211236426485e+35,1.80875264228981e+35,2.33597219750439e+33
290.9,1.83162231872316e+35,1.80826916014761e+35,2.33531585755433e+33
291,1.83113262158787e+35,1.80778602164085e+35,2.33465999470199e+33
291.1,1.83064327245665e+35,1.80730322637243e+35,2.33400460842235e+33
291.2,1.83015427092784e+35,1.80682077394593e+35,2.33334969819136e+33
291.3,1.82966561660042e+35,1.80633866396556e+35,2.33269526348592e+33
291.4,1.82917730907406e+35,1.80585689603622e+35,2.33204130378388e+33
291.5,1.82868934794907e+35,1.80537546976343e+35,2.33138781856406e+33
291.6,1.82820173282644e+35,1.80489438475338e+35,2.33073480730621e+33
291.7,1.82771446330783e+35,1.80441364061292e+35,2.33008226949101e+33
291.8,1.82722753899555e+35,1.80393323694955e+35,2.32943020460007e+33
291.9,1.82674095949258e+35,1.80345317337142e+35,2.32877861211594e+33
292,1.82625472440255e+35,1.80297344948733e+35,2.32812749152207e+33
292.1,1.82576883332977e+35,1.80249406490675e+35,2.32747684230281e+33
292.2,1.82528328587921e+35,1.80201501923977e+35,2.32682666394343e+33
292.3,1.82479808165647e+35,1.80153631209716e+35,2.32617695593009e+33
292.4,1.82431322026783e+35,1.80105794309033e+35,2.32552771774982e+33
292.5,1.82382870132023e+35,1.80057991183132e+35,2.32487894889053e+33
292.6,1.82334452442124e+35,1.80010221793283e+35,2.32423064884103e+33
292.7,1.82286068917911e+35,1.7996248610082e+35,2.32358281709095e+33
292.8,1.82237719520272e+35,1.79914784067141e+35,2.3229354531308e+33
292.9,1.82189404210159e+35,1.79867115653707e+35,2.32228855645193e+33
293,1.8214112294859e+35,1.79819480822044e+35,2.32164212654652e+33
293.1,1.82092875696647e+35,1.7977187953374e+35,2.32099616290759e+33
293.2,1.82044662415476e+35,1.79724311750447e+35,2.32035066502898e+33
293.3,1.81996483066285e+35,1.7967677743388e+35,2.31970563240534e+33
293.4,1.81948337610348e+35,1.79629276545816e+35,2.31906106453213e+33
293.5,1.81900226009e+35,1.79581809048095e+35,2.3184169609056e+33
293.6,1.8185214822364e+35,1.79534374902617e+35,2.31777332102281e+33
293.7,1.81804104215729e+35,1.79486974071348e+35,2.31713014438158e+33
293.8,1.81756093946791e+35,1.7943960651631e+35,2.31648743048053e+33
293.9,1.81708117378411e+35,1.79392272199592e+35,2.31584517881901e+33
294,1.81660174472237e+35,1.7934497108334e+35,2.31520338889717e+33
294.1,1.81612265189979e+35,1.79297703129763e+35,2.3145620602159e+33
294.2,1.81564389493405e+35,1.79250468301128e+35,2.31392119227684e+33
294.3,1.81516547344348e+35,1.79203266559766e+35,2.31328078458235e+33
294.4,1.81468738704701e+35,1.79156097868065e+35,2.31264083663556e+33
294.5,1.81420963536415e+35,1.79108962188475e+35,2.31200134794029e+33
294.6,1.81373221801505e+35,1.79061859483504e+35,2.31136231800112e+33
294.7,1.81325513462044e+35,1.7901478971572e+35,2.31072374632332e+33
294.8,1.81277838480165e+35,1.78967752847752e+35,2.31008563241288e+33
294.9,1.81230196818063e+35,1.78920748842287e+35,2.30944797577649e+33
295,1.81182588437991e+35,1.78873777662069e+35,2.30881077592155e+33
295.1,1.81135013302262e+35,1.78826839269906e+35,2.30817403235614e+33
295.2,1.81087471373248e+35,1.78779933628659e+35,2.30753774458905e+33
295.3,1.81039962613382e+35,1.78733060701253e+35,2.30690191212975e+33
295.4,1.80992486985156e+35,1.78686220450668e+35,2.30626653448838e+33
295.5,1.8094504445112e+35,1.78639412839945e+35,2.30563161117577e+33
295.6,1.80897634973886e+35,1.78592637832182e+35,2.30499714170344e+33
295.7,1.80850258516122e+35,1.78545895390538e+35,2.30436312558355e+33
295.8,1.80802915040557e+35,1.78499185478228e+35,2.30372956232895e+33
295.9,1.80755604509981e+35,1.78452508058528e+35,2.30309645145316e+33
296,1.80708326887241e+35,1.78405863094771e+35,2.30246379247035e+33
296.1,1.80661082135245e+35,1.78359250550349e+35,2.30183158489535e+33
296.2,1.80613870216959e+35,1.78312670388715e+35,2.30119982824367e+33
296.3,1.8056669109541e+35,1.78266122573379e+35,2.30056852203145e+33
296.4,1.80519544733686e+35,1.7821960706791e+35,2.29993766577551e+33
296.5,1.80472431094931e+35,1.78173123835938e+35,2.2993072589933e+33
296.6,1.80425350142353e+35,1.78126672841151e+35,2.29867730120294e+33
296.7,1.80378301839219e+35,1.78080254047296e+35,2.29804779192319e+33
296.8,1.80331286148854e+35,1.78033867418181e+35,2.29741873067346e+33
296.9,1.80284303034647e+35,1.77987512917674e+35,2.29679011697383e+33
297,1.80237352460046e+35,1.77941190509701e+35,2.29616195034499e+33
297.1,1.80190434388559e+35,1.77894900158251e+35,2.29553423030832e+33
297.2,1.80143548783758e+35,1.77848641827372e+35,2.2949069563858e+33
297.3,1.80096695609271e+35,1.77802415481171e+35,2.2942801281001e+33
297.4,1.80049874828794e+35,1.77756221083819e+35,2.29365374497451e+33
297.5,1.80003086406079e+35,1.77710058599546e+35,2.29302780653296e+33
297.6,1.79956330304943e+35,1.77663927992643e+35,2.29240231230004e+33
297.7,1.79909606489263e+35,1.77617829227462e+35,2.29177726180099e+33
297.8,1.7986291492298e+35,1.77571762268419e+35,2.29115265456167e+33
297.9,1.79816255570097e+35,1.77525727079988e+35,2.2905284901086e+33
298,1.79769628394678e+35,1.77479723626709e+35,2.28990476796894e+33
298.1,1.7972303336085e+35,1.7743375187318e+35,2.28928148767048e+33
298.2,1.79676470432806e+35,1.77387811784064e+35,2.28865864874168e+33
298.3,1.79629939574797e+35,1.77341903324085e+35,2.28803625071162e+33
298.4,1.79583440751141e+35,1.77296026458031e+35,2.28741429311001e+33
298.5,1.79536973926217e+35,1.7725018115075e+35,2.28679277546724e+33
298.6,1.79490539064469e+35,1.77204367367155e+35,2.2861716973143e+33
298.7,1.79444136130405e+35,1.77158585072222e+35,2.28555105818284e+33
298.8,1.79397765088594e+35,1.77112834230989e+35,2.28493085760514e+33
298.9,1.79351425903671e+35,1.77067114808557e+35,2.28431109511412e+33
299,1.79305118540335e+35,1.77021426770092e+35,2.28369177024332e+33
299.1,1.79258842963347e+35,1.7697577008082e+35,2.28307288252695e+33
299.2,1.79212599137533e+35,1.76930144706034e+35,2.28245443149982e+33
299.3,1.79166387027785e+35,1.76884550611087e+35,2.28183641669738e+33
299.4,1.79120206599055e+35,1.76838987761399e+35,2.28121883765571e+33
299.5,1.79074057816362e+35,1.76793456122451e+35,2.28060169391151e+33
299.6,1.79027940644789e+35,1.76747955659787e+35,2.27998498500213e+33
299.7,1.78981855049482e+35,1.76702486339017e+35,2.27936871046551e+33
299.8,1.78935800995653e+35,1.76657048125812e+35,2.27875286984023e+33
299.9,1.78889778448574e+35,1.76611640985909e+35,2.27813746266548e+33
300,1.78843787373585e+35,1.76566264885104e+35,2.27752248848107e+33
