PhotonEnergy_meV,Total_B_T_0,Total_B_T_5,Total_B_T_10,Optical_B_T_0,Optical_B_T_5,Optical_B_T_10,Piezoelectric_B_T_0,Piezoelectric_B_T_5,Piezoelectric_B_T_10
2,7.99266500375062e+38,8.0802713485439e+38,8.33880168110791e+38,7.88782754265511e+38,7.97432361504248e+38,8.22957948941346e+38,1.04837461095516e+37,1.05947733501417e+37,1.09222191694451e+37
2.1,7.25437378622499e+38,7.33386594603462e+38,7.56844973775024e+38,7.15923102559783e+38,7.23771577108083e+38,7.46932846952601e+38,9.51427606271615e+36,9.6150174953791e+36,9.91212682242331e+36
2.2,6.61423551542881e+38,6.68669325216716e+38,6.90051714613273e+38,6.52749808505217e+38,6.59903757708815e+38,6.81015337006104e+38,8.67374303766406e+36,8.76556750790159e+36,9.03637760716909e+36
2.3,6.05557552955393e+38,6.12189508386632e+38,6.3176041020418e+38,5.97617314568478e+38,6.04165226310485e+38,6.23488266214675e+38,7.94023838691409e+36,8.02428207614703e+36,8.27214398950514e+36
2.4,5.56511673804929e+38,5.62604823357647e+38,5.80585616750684e+38,5.49215355790811e+38,5.55231291496605e+38,5.7298436647718e+38,7.29631801411835e+36,7.37353186104287e+36,7.60125027350412e+36
2.5,5.13218136286611e+38,5.18835742071638e+38,5.35413128096787e+38,5.06490182939873e+38,5.12036602746878e+38,5.28404048534798e+38,6.72795334673747e+36,6.79913932476032e+36,7.00907956198838e+36
2.6,4.74810324189412e+38,4.80006112418312e+38,4.9533864921494e+38,4.68586565156099e+38,4.73716514194307e+38,4.888548801622e+38,6.22375903331259e+36,6.28959822400478e+36,6.48376905273921e+36
2.7,4.40578952626933e+38,4.45398845388828e+38,4.59622059133453e+38,4.34804535653475e+38,4.39563353867008e+38,4.53606449228318e+38,5.77441697345773e+36,5.83549152181978e+36,6.01560990513535e+36
2.8,4.09938989223557e+38,4.14422472077469e+38,4.27652893124245e+38,4.04566747583013e+38,4.08993419984368e+38,4.22056298796586e+38,5.37224164054379e+36,5.42905209310095e+36,5.5965943276595e+36
2.9,3.82404414794782e+38,3.86585626500649e+38,3.98924005473361e+38,3.77393566367677e+38,3.81521798953388e+38,3.93703935462861e+38,5.01084842710522e+36,5.06382754726108e+36,5.22007001049983e+36
3,3.5756876974293e+38,3.61477377837019e+38,3.7301126968697e+38,3.52883871721001e+38,3.56742955946767e+38,3.68130795907278e+38,4.68489802192821e+36,4.73442189025191e+36,4.88047377969139e+36
3.1,3.35090018479316e+38,3.38751928237231e+38,3.49557784581007e+38,3.30700120948773e+38,3.3431563370448e+38,3.44984660205782e+38,4.38989753054251e+36,4.43629453275077e+36,4.57312437522535e+36
3.2,3.14678670155819e+38,3.18116602794891e+38,3.28261478341039e+38,3.10556625769514e+38,3.13951000251418e+38,3.23967418526139e+38,4.12204438630546e+36,4.16560254347356e+36,4.29405981489977e+36
3.3,2.96088378913821e+38,2.99322346333086e+38,3.08865299962624e+38,2.92210276069989e+38,2.95403270502163e+38,3.04825391255253e+38,3.87810284383221e+36,3.91907583092309e+36,4.03990870737098e+36
3.4,2.79108449286867e+38,2.8215614631853e+38,2.91149398719261e+38,2.75453143780007e+38,2.7846222869305e+38,2.87341611069437e+38,3.65530550686035e+36,3.69391762548001e+36,3.80778764982364e+36
3.5,2.63557817859346e+38,2.66434948283189e+38,2.74924844100511e+38,2.60106543605006e+38,2.62947223717433e+38,2.7132962526292e+38,3.45127425434014e+36,3.48772456575559e+36,3.59521883759085e+36
3.6,2.49280187935687e+38,2.520007369489e+38,2.60028548912175e+38,2.46016231618691e+38,2.48702314852569e+38,2.56628485452408e+38,3.26395631699683e+36,3.29842209633134e+36,3.40006345976656e+36
3.7,2.36140071480101e+38,2.38716534609443e+38,2.46319139108133e+38,2.33048499204945e+38,2.35592322696068e+38,2.43098671592002e+38,3.09157227515624e+36,3.12421191337529e+36,3.2204675161308e+36
3.8,2.240195499798e+38,2.26463126349442e+38,2.33673573813444e+38,2.21086976476952e+38,2.23499597392581e+38,2.30618756336868e+38,2.93257350284812e+36,2.96352895686045e+36,3.05481747657549e+36
3.9,2.12815608760821e+38,2.15136365027694e+38,2.21984363739875e+38,2.10030001614173e+38,2.12321359010153e+38,2.19082659948573e+38,2.78560714664744e+36,2.81500601754168e+36,2.90170379130263e+36
4,2.02437931584225e+38,2.04644941606872e+38,2.11157269898874e+38,1.99788444432073e+38,2.01967497151077e+38,2.08397379196563e+38,2.64948715215189e+36,2.67744445579423e+36,2.75989070231157e+36
4.1,1.9280706687293e+38,1.94908531203938e+38,2.01109390106265e+38,1.90283896699689e+38,1.92358741348851e+38,1.98481098963807e+38,2.52317017324091e+36,2.54978985508714e+36,2.628291142458e+36
4.2,1.83852895676618e+38,1.85856244199399e+38,1.91767560346172e+38,1.81447160230874e+38,1.83425132517434e+38,1.89261614580982e+38,2.40573544574412e+36,2.43111168196543e+36,2.50594576519012e+36
4.3,1.75513345930895e+38,1.77425326351238e+38,1.83067013138869e+38,1.73216978033885e+38,1.75104740134942e+38,1.80675007792973e+38,2.29636789701063e+36,2.32058621629527e+36,2.39200534589595e+36
4.4,1.67733308771145e+38,1.69560063187053e+38,1.74950246748995e+38,1.65538964861046e+38,1.67342581022734e+38,1.72664530799795e+38,2.19434391009936e+36,2.21748216431901e+36,2.28571594920045e+36
4.5,1.60463721405316e+38,1.62210852787948e+38,1.67366068194615e+38,1.58364702129111e+38,1.60089704304767e+38,1.6517966181835e+38,2.09901927620482e+36,2.12114848318124e+36,2.18640637626519e+36
4.6,1.5366078791462e+38,1.55333418018018e+38,1.60268780181011e+38,1.51650968955484e+38,1.5330241398127e+38,1.5817530268088e+38,2.00981895913594e+36,2.03100403674858e+36,2.09347750013025e+36
4.7,1.47285314771765e+38,1.48888134733631e+38,1.53617487739472e+38,1.45359086404873e+38,1.46941605959103e+38,1.51611094568121e+38,1.92622836689162e+36,1.94652877452837e+36,2.00639317135171e+36
4.8,1.41302142170129e+38,1.42839456857813e+38,1.47375504842335e+38,1.39454356288202e+38,1.40972200675171e+38,1.45450832407224e+38,1.84778588192707e+36,1.8672561826424e+36,1.92467243511067e+36
4.9,1.35679655692244e+38,1.37155422677854e+38,1.41509844849861e+38,1.33905579245406e+38,1.35362655876429e+38,1.39661962001864e+38,1.77407644683846e+36,1.79276680142448e+36,1.84788284799618e+36
5,1.30389365601195e+38,1.31807229509798e+38,1.35990781519656e+38,1.28684639562799e+38,1.30084546869e+38,1.34215146799271e+38,1.70472603839531e+36,1.72268264079752e+36,1.77563472038502e+36
5.1,1.25405543259179e+38,1.26768866118568e+38,1.30791469626482e+38,1.23766146367152e+38,1.25112203764495e+38,1.2908389348574e+38,1.63939689202754e+36,1.65666235407243e+36,1.70757614074216e+36
5.2,1.20704905975402e+38,1.22016794100179e+38,1.25887616116483e+38,1.19127122612905e+38,1.20422397045494e+38,1.24244227453704e+38,1.57778336249645e+36,1.59439705468505e+36,1.64338866277942e+36
5.3,1.16266343047573e+38,1.17529670910711e+38,1.21257194245498e+38,1.14746734721883e+38,1.15994064230909e+38,1.19674410689072e+38,1.51960832568989e+36,1.53560667980181e+36,1.582783556426e+36
5.4,1.12070676955316e+38,1.13288108433849e+38,1.16880194397098e+38,1.10606056913147e+38,1.1180807161327e+38,1.15354695857188e+38,1.4646200421689e+36,1.48003682057881e+36,1.52549853990993e+36
5.5,1.08100454642782e+38,1.09274461968598e+38,1.12738406297555e+38,1.06687865226825e+38,1.07847006016739e+38,1.11267111373903e+38,1.41258941595629e+36,1.42745595185844e+36,1.4712949236518e+36
5.6,1.04339764633631e+38,1.05472645333499e+38,1.08815228185843e+38,1.02976457040986e+38,1.04094992328711e+38,1.07395273078139e+38,1.36330759264492e+36,1.37765300478773e+36,1.41995510770377e+36
5.7,1.00774076387364e+38,1.01867968456809e+38,1.05095499191541e+38,9.94574925377133e+37,1.00537533222127e+38,1.03724218807961e+38,1.31658384965083e+36,1.3304352346826e+36,1.37128038358078e+36
5.8,9.73900988580038e+37,9.84469943802302e+37,1.01565351749558e+38,9.61178551193143e+37,9.71613680364378e+37,1.00240262750669e+38,1.27224373868945e+36,1.28562634379244e+36,1.32508899888841e+36
5.9,9.41756556755152e+37,9.51974130681781e+37,9.82120813599059e+37,9.29455282289277e+37,9.39543482434601e+37,9.69308669104668e+37,1.23012744658757e+36,1.24306482471799e+36,1.28121444943909e+36
6,9.11195747537888e+37,9.21079298022723e+37,9.50240314009207e+37,8.99294864082069e+37,9.09053273069454e+37,9.37845274321228e+37,1.19008834558183e+36,1.20260249532692e+36,1.23950396879793e+36
6.1,8.8211590450174e+37,8.91681662654002e+37,9.19904910393946e+37,8.70595987417007e+37,8.80040630651249e+37,9.07906738497995e+37,1.15199170847338e+36,1.16410320027527e+36,1.1998171895951e+36
6.2,8.54422566713596e+37,8.63685726924957e+37,8.9101604562663e+37,8.43265431038066e+37,8.52411310346703e+37,8.79395796080279e+37,1.115713567553e+36,1.12744165782541e+36,1.16202495463503e+36
6.3,8.28028695477284e+37,8.37003496950077e+37,8.6348290694887e+37,8.17217298485309e+37,8.26078472613389e+37,8.52222824359426e+37,1.08113969919748e+36,1.0925024336688e+36,1.1260082589444e+36
6.4,8.02853984904443e+37,8.11553785602699e+37,8.37221706602558e+37,7.92372337718824e+37,8.00961995342566e+37,8.26305133537251e+37,1.04816471856188e+36,1.05917902601331e+36,1.09165730653063e+36
6.5,7.78824246083254e+37,7.87261589915787e+37,8.1215503925708e+37,7.68657333373942e+37,7.76987859432232e+37,8.0156633257857e+37,1.01669127093118e+36,1.02737304835553e+36,1.05887066785103e+36
6.6,7.55870855999053e+37,7.64057533946488e+37,7.88211307001335e+37,7.46004562917935e+37,7.54087598964533e+37,7.77935761742475e+37,9.86629308111834e+35,9.96993498195556e+35,1.02755452588603e+36
6.7,7.33930263539378e+37,7.41877369352722e+37,7.65324203899908e+37,7.24351309141455e+37,7.32197808337558e+37,7.55347983896674e+37,9.57895439792373e+35,9.67956101516411e+35,9.97622000323417e+35
6.8,7.12943545922675e+37,7.20661526947755e+37,7.43432253163194e+37,7.03639422411433e+37,7.11259699705892e+37,7.33742327755813e+37,9.30412351124159e+35,9.40182724186243e+35,9.68992540738076e+35
6.9,6.92856009751777e+37,7.00354713370118e+37,7.22478390880626e+37,6.83814926962718e+37,6.91218704944256e+37,7.13062477072312e+37,9.04108278905862e+35,9.13600842586179e+35,9.41591380831323e+35
7,6.73616831632992e+37,6.8090554775406e+37,7.02409591037997e+37,6.64827666235725e+37,6.72024117086577e+37,6.93256100569931e+37,8.78916539726741e+35,8.88143066748309e+35,9.15349046806568e+35
7.1,6.55178733937961e+37,6.62266233929065e+37,6.83176527203896e+37,6.46630982895363e+37,6.53628766827733e+37,6.74274518065609e+37,8.54775104259792e+35,8.63746710133211e+35,8.9020091382875e+35
7.2,6.37497691834076e+37,6.44392264231633e+37,6.64733266842717e+37,6.29181429707912e+37,6.35988730222586e+37,6.56072398790057e+37,8.31626212616367e+35,8.40353400904645e+35,8.66086805265946e+35
7.3,6.20532668183277e+37,6.27242151491742e+37,6.47036994706322e+37,6.12438507920311e+37,6.19063064189858e+37,6.3860748840572e+37,8.09416026296593e+35,8.17908730188334e+35,8.42950630060258e+35
7.4,6.04245373319482e+37,6.10777186171381e+37,6.30047762184756e+37,5.96364430191392e+37,6.02813566837915e+37,6.21840361643387e+37,7.88094312808999e+35,7.96361933346561e+35,8.20740054136827e+35
7.5,5.88600047071015e+37,5.94961215992565e+37,6.13728259867935e+37,5.8092390547601e+37,5.87204559984834e+37,6.05734197845463e+37,7.67614159500519e+35,7.7566560077307e+35,7.99406202247183e+35
7.6,5.7356326070401e+37,5.79760445705251e+37,5.98043610893359e+37,5.66083943568563e+37,5.72202691554014e+37,5.90254577022691e+37,7.47931713544696e+35,7.55775415123681e+35,7.78903387066825e+35
7.7,5.59103736732417e+37,5.65143254918206e+37,5.82961182936214e+37,5.51813677278516e+37,5.57776755795646e+37,5.75369294308855e+37,7.29005945390117e+35,7.36649912256022e+35,7.59188862735981e+35
7.8,5.45192184775608e+37,5.51080032153818e+37,5.68450416943853e+37,5.38084200442806e+37,5.43897529519177e+37,5.61048190940308e+37,7.10798433280201e+35,7.18250263464166e+35,7.4022260035457e+35
7.9,5.31801151850317e+37,5.37543023495855e+37,5.54482670931324e+37,5.24868420183059e+37,5.30537622727185e+37,5.47263000099084e+37,6.93273166725739e+35,7.00540076867072e+35,7.21967083223974e+35
8,5.1890488566388e+37,5.24506194381387e+37,5.41031077342662e+37,5.12140921993397e+37,5.17671342220897e+37,5.33987206143914e+37,6.76396367048274e+35,6.8348521604896e+35,7.04387119874832e+35
8.1,5.06479209633863e+37,5.11945103247933e+37,5.28070412647662e+37,4.99877846400663e+37,5.05274566905337e+37,5.21195915916297e+37,6.60136323320071e+35,6.67053634259604e+35,6.87449673136455e+35
8.2,4.94501408498127e+37,4.99836785887413e+37,5.15576977988835e+37,4.88056776076038e+37,4.93324633660743e+37,5.08865740951899e+37,6.44463242208973e+35,6.51215222666994e+35,6.71123703693644e+35
8.3,4.82950123501703e+37,4.88159649482129e+37,5.03528489820931e+37,4.76656632397733e+37,4.81800232768956e+37,4.9697468955349e+37,6.29349110397064e+35,6.35941671317206e+35,6.55380026744064e+35
8.4,4.71805256254766e+37,4.76893375407094e+37,4.91903979597939e+37,4.65657580570928e+37,4.706813119911e+37,4.85502067792769e+37,6.14767568383799e+35,6.21206341599464e+35,6.40191180516966e+35
8.5,4.61047880451187e+37,4.66018829979317e+37,4.80683701661887e+37,4.55040942505095e+37,4.59948988487908e+37,4.74428388606443e+37,6.00693794609274e+35,6.0698414914083e+35,6.25531305544387e+35
8.6,4.50660160721468e+37,4.55517982419821e+37,4.69849048575682e+37,4.44789116732027e+37,4.49585467858153e+37,4.63735288238769e+37,5.8710439894407e+35,5.93251456166796e+35,6.11376033691237e+35
8.7,4.40625277968447e+37,4.45373829369665e+37,4.59382473220106e+37,4.34885504721547e+37,4.39573969645034e+37,4.53405449359577e+37,5.73977324690019e+35,5.79985972463078e+35,5.97702386052846e+35
8.8,4.30927360600401e+37,4.35570325368127e+37,4.49267417044152e+37,4.25314443017169e+37,4.29898658726509e+37,4.43422530254962e+37,5.61291758323275e+35,5.67166664161819e+35,5.8448867891907e+35
8.9,4.21551421134971e+37,4.26092318760712e+37,4.39488243919286e+37,4.16061140672088e+37,4.20544582064178e+37,4.3377109954844e+37,5.49028046288237e+35,5.54773669653434e+35,5.71714437084614e+35
9,4.12483297699646e+37,4.16925492557505e+37,4.30030179102769e+37,4.0711162151745e+37,4.11497610337557e+37,4.24436575964201e+37,5.37167618219649e+35,5.4278822199479e+35,5.59360313856726e+35
9.1,4.03709600001196e+37,4.08056309809536e+37,4.20879252863844e+37,3.98452670840883e+37,4.02744384037074e+37,4.15405172692092e+37,5.25692916031335e+35,5.31192577246251e+35,5.47408017175271e+35
9.2,3.95217659377936e+37,3.99471963112843e+37,4.12022248369961e+37,3.90071786094289e+37,3.9427226363059e+37,4.06663845956791e+37,5.14587328364692e+35,5.19969948225309e+35,5.35840241317015e+35
9.3,3.86995482585915e+37,3.91160327887449e+37,4.03446653468915e+37,3.81957131286528e+37,3.86069283455311e+37,3.98200247431848e+37,5.03835129938754e+35,5.09104443213768e+35,5.24640603706765e+35
9.4,3.79031709003277e+37,3.83109919112051e+37,3.95140616037494e+37,3.74097494749404e+37,3.78124109020056e+37,3.9000268017346e+37,4.934214253873e+35,4.98581009199553e+35,5.13793586403467e+35
9.5,3.71315570966767e+37,3.75309851225259e+37,3.87092902598171e+37,3.66482249994693e+37,3.70425997432523e+37,3.82060057779472e+37,4.8333209720746e+35,4.88385379273615e+35,5.03284481869982e+35
9.6,3.6383685698105e+37,3.67749800931176e+37,3.7929285993324e+37,3.59101319406257e+37,3.62964760692798e+37,3.74361866506523e+37,4.73553757479318e+35,4.7850402383782e+35,4.93099342671776e+35
9.7,3.56585877565368e+37,3.60419972671299e+37,3.7173037945073e+37,3.51945140534894e+37,3.55730731618185e+37,3.66898130102906e+37,4.64073703047395e+35,4.68924105311419e+35,4.83224934782454e+35
9.8,3.49553433523614e+37,3.53311066546423e+37,3.64395864078853e+37,3.45004634784783e+37,3.48714732185901e+37,3.59659377136818e+37,4.54879873883113e+35,4.59633436052234e+35,4.73648694203482e+35
9.9,3.42730786443183e+37,3.46414248491806e+37,3.57280197485931e+37,3.38271178299455e+37,3.41908044099463e+37,3.52636610619612e+37,4.4596081437274e+35,4.50620439234338e+35,4.64358686631882e+35
10,3.3610963124541e+37,3.39721122526446e+37,3.50374715440907e+37,3.31736574872428e+37,3.35302381401975e+37,3.45821279741572e+37,4.3730563729817e+35,4.41874112447128e+35,4.55343569933531e+35
10.1,3.29682070626086e+37,3.33223704913177e+37,3.43671179145908e+37,3.253930307231e+37,3.28889864975162e+37,3.39205253553897e+37,4.28903990298521e+35,4.33383993801503e+35,4.46592559201129e+35
10.2,3.23440591238705e+37,3.26914400080639e+37,3.37161750387154e+37,3.19233130992514e+37,3.22662998777163e+37,3.327807964452e+37,4.20746024619106e+35,4.2514013034768e+35,4.38095394195331e+35
10.3,3.17378041485918e+37,3.20785978171103e+37,3.30838968363804e+37,3.13249817826206e+37,3.16614647684841e+37,3.26540545273954e+37,4.12822365971166e+35,4.17133048626143e+35,4.29842308985008e+35
10.4,3.11487610796209e+37,3.14831554089821e+37,3.2469572806647e+37,3.074363699228e+37,3.10738016817935e+37,3.20477488030286e+37,4.05124087340937e+35,4.09353727188589e+35,4.21824003618457e+35
10.5,3.05762810273332e+37,3.09044567942212e+37,3.18725260088004e+37,3.01786383437328e+37,3.05026632232816e+37,3.14584943911287e+37,3.97642683600399e+35,4.0179357093966e+35,4.14031617671712e+35
10.6,3.00197454615501e+37,3.03418766754732e+37,3.12921111759122e+37,2.96293754137656e+37,2.99474322883104e+37,3.08856544703791e+37,3.90370047784488e+35,3.94444387162804e+35,4.06456705533108e+35
10.7,2.94785645209976e+37,2.97948187384041e+37,3.07277129510392e+37,2.90952660720867e+37,2.9407520375299e+37,3.03286217377442e+37,3.83298448910919e+35,3.8729836310509e+35,3.99091213295008e+35
10.8,2.89521754316473e+37,2.9262714052695e+37,3.01787442370267e+37,2.85757549204183e+37,2.88823660076889e+37,2.97868167798923e+37,3.76420511228967e+35,3.80348045006141e+35,3.9192745713433e+35
10.9,2.84400410259969e+37,2.87450195750838e+37,2.96446446516276e+37,2.8070311831204e+37,2.8371433256618e+37,2.92596865485544e+37,3.69729194792941e+35,3.73586318465794e+35,3.84958103073207e+35
11,2.79416483559907e+37,2.82412167470742e+37,2.9124879080323e+37,2.75784305787262e+37,2.78742103570206e+37,2.8746702932303e+37,3.63217777264546e+35,3.6700639005367e+35,3.78176148019981e+35
11.1,2.74565073928707e+37,2.77508101805299e+37,2.86189363198418e+37,2.70996275560147e+37,2.73902084104582e+37,2.8247361417843e+37,3.56879836856047e+35,3.60601770071649e+35,3.71574901998754e+35
11.2,2.69841498077845e+37,2.72733264249113e+37,2.81263278059392e+37,2.66334405714513e+37,2.6918960168524e+37,2.77611798344561e+37,3.50709236333215e+35,3.54366256387347e+35,3.6514797148308e+35
11.3,2.65241278274663e+37,2.68083128104096e+37,2.76465864195027e+37,2.61794277194629e+37,2.64600188911464e+37,2.72876971757466e+37,3.44700108003433e+35,3.48293919263202e+35,3.58889243756047e+35
11.4,2.60760131597513e+37,2.63553363616801e+37,2.71792653655195e+37,2.57371663201311e+37,2.60129572745685e+37,2.68264724932943e+37,3.38846839620198e+35,3.42379087111667e+35,3.52792872225126e+35
11.5,2.56393959840946e+37,2.59139827772934e+37,2.67239371198663e+37,2.53062519229539e+37,2.55773664441809e+37,2.63770838572406e+37,3.33144061140638e+35,3.36616333112459e+35,3.46853262625717e+35
11.6,2.52138840026355e+37,2.54838554703966e+37,2.62801924392697e+37,2.4886297370358e+37,2.51528550077639e+37,2.59391273792173e+37,3.27586632277516e+35,3.31000462632705e+35,3.41065060052452e+35
11.7,2.47991015476923e+37,2.50645746664232e+37,2.5847639430142e+37,2.44769319169006e+37,2.47390481650278e+37,2.55122162933801e+37,3.22169630791693e+35,3.25526501395411e+35,3.35423136761937e+35
11.8,2.43946887418809e+37,2.46557765540058e+37,2.54259026723238e+37,2.40778004004058e+37,2.433558686966e+37,2.50959800916289e+37,3.16888341475129e+35,3.20189684345776e+35,3.29922580694935e+35
11.9,2.40003007073418e+37,2.4257112485534e+37,2.50146223940619e+37,2.36885624615635e+37,2.39421270403653e+37,2.4690063709392e+37,3.11738245778237e+35,3.14985445168684e+35,3.24558684669867e+35
12,2.36156068208172e+37,2.3868248224067e+37,2.4613453694826e+37,2.33088918087783e+37,2.35583388176528e+37,2.42941267586229e+37,3.06715012038866e+35,3.09909406414208e+35,3.19326936203116e+35
12.1,2.32402900115661e+37,2.3488863233553e+37,2.42220658128192e+37,2.29384755252927e+37,2.31839058633618e+37,2.39078428049043e+37,3.01814486273341e+35,3.04957370191127e+35,3.14223007914921e+35
12.2,2.28740460993217e+37,2.31186500095306e+37,2.38401414342661e+37,2.25770134158288e+37,2.28185247001392e+37,2.35308986857834e+37,2.97032683492909e+35,3.00125309391408e+35,3.09242748482645e+35
12.3,2.25165831697019e+37,2.27573134476946e+37,2.34673760417783e+37,2.22242173901903e+37,2.24619040882833e+37,2.31629938676723e+37,2.92365779511586e+35,2.95409359411302e+35,3.04382174106023e+35
12.4,2.21676209846702e+37,2.24045702478952e+37,2.31034772992882e+37,2.18798108814563e+37,2.21137644375581e+37,2.28038398388367e+37,2.8781010321387e+35,2.90805810337178e+35,2.99637460451509e+35
12.5,2.18268904258149e+37,2.20601483513173e+37,2.27481644712234e+37,2.15435282965618e+37,2.17738372517508e+37,2.24531595361782e+37,2.83362129253049e+35,2.86311099566511e+35,2.95004935045237e+35
12.6,2.14941329683749e+37,2.17237864087423e+37,2.24011678737608e+37,2.1215114497222e+37,2.14418646039058e+37,2.21106868036745e+37,2.79018471152893e+35,2.81921804836533e+35,2.90481070086248e+35
12.7,2.11691001840862e+37,2.13952332779468e+37,2.20622283561491e+37,2.08943243092987e+37,2.11175986403118e+37,2.17761658804954e+37,2.74775874787461e+35,2.77634637635002e+35,2.86062475653651e+35
12.8,2.08515532710562e+37,2.10742475484261e+37,2.17310968102311e+37,2.05809220588407e+37,2.08008011114567e+37,2.14493509169479e+37,2.70631212215513e+35,2.73446436969327e+35,2.81745893283217e+35
12.9,2.05412626089996e+37,2.07605970917571e+37,2.14075337064266e+37,2.0274681133152e+37,2.04912429282851e+37,2.1130005516536e+37,2.66581475847633e+35,2.69354163471945e+35,2.77528189890625e+35
13,2.02380073382838e+37,2.04540586360314e+37,2.10913086545548e+37,1.99753835653581e+37,2.01887037422101e+37,2.08179023025346e+37,2.6262377292572e+35,2.6535489382135e+35,2.73406352020115e+35
13.1,1.9941574961336e+37,2.01544173628963e+37,2.07821999879896e+37,1.96828196410402e+37,1.98929715474367e+37,2.05128225075908e+37,2.58755320295833e+35,2.61445815459614e+35,2.69377480398797e+35
13.2,1.96517609650662e+37,1.98614665258409e+37,2.04799943697392e+37,1.93967875256095e+37,1.96038423042524e+37,2.0214555584961e+37,2.54973439456738e+35,2.57624221588501e+35,2.65438784778172e+35
13.3,1.93683684630465e+37,1.95750070884558e+37,2.0184486419139e+37,1.91170929111789e+37,1.93211195820282e+37,1.99228988400933e+37,2.5127555186762e+35,2.53887506427515e+35,2.61587579045681e+35
13.4,1.90912078562749e+37,1.92948473814812e+37,1.98954783579333e+37,1.88435486817753e+37,1.90446142207628e+37,1.96376570813431e+37,2.476591744996e+35,2.50233160718318e+35,2.57821276590238e+35
13.5,1.88200965114273e+37,1.90208027775346e+37,1.96127796746037e+37,1.85759745958107e+37,1.87741440100736e+37,1.93586422886969e+37,2.44121915616651e+35,2.4665876746099e+35,2.54137385906772e+35
13.6,1.85548584555748e+37,1.87526953824844e+37,1.93362068058751e+37,1.83141969848023e+37,1.85095333846158e+37,1.90856732994493e+37,2.40661470772508e+35,2.43161997868562e+35,2.50533506425791e+35
13.7,1.82953240864097e+37,1.84903537425021e+37,1.90655828344024e+37,1.80580484673987e+37,1.82506131349749e+37,1.88185755098475e+37,2.37275619011011e+35,2.39740607527139e+35,2.47007324554894e+35
13.8,1.80413298970856e+37,1.82336125658892e+37,1.88007372017046e+37,1.78073676778274e+37,1.79972201331395e+37,1.85571805917846e+37,2.33962219258146e+35,2.36392432749752e+35,2.43556609919991e+35
13.9,1.77927182148356e+37,1.79823124588328e+37,1.85415054354734e+37,1.75619990079408e+37,1.77491970717199e+37,1.83013262236786e+37,2.30719206894808e+35,2.33115387112852e+35,2.40179211794815e+35
14,1.75493369525843e+37,1.77362996742972e+37,1.82877288904381e+37,1.73217923620843e+37,1.75063922161322e+37,1.80508558347301e+37,2.27544590500016e+35,2.29907458165047e+35,2.36873055708005e+35
14.1,1.73110393728211e+37,1.74954258733123e+37,1.80392545020235e+37,1.70866029240661e+37,1.72686591690139e+37,1.78056183618057e+37,2.24436448754939e+35,2.26766704298366e+35,2.33636140217732e+35
14.2,1.70776838630469e+37,1.7259547897961e+37,1.77959345520816e+37,1.68562909355482e+37,1.70358566461881e+37,1.75654680182371e+37,2.21392927498739e+35,2.23691251772941e+35,2.30466533844483e+35
14.3,1.6849133722151e+37,1.70285275554172e+37,1.75576264460275e+37,1.66307214852232e+37,1.68078482635306e+37,1.73302640738743e+37,2.18412236927757e+35,2.20679291886555e+35,2.27362372153203e+35
14.4,1.66252569571124e+37,1.68022314124214e+37,1.73241925007463e+37,1.64097643081823e+37,1.65845023341404e+37,1.70998706457698e+37,2.15492648930138e+35,2.17729078281057e+35,2.24321854976512e+35
14.5,1.64059260894614e+37,1.65805305996232e+37,1.70954997426828e+37,1.61932935949129e+37,1.6365691675245e+37,1.68741564989115e+37,2.12632494548442e+35,2.14838924378124e+35,2.21343243771283e+35
14.6,1.61910179709659e+37,1.63633006252501e+37,1.6871419715556e+37,1.59811878094026e+37,1.61512934243127e+37,1.66529948564547e+37,2.09830161563273e+35,2.12007200937319e+35,2.18424859101288e+35
14.7,1.5980413608047e+37,1.61504211976006e+37,1.665182829718e+37,1.57733295158557e+37,1.59411888638708e+37,1.64362632189409e+37,2.07084092191363e+35,2.09232333729818e+35,2.15565078239089e+35
14.8,1.57739979944509e+37,1.59417760558847e+37,1.64366055248991e+37,1.55696052135589e+37,1.57352632545631e+37,1.62238431920184e+37,2.04392780891962e+35,2.06512801321587e+35,2.12762332880762e+35
14.9,1.55716599517377e+37,1.57372528089668e+37,1.62256354291786e+37,1.53699051794619e+37,1.55334056760067e+37,1.60156203222111e+37,2.01754772275742e+35,2.03847132960159e+35,2.1001510696742e+35
15,1.53732919771729e+37,1.55367427815919e+37,1.60188058749174e+37,1.51741233180621e+37,1.53355088750324e+37,1.58114839403095e+37,1.9916865911077e+35,2.01233906559518e+35,2.07321934607871e+35
15.1,1.51787900986298e+37,1.53401408677001e+37,1.58160084100767e+37,1.49821570182093e+37,1.51414691209223e+37,1.56113270119796e+37,1.96633080420442e+35,1.98671746777895e+35,2.04681398097072e+35
15.2,1.49880537361368e+37,1.51473453904588e+37,1.56171381212401e+37,1.47939070164682e+37,1.49511860672752e+37,1.54150459952147e+37,1.94146719668554e+35,1.96159323183646e+35,2.02092126025373e+35
15.3,1.48009855697236e+37,1.49582579686622e+37,1.54220934957456e+37,1.46092772666966e+37,1.47645626201576e+37,1.52225407042718e+37,1.91708303026971e+35,1.93695348504595e+35,1.99552791473804e+35
15.4,1.46174914132404e+37,1.477278338917e+37,1.5230776290049e+37,1.44281748155187e+37,1.45815048122135e+37,1.50337141797581e+37,1.89316597721636e+35,1.91278576956536e+35,1.97062110290984e+35
15.5,1.44374800938441e+37,1.45908294850748e+37,1.50430914040001e+37,1.42505096833912e+37,1.4401921682428e+37,1.48484725645527e+37,1.8697041045288e+35,1.88907802646843e+35,1.94618839447437e+35
15.6,1.42608633368617e+37,1.44123070193053e+37,1.48589467607276e+37,1.40761947509754e+37,1.4225725161256e+37,1.46667249852642e+37,1.84668585886258e+35,1.86581858049331e+35,1.92221775463372e+35
15.7,1.40875556557581e+37,1.42371295733906e+37,1.4678253191851e+37,1.39051456505478e+37,1.40528299608438e+37,1.44883834389448e+37,1.82410005210312e+35,1.84299612546769e+35,1.89869752906204e+35
15.8,1.39174742469522e+37,1.4065213441125e+37,1.45009243277492e+37,1.37372806621943e+37,1.38831534700874e+37,1.43133626847949e+37,1.8019358475791e+35,1.82059971037632e+35,1.87561642954298e+35
15.9,1.37505388892374e+37,1.38964775268885e+37,1.43268764926333e+37,1.35725206145494e+37,1.37166156542847e+37,1.41415801406097e+37,1.78018274687962e+35,1.79861872603877e+35,1.85296352023617e+35
16,1.35866718475778e+37,1.37308432483902e+37,1.41560286041847e+37,1.34107887898533e+37,1.35531389591535e+37,1.39729557837305e+37,1.75883057724514e+35,1.77704289236696e+35,1.83072820454147e+35
16.1,1.34257977810644e+37,1.35682344436176e+37,1.39883020775325e+37,1.3252010833114e+37,1.33926482190002e+37,1.38074120562793e+37,1.73786947950387e+35,1.75586224617397e+35,1.80890021253143e+35
16.2,1.32678436548259e+37,1.34085772817837e+37,1.38236207333572e+37,1.30961146651732e+37,1.3235070568833e+37,1.36448737744648e+37,1.71728989652665e+35,1.73506712950681e+35,1.78746958892401e+35
16.3,1.31127386557012e+37,1.32518001780775e+37,1.36619107099192e+37,1.29430303994836e+37,1.30803353602297e+37,1.34852680417623e+37,1.69708256217518e+35,1.71464817847777e+35,1.76642668156915e+35
16.4,1.29604141114919e+37,1.30978337120325e+37,1.35031003788208e+37,1.279269026242e+37,1.29283740807755e+37,1.33285241657784e+37,1.67723849071951e+35,1.69459631256996e+35,1.74576213042427e+35
16.5,1.2810803413621e+37,1.29466105493402e+37,1.33471202643232e+37,1.26450285169508e+37,1.27791202769008e+37,1.31745735786237e+37,1.65774896670214e+35,1.67490272439429e+35,1.72546685699511e+35
16.6,1.26638419430345e+37,1.27980653669408e+37,1.31939029660462e+37,1.24999813895117e+37,1.26325094799532e+37,1.30233497606242e+37,1.63860553522745e+35,1.65555886987612e+35,1.70553205421957e+35
16.7,1.25194669991924e+37,1.26521347812378e+37,1.30433830848903e+37,1.23574869999268e+37,1.24884791353527e+37,1.2874788167213e+37,1.61979999265598e+35,1.63655645885118e+35,1.68594917677335e+35
16.8,1.23776177320013e+37,1.25087572792861e+37,1.28954971520292e+37,1.22174852942329e+37,1.2346968534681e+37,1.27288261588514e+37,1.60132437768452e+35,1.61788744605136e+35,1.66670993177761e+35
16.9,1.22382350765513e+37,1.23678731528153e+37,1.27501835608258e+37,1.2079917980272e+37,1.22079187505692e+37,1.25854029338369e+37,1.5831709627938e+35,1.59954402246188e+35,1.6478062698894e+35
17,1.21012616905248e+37,1.22294244349539e+37,1.26073825015376e+37,1.19447284659202e+37,1.20712725742507e+37,1.24444594638619e+37,1.56533224604643e+35,1.5815186070326e+35,1.62923037675724e+35
17.1,1.19666418941534e+37,1.20933548395299e+37,1.24670358986796e+37,1.18118617998315e+37,1.19369744556572e+37,1.23059384321971e+37,1.54780094321904e+35,1.5638038387269e+35,1.61097466482462e+35
17.2,1.1834321612605e+37,1.19596097028276e+37,1.23290873509221e+37,1.16812646145798e+37,1.18049704459384e+37,1.21697841743755e+37,1.53056998025284e+35,1.54639256889248e+35,1.5930317654654e+35
17.3,1.17042483206894e+37,1.1828135927689e+37,1.21934820734077e+37,1.15528850720886e+37,1.1675208142295e+37,1.20359426212642e+37,1.51363248600822e+35,1.52927785393928e+35,1.57539452143586e+35
17.4,1.1576370989775e+37,1.16988819298499e+37,1.2060166842376e+37,1.14266728112441e+37,1.15476366350188e+37,1.19043612444131e+37,1.49698178530929e+35,1.51245294831053e+35,1.55805597962879e+35
17.5,1.14506400368186e+37,1.15717975864124e+37,1.19290899419901e+37,1.13025788975921e+37,1.14222064566391e+37,1.17749890035785e+37,1.48061139226518e+35,1.49591129773345e+35,1.54100938411605e+35
17.6,1.13270072754097e+37,1.14468341863544e+37,1.18002011132682e+37,1.11805557750242e+37,1.12988695330807e+37,1.16477762963215e+37,1.46451500385576e+35,1.47964653273712e+35,1.52424816946636e+35
17.7,1.12054258687413e+37,1.13239443829858e+37,1.16734515050217e+37,1.10605572193643e+37,1.11775791367432e+37,1.15226749095891e+37,1.44868649376957e+35,1.46365246242531e+35,1.50776595432611e+35
17.8,1.1085850284419e+37,1.1203082148264e+37,1.15487936267141e+37,1.09425382937707e+37,1.10582898414147e+37,1.1399637973189e+37,1.433119906483e+35,1.44792306849302e+35,1.49155653525126e+35
17.9,1.09682362510286e+37,1.10842027288864e+37,1.14261813031515e+37,1.08264553058716e+37,1.09409574789388e+37,1.12786199150735e+37,1.41780945156975e+35,1.43245249947585e+35,1.4756138807793e+35
18,1.08525407163822e+37,1.09672626040805e+37,1.13055696309264e+37,1.07122657665591e+37,1.08255390975583e+37,1.11595764183534e+37,1.40274949823048e+35,1.41723506522177e+35,1.45993212573053e+35
18.1,1.07387218073709e+37,1.08522194450178e+37,1.11869149365372e+37,1.05999283503676e+37,1.07119929218602e+37,1.10424643799644e+37,1.38793457003301e+35,1.40226523157573e+35,1.44450556572867e+35
18.2,1.0626738791353e+37,1.07390320757796e+37,1.10701747361082e+37,1.04894028573677e+37,1.06002783142528e+37,1.09272418709151e+37,1.37335933985367e+35,1.3875376152676e+35,1.42932865193112e+35
18.3,1.0516552039011e+37,1.06276604358082e+37,1.09553076966433e+37,1.03806501765099e+37,1.04903557379087e+37,1.08138680980473e+37,1.35901862501135e+35,1.37304697899466e+35,1.41439598595981e+35
18.4,1.04081229886131e+37,1.05180655437785e+37,1.08422735987446e+37,1.02736322503545e+37,1.03821867211094e+37,1.07023033672423e+37,1.34490738258554e+35,1.35878822669032e+35,1.39970231502392e+35
18.5,1.03014141116206e+37,1.04102094628285e+37,1.07310333007351e+37,1.01683120411296e+37,1.02757338229314e+37,1.05925090480125e+37,1.33102070491077e+35,1.34475639897083e+35,1.38524252722619e+35
18.6,1.01963888795817e+37,1.03040552670924e+37,1.06215487041226e+37,1.00646534980578e+37,1.01709606002171e+37,1.04844475394181e+37,1.31735381523971e+35,1.33094666875255e+35,1.37101164704504e+35
18.7,1.00930117322579e+37,1.01995670094778e+37,1.05137827203509e+37,9.96262152590114e+36,1.00678315757746e+37,1.03780822372524e+37,1.30390206356778e+35,1.31735433703248e+35,1.35700483098494e+35
18.8,9.99124804693055e+36,1.00967096906378e+37,1.04076992387811e+37,9.8621819546693e+36,9.96631220775525e+36,1.02733775024423e+37,1.29066092261245e+35,1.30397482882505e+35,1.34321736338789e+35
18.9,9.89106410883805e+36,9.99544922908433e+36,1.03032630958526e+37,9.76330151044397e+36,9.86636886015946e+36,1.01702986306126e+37,1.27762598394072e+35,1.29080368924867e+35,1.32964465239929e+35
19,9.79242708269602e+36,9.89575243239796e+36,1.02004400453741e+37,9.66594778727217e+36,9.76796877442239e+36,1.00688118227659e+37,1.26479295423854e+35,1.27783657975573e+35,1.31628222608169e+35
19.1,9.69530498525547e+36,9.79758696948573e+36,1.00991967298976e+37,9.57008922008384e+36,9.67108004203572e+36,9.96888415703053e+36,1.25215765171626e+35,1.26506927450006e+35,1.30312572867021e+35
19.2,9.59966665885587e+36,9.70092134384557e+36,9.9995006531295e+36,9.47569505859142e+36,9.57567157816195e+36,9.87048356143311e+36,1.23971600264448e+35,1.25249765683619e+35,1.29017091696388e+35
19.3,9.50548174593217e+36,9.60572486779483e+36,9.9013201533381e+36,9.38273534213068e+36,9.48171309620034e+36,9.77357878765339e+36,1.22746403801487e+35,1.24011771594489e+35,1.27741365684711e+35
19.4,9.4127206644365e+36,9.51196763762346e+36,9.8046243777141e+36,9.2911808754044e+36,9.38917508326547e+36,9.67813938572049e+36,1.21539789032095e+35,1.22792554357993e+35,1.26484991993613e+35
19.5,9.32135458413731e+36,9.41962050963433e+36,9.70938325764725e+36,9.20100320509193e+36,9.29802877654123e+36,9.58413567961274e+36,1.20351379045376e+35,1.21591733093094e+35,1.25247578034515e+35
19.6,9.23135540376022e+36,9.32865507703435e+36,9.61556748488072e+36,9.11217459728943e+36,9.20824614047457e+36,9.49153874372397e+36,1.19180806470791e+35,1.20408936559782e+35,1.24028741156748e+35
19.7,9.14269572893661e+36,9.23904364764235e+36,9.52314848850827e+36,9.02466801574727e+36,9.11979984477514e+36,9.40032038016158e+36,1.1802771318934e+35,1.19243802867212e+35,1.22828108346689e+35
19.8,9.05534885092751e+36,9.15075922238048e+36,9.4320984127801e+36,8.9384571008726e+36,9.03266324318838e+36,9.31045309684262e+36,1.16891750054914e+35,1.180959791921e+35,1.21645315937481e+35
19.9,8.96928872609167e+36,9.06377547451816e+36,9.34239009568511e+36,8.85351614946628e+36,8.94681035301117e+36,9.22191008635619e+36,1.15772576625389e+35,1.16965121506987e+35,1.20480009328912e+35
20,8.88448995606827e+36,8.97806672963834e+36,9.25399704827863e+36,8.76982009516518e+36,8.86221583532038e+36,9.13466520556157e+36,1.14669860903088e+35,1.15850894317954e+35,1.19331842717055e+35
20.1,8.80092776864592e+36,8.89360794629763e+36,9.16689343472616e+36,8.68734448956168e+36,8.7788549758862e+36,9.04869295589289e+36,1.13583279084241e+35,1.14752970411436e+35,1.18200478833263e+35
20.2,8.71857799929098e+36,8.81037469735294e+36,9.08105405303474e+36,8.6060654839739e+36,8.69670366674319e+36,8.96396846434256e+36,1.12512515317074e+35,1.13671030609756e+35,1.17085588692181e+35
20.3,8.63741707330914e+36,8.72834315192827e+36,8.99645431644518e+36,8.52595981184093e+36,8.61573838839321e+36,8.8804674650968e+36,1.11457261468203e+35,1.12604763535054e+35,1.15986851348389e+35
20.4,8.55742198861587e+36,8.64749005799704e+36,8.91307023545925e+36,8.44700477171886e+36,8.53593619261577e+36,8.79816628179789e+36,1.10417216897007e+35,1.11553865381271e+35,1.1490395366136e+35
20.5,8.47857029909176e+36,8.56779272555577e+36,8.8308784004771e+36,8.3691782108541e+36,8.45727468586189e+36,8.7170418104087e+36,1.09392088237657e+35,1.1051803969388e+35,1.13836590068405e+35
20.6,8.40084009850032e+36,8.48922901036627e+36,8.74985596502149e+36,8.2924585093118e+36,8.3797320132092e+36,8.6370715026562e+36,1.08381589188524e+35,1.09496997157072e+35,1.12784462365291e+35
20.7,8.32421000494668e+36,8.41177729824471e+36,8.66998062952615e+36,8.21682456463801e+36,8.30328684285662e+36,8.55823335003191e+36,1.07385440308666e+35,1.08490455388085e+35,1.11747279494242e+35
20.8,8.2486591458562e+36,8.33541648987625e+36,8.59123062566667e+36,8.14225577703507e+36,8.22791835113781e+36,8.48050586832763e+36,1.06403368821131e+35,1.0749813873844e+35,1.1072475733904e+35
20.9,8.1741671434536e+36,8.26012598613568e+36,8.51358470121334e+36,8.06873203503078e+36,8.1536062080339e+36,8.40386808268639e+36,1.05435108422819e+35,1.06519778101787e+35,1.09716618526955e+35
21,8.10071410072319e+36,8.18588567389441e+36,8.43702210538604e+36,7.99623370162255e+36,8.08033056316628e+36,8.3282995131488e+36,1.04480399100642e+35,1.05555110728129e+35,1.08722592237239e+35
21.1,8.02828058783238e+36,8.11267591229578e+36,8.36152257469227e+36,7.92474160087862e+36,8.0080720322516e+36,8.25378016067632e+36,1.0353898695376e+35,1.04603880044175e+35,1.07742414015947e+35
21.2,7.95684762900093e+36,8.04047751948106e+36,8.28706631923029e+36,7.85423700497928e+36,7.93681168400146e+36,8.18029049363346e+36,1.02610624021649e+35,1.036658354796e+35,1.06775825596838e+35
21.3,7.88639668979931e+36,7.96927175974915e+36,8.21363400943981e+36,7.78470162168151e+36,7.86653102745017e+36,8.10781143471167e+36,1.01695068117802e+35,1.02740732298982e+35,1.05822574728138e+35
21.4,7.81690966486016e+36,7.89904033113395e+36,8.14120676328362e+36,7.71611758219134e+36,7.79721199969475e+36,8.03632434827869e+36,1.00792082668827e+35,1.01828331439207e+35,1.04882415004934e+35
21.5,7.74836886598763e+36,7.82976535338395e+36,8.06976613384438e+36,7.64846742942886e+36,7.7288369540318e+36,7.96581102813738e+36,9.99014365587717e+34,1.00928399352148e+35,1.03955105707e+35
21.6,7.68075701064987e+36,7.76142935632914e+36,7.99929409732093e+36,7.58173410667141e+36,7.66138864847674e+36,7.89625368567907e+36,9.90229039784591e+34,1.00040707852406e+35,1.03040411641856e+35
21.7,7.61405721084063e+36,7.69401526862115e+36,7.92977304140987e+36,7.51590094656097e+36,7.5948502346512e+36,7.82763493841701e+36,9.81562642796608e+34,9.91650339699506e+34,1.02138102992859e+35
21.8,7.54825296229659e+36,7.6275064068328e+36,7.86118575405792e+36,7.45095166046266e+36,7.52920524702534e+36,7.75993779888577e+36,9.73013018339296e+34,9.83011598074582e+34,1.0124795517215e+35
21.9,7.48332813405717e+36,7.56188646490416e+36,7.79351541257193e+36,7.38687032816125e+36,7.46443759250197e+36,7.69314566389365e+36,9.64578058959214e+34,9.744887240219e+34,1.00369748678277e+35
22,7.41926695835497e+36,7.49713950392257e+36,7.7267455730734e+36,7.32364138788393e+36,7.40053154033032e+36,7.62724230411507e+36,9.56255704710429e+34,9.66079635922449e+34,9.95032689583254e+34
22.1,7.35605402082431e+36,7.43324994222443e+36,7.66086016028511e+36,7.26124962663704e+36,7.33747171233741e+36,7.56221185401072e+36,9.48043941872715e+34,9.57782298870246e+34,9.86483062743954e+34
22.2,7.29367425101692e+36,7.37020254580745e+36,7.5958434576381e+36,7.19968017084592e+36,7.27524307346569e+36,7.49803880206384e+36,9.39940801709954e+34,9.49594723417635e+34,9.78046555742632e+34
22.3,7.23211291321367e+36,7.30798241904209e+36,7.53168009768731e+36,7.13891847728694e+36,7.21383092260612e+36,7.43470798132123e+36,9.31944359267319e+34,9.41514964359776e+34,9.69721163660871e+34
22.4,7.17135559752171e+36,7.24657499567164e+36,7.46835505282516e+36,7.07895032430112e+36,7.15322088371595e+36,7.37220456022816e+36,9.24052732205848e+34,9.33541119556909e+34,9.61504925970062e+34
22.5,7.11138821124708e+36,7.18596603009072e+36,7.40585362628238e+36,7.01976180327977e+36,7.09339889721141e+36,7.31051403374688e+36,9.16264079673101e+34,9.25671328793098e+34,9.53395925354986e+34
22.6,7.052196970533e+36,7.12614158889236e+36,7.34416144340596e+36,6.96133931041214e+36,7.03435121162535e+36,7.2496222147486e+36,9.08576601208607e+34,9.17903772670121e+34,9.45392286573636e+34
22.7,6.99376839225456e+36,7.0670880426743e+36,7.28326444320467e+36,6.90366953868627e+36,6.97606437552077e+36,7.18951522566947e+36,9.00988535682901e+34,9.10236671535307e+34,9.37492175352028e+34
22.8,6.93608928616082e+36,7.00879205809542e+36,7.22314887015256e+36,6.84673947013392e+36,6.9185252296512e+36,7.13017949042128e+36,8.93498160268966e+34,9.02668284442125e+34,9.29693797312781e+34
22.9,6.87914674725573e+36,6.95124059017352e+36,7.16380126624163e+36,6.79053636831123e+36,6.86172089935929e+36,7.071601726548e+36,8.86103789444949e+34,8.95196908142375e+34,9.21995396936259e+34
23,6.82292814840966e+36,6.89442087481636e+36,7.10520846327506e+36,6.73504777100695e+36,6.80563878720547e+36,7.01376893761974e+36,8.78803774027091e+34,8.87820876108906e+34,9.14395256553195e+34
23.1,6.76742113319347e+36,6.8383204215775e+36,7.04735757539259e+36,6.68026148317029e+36,6.75026656581872e+36,6.95666840585583e+36,8.71596500231787e+34,8.80538557587785e+34,9.0689169536767e+34
23.2,6.71261360892762e+36,6.78292700662972e+36,6.99023599182024e+36,6.62616557005104e+36,6.69559217096183e+36,6.90028768496929e+36,8.64480388765831e+34,8.73348356678936e+34,8.99483068509435e+34
23.3,6.65849373993889e+36,6.72822866594813e+36,6.93383136983645e+36,6.57274835054451e+36,6.64160379480371e+36,6.844614593225e+36,8.57453893943825e+34,8.66248711444235e+34,8.92167766114542e+34
23.4,6.60504994101766e+36,6.67421368869617e+36,6.87813162794768e+36,6.51999839073447e+36,6.58828987939195e+36,6.78963720670435e+36,8.50515502831879e+34,8.59238093042177e+34,8.84944212433362e+34
23.5,6.55227087106894e+36,6.62087061080742e+36,6.82312493926592e+36,6.46790449762727e+36,6.5356391103186e+36,6.73534385276942e+36,8.4366373441667e+34,8.52315004888165e+34,8.77810864965013e+34
23.6,6.50014542695068e+36,6.56818820875672e+36,6.76879972508162e+36,6.41645571307077e+36,6.48364041057276e+36,6.68172310371989e+36,8.36897138799028e+34,8.45477981839585e+34,8.7076621361735e+34
23.7,6.44866273749301e+36,6.51615549351425e+36,6.71514464862539e+36,6.36564130785189e+36,6.43228293457376e+36,6.62876377063622e+36,8.30214296411225e+34,8.38725589404838e+34,8.63808779891631e+34
23.8,6.39781215769235e+36,6.46476170467627e+36,6.66214860901202e+36,6.31545077596663e+36,6.38155606237872e+36,6.57645489740292e+36,8.23613817257151e+34,8.320564229755e+34,8.5693711609104e+34
23.9,6.34758326307458e+36,6.41399630476699e+36,6.60980073536101e+36,6.26587382905712e+36,6.3314493940589e+36,6.52478575490579e+36,8.17094340174644e+34,8.25469107080866e+34,8.50149804552276e+34
24,6.29796584422176e+36,6.36384897370546e+36,6.55809038108753e+36,6.21690039100984e+36,6.28195274423905e+36,6.47374583539758e+36,8.10654532119218e+34,8.18962294664124e+34,8.43445456899448e+34
24.1,6.24894990145674e+36,6.31430960343243e+36,6.50700711835816e+36,6.16852059270989e+36,6.23305613679449e+36,6.42332484702621e+36,8.04293087468495e+34,8.12534666379442e+34,8.36822713319512e+34
24.2,6.20052563968081e+36,6.2653682926916e+36,6.45654073270633e+36,6.12072476694615e+36,6.18474979970067e+36,6.37351270852048e+36,7.9800872734664e+34,8.06184929909289e+34,8.30280241858574e+34
24.3,6.15268346335907e+36,6.21701534196038e+36,6.40668121780172e+36,6.07350344346226e+36,6.13702416003025e+36,6.32429954402788e+36,7.91800198968175e+34,7.9991181930131e+34,8.23816737738358e+34
24.4,6.10541397164888e+36,6.1692412485253e+36,6.35741877036899e+36,6.02684734414883e+36,6.08986983909289e+36,6.27567567809978e+36,7.85666275000501e+34,7.93714094324137e+34,8.17430922692182e+34
24.5,6.05870795366671e+36,6.12203670169724e+36,6.30874378525092e+36,5.98074737837225e+36,6.04327764771309e+36,6.22763163081894e+36,7.79605752944562e+34,7.8759053984151e+34,8.11121544319808e+34
24.6,6.01255638388882e+36,6.07539257816198e+36,6.26064685061103e+36,5.93519463843552e+36,5.99723858164157e+36,6.18015811306497e+36,7.73617454533017e+34,7.81539965204106e+34,8.04887375460553e+34
24.7,5.96695041768162e+36,6.02929993746189e+36,6.21311874327156e+36,5.89018039516708e+36,5.95174381709604e+36,6.13324602191315e+36,7.67700225145403e+34,7.75561203658531e+34,7.9872721358409e+34
24.8,5.92188138695736e+36,5.9837500176043e+36,6.16615042418218e+36,5.84569609363339e+36,5.90678470642701e+36,6.08688643616235e+36,7.61852933239701e+34,7.69653111772891e+34,7.92639880198333e+34
24.9,5.8773407959513e+36,5.93873423079262e+36,6.11973303401539e+36,5.80173334897132e+36,5.86235277390478e+36,6.041070611988e+36,7.56074469799812e+34,7.63814568878437e+34,7.86624220273901e+34
25,5.83332031711644e+36,5.89424415927637e+36,6.07385788888453e+36,5.7582839423366e+36,5.8184397116237e+36,5.99578997871607e+36,7.50363747798418e+34,7.58044476526768e+34,7.80679101684607e+34
25.1,5.78981178713197e+36,5.85027155131616e+36,6.0285164761805e+36,5.71533981696449e+36,5.77503737551996e+36,5.95103613471416e+36,7.44719701674747e+34,7.52341757962077e+34,7.7480341466347e+34
25.2,5.74680720302209e+36,5.8068083172602e+36,5.9837004505235e+36,5.67289307433941e+36,5.7321377814994e+36,5.90680084339613e+36,7.39141286826767e+34,7.46705357608001e+34,7.68996071273761e+34
25.3,5.70429871838148e+36,5.76384652572868e+36,5.93940162982608e+36,5.63093597046974e+36,5.68973310167182e+36,5.86307602933662e+36,7.33627479117361e+34,7.41134240568581e+34,7.63256004894614e+34
25.4,5.66227863970421e+36,5.72137839990267e+36,5.89561199146406e+36,5.58946091226481e+36,5.64781566068838e+36,5.81985377449199e+36,7.28177274394038e+34,7.35627392142906e+34,7.57582169720726e+34
25.5,5.62073942281284e+36,5.67939631391436e+36,5.85232366855202e+36,5.54846045401066e+36,5.60637793217906e+36,5.77712631452444e+36,7.22789688021757e+34,7.30183817353018e+34,7.51973540275738e+34
25.6,5.57967366938459e+36,5.63789278933537e+36,5.80952894631995e+36,5.50792729394174e+36,5.5654125352869e+36,5.73488603522606e+36,7.17463754428466e+34,7.24802540484651e+34,7.46429110938839e+34
25.7,5.53907412357156e+36,5.59686049176017e+36,5.76722025858808e+36,5.46785427090526e+36,5.52491223129613e+36,5.69312546903966e+36,7.12198526662948e+34,7.1948260464042e+34,7.40947895484205e+34
25.8,5.49893366871211e+36,5.55629222748164e+36,5.72539018433675e+36,5.42823436111565e+36,5.48486992035114e+36,5.65183729167347e+36,7.06993075964606e+34,7.14223071305065e+34,7.35528926632864e+34
25.9,5.45924532413062e+36,5.51618094025598e+36,5.6840314443685e+36,5.38906067499613e+36,5.44527863826375e+36,5.61101431880684e+36,7.01846491344805e+34,7.09023019922384e+34,7.30171255616616e+34
26,5.42000224202283e+36,5.47651970815417e+36,5.64313689805944e+36,5.35032645410489e+36,5.40613155340582e+36,5.57064950288407e+36,6.96757879179447e+34,7.03881547483503e+34,7.2487395175363e+34
26.1,5.38119770442433e+36,5.43730174049737e+36,5.60269954019726e+36,5.3120250681431e+36,5.36742196368476e+36,5.53073592999372e+36,6.91726362812387e+34,6.98797768126122e+34,7.1963610203536e+34
26.2,5.34282512025946e+36,5.39852037487377e+36,5.56271249790327e+36,5.27415001204252e+36,5.32914329359933e+36,5.49126681683083e+36,6.86751082169418e+34,6.93770812744421e+34,7.14456810724447e+34
26.3,5.30487802246836e+36,5.36016907423431e+36,5.52316902763583e+36,5.23669490313011e+36,5.29128909137338e+36,5.4522355077395e+36,6.81831193382455e+34,6.88799828609286e+34,7.09335198963266e+34
26.4,5.26735006520969e+36,5.32224142406499e+36,5.48406251227275e+36,5.19965347836733e+36,5.25385302616513e+36,5.41363547183347e+36,6.76965868423643e+34,6.8388397899856e+34,7.04270404392794e+34
26.5,5.23023502113686e+36,5.28473112963339e+36,5.4453864582704e+36,5.16301959166195e+36,5.21682888534969e+36,5.37546030019225e+36,6.72154294749075e+34,6.79022442837002e+34,6.992615807815e+34
26.6,5.19352677874546e+36,5.24763201330727e+36,5.40713449289701e+36,5.12678721125028e+36,5.1802105718727e+36,5.33770370313061e+36,6.67395674951839e+34,6.74214414345675e+34,6.94307897663944e+34
26.7,5.15721933978983e+36,5.21093801194298e+36,5.36930036153819e+36,5.09095041714742e+36,5.14399210167293e+36,5.30035950753931e+36,6.62689226424107e+34,6.69459102700483e+34,6.89408539988803e+34
26.8,5.12130681676673e+36,5.17464317434179e+36,5.33187792507237e+36,5.05550339866393e+36,5.10816760117184e+36,5.26342165429477e+36,6.58034181028015e+34,6.64755731699568e+34,6.84562707776048e+34
26.9,5.08578343046405e+36,5.13874165877188e+36,5.29486115731409e+36,5.02044045198655e+36,5.07273130482795e+36,5.22688419573579e+36,6.53429784775047e+34,6.60103539439324e+34,6.79769615782986e+34
27,5.05064350757275e+36,5.10322773055428e+36,5.25824414252324e+36,4.98575597782138e+36,5.0376775527544e+36,5.19074129320535e+36,6.48875297513704e+34,6.55501777998768e+34,6.75028493178921e+34
27.1,5.01588147836006e+36,5.06809575971077e+36,5.22202107297827e+36,4.95144447909754e+36,5.00300078839757e+36,5.15498721465545e+36,6.44369992625184e+34,6.50949713132018e+34,6.70338583228174e+34
27.2,4.98149187440222e+36,5.03334021867195e+36,5.18618624661138e+36,4.91750055872954e+36,4.96869555627508e+36,5.11961633231326e+36,6.39913156726858e+34,6.46446623968639e+34,6.65699142981214e+34
27.3,4.94746932637504e+36,4.99895568004372e+36,5.15073406470414e+36,4.8839189174367e+36,4.93475649977155e+36,5.08462312040677e+36,6.35504089383313e+34,6.4199180272164e+34,6.61109442973675e+34
27.4,4.91380856190048e+36,4.96493681443048e+36,5.11565902964146e+36,4.85069435161801e+36,4.90117835899019e+36,5.05000215294816e+36,6.31142102824729e+34,6.37584554402888e+34,6.56568766933009e+34
27.5,4.88050440344784e+36,4.93127838831342e+36,5.08095574272254e+36,4.8178217512806e+36,4.86795596865885e+36,5.01574810157328e+36,6.26826521672393e+34,6.33224196545722e+34,6.52076411492584e+34
27.6,4.84755176628771e+36,4.89797526198225e+36,5.04661890202694e+36,4.78529609802059e+36,4.83508425608879e+36,4.98185573343565e+36,6.22556682671135e+34,6.28910058934578e+34,6.47631685912975e+34
27.7,4.81494565649743e+36,4.86502238751895e+36,5.01264330033422e+36,4.75311246305458e+36,4.80255823918481e+36,4.94831990915319e+36,6.18331934428491e+34,6.24641483341394e+34,6.4323391181028e+34
27.8,4.78268116901643e+36,4.83241480683194e+36,4.97902382309571e+36,4.72126600530039e+36,4.77037302450507e+36,4.91513558080659e+36,6.14151637160397e+34,6.20417823268631e+34,6.38882422891226e+34
27.9,4.75075348575003e+36,4.80014764973925e+36,4.94575544645684e+36,4.6897519695057e+36,4.73852380536938e+36,4.88229778998735e+36,6.1001516244323e+34,6.16238443698698e+34,6.34576564694898e+34
28,4.7191578737204e+36,4.76821613209939e+36,4.91283323532863e+36,4.6585656844232e+36,4.70700586001443e+36,4.84980166589454e+36,6.05921892972018e+34,6.12102720849612e+34,6.30315694340877e+34
28.1,4.68788968326331e+36,4.73661555398845e+36,4.88025234150686e+36,4.62770256103085e+36,4.67581454979477e+36,4.8176424234785e+36,6.01871222324635e+34,6.08010041936714e+34,6.26099180283634e+34
28.2,4.6569443462693e+36,4.70534129792214e+36,4.84800800183779e+36,4.59715809079612e+36,4.64494531742812e+36,4.78581536163049e+36,5.9786255473182e+34,6.03959804940263e+34,6.21926402072978e+34
28.3,4.62631737446816e+36,4.67438882712166e+36,4.81609553642879e+36,4.56692784398287e+36,4.61439368528379e+36,4.75431586141675e+36,5.93895304852862e+34,5.99951418378751e+34,6.17796750120397e+34
28.4,4.59600435775541e+36,4.6437536838219e+36,4.78451034690298e+36,4.53700746799973e+36,4.58415525371312e+36,4.72313938435586e+36,5.89968897556768e+34,5.95984301087773e+34,6.13709625471137e+34
28.5,4.56600096255962e+36,4.61343148762105e+36,4.75324791469637e+36,4.50739268578874e+36,4.55422569942062e+36,4.69228147073819e+36,5.86082767708795e+34,5.92057882004308e+34,6.09664439581839e+34
28.6,4.53630293024947e+36,4.58341793387033e+36,4.72230379939648e+36,4.47807929425325e+36,4.5246007738747e+36,4.66173773798612e+36,5.82236359962161e+34,5.88171599956236e+34,6.05660614103596e+34
28.7,4.50690607557939e+36,4.55370879210271e+36,4.69167363712121e+36,4.4490631627239e+36,4.49527630175701e+36,4.63150387905418e+36,5.78429128554827e+34,5.84324903456974e+34,6.0169758067027e+34
28.8,4.47780628517279e+36,4.52429990449967e+36,4.66135313893687e+36,4.42034023146167e+36,4.46624817944916e+36,4.60157566086767e+36,5.74660537111175e+34,5.80517250505072e+34,5.97774780691928e+34
28.9,4.44899951604177e+36,4.49518718439478e+36,4.63133808931431e+36,4.39190651019692e+36,4.43751237355592e+36,4.57194892279898e+36,5.70930058448476e+34,5.76748108388639e+34,5.93891665153251e+34
29,4.42048179414235e+36,4.46636661481324e+36,4.60162434462209e+36,4.36375807670355e+36,4.4090649194638e+36,4.54261957518042e+36,5.67237174387995e+34,5.73016953494456e+34,5.90047694416791e+34
29.1,4.39224921296421e+36,4.43783424704631e+36,4.57220783165569e+36,4.33589107540715e+36,4.38090191993414e+36,4.5135835978526e+36,5.63581375570622e+34,5.69323271121668e+34,5.86242338030924e+34
29.2,4.36429793215414e+36,4.40958619925971e+36,4.54308454620169e+36,4.30830171602645e+36,4.35301954372972e+36,4.48483703874745e+36,5.59962161276898e+34,5.65666555299914e+34,5.82475074542394e+34
29.3,4.33662417617199e+36,4.38161865513505e+36,4.51425055163613e+36,4.28098627224686e+36,4.32541402427387e+36,4.4563760125048e+36,5.5637903925131e+34,5.6204630861177e+34,5.78745391313301e+34
29.4,4.30922423297856e+36,4.35392786254341e+36,4.48570197755599e+36,4.25394108042549e+36,4.29808165834147e+36,4.42819669912175e+36,5.52831525530757e+34,5.58462042019409e+34,5.75052784342429e+34
29.5,4.28209445275443e+36,4.32651013225025e+36,4.45743501844298e+36,4.22716253832673e+36,4.27101880478072e+36,4.4002953426339e+36,5.49319144277061e+34,5.54913274695345e+34,5.71396758090789e+34
29.6,4.25523124664881e+36,4.29936183665064e+36,4.42944593235867e+36,4.20064710388747e+36,4.24422188326493e+36,4.37266824982754e+36,5.45841427613411e+34,5.51399533857159e+34,5.67776825311269e+34
29.7,4.22863108555776e+36,4.27247940853424e+36,4.40173103967024e+36,4.17439129401129e+36,4.21768737307363e+36,4.34531178898202e+36,5.42397915464646e+34,5.47920354606101e+34,5.64192506882266e+34
29.8,4.20229049893093e+36,4.24585933987903e+36,4.37428672180601e+36,4.14839168339081e+36,4.19141181190209e+36,4.31822238864148e+36,5.38988155401275e+34,5.44475279769459e+34,5.60643331645221e+34
29.9,4.17620607360606e+36,4.21949818067314e+36,4.34710942003978e+36,4.12264490335735e+36,4.16539179469848e+36,4.29139653641519e+36,5.35611702487115e+34,5.410638597466e+34,5.57128836245927e+34
30,4.15037445267044e+36,4.19339253776397e+36,4.32019563430358e+36,4.09714764075739e+36,4.13962397252811e+36,4.26483077780563e+36,5.32268119130477e+34,5.37685652358586e+34,5.53648564979516e+34
30.1,4.12479233434879e+36,4.16753907373396e+36,4.29354192202763e+36,4.07189663685491e+36,4.11410505146383e+36,4.23852171506373e+36,5.28956974938787e+34,5.34340222701265e+34,5.50202069639043e+34
30.2,4.09945647091668e+36,4.1419345058022e+36,4.2671448970072e+36,4.04688868625902e+36,4.08883179150202e+36,4.21246600607044e+36,5.25677846576561e+34,5.31027143001749e+34,5.46788909367552e+34
30.3,4.0743636676389e+36,4.11657560475127e+36,4.24100122829538e+36,4.02212063587623e+36,4.06380100550345e+36,4.18666036324403e+36,5.22430317626642e+34,5.27745992478191e+34,5.4340865051354e+34
30.4,4.04951078173215e+36,4.09145919387866e+36,4.21510763912125e+36,3.99758938388669e+36,4.03900955815838e+36,4.16110155247227e+36,5.19213978454613e+34,5.24496357202773e+34,5.40060866489743e+34
30.5,4.02489472135138e+36,4.06658214797208e+36,4.18946090583265e+36,3.97329187874375e+36,4.01445436497529e+36,4.13578639206914e+36,5.16028426076312e+34,5.21277829967818e+34,5.36745137635126e+34
30.6,4.00051244459914e+36,4.04194139230804e+36,4.16405785686309e+36,3.94922511819631e+36,3.99013239129255e+36,4.11071175175509e+36,5.12873264028349e+34,5.18090010154952e+34,5.33461051080031e+34
30.7,3.97636095855741e+36,4.01753390167322e+36,4.13889537172194e+36,3.92538614833325e+36,3.96604065131249e+36,4.08587455166051e+36,5.09748102241567e+34,5.1493250360723e+34,5.30208200614371e+34
30.8,3.95243731834129e+36,3.99335669940778e+36,4.11397038000756e+36,3.90177206264955e+36,3.94217620715736e+36,4.06127176135168e+36,5.06652556917368e+34,5.11804922504156e+34,5.26986186558811e+34
30.9,3.92873862617395e+36,3.96940685647037e+36,4.08927986044253e+36,3.87838000113327e+36,3.91853616794641e+36,4.03690039887864e+36,5.03586250406808e+34,5.08706885239513e+34,5.23794615638845e+34
31,3.90526203048244e+36,3.94568149052399e+36,4.06482083993059e+36,3.85520714937319e+36,3.89511768889379e+36,4.01275752984442e+36,5.00548811092427e+34,5.05638016301942e+34,5.20633100861703e+34
31.1,3.88200472501355e+36,3.92217776504239e+36,4.04059039263468e+36,3.83225073768628e+36,3.87191797042657e+36,3.98884026649508e+36,4.97539873272707e+34,5.02597946158187e+34,5.17501261396018e+34
31.2,3.85896394796959e+36,3.89889288843632e+36,4.01658563907551e+36,3.80950804026468e+36,3.84893425732242e+36,3.96514576683009e+36,4.94559077049124e+34,4.99586311138954e+34,5.14398722454167e+34
31.3,3.83613698116317e+36,3.87582411319925e+36,3.99280374525017e+36,3.7869763743416e+36,3.82616383786652e+36,3.94167123373244e+36,4.91606068215694e+34,4.96602753327303e+34,5.11325115177244e+34
31.4,3.81352114919087e+36,3.85296873507197e+36,3.96924192177023e+36,3.76465309937577e+36,3.80360404302701e+36,3.91841391411797e+36,4.88680498150983e+34,4.93646920449511e+34,5.08280076522566e+34
31.5,3.79111381862504e+36,3.83032409222566e+36,3.94589742301897e+36,3.74253561625379e+36,3.78125224564883e+36,3.8953710981036e+36,4.85782023712498e+34,4.90718465768359e+34,5.05263249153683e+34
31.6,3.76891239722342e+36,3.80788756446296e+36,3.92276754632703e+36,3.72062136651008e+36,3.75910585966508e+36,3.87254011819375e+36,4.82910307133397e+34,4.8781704797875e+34,5.0227428133279e+34
31.7,3.74691433315617e+36,3.78565657243648e+36,3.89984963116628e+36,3.69890783156402e+36,3.73716233932592e+36,3.84991834848472e+36,4.80065015921484e+34,4.84942331105641e+34,4.99312826815525e+34
31.8,3.72511711424967e+36,3.76362857688455e+36,3.87714105836119e+36,3.67739253197363e+36,3.71541917844414e+36,3.82750320388638e+36,4.77245822760394e+34,4.82093984404195e+34,4.96378544748051e+34
31.9,3.70351826724694e+36,3.74180107788348e+36,3.85463924931749e+36,3.65607302670564e+36,3.69387390965727e+36,3.80529213936085e+36,4.74452405412951e+34,4.79271682262114e+34,4.93471099566394e+34
32,3.68211535708403e+36,3.72017161411617e+36,3.83234166526759e+36,3.63494691242136e+36,3.67252410370576e+36,3.78328264917779e+36,4.71684446626624e+34,4.76475104104098e+34,4.90590160897965e+34
32.1,3.66090598618217e+36,3.69873776215652e+36,3.81024580653228e+36,3.61401182277807e+36,3.65136736872668e+36,3.76147226618576e+36,4.68941634041022e+34,4.73703934298379e+34,4.87735403465223e+34
32.2,3.63988779375518e+36,3.67749713576935e+36,3.78834921179846e+36,3.59326542774544e+36,3.63040134956282e+36,3.73985856109931e+36,4.66223660097409e+34,4.70957862065269e+34,4.84906506991417e+34
32.3,3.61905845513174e+36,3.65644738522531e+36,3.76664945741236e+36,3.57270543293672e+36,3.60962372708654e+36,3.71843914180152e+36,4.63530221950148e+34,4.68236581387683e+34,4.8210315610836e+34
32.4,3.59841568109227e+36,3.63558619663056e+36,3.74514415668798e+36,3.55232957895426e+36,3.5890322175382e+36,3.69721165266136e+36,4.60861021380062e+34,4.65539790923582e+34,4.79325040266182e+34
32.5,3.57795721722001e+36,3.6149112912708e+36,3.7238309592303e+36,3.53213564074904e+36,3.56862457187877e+36,3.6761737738658e+36,4.58215764709646e+34,4.62867193920295e+34,4.76571853645024e+34
32.6,3.55768084326587e+36,3.59442042496922e+36,3.70270755027294e+36,3.51212142699386e+36,3.54839857515616e+36,3.65532322076608e+36,4.55594162720085e+34,4.60218498130666e+34,4.73843295068605e+34
32.7,3.53758437252688e+36,3.57411138745821e+36,3.68177165002989e+36,3.49228477946987e+36,3.52835204588511e+36,3.63465774323792e+36,4.52995930570046e+34,4.57593415730985e+34,4.71139067919641e+34
32.8,3.51766565123771e+36,3.55398200176427e+36,3.66102101306101e+36,3.47262357246609e+36,3.5084828354402e+36,3.6141751250553e+36,4.50420787716186e+34,4.54991663240669e+34,4.68458880057053e+34
32.9,3.49792255797516e+36,3.53403012360604e+36,3.64045342765094e+36,3.45313571219162e+36,3.48878882746168e+36,3.59387318327744e+36,4.47868457835348e+34,4.5241296144363e+34,4.65802443734924e+34
33,3.47835300307511e+36,3.51425364080496e+36,3.62006671520107e+36,3.43381913620027e+36,3.46926793727383e+36,3.57374976764875e+36,4.45338668748392e+34,4.4985703531131e+34,4.6316947552317e+34
33.1,3.45895492806181e+36,3.49465047270824e+36,3.59985872963431e+36,3.41467181282725e+36,3.44991811131551e+36,3.55380276001132e+36,4.42831152345633e+34,4.47323613927335e+34,4.60559696229882e+34
33.2,3.43972630508901e+36,3.4752185696241e+36,3.57982735681235e+36,3.39569174063762e+36,3.43073732658273e+36,3.53403007372982e+36,4.4034564451384e+34,4.44812430413742e+34,4.57972830825285e+34
33.3,3.42066513639286e+36,3.45595591226861e+36,3.55997051396501e+36,3.37687694788639e+36,3.41172359008273e+36,3.51442965312828e+36,4.37881885064756e+34,4.42323221858752e+34,4.55408608367297e+34
33.4,3.40176945375618e+36,3.43686051122414e+36,3.54028614913159e+36,3.35822549198967e+36,3.39287493829954e+36,3.49499947293872e+36,4.35439617665117e+34,4.39855729246047e+34,4.52866761928637e+34
33.5,3.38303731798379e+36,3.41793040640911e+36,3.5207722406137e+36,3.33973545900697e+36,3.37418943667055e+36,3.47573753776116e+36,4.33018589768119e+34,4.37409697385523e+34,4.50347028525442e+34
33.6,3.36446681838876e+36,3.39916366655853e+36,3.50142679643952e+36,3.32140496313413e+36,3.35566517907399e+36,3.45664188153478e+36,4.306185525463e+34,4.34984874845459e+34,4.47849149047369e+34
33.7,3.34605607228927e+36,3.38055838871551e+36,3.48224785383901e+36,3.30323214620669e+36,3.3373002873269e+36,3.43771056702009e+36,4.28239260825821e+34,4.32581013886112e+34,4.45372868189138e+34
33.8,3.32780322451576e+36,3.36211269773297e+36,3.46323347873001e+36,3.28521517721355e+36,3.3190929106935e+36,3.41894168529166e+36,4.2588047302209e+34,4.3019787039466e+34,4.42917934383486e+34
33.9,3.30970644692822e+36,3.34382474578577e+36,3.44438176521482e+36,3.26735225182055e+36,3.30104122540362e+36,3.40033335524127e+36,4.23541951076707e+34,4.27835203821487e+34,4.40484099735494e+34
34,3.29176393794338e+36,3.32569271189272e+36,3.42569083508712e+36,3.2496415919038e+36,3.28314343418095e+36,3.3818837230913e+36,4.21223460395705e+34,4.25492777117774e+34,4.38071119958261e+34
34.1,3.27397392207148e+36,3.30771480144837e+36,3.4071588373489e+36,3.23208144509257e+36,3.26539776578093e+36,3.36359096191791e+36,4.18924769789052e+34,4.2317035667436e+34,4.35678754309895e+34
34.2,3.25633464946253e+36,3.28988924576429e+36,3.38878394773722e+36,3.21467008432139e+36,3.2478024745381e+36,3.34545327118404e+36,4.16645651411378e+34,4.20867712261854e+34,4.33306765531774e+34
34.3,3.23884439546169e+36,3.27221430161966e+36,3.37056436826064e+36,3.1974058073913e+36,3.23035583992247e+36,3.32746887628183e+36,4.14385880703909e+34,4.18584616971948e+34,4.30954919788076e+34
34.4,3.22150146017373e+36,3.25468825082102e+36,3.3524983267449e+36,3.18028693653997e+36,3.21305616610502e+36,3.30963602808425e+36,4.12145236337576e+34,4.1632084715994e+34,4.28622986606519e+34
34.5,3.20430416803614e+36,3.23730939977072e+36,3.33458407638785e+36,3.16331181802042e+36,3.19590178153188e+36,3.29195300250582e+36,4.09923500157268e+34,4.14076182388389e+34,4.26310738820302e+34
34.6,3.18725086740098e+36,3.22007607904425e+36,3.31681989532327e+36,3.14647882168826e+36,3.17889103850706e+36,3.27441810007215e+36,4.07720457127211e+34,4.11850405371927e+34,4.24017952511216e+34
34.7,3.17033993012495e+36,3.20298664297587e+36,3.29920408619348e+36,3.12978634059721e+36,3.16202231278356e+36,3.25702964549809e+36,4.05535895277439e+34,4.09643301923164e+34,4.21744406953889e+34
34.8,3.15356975116776e+36,3.18603946925261e+36,3.28173497573044e+36,3.11323279060263e+36,3.14529400316264e+36,3.23978598727433e+36,4.03369605651338e+34,4.07454660899679e+34,4.19489884561156e+34
34.9,3.13693874819847e+36,3.16923295851632e+36,3.26441091434523e+36,3.09681660997304e+36,3.12870453110111e+36,3.22268549726218e+36,4.01221382254229e+34,4.05284274152072e+34,4.17254170830507e+34
35,3.12044536120958e+36,3.15256553397366e+36,3.24723027572566e+36,3.08053625900928e+36,3.11225234032636e+36,3.2057265702965e+36,3.99091022002988e+34,4.03131936473037e+34,4.15037054291609e+34
35.1,3.10408805213892e+36,3.13603564101379e+36,3.23019145644187e+36,3.06439021967126e+36,3.09593589645904e+36,3.18890762379639e+36,3.96978324676645e+34,4.00997445547458e+34,4.12838326454864e+34
35.2,3.08786530449884e+36,3.11964174683356e+36,3.21329287555973e+36,3.04837699521204e+36,3.07975368664321e+36,3.17222709738363e+36,3.94883092867979e+34,3.98880601903487e+34,4.10657781760985e+34
35.3,3.07177562301278e+36,3.10338234007023e+36,3.1965329742618e+36,3.03249510981918e+36,3.06370421918377e+36,3.15568345250864e+36,3.92805131936053e+34,3.9678120886458e+34,4.08495217531566e+34
35.4,3.05581753325904e+36,3.08725593044124e+36,3.17991021547581e+36,3.01674310826307e+36,3.04778602319099e+36,3.13927517208375e+36,3.9074424995969e+34,3.94699072502487e+34,4.06350433920625e+34
35.5,3.03998958132138e+36,3.07126104839114e+36,3.16342308351038e+36,3.0011195555522e+36,3.03199764823202e+36,3.12300076012367e+36,3.88700257691857e+34,3.92634001591154e+34,4.04223233867092e+34
35.6,3.02429033344658e+36,3.05539624474534e+36,3.14707008369781e+36,2.98562303659508e+36,3.01633766398918e+36,3.10685874139299e+36,3.86672968514943e+34,3.90585807561531e+34,4.02113423048234e+34
35.7,3.00871837570859e+36,3.03966009037071e+36,3.13084974204396e+36,2.9702521558689e+36,3.00080465992498e+36,3.09084766106056e+36,3.84662198396906e+34,3.8855430445726e+34,4.00020809833982e+34
35.8,2.99327231367924e+36,3.02405117584264e+36,3.11476060488473e+36,2.95500553709441e+36,2.98539724495352e+36,3.07496608436051e+36,3.82667765848275e+34,3.86539308891223e+34,3.97945205242145e+34
35.9,2.97795077210528e+36,3.00856811111866e+36,3.0988012385494e+36,2.93988182291728e+36,2.97011404711836e+36,3.05921259625995e+36,3.80689491879987e+34,3.84540640002936e+34,3.95886422894496e+34
36,2.96275239459173e+36,2.99320952521826e+36,3.08297022903034e+36,2.92487967459552e+36,2.95495371327659e+36,3.04358580113297e+36,3.78727199962033e+34,3.8255811941676e+34,3.93844278973706e+34
36.1,2.94767584329124e+36,2.977974065909e+36,3.06726618165908e+36,2.90999777169295e+36,2.93991490878891e+36,3.02808432244097e+36,3.76780715982904e+34,3.80591571200923e+34,3.91818592181105e+34
36.2,2.9327197985995e+36,2.9628603993985e+36,3.05168772078871e+36,2.89523481177852e+36,2.92499631721576e+36,3.01270680241919e+36,3.74849868209822e+34,3.78640821827331e+34,3.89809183695261e+34
36.3,2.91788295885641e+36,2.94786721003245e+36,3.03623348948223e+36,2.88058951013144e+36,2.91019664001923e+36,2.99745190176909e+36,3.72934487249722e+34,3.7670570013214e+34,3.87815877131345e+34
36.4,2.90316404005301e+36,2.93299319999834e+36,3.02090214920692e+36,2.86606059945191e+36,2.89551459627063e+36,2.9823182993568e+36,3.71034406010992e+34,3.74786037277094e+34,3.85838498501279e+34
36.5,2.88856177554396e+36,2.91823708903484e+36,3.00569237953456e+36,2.85164682957737e+36,2.88094892236368e+36,2.9673046919171e+36,3.69149459665932e+34,3.7288166671159e+34,3.83876876174641e+34
36.6,2.87407491576551e+36,2.90359761414667e+36,2.99060287784727e+36,2.83734696720411e+36,2.86649837173312e+36,2.95240979376324e+36,3.67279485613934e+34,3.70992424135472e+34,3.81930840840317e+34
36.7,2.85970222795878e+36,2.88907352932493e+36,2.97563235904899e+36,2.82315979561424e+36,2.85216171457868e+36,2.9376323365021e+36,3.65424323445357e+34,3.69118147462521e+34,3.80000225468874e+34
36.8,2.84544249589828e+36,2.87466360527267e+36,2.96077955528234e+36,2.80908411440767e+36,2.8379377375942e+36,2.92297106875478e+36,3.63583814906084e+34,3.67258676784647e+34,3.78084865275647e+34
36.9,2.83129451962557e+36,2.86036662913561e+36,2.94604321565091e+36,2.79511873923929e+36,2.82382524370194e+36,2.90842475588246e+36,3.61757803862749e+34,3.65413854336748e+34,3.76184597684526e+34
37,2.81725711518785e+36,2.846181404238e+36,2.93142210594668e+36,2.78126250156099e+36,2.80982305179178e+36,2.89399217971744e+36,3.59946136268618e+34,3.63583524462229e+34,3.74299262292419e+34
37.1,2.80332911438155e+36,2.83210674982332e+36,2.91691500838257e+36,2.76751424836854e+36,2.7959299964654e+36,2.87967213829913e+36,3.5814866013011e+34,3.61767533579174e+34,3.72428700834381e+34
37.2,2.7895093645006e+36,2.81814150079993e+36,2.90252072133001e+36,2.75387284195321e+36,2.78214492778521e+36,2.86546344561507e+36,3.56365225473941e+34,3.59965730147147e+34,3.70572757149403e+34
37.3,2.77579672808952e+36,2.80428450749136e+36,2.88823805906139e+36,2.74033715965803e+36,2.7684667110279e+36,2.85136493134671e+36,3.54595684314887e+34,3.58177964634611e+34,3.68731277146826e+34
37.4,2.76219008270094e+36,2.79053463539136e+36,2.87406585149731e+36,2.72690609363852e+36,2.75489422644266e+36,2.83737544061997e+36,3.52839890624141e+34,3.56404089486958e+34,3.66904108773394e+34
37.5,2.74868832065777e+36,2.77689076492335e+36,2.86000294395844e+36,2.71357855062795e+36,2.74142636901384e+36,2.82349383376035e+36,3.51097700298258e+34,3.54643959095123e+34,3.6509110198091e+34
37.6,2.73529034881969e+36,2.76335179120445e+36,2.84604819692212e+36,2.70035345170683e+36,2.72806204822797e+36,2.80971898605267e+36,3.49368971128678e+34,3.5289742976479e+34,3.63292108694491e+34
37.7,2.72199508835393e+36,2.74991662381377e+36,2.83220048578327e+36,2.68722973207675e+36,2.71480018784516e+36,2.79604978750513e+36,3.47653562771811e+34,3.5116435968616e+34,3.61506982781411e+34
37.8,2.70880147451028e+36,2.736584186565e+36,2.81845870061985e+36,2.67420634083832e+36,2.70163972567458e+36,2.7824851426178e+36,3.45951336719664e+34,3.49444608904276e+34,3.59735580020516e+34
37.9,2.69570845640028e+36,2.72335341728316e+36,2.8048217459625e+36,2.66128224077318e+36,2.68857961335417e+36,2.76902397015528e+36,3.44262156271021e+34,3.47738039289889e+34,3.57977758072202e+34
38,2.68271499678035e+36,2.71022326758543e+36,2.7912885405685e+36,2.64845640813003e+36,2.67561881613434e+36,2.7556652029236e+36,3.42585886503142e+34,3.46044514510868e+34,3.56233376448943e+34
38.1,2.66982007183895e+36,2.69719270266598e+36,2.77785801719974e+36,2.63572783241455e+36,2.66275631266556e+36,2.74240778755111e+36,3.40922394243977e+34,3.44363900004123e+34,3.54502296486353e+34
38.2,2.6570226709876e+36,2.68426070108472e+36,2.76452912240486e+36,2.62309551618311e+36,2.64999109478992e+36,2.72925068427338e+36,3.39271548044893e+34,3.42696062948041e+34,3.52784381314779e+34
38.3,2.64432179665566e+36,2.6714262545599e+36,2.7513008163052e+36,2.61055847484027e+36,2.63732216733636e+36,2.71619286672206e+36,3.37633218153892e+34,3.41040872235421e+34,3.5107949583141e+34
38.4,2.63171646408886e+36,2.65868836776441e+36,2.73817207238476e+36,2.59811573643993e+36,2.62474854791972e+36,2.70323332171747e+36,3.36007276489315e+34,3.3939819844691e+34,3.49387506672892e+34
38.5,2.61920570115147e+36,2.64604605812581e+36,2.72514187728387e+36,2.58576634149007e+36,2.61226926674332e+36,2.69037104906502e+36,3.3439359661402e+34,3.37767913824901e+34,3.47708282188432e+34
38.6,2.60678854813198e+36,2.63349835562996e+36,2.71220923059658e+36,2.57350934276098e+36,2.59988336640517e+36,2.67760506135524e+36,3.32792053710028e+34,3.36149892247921e+34,3.46041692413392e+34
38.7,2.59446405755234e+36,2.62104430262814e+36,2.69937314467173e+36,2.56134380509697e+36,2.5875899017076e+36,2.66493438376739e+36,3.31202524553623e+34,3.34544009205459e+34,3.4438760904336e+34
38.8,2.58223129398055e+36,2.60868295364764e+36,2.68663264441757e+36,2.54926880523146e+36,2.57538793947031e+36,2.6523580538767e+36,3.29624887490898e+34,3.32950141773267e+34,3.42745905408681e+34
38.9,2.57008933384667e+36,2.59641337520574e+36,2.67398676710983e+36,2.5372834316053e+36,2.56327655834683e+36,2.63987512146488e+36,3.28059022413741e+34,3.31368168589085e+34,3.41116456449443e+34
39,2.55803726526203e+36,2.58423464562702e+36,2.66143456220324e+36,2.52538678418841e+36,2.55125484864413e+36,2.62748464833415e+36,3.26504810736245e+34,3.29797969828807e+34,3.39499138690914e+34
39.1,2.54607418784169e+36,2.57214585486386e+36,2.64897509114642e+36,2.51357797430454e+36,2.53932191214555e+36,2.61518570812448e+36,3.24962135371543e+34,3.28239427183071e+34,3.37893830219412e+34
39.2,2.53419921253008e+36,2.5601461043202e+36,2.63660742720002e+36,2.50185612445917e+36,2.52747686193678e+36,2.60297738613416e+36,3.23430880709048e+34,3.26692423834263e+34,3.36300410658606e+34
39.3,2.52241146142967e+36,2.54823450667837e+36,2.6243306552581e+36,2.49022036817046e+36,2.51571882223498e+36,2.59085877914347e+36,3.21910932592103e+34,3.25156844433929e+34,3.34718761146234e+34
39.4,2.51071006763269e+36,2.53641018572897e+36,2.61214387167261e+36,2.47866984980309e+36,2.50404692822091e+36,2.57882899524149e+36,3.20402178296017e+34,3.23632575080582e+34,3.33148764311234e+34
39.5,2.4990941750558e+36,2.52467227620375e+36,2.60004618408105e+36,2.46720372440515e+36,2.49246032587396e+36,2.56688715365592e+36,3.18904506506496e+34,3.22119503297906e+34,3.31590304251275e+34
39.6,2.4875629382777e+36,2.51301992361146e+36,2.58803671123708e+36,2.45582115754785e+36,2.48095817181012e+36,2.55503238458601e+36,3.17417807298449e+34,3.20617518013341e+34,3.30043266510688e+34
39.7,2.47611552237947e+36,2.50145228407651e+36,2.5761145828441e+36,2.44452132516796e+36,2.46953963312281e+36,2.54326382903822e+36,3.15941972115165e+34,3.19126509537036e+34,3.28507538058779e+34
39.8,2.46475110278787e+36,2.4899685241805e+36,2.56427893939179e+36,2.43330341341308e+36,2.45820388722638e+36,2.53158063866494e+36,3.14476893747852e+34,3.17646369541183e+34,3.26983007268519e+34
39.9,2.45346886512118e+36,2.47856782080646e+36,2.55252893199542e+36,2.42216661848963e+36,2.44695012170249e+36,2.51998197560585e+36,3.1302246631554e+34,3.161769910397e+34,3.25469563895614e+34
40,2.44226800503789e+36,2.46724936098584e+36,2.540863722238e+36,2.41111014651336e+36,2.43577753414901e+36,2.50846701233221e+36,3.11578585245326e+34,3.14718268368271e+34,3.23967099057932e+34
40.1,2.43114772808788e+36,2.45601234174814e+36,2.52928248201519e+36,2.40013321336258e+36,2.42468533203167e+36,2.49703493149366e+36,3.10145147252965e+34,3.13270097164736e+34,3.22475505215287e+34
40.2,2.42010724956626e+36,2.44485596997313e+36,2.5177843933828e+36,2.38923504453388e+36,2.41367273253815e+36,2.48568492576784e+36,3.08722050323796e+34,3.11832374349815e+34,3.20994676149578e+34
40.3,2.40914579436968e+36,2.43377946224561e+36,2.50636864840702e+36,2.37841487500028e+36,2.40273896243479e+36,2.47441619771249e+36,3.07309193693999e+34,3.10404998108166e+34,3.19524506945266e+34
40.4,2.39826259685514e+36,2.4227820447127e+36,2.49503444901717e+36,2.36767194907192e+36,2.39188325792572e+36,2.46322795962016e+36,3.05906477832172e+34,3.08987867869771e+34,3.18064893970187e+34
40.5,2.38745690070119e+36,2.41186295294355e+36,2.48378100686101e+36,2.35700552025907e+36,2.38110486451439e+36,2.45211943337534e+36,3.04513804421224e+34,3.07580884291641e+34,3.16615734856698e+34
40.6,2.37672795877155e+36,2.40102143179147e+36,2.47260754316246e+36,2.3464148511375e+36,2.37040303686749e+36,2.44108985031414e+36,3.03131076340582e+34,3.06183949239832e+34,3.15176928483145e+34
40.7,2.36607503298103e+36,2.39025673525837e+36,2.46151328858184e+36,2.33589921321616e+36,2.3597770386812e+36,2.43013845108628e+36,3.01758197648703e+34,3.04796965771774e+34,3.13748374955646e+34
40.8,2.35549739416369e+36,2.37956812636159e+36,2.45049748307844e+36,2.3254578868071e+36,2.3492261425497e+36,2.41926448551942e+36,3.00395073565872e+34,3.03419838118894e+34,3.12329975590184e+34
40.9,2.34499432194335e+36,2.36895487700288e+36,2.4395593757754e+36,2.31509016089762e+36,2.33874962983592e+36,2.4084672124859e+36,2.99041610457312e+34,3.02052471669539e+34,3.10921632895008e+34
41,2.33456510460621e+36,2.35841626783973e+36,2.42869822482693e+36,2.30479533302455e+36,2.32834679054452e+36,2.3977458997716e+36,2.97697715816562e+34,3.00694772952189e+34,3.09523250553331e+34
41.1,2.3242090389756e+36,2.34795158815879e+36,2.41791329728777e+36,2.29457270915069e+36,2.31801692319689e+36,2.38709982394713e+36,2.96363298249147e+34,2.9934664961895e+34,3.08134733406318e+34
41.2,2.31392543028897e+36,2.3375601357514e+36,2.40720386898479e+36,2.28442160354332e+36,2.30775933470847e+36,2.37652827024115e+36,2.95038267456522e+34,2.98008010429334e+34,3.06755987436364e+34
41.3,2.3037135920768e+36,2.32724121679134e+36,2.39656922439086e+36,2.27434133865477e+36,2.29757334026791e+36,2.3660305324158e+36,2.93722534220286e+34,2.96678765234298e+34,3.05386919750656e+34
41.4,2.29357284604362e+36,2.31699414571447e+36,2.38600865650075e+36,2.26433124500496e+36,2.28745826321842e+36,2.35560591264425e+36,2.92416010386657e+34,2.95358824960569e+34,3.04027438565006e+34
41.5,2.28350252195104e+36,2.30681824510053e+36,2.3755214667091e+36,2.25439066106592e+36,2.277413434941e+36,2.3452537213903e+36,2.91118608851214e+34,2.94048101595215e+34,3.02677453187956e+34
41.6,2.27350195750264e+36,2.29671284555678e+36,2.3651069646905e+36,2.24451893314826e+36,2.26743819473973e+36,2.33497327728999e+36,2.89830243543888e+34,2.92746508170486e+34,3.01336874005152e+34
41.7,2.26357049823092e+36,2.28667728560371e+36,2.35476446828151e+36,2.2347154152895e+36,2.25753188972882e+36,2.32476390703511e+36,2.88550829414209e+34,2.91453958748903e+34,3.0000561246398e+34
41.8,2.25370749738597e+36,2.27671091156255e+36,2.34449330336466e+36,2.22497946914429e+36,2.24769387472169e+36,2.31462494525881e+36,2.87280282416795e+34,2.90170368408592e+34,2.98683581058446e+34
41.9,2.24391231582612e+36,2.26681307744469e+36,2.33429280375436e+36,2.21531046387641e+36,2.2379235121218e+36,2.30455573442292e+36,2.86018519497082e+34,2.88895653228868e+34,2.97370693314324e+34
42,2.23418432191033e+36,2.25698314484293e+36,2.32416231108473e+36,2.2057077760526e+36,2.22822017181533e+36,2.29455562470728e+36,2.8476545857729e+34,2.87629730276056e+34,2.96066863774536e+34
42.1,2.22452289139235e+36,2.24722048282451e+36,2.31410117469928e+36,2.19617078953808e+36,2.21858323106556e+36,2.2846239739008e+36,2.83521018542623e+34,2.86372517589539e+34,2.94772007984781e+34
42.2,2.21492740731668e+36,2.2375244678259e+36,2.30410875154232e+36,2.18669889539391e+36,2.2090120744091e+36,2.27476014729438e+36,2.82285119227694e+34,2.85123934168047e+34,2.93486042479398e+34
42.3,2.20539725991616e+36,2.22789448354935e+36,2.29418440605229e+36,2.17729149177584e+36,2.19950609355373e+36,2.26496351757555e+36,2.81057681403174e+34,2.83883899956163e+34,2.92208884767463e+34
42.4,2.1959318465113e+36,2.21832992086105e+36,2.28432751005674e+36,2.16794798383504e+36,2.19006468727794e+36,2.25523346472483e+36,2.79838626762661e+34,2.82652335831056e+34,2.90940453319112e+34
42.5,2.18653057141123e+36,2.20883017769108e+36,2.27453744266904e+36,2.15866778362025e+36,2.18068726133214e+36,2.24556937591383e+36,2.78627877909764e+34,2.81429163589425e+34,2.89680667552089e+34
42.6,2.17719284581625e+36,2.19939465893488e+36,2.26481359018681e+36,2.14945030998171e+36,2.17137322834142e+36,2.23597064540496e+36,2.77425358345393e+34,2.80214305934663e+34,2.88429447818512e+34
42.7,2.16791808772202e+36,2.19002277635641e+36,2.25515534599197e+36,2.1402949884765e+36,2.16212200770998e+36,2.22643667445278e+36,2.76230992455262e+34,2.79007686464224e+34,2.87186715391861e+34
42.8,2.15870572182524e+36,2.18071394849277e+36,2.24556211045242e+36,2.13120125127548e+36,2.15293302552705e+36,2.216966871207e+36,2.75044705497595e+34,2.77809229657197e+34,2.85952392454167e+34
42.9,2.14955517943089e+36,2.17146760056052e+36,2.23603329082536e+36,2.12216853707178e+36,2.14380571447431e+36,2.20756065061701e+36,2.73866423591027e+34,2.76618860862089e+34,2.84726402083417e+34
43,2.14046589836098e+36,2.16228316436338e+36,2.22656830116206e+36,2.11319629099071e+36,2.1347395137349e+36,2.19821743433794e+36,2.726960737027e+34,2.7543650628479e+34,2.83508668241159e+34
43.1,2.13143732286475e+36,2.15316007820145e+36,2.21716656221429e+36,2.10428396450109e+36,2.12573386890378e+36,2.18893665063826e+36,2.7153358363656e+34,2.74262092976747e+34,2.82299115760308e+34
43.2,2.12246890353029e+36,2.14409778678195e+36,2.20782750134217e+36,2.0954310153281e+36,2.11678823189962e+36,2.17971773430885e+36,2.70378882021833e+34,2.7309554882332e+34,2.81097670333151e+34
43.3,2.11356009719764e+36,2.13509574113131e+36,2.19855055242353e+36,2.08663690736747e+36,2.10790206087808e+36,2.17056012657357e+36,2.69231898301689e+34,2.7193680253233e+34,2.79904258499537e+34
43.4,2.10471036687322e+36,2.12615339850871e+36,2.1893351557647e+36,2.07790111060102e+36,2.09907482014643e+36,2.16146327500117e+36,2.68092562722087e+34,2.70785783622784e+34,2.78718807635263e+34
43.5,2.09591918164571e+36,2.117270222321e+36,2.18018075801279e+36,2.06922310101363e+36,2.09030598007962e+36,2.15242663341873e+36,2.66960806320804e+34,2.6964242241379e+34,2.77541245940648e+34
43.6,2.08718601660314e+36,2.10844568203898e+36,2.17108681206927e+36,2.06060236051148e+36,2.08159501703761e+36,2.14344966182634e+36,2.65836560916629e+34,2.68506650013635e+34,2.76371502429277e+34
43.7,2.07851035275141e+36,2.09967925311498e+36,2.16205277700499e+36,2.05203837684153e+36,2.07294141328407e+36,2.13453182631329e+36,2.64719759098737e+34,2.67378398309051e+34,2.75209506916939e+34
43.8,2.06989167693406e+36,2.09097041690178e+36,2.15307811797654e+36,2.04353064351244e+36,2.06434465690632e+36,2.12567259897547e+36,2.63610334216227e+34,2.66257599954645e+34,2.7405519001073e+34
43.9,2.06132948175332e+36,2.08231866057281e+36,2.14416230614393e+36,2.03507865971654e+36,2.05580424173656e+36,2.1168714578341e+36,2.6250822036783e+34,2.65144188362491e+34,2.72908483098332e+34
44,2.05282326549238e+36,2.07372347704356e+36,2.13530481858953e+36,2.02668193025321e+36,2.04731966727437e+36,2.10812788675579e+36,2.61413352391773e+34,2.64038097691899e+34,2.71769318337466e+34
44.1,2.04437253203891e+36,2.0651843648943e+36,2.12650513823834e+36,2.01833996545333e+36,2.03889043861036e+36,2.09944137537379e+36,2.60325665855813e+34,2.62939262839331e+34,2.70637628645499e+34
44.2,2.03597679080978e+36,2.05670082829398e+36,2.11776275377951e+36,2.01005228110504e+36,2.03051606635113e+36,2.09081141901058e+36,2.59245097047414e+34,2.61847619428492e+34,2.69513347689232e+34
44.3,2.02763555667695e+36,2.04827237692532e+36,2.10907715958902e+36,2.00181839838054e+36,2.02219606654526e+36,2.08223751860154e+36,2.58171582964096e+34,2.60763103800558e+34,2.68396409874832e+34
44.4,2.01934834989454e+36,2.03989852591108e+36,2.1004478556537e+36,1.99363784376415e+36,2.01392996061062e+36,2.07371918061991e+36,2.57105061303914e+34,2.59685653004575e+34,2.6728675033793e+34
44.5,2.01111469602701e+36,2.03157879574146e+36,2.09187434749632e+36,1.9855101489814e+36,2.00571727526266e+36,2.06525591700293e+36,2.56045470456107e+34,2.58615204787991e+34,2.66184304933876e+34
44.6,2.00293412587844e+36,2.02331271220269e+36,2.08335614610185e+36,1.97743485092926e+36,1.99755754244395e+36,2.05684724507904e+36,2.54992749491875e+34,2.57551697587354e+34,2.65089010228136e+34
44.7,1.99480617542301e+36,2.01509980630661e+36,2.07489276784497e+36,1.96941149160748e+36,1.9894502992547e+36,2.04849268749629e+36,2.53946838155313e+34,2.56495070519137e+34,2.64000803486852e+34
44.8,1.98673038573641e+36,2.00693961422152e+36,2.0664837344186e+36,1.96143961805096e+36,1.98139508788444e+36,2.04019177215185e+36,2.52907676854474e+34,2.55445263370717e+34,2.62919622667532e+34
44.9,1.97870630292844e+36,1.99883167720389e+36,2.05812857276355e+36,1.95351878226318e+36,1.97339145554474e+36,2.03194403212256e+36,2.51875206652581e+34,2.54402216591488e+34,2.61845406409903e+34
45,1.97073347807659e+36,1.99077554153133e+36,2.04982681499931e+36,1.94564854115065e+36,1.96543895440292e+36,2.02374900559662e+36,2.50849369259368e+34,2.53365871284115e+34,2.60778094026889e+34
45.1,1.96281146716063e+36,1.98277075843644e+36,2.04157799835586e+36,1.93782845645838e+36,1.95753714151685e+36,2.01560623580629e+36,2.49830107022557e+34,2.5233616919592e+34,2.59717625495734e+34
45.2,1.95493983099826e+36,1.97481688404174e+36,2.03338166510657e+36,1.93005809470631e+36,1.9496855787707e+36,2.00751527096164e+36,2.48817362919462e+34,2.51313052710402e+34,2.58663941449268e+34
45.3,1.94711813518165e+36,1.96691347929558e+36,2.02523736250203e+36,1.92233702712678e+36,1.94188383281169e+36,1.9994756641853e+36,2.4781108054873e+34,2.50296464838885e+34,2.57616983167296e+34
45.4,1.93934595001509e+36,1.95906010990907e+36,2.01714464270503e+36,1.91466482960287e+36,1.93413147498784e+36,1.99148697344821e+36,2.46811204122203e+34,2.49286349212296e+34,2.56576692568125e+34
45.5,1.93162285045345e+36,1.95125634629389e+36,2.00910306272641e+36,1.90704108260776e+36,1.92642808128658e+36,1.98354876150639e+36,2.45817678456902e+34,2.48282650073073e+34,2.55543012200221e+34
45.6,1.92394841604169e+36,1.94350176350115e+36,2.00111218436199e+36,1.89946537114497e+36,1.91877323227443e+36,1.97566059583859e+36,2.4483044896714e+34,2.47285312267183e+34,2.54515885233991e+34
45.7,1.9163222308552e+36,1.9357959411611e+36,1.99317157413037e+36,1.89193728468952e+36,1.91116651303747e+36,1.967822048585e+36,2.43849461656749e+34,2.46294281236278e+34,2.53495255453691e+34
45.8,1.90874388344112e+36,1.92813846342377e+36,1.98528080321172e+36,1.88445641712998e+36,1.90360751312277e+36,1.96003269648677e+36,2.42874663111428e+34,2.45309503009958e+34,2.52481067249457e+34
45.9,1.90121296676048e+36,1.92052891890055e+36,1.97743944738751e+36,1.87702236671136e+36,1.89609582648074e+36,1.95229212082657e+36,2.4190600049121e+34,2.44330924198155e+34,2.51473265609456e+34
46,1.89372907813128e+36,1.91296690060661e+36,1.96964708698111e+36,1.86963473597898e+36,1.88863105140825e+36,1.94459990736989e+36,2.40943421523033e+34,2.43358491983636e+34,2.50471796112156e+34
46.1,1.88629181917236e+36,1.90545200590417e+36,1.96190330679929e+36,1.86229313172301e+36,1.88121279049271e+36,1.93695564630742e+36,2.39986874493432e+34,2.42392154114612e+34,2.49476604918714e+34
46.2,1.87890079574815e+36,1.89798383644668e+36,1.95420769607463e+36,1.85499716492402e+36,1.87384065055693e+36,1.92935893219808e+36,2.39036308241339e+34,2.41431858897462e+34,2.48487638765474e+34
46.3,1.87155561791429e+36,1.89056199812382e+36,1.94655984840878e+36,1.84774645069919e+36,1.86651424260486e+36,1.92180936391313e+36,2.38091672150988e+34,2.40477555189568e+34,2.47504844956585e+34
46.4,1.86425589986396e+36,1.88318610100727e+36,1.93895936171656e+36,1.84054060824947e+36,1.85923318176805e+36,1.91430654458089e+36,2.37152916144931e+34,2.39529192392251e+34,2.4652817135672e+34
46.5,1.85700125987511e+36,1.87585575929738e+36,1.93140583817088e+36,1.8333792608074e+36,1.851997087253e+36,1.90685008153249e+36,2.36219990677152e+34,2.38586720443823e+34,2.45557566383913e+34
46.6,1.84979132025843e+36,1.86857059127053e+36,1.92389888414853e+36,1.8262620355858e+36,1.84480558228926e+36,1.89943958624828e+36,2.35292846726292e+34,2.3765008981273e+34,2.445929790025e+34
46.7,1.84262570730607e+36,1.86133021922738e+36,1.91643811017674e+36,1.81918856372718e+36,1.8376582940783e+36,1.89207467430512e+36,2.34371435788966e+34,2.36719251490806e+34,2.43634358716158e+34
46.8,1.8355040512412e+36,1.8541342694418e+36,1.90902313088051e+36,1.81215848025388e+36,1.83055485374313e+36,1.8847549653244e+36,2.33455709873189e+34,2.35794156986628e+34,2.42681655561062e+34
46.9,1.82842598616823e+36,1.8469823721106e+36,1.90165356493079e+36,1.80517142401904e+36,1.8234948962787e+36,1.87748008292088e+36,2.32545621491889e+34,2.3487475831896e+34,2.41734820099127e+34
47,1.82139115002382e+36,1.83987416130402e+36,1.89432903499336e+36,1.79822703765817e+36,1.81647806050299e+36,1.87024965465223e+36,2.31641123656524e+34,2.33961008010307e+34,2.40793803411364e+34
47.1,1.8143991845286e+36,1.8328092749169e+36,1.88704916767851e+36,1.79132496754152e+36,1.80950398900884e+36,1.86306331196938e+36,2.30742169870789e+34,2.33052859080551e+34,2.39858557091325e+34
47.2,1.80744973513957e+36,1.82578735462057e+36,1.87981359349141e+36,1.78446486372713e+36,1.8025723281165e+36,1.85592069016755e+36,2.2984871412442e+34,2.32150265040693e+34,2.38929033238648e+34
47.3,1.80054245100326e+36,1.81880804581553e+36,1.87262194678325e+36,1.77764637991455e+36,1.79568272782686e+36,1.84882142833798e+36,2.28960710887082e+34,2.31253179886678e+34,2.380051844527e+34
47.4,1.7936769849095e+36,1.8118709975847e+36,1.8654738657031e+36,1.77086917339927e+36,1.78883484177537e+36,1.84176516932047e+36,2.28078115102352e+34,2.30361558093311e+34,2.37086963826303e+34
47.5,1.78685299324596e+36,1.80497586264745e+36,1.85836899215041e+36,1.76413290502778e+36,1.78202832718663e+36,1.83475155965645e+36,2.27200882181792e+34,2.29475354608272e+34,2.36174324939563e+34
47.6,1.78007013595323e+36,1.79812229731428e+36,1.85130697172831e+36,1.75743723915332e+36,1.77526284482966e+36,1.82778024954293e+36,2.26328967999097e+34,2.285945248462e+34,2.35267221853784e+34
47.7,1.77332807648068e+36,1.79130996144209e+36,1.8442874536975e+36,1.75078184359225e+36,1.7685380589738e+36,1.82085089278695e+36,2.25462328884346e+34,2.27719024682886e+34,2.34365609105468e+34
47.8,1.76662648174288e+36,1.78453851839019e+36,1.83731009093081e+36,1.74416638958104e+36,1.76185363734524e+36,1.81396314676077e+36,2.24600921618319e+34,2.2684881044953e+34,2.33469441700412e+34
47.9,1.75996502207666e+36,1.77780763497694e+36,1.83037453986851e+36,1.73759055173397e+36,1.75520925108423e+36,1.80711667235772e+36,2.23744703426912e+34,2.25983838927093e+34,2.32578675107876e+34
48,1.75334337119885e+36,1.77111698143692e+36,1.82348046047414e+36,1.73105400800129e+36,1.74860457470285e+36,1.80031113394866e+36,2.22893631975617e+34,2.25124067340727e+34,2.31693265254851e+34
48.1,1.74676120616454e+36,1.76446623137886e+36,1.8166275161911e+36,1.72455643962813e+36,1.74203928604343e+36,1.79354619933906e+36,2.22047665364099e+34,2.2426945335429e+34,2.30813168520396e+34
48.2,1.74021820732601e+36,1.75785506174403e+36,1.80981537389974e+36,1.71809753111392e+36,1.73551306623754e+36,1.78682153972673e+36,2.21206762120835e+34,2.2341995506493e+34,2.29938341730068e+34
48.3,1.73371405829222e+36,1.75128315276539e+36,1.8030437038752e+36,1.71167697017243e+36,1.72902559966561e+36,1.78013682966016e+36,2.20370881197844e+34,2.22575530997759e+34,2.29068742150427e+34
48.4,1.7272484458889e+36,1.74475018792714e+36,1.79631217974575e+36,1.70529444769235e+36,1.72257657391708e+36,1.77349174699739e+36,2.19539981965481e+34,2.21736140100595e+34,2.28204327483618e+34
48.5,1.72082106011919e+36,1.73825585392502e+36,1.78962047845178e+36,1.69894965769846e+36,1.71616567975114e+36,1.76688597286558e+36,2.18714024207315e+34,2.20901741738782e+34,2.27345055862034e+34
48.6,1.71443159412484e+36,1.73179984062708e+36,1.78296828020533e+36,1.69264229731333e+36,1.70979261105807e+36,1.76031919162102e+36,2.17892968115072e+34,2.20072295690087e+34,2.26490885843055e+34
48.7,1.708079744148e+36,1.72538184103501e+36,1.77635526845027e+36,1.68637206671963e+36,1.70345706482104e+36,1.75379109080988e+36,2.17076774283658e+34,2.19247762139661e+34,2.25641776403859e+34
48.8,1.7017652094935e+36,1.71900155124608e+36,1.76978112982297e+36,1.68013866912288e+36,1.69715874107857e+36,1.74730136112934e+36,2.16265403706245e+34,2.18428101675086e+34,2.24797686936311e+34
48.9,1.69548769249174e+36,1.71265867041555e+36,1.7632455541136e+36,1.67394181071479e+36,1.6908973428874e+36,1.74084969638941e+36,2.15458817769434e+34,2.17613275281477e+34,2.23958577241922e+34
49,1.68924689846198e+36,1.70635290071967e+36,1.75674823422789e+36,1.66778120063713e+36,1.68467257628601e+36,1.7344357934752e+36,2.14656978248484e+34,2.16803244336661e+34,2.2312440752688e+34
49.1,1.68304253567633e+36,1.70008394731917e+36,1.7502888661495e+36,1.66165655094607e+36,1.67848415025852e+36,1.72805935230979e+36,2.13859847302603e+34,2.1599797060643e+34,2.22295138397151e+34
49.2,1.67687431532404e+36,1.69385151832325e+36,1.74386714890294e+36,1.65556757657701e+36,1.67233177669927e+36,1.72172007581757e+36,2.13067387470317e+34,2.15197416239849e+34,2.21470730853653e+34
49.3,1.6707419514765e+36,1.68765532475415e+36,1.73748278451691e+36,1.64951399531001e+36,1.66621517037769e+36,1.71541766988817e+36,2.12279561664895e+34,2.14401543764637e+34,2.20651146287491e+34
49.4,1.66464516105254e+36,1.68149508051212e+36,1.73113547798828e+36,1.64349552773556e+36,1.66013404890386e+36,1.70915184334075e+36,2.1149633316984e+34,2.13610316082615e+34,2.19836346475263e+34
49.5,1.65858366378439e+36,1.67537050234097e+36,1.72482493724645e+36,1.63751189722094e+36,1.65408813269444e+36,1.702922307889e+36,2.10717665634449e+34,2.12823696465214e+34,2.19026293574439e+34
49.6,1.65255718218396e+36,1.66928130979401e+36,1.71855087311834e+36,1.63156282987701e+36,1.6480771449391e+36,1.69672877810646e+36,2.09943523069424e+34,2.12041648549043e+34,2.18220950118786e+34
49.7,1.64656544150971e+36,1.66322722520057e+36,1.71231299929375e+36,1.62564805452546e+36,1.64210081156742e+36,1.69057097139236e+36,2.09173869842559e+34,2.11264136331531e+34,2.17420279013881e+34
49.8,1.64060816973394e+36,1.65720797363292e+36,1.70611103229129e+36,1.61976730266649e+36,1.63615886121626e+36,1.68444860793803e+36,2.08408670674474e+34,2.10491124166613e+34,2.16624243532663e+34
49.9,1.63468509751049e+36,1.65122328287364e+36,1.69994469142473e+36,1.61392030844705e+36,1.63025102519759e+36,1.67836141069363e+36,2.07647890634412e+34,2.0972257676049e+34,2.15832807311065e+34
50,1.62879595814299e+36,1.64527288338348e+36,1.69381369876984e+36,1.60810680862938e+36,1.62437703746674e+36,1.67230910533547e+36,2.06891495136102e+34,2.08958459167439e+34,2.15045934343699e+34
50.1,1.62294048755341e+36,1.63935650826967e+36,1.68771777913167e+36,1.60232654256004e+36,1.6185366345911e+36,1.66629142023371e+36,2.06139449933668e+34,2.08198736785688e+34,2.14263588979598e+34
50.2,1.6171184242512e+36,1.63347389325463e+36,1.68165666001233e+36,1.59657925213944e+36,1.61272955571929e+36,1.66030808642053e+36,2.05391721117605e+34,2.07443375353345e+34,2.13485735918023e+34
50.3,1.61132950930275e+36,1.62762477664513e+36,1.67563007157917e+36,1.59086468179167e+36,1.60695554255069e+36,1.65435883755873e+36,2.04648275110799e+34,2.06692340944377e+34,2.12712340204326e+34
50.4,1.60557348630129e+36,1.62180889930188e+36,1.66963774663338e+36,1.58518257843482e+36,1.60121433930541e+36,1.64844340991079e+36,2.03909078664615e+34,2.0594559996466e+34,2.11943367225869e+34
50.5,1.59985010133721e+36,1.61602600460955e+36,1.6636794205791e+36,1.57953269145171e+36,1.59550569269475e+36,1.6425615423083e+36,2.03174098855031e+34,2.05203119148067e+34,2.11178782707998e+34
50.6,1.59415910296883e+36,1.61027583844718e+36,1.65775483139287e+36,1.57391477266095e+36,1.58982935189191e+36,1.63671297612186e+36,2.02443303078825e+34,2.0446486555262e+34,2.10418552710079e+34
50.7,1.58850024219349e+36,1.60455814915896e+36,1.65186371959355e+36,1.56832857628851e+36,1.58418506850329e+36,1.63089745523139e+36,2.01716659049816e+34,2.03730806556691e+34,2.09662643621579e+34
50.8,1.58287327241909e+36,1.59887268752551e+36,1.64600582821263e+36,1.56277385893957e+36,1.57857259653998e+36,1.62511472599681e+36,2.00994134795158e+34,2.03000909855255e+34,2.08911022158206e+34
50.9,1.57727794943601e+36,1.59321920673545e+36,1.64018090276496e+36,1.55725037957084e+36,1.57299169238983e+36,1.61936453722915e+36,2.00275698651682e+34,2.02275143456193e+34,2.08163655358103e+34
51,1.5717140313894e+36,1.58759746235743e+36,1.63438869121983e+36,1.55175789946317e+36,1.56744211478977e+36,1.61364664016202e+36,1.99561319262286e+34,2.01553475676649e+34,2.07420510578088e+34
51.1,1.56618127875185e+36,1.58200721231248e+36,1.62862894397254e+36,1.54629618219461e+36,1.56192362479853e+36,1.60796078842354e+36,1.98850965572379e+34,2.00835875139435e+34,2.06681555489951e+34
51.2,1.56067945429643e+36,1.57644821684675e+36,1.62290141381623e+36,1.5408649936138e+36,1.5564359857698e+36,1.60230673800856e+36,1.98144606826371e+34,2.00122310769481e+34,2.05946758076798e+34
51.3,1.55520832307013e+36,1.57092023850468e+36,1.61720585591424e+36,1.5354641018137e+36,1.55097896332565e+36,1.59668424725129e+36,1.97442212564209e+34,1.99412751790335e+34,2.05216086629443e+34
51.4,1.54976765236755e+36,1.56542304210246e+36,1.61154202777265e+36,1.53009327710576e+36,1.54555232533039e+36,1.59109307679837e+36,1.96743752617963e+34,1.9870716772072e+34,2.04489509742856e+34
51.5,1.54435721170513e+36,1.55995639470185e+36,1.60590968921342e+36,1.52475229199428e+36,1.54015584186474e+36,1.58553298958216e+36,1.96049197108454e+34,1.98005528371119e+34,2.0376699631265e+34
51.6,1.5389767727955e+36,1.5545200655844e+36,1.60030860234767e+36,1.51944092115131e+36,1.53478928520036e+36,1.58000375079451e+36,1.95358516441934e+34,1.97307803840422e+34,2.03048515531622e+34
51.7,1.53362610952238e+36,1.54911382622598e+36,1.59473853154948e+36,1.5141589413917e+36,1.52945242977472e+36,1.57450512786085e+36,1.94671681306802e+34,1.96613964512612e+34,2.02334036886337e+34
51.8,1.5283049979157e+36,1.54373745027165e+36,1.58919924342997e+36,1.50890613164866e+36,1.5241450521663e+36,1.56903689041459e+36,1.93988662670371e+34,1.95923981053495e+34,2.0162353015376e+34
51.9,1.52301321612705e+36,1.53839071351092e+36,1.58369050681172e+36,1.50368227294948e+36,1.51886693107017e+36,1.56359881027192e+36,1.93309431775678e+34,1.95237824407472e+34,2.00916965397931e+34
52,1.51775054440552e+36,1.53307339385323e+36,1.57821209270356e+36,1.49848714839169e+36,1.51361784727379e+36,1.55819066140689e+36,1.92633960138326e+34,1.9455546579436e+34,2.00214312966686e+34
52.1,1.51251676507385e+36,1.52778527130387e+36,1.5727637742757e+36,1.49332054311951e+36,1.50839758363324e+36,1.55281221992686e+36,1.91962219543387e+34,1.93876876706248e+34,1.99515543488418e+34
52.2,1.50731166250482e+36,1.52252612794016e+36,1.56734532683514e+36,1.48818224430058e+36,1.50320592504972e+36,1.54746326404826e+36,1.91294182042327e+34,1.93202028904402e+34,1.98820627868889e+34
52.3,1.50213502309804e+36,1.51729574788797e+36,1.5619565278015e+36,1.48307204110304e+36,1.49804265844635e+36,1.54214357407269e+36,1.90629819949984e+34,1.92530894416205e+34,1.98129537288074e+34
52.4,1.49698663525702e+36,1.51209391729851e+36,1.55659715668303e+36,1.47798972467287e+36,1.4929075727453e+36,1.53685293236332e+36,1.89969105841584e+34,1.91863445532143e+34,1.97442243197057e+34
52.5,1.49186628936656e+36,1.5069204243255e+36,1.5512669950531e+36,1.47293508811158e+36,1.48780045884522e+36,1.5315911233216e+36,1.8931201254979e+34,1.91199654802824e+34,1.96758717314958e+34
52.6,1.48677377777037e+36,1.50177505910256e+36,1.54596582652686e+36,1.46790792645419e+36,1.48272110959895e+36,1.52635793336427e+36,1.88658513161802e+34,1.90539495036046e+34,1.96078931625911e+34
52.7,1.48170889474905e+36,1.49665761372095e+36,1.54069343673831e+36,1.4629080366474e+36,1.47766931979156e+36,1.5211531509007e+36,1.88008581016482e+34,1.89882939293896e+34,1.95402858376077e+34
52.8,1.47667143649837e+36,1.4915678822076e+36,1.53544961331759e+36,1.45793521752821e+36,1.47264488611861e+36,1.51597656631052e+36,1.8736218970153e+34,1.89229960889887e+34,1.94730470070691e+34
52.9,1.47173265415497e+36,1.48650595491991e+36,1.53023414586865e+36,1.45306072284991e+36,1.46764790158129e+36,1.51082797192154e+36,1.86719313050683e+34,1.88580533386141e+34,1.94061739471159e+34
53,1.46690424527856e+36,1.48162734306311e+36,1.52504682594712e+36,1.44829625276446e+36,1.46283388000405e+36,1.5057071619879e+36,1.86079925140962e+34,1.87934630590598e+34,1.93396639592185e+34
53.1,1.46210161684789e+36,1.47677478430266e+36,1.5199970816552e+36,1.44355721681889e+36,1.45804556164723e+36,1.50072356728531e+36,1.85444000289952e+34,1.87292226554268e+34,1.92735143698936e+34
53.2,1.45732458096253e+36,1.47194808873051e+36,1.51502398007862e+36,1.43884342965722e+36,1.45328275917366e+36,1.4958162575482e+36,1.84811513053112e+34,1.86653295568518e+34,1.92077225304246e+34
53.3,1.45257295145003e+36,1.4671470681852e+36,1.51007734586975e+36,1.43415470762792e+36,1.44854528696896e+36,1.49093506005316e+36,1.84182438221126e+34,1.86017812162391e+34,1.91422858165858e+34
53.4,1.44784654384675e+36,1.46237153623246e+36,1.50515698678109e+36,1.42949086876502e+36,1.44383296112246e+36,1.48607978515272e+36,1.83556750817289e+34,1.85385751099965e+34,1.90772016283695e+34
53.5,1.44314517537895e+36,1.45762130814611e+36,1.50026271232688e+36,1.42485173276946e+36,1.43914559940833e+36,1.48125024493716e+36,1.82934426094922e+34,1.84757087377742e+34,1.90124673897176e+34
53.6,1.43846866494419e+36,1.45289620088921e+36,1.49539433376363e+36,1.42023712099071e+36,1.434483021267e+36,1.47644625321538e+36,1.82315439534825e+34,1.84131796222076e+34,1.89480805482561e+34
53.7,1.43381683309286e+36,1.44819603309545e+36,1.49055166407094e+36,1.41564685640859e+36,1.42984504778679e+36,1.4716676254959e+36,1.81699766842763e+34,1.83509853086627e+34,1.8884038575033e+34
53.8,1.42918950201003e+36,1.4435206250508e+36,1.4857345179325e+36,1.41108076361533e+36,1.42523150168581e+36,1.46691417896824e+36,1.8108738394698e+34,1.82891233649856e+34,1.88203389642599e+34
53.9,1.42458649549749e+36,1.43886979867531e+36,1.48094271171745e+36,1.40653866879792e+36,1.42064220729405e+36,1.4621857324844e+36,1.8047826699575e+34,1.82275913812546e+34,1.87569792330567e+34
54,1.42000763895608e+36,1.43424337750526e+36,1.47617606346186e+36,1.40202039972058e+36,1.41607699053573e+36,1.45748210654066e+36,1.79872392354955e+34,1.81663869695358e+34,1.86939569211998e+34
54.1,1.41545275936813e+36,1.42964118667549e+36,1.47143439285049e+36,1.39752578570756e+36,1.41153567891185e+36,1.45280312325961e+36,1.792697366057e+34,1.81055077636415e+34,1.86312695908733e+34
54.2,1.41092168528029e+36,1.42506305290189e+36,1.46671752119884e+36,1.3930546576261e+36,1.407018101483e+36,1.44814860637242e+36,1.78670276541951e+34,1.80449514188923e+34,1.85689148264234e+34
54.3,1.40641424678641e+36,1.42050880446424e+36,1.46202527143535e+36,1.38860684786959e+36,1.40252408885236e+36,1.44351838120123e+36,1.78073989168209e+34,1.79847156118814e+34,1.85068902341157e+34
54.4,1.40193027551074e+36,1.41597827118918e+36,1.45735746808384e+36,1.38418219034101e+36,1.39805347314893e+36,1.43891227464195e+36,1.7748085169721e+34,1.79247980402429e+34,1.84451934418967e+34
54.5,1.39746960459133e+36,1.4114712844334e+36,1.45271393724624e+36,1.37978052043656e+36,1.39360608801098e+36,1.43433011514708e+36,1.7689084154766e+34,1.78651964224222e+34,1.83838220991566e+34
54.6,1.39303206866363e+36,1.40698767706709e+36,1.44809450658542e+36,1.37540167502943e+36,1.38918176856964e+36,1.42977173270892e+36,1.7630393634199e+34,1.78059084974495e+34,1.83227738764967e+34
54.7,1.38861750384428e+36,1.40252728345757e+36,1.44349900530838e+36,1.37104549245386e+36,1.38478035143285e+36,1.42523695884288e+36,1.75720113904149e+34,1.77469320247171e+34,1.82620464654989e+34
54.8,1.38422574771513e+36,1.39808993945309e+36,1.43892726414952e+36,1.36671181248939e+36,1.38040167466933e+36,1.42072562657102e+36,1.75139352257421e+34,1.76882647837578e+34,1.82016375784984e+34
54.9,1.37985663930748e+36,1.39367548236693e+36,1.43437911535422e+36,1.36240047634525e+36,1.37604557779291e+36,1.41623757040586e+36,1.74561629622265e+34,1.76299045740281e+34,1.81415449483593e+34
55,1.37551001908642e+36,1.38928375096162e+36,1.42985439266256e+36,1.358111326645e+36,1.37171190174693e+36,1.41177262633431e+36,1.73986924414191e+34,1.75718492146923e+34,1.80817663282529e+34
55.1,1.37118572893553e+36,1.38491458543336e+36,1.4253529312933e+36,1.35384420741136e+36,1.36740048888895e+36,1.40733063180186e+36,1.73415215241654e+34,1.75140965444105e+34,1.8022299491439e+34
55.2,1.36688361214161e+36,1.38056782739668e+36,1.42087456792798e+36,1.34959896405121e+36,1.36311118297555e+36,1.40291142569693e+36,1.72846480903981e+34,1.74566444211286e+34,1.79631422310494e+34
55.3,1.36260351337971e+36,1.37624331986928e+36,1.41641914069534e+36,1.34537544334078e+36,1.35884382914741e+36,1.39851484833547e+36,1.72280700389319e+34,1.73994907218716e+34,1.79042923598748e+34
55.4,1.3583452786983e+36,1.37194090725703e+36,1.41198648915583e+36,1.34117349341104e+36,1.35459827391449e+36,1.39414074144568e+36,1.71717852872616e+34,1.73426333425388e+34,1.7845747710154e+34
55.5,1.35410875550462e+36,1.36766043533917e+36,1.40757645428634e+36,1.33699296373326e+36,1.35037436514147e+36,1.38978894815298e+36,1.71157917713617e+34,1.7286070197702e+34,1.77875061333658e+34
55.6,1.34989379255024e+36,1.36340175125372e+36,1.40318887846516e+36,1.33283370510475e+36,1.34617195203331e+36,1.38545931296514e+36,1.70600874454895e+34,1.72297992204059e+34,1.77295655000235e+34
55.7,1.34570023991681e+36,1.35916470348304e+36,1.39882360545706e+36,1.32869556963482e+36,1.34199088512107e+36,1.38115168175759e+36,1.70046702819902e+34,1.71738183619717e+34,1.76719236994722e+34
55.8,1.34152794900189e+36,1.3549491418396e+36,1.39448048039863e+36,1.32457841073079e+36,1.3378310162478e+36,1.37686590175894e+36,1.69495382711044e+34,1.71181255918025e+34,1.76145786396881e+34
55.9,1.33737677250512e+36,1.35075491745187e+36,1.39015934978374e+36,1.32048208308435e+36,1.33369219855468e+36,1.37260182153666e+36,1.6894689420778e+34,1.70627188971908e+34,1.7557528247081e+34
56,1.33324656441441e+36,1.34658188275046e+36,1.38586006144922e+36,1.31640644265794e+36,1.32957428646734e+36,1.36835929098292e+36,1.68401217564746e+34,1.70075962831297e+34,1.75007704662987e+34
56.1,1.32913717999237e+36,1.34242989145438e+36,1.38158246456068e+36,1.31235134667138e+36,1.32547713568225e+36,1.36413816130065e+36,1.67858333209899e+34,1.69527557721245e+34,1.74443032600339e+34
56.2,1.3250484757629e+36,1.33829879855745e+36,1.37732640959853e+36,1.30831665358863e+36,1.32140060315344e+36,1.3599382849897e+36,1.6731822174269e+34,1.68981954040085e+34,1.73881246088337e+34
56.3,1.32098030949794e+36,1.33418846031496e+36,1.37309174834419e+36,1.30430222310472e+36,1.3173445470792e+36,1.35575951583328e+36,1.6678086393225e+34,1.68439132357602e+34,1.7332232510911e+34
56.4,1.31693254020442e+36,1.33009873423043e+36,1.36887833386642e+36,1.30030791613286e+36,1.31330882688911e+36,1.35160170888447e+36,1.66246240715608e+34,1.67899073413222e+34,1.72766249819587e+34
56.5,1.31290502811126e+36,1.32602947904252e+36,1.36468602050785e+36,1.29633359479167e+36,1.3092933032311e+36,1.34746472045288e+36,1.65714333195925e+34,1.67361758114236e+34,1.72213000549662e+34
56.6,1.30889763465668e+36,1.32198055471215e+36,1.36051466387167e+36,1.2923791223926e+36,1.30529783795874e+36,1.34334840809163e+36,1.65185122640757e+34,1.66827167534039e+34,1.71662557800375e+34
56.7,1.30491022247553e+36,1.31795182240972e+36,1.35636412080849e+36,1.2884443634275e+36,1.30132229411868e+36,1.33925263058427e+36,1.64658590480325e+34,1.66295282910389e+34,1.71114902242126e+34
56.8,1.30094265538688e+36,1.31394314450259e+36,1.35223424940333e+36,1.2845291835563e+36,1.29736653593822e+36,1.33517724793204e+36,1.64134718305824e+34,1.6576608564369e+34,1.70570014712903e+34
56.9,1.29699479838167e+36,1.30995438454255e+36,1.34812490896282e+36,1.2806334495949e+36,1.29343042881302e+36,1.33112212134117e+36,1.6361348786774e+34,1.65239557295296e+34,1.7002787621653e+34
57,1.29306651761061e+36,1.30598540725361e+36,1.34403596000251e+36,1.27675702950319e+36,1.28951383929502e+36,1.32708711321042e+36,1.63094881074188e+34,1.64715679585834e+34,1.69488467920948e+34
57.1,1.28915768037211e+36,1.3020360785198e+36,1.33996726423434e+36,1.27289979237318e+36,1.28561663508045e+36,1.32307208711869e+36,1.62578879989279e+34,1.64194434393549e+34,1.68951771156497e+34
57.2,1.28526815510045e+36,1.29810626537325e+36,1.33591868455428e+36,1.2690616084173e+36,1.28173868499798e+36,1.31907690781286e+36,1.62065466831494e+34,1.63675803752665e+34,1.68417767414243e+34
57.3,1.28139781135408e+36,1.29419583598226e+36,1.33189008503013e+36,1.26524234895687e+36,1.27787985899709e+36,1.3151014411957e+36,1.61554623972092e+34,1.63159769851772e+34,1.678864383443e+34
57.4,1.277546519804e+36,1.29030465963968e+36,1.32788133088941e+36,1.26144188641065e+36,1.27404002813646e+36,1.31114555431399e+36,1.61046333933527e+34,1.6264631503223e+34,1.67357765754194e+34
57.5,1.27371415222234e+36,1.28643260675128e+36,1.32389228850748e+36,1.25766009428355e+36,1.27021906457262e+36,1.30720911534675e+36,1.60540579387886e+34,1.62135421786589e+34,1.66831731607235e+34
57.6,1.26990058147106e+36,1.28257954882437e+36,1.3199228253957e+36,1.25389684715552e+36,1.26641684154866e+36,1.3032919935936e+36,1.60037343155351e+34,1.61627072757038e+34,1.66308318020914e+34
57.7,1.26610568149078e+36,1.27874535845648e+36,1.31597281018984e+36,1.25015202067052e+36,1.26263323338309e+36,1.2993940594633e+36,1.59536608202673e+34,1.61121250733857e+34,1.65787507265311e+34
57.8,1.26232932728978e+36,1.27492990932425e+36,1.31204211263855e+36,1.24642549152561e+36,1.25886811545886e+36,1.29551518446239e+36,1.5903835764167e+34,1.60617938653904e+34,1.65269281761538e+34
57.9,1.25857139493301e+36,1.27113307617239e+36,1.30813060359201e+36,1.24271713746024e+36,1.25512136421248e+36,1.29165524118399e+36,1.58542574727734e+34,1.60117119599109e+34,1.6475362408018e+34
58,1.25483176153144e+36,1.26735473480276e+36,1.30423815499069e+36,1.23902683724561e+36,1.25139285712327e+36,1.28781410329672e+36,1.58049242858367e+34,1.59618776794988e+34,1.64240516939775e+34
58.1,1.25111030523133e+36,1.26359476206369e+36,1.30036463985426e+36,1.23535447067415e+36,1.24768247270277e+36,1.28399164553373e+36,1.57558345571728e+34,1.59122893609176e+34,1.63729943205292e+34
58.2,1.24740690520372e+36,1.25985303583927e+36,1.29650993227062e+36,1.2316999185492e+36,1.24399009048427e+36,1.28018774368195e+36,1.57069866545195e+34,1.58629453549981e+34,1.63221885886645e+34
58.3,1.24372144163411e+36,1.2561294350389e+36,1.29267390738506e+36,1.22806306267471e+36,1.2403155910124e+36,1.27640227457134e+36,1.56583789593954e+34,1.58138440264948e+34,1.62716328137214e+34
58.4,1.2400537957121e+36,1.2524238395869e+36,1.28885644138959e+36,1.22444378584514e+36,1.23665885583295e+36,1.27263511606435e+36,1.56100098669593e+34,1.57649837539447e+34,1.62213253252388e+34
58.5,1.23640384962131e+36,1.24873613041224e+36,1.28505741151232e+36,1.22084197183544e+36,1.23301976748271e+36,1.26888614704551e+36,1.55618777858724e+34,1.57163629295276e+34,1.61712644668125e+34
58.6,1.23277148652933e+36,1.24506618943842e+36,1.28127669600704e+36,1.21725750539117e+36,1.2293982094795e+36,1.26515524741109e+36,1.55139811381612e+34,1.56679799589275e+34,1.61214485959527e+34
58.7,1.22915659057781e+36,1.24141389957346e+36,1.27751417414286e+36,1.21369027221873e+36,1.22579406631227e+36,1.26144229805891e+36,1.54663183590826e+34,1.56198332611968e+34,1.60718760839435e+34
58.8,1.22555904687267e+36,1.23777914469998e+36,1.27376972619401e+36,1.21014015897568e+36,1.22220722343136e+36,1.25774718087831e+36,1.54188878969901e+34,1.55719212686204e+34,1.60225453157039e+34
58.9,1.22197874147443e+36,1.23416180966545e+36,1.27004323342978e+36,1.20660705326123e+36,1.21863756723887e+36,1.25406977874013e+36,1.53716882132017e+34,1.55242424265832e+34,1.59734546896501e+34
59,1.21841556138864e+36,1.23056178027249e+36,1.26633457810451e+36,1.20309084360677e+36,1.21508498507906e+36,1.25040997548695e+36,1.53247177818701e+34,1.54767951934376e+34,1.59246026175598e+34
59.1,1.21486939455643e+36,1.22697894326936e+36,1.26264364344778e+36,1.19959141946658e+36,1.21154936522898e+36,1.24676765592334e+36,1.52779750898532e+34,1.54295780403738e+34,1.58759875244381e+34
59.2,1.21134012984519e+36,1.22341318634046e+36,1.2589703136546e+36,1.1961086712086e+36,1.20803059688917e+36,1.24314270580622e+36,1.52314586365871e+34,1.53825894512911e+34,1.58276078483848e+34
59.3,1.20782765703929e+36,1.21986439809706e+36,1.25531447387588e+36,1.19264249010533e+36,1.20452857017439e+36,1.23953501183542e+36,1.51851669339604e+34,1.53358279226706e+34,1.57794620404635e+34
59.4,1.20433186683103e+36,1.21633246806805e+36,1.25167601020884e+36,1.18919276832484e+36,1.2010431761046e+36,1.23594446164427e+36,1.51390985061893e+34,1.52892919634496e+34,1.57315485645721e+34
59.5,1.20085265081155e+36,1.21281728669084e+36,1.24805480968765e+36,1.18575939892185e+36,1.19757430659594e+36,1.23237094379034e+36,1.50932518896955e+34,1.52429800948974e+34,1.56838658973148e+34
59.6,1.19738990146195e+36,1.2093187453023e+36,1.24445076027413e+36,1.18234227582897e+36,1.19412185445181e+36,1.22881434774626e+36,1.50476256329838e+34,1.51968908504923e+34,1.56364125278754e+34
59.7,1.1939435121445e+36,1.20583673612995e+36,1.24086375084856e+36,1.17894129384798e+36,1.19068571335415e+36,1.22527456389067e+36,1.50022182965222e+34,1.51510227758006e+34,1.55891869578927e+34
59.8,1.1905133770939e+36,1.20237115228306e+36,1.23729367120061e+36,1.17555634864128e+36,1.1872657778547e+36,1.22175148349927e+36,1.49570284526235e+34,1.51053744283562e+34,1.55421877013361e+34
59.9,1.18709939140869e+36,1.19892188774401e+36,1.23374041202035e+36,1.17218733672336e+36,1.18386194336647e+36,1.21824499873596e+36,1.49120546853277e+34,1.50599443775422e+34,1.54954132843841e+34
60,1.18370145104274e+36,1.19548883735971e+36,1.23020386488941e+36,1.16883415545245e+36,1.18047410615523e+36,1.21475500264411e+36,1.48672955902862e+34,1.5014731204474e+34,1.54488622453033e+34
60.1,1.18031945279684e+36,1.19207189683301e+36,1.22668392227219e+36,1.16549670302219e+36,1.17710216333113e+36,1.21128138913786e+36,1.4822749774647e+34,1.49697335018832e+34,1.5402533134329e+34
60.2,1.17695329431039e+36,1.18867096271442e+36,1.2231804775072e+36,1.16217487845345e+36,1.17374601284042e+36,1.20782405299366e+36,1.47784158569419e+34,1.49249498740033e+34,1.53564245135473e+34
60.3,1.17360287405319e+36,1.18528593239369e+36,1.21969342479851e+36,1.15886858158622e+36,1.17040555345724e+36,1.20438288984173e+36,1.47342924669738e+34,1.48803789364565e+34,1.53105349567789e+34
60.4,1.1702680913173e+36,1.18191670409168e+36,1.21622265920725e+36,1.15557771307159e+36,1.16708068477554e+36,1.20095779615779e+36,1.46903782457064e+34,1.48360193161418e+34,1.52648630494632e+34
60.5,1.166948846209e+36,1.17856317685219e+36,1.21276807664325e+36,1.15230217436384e+36,1.16377130720107e+36,1.19754866925471e+36,1.46466718451548e+34,1.47918696511241e+34,1.52194073885446e+34
60.6,1.1636450396409e+36,1.17522525053398e+36,1.20932957385678e+36,1.14904186771262e+36,1.16047732194345e+36,1.19415540727442e+36,1.46031719282768e+34,1.47479285905254e+34,1.51741665823599e+34
60.7,1.16035657332403e+36,1.17190282580279e+36,1.20590704843034e+36,1.14579669615516e+36,1.15719863100837e+36,1.19077790917982e+36,1.45598771688663e+34,1.47041947944162e+34,1.51291392505268e+34
60.8,1.15708334976014e+36,1.16859580412354e+36,1.20250039877059e+36,1.14256656350869e+36,1.15393513718984e+36,1.18741607474676e+36,1.45167862514476e+34,1.4660666933709e+34,1.50843240238336e+34
60.9,1.15382527223397e+36,1.16530408775257e+36,1.19910952410035e+36,1.1393513743628e+36,1.15068674406252e+36,1.18406980455622e+36,1.44738978711711e+34,1.46173436900528e+34,1.50397195441308e+34
61,1.15058224480573e+36,1.16202757972993e+36,1.19573432445068e+36,1.13615103407202e+36,1.1474533559742e+36,1.18073899998645e+36,1.44312107337095e+34,1.45742237557283e+34,1.49953244642236e+34
61.1,1.14735417230352e+36,1.15876618387186e+36,1.19237470065309e+36,1.13296544874836e+36,1.14423487803831e+36,1.17742356320532e+36,1.43887235551559e+34,1.45313058335451e+34,1.49511374477648e+34
61.2,1.144140960316e+36,1.15551980476325e+36,1.18903055433177e+36,1.12979452525408e+36,1.14103121612651e+36,1.17412339716262e+36,1.43464350619228e+34,1.44885886367395e+34,1.49071571691508e+34
61.3,1.14094251518502e+36,1.15228834775026e+36,1.18570178789601e+36,1.12663817119437e+36,1.13784227686139e+36,1.17083840558259e+36,1.4304343990642e+34,1.44460708888731e+34,1.48633823134164e+34
61.4,1.13775874399836e+36,1.149071718933e+36,1.18238830453256e+36,1.12349629491029e+36,1.13466796760927e+36,1.16756849295642e+36,1.4262449088066e+34,1.44037513237337e+34,1.48198115761327e+34
61.5,1.13458955458261e+36,1.14586982515828e+36,1.17909000819824e+36,1.12036880547164e+36,1.13150819647304e+36,1.16431356453493e+36,1.42207491109704e+34,1.43616286852363e+34,1.47764436633052e+34
61.6,1.13143485549605e+36,1.14268257401241e+36,1.17580680361252e+36,1.11725561266999e+36,1.12836287228509e+36,1.16107352632124e+36,1.41792428260573e+34,1.43197017273255e+34,1.47332772912733e+34
61.7,1.12829455602165e+36,1.1395098738142e+36,1.17253859625021e+36,1.11415662701179e+36,1.12523190460032e+36,1.1578482850636e+36,1.41379290098603e+34,1.42779692138795e+34,1.46903111866111e+34
61.8,1.12516856616013e+36,1.13635163360788e+36,1.16928529233426e+36,1.11107175971148e+36,1.12211520368927e+36,1.15463774824823e+36,1.40968064486495e+34,1.42364299186146e+34,1.46475440860289e+34
61.9,1.12205679662317e+36,1.13320776315622e+36,1.1660467988286e+36,1.10800092268483e+36,1.11901268053123e+36,1.15144182409232e+36,1.40558739383386e+34,1.41950826249908e+34,1.46049747362768e+34
62,1.11895915882655e+36,1.13007817293368e+36,1.16282302343108e+36,1.10494402854216e+36,1.11592424680756e+36,1.14826042153703e+36,1.40151302843927e+34,1.41539261261184e+34,1.45626018940477e+34
62.1,1.11587556488353e+36,1.12696277411962e+36,1.1596138745665e+36,1.1019009905818e+36,1.11284981489496e+36,1.14509345024062e+36,1.39745743017365e+34,1.4112959224666e+34,1.45204243258826e+34
62.2,1.11280592759819e+36,1.12386147859165e+36,1.1564192613797e+36,1.09887172278353e+36,1.10978929785888e+36,1.14194082057162e+36,1.39342048146646e+34,1.40721807327696e+34,1.4478440808077e+34
62.3,1.10975016045889e+36,1.12077419891896e+36,1.15323909372873e+36,1.09585613980214e+36,1.10674260944702e+36,1.13880244360214e+36,1.38940206567522e+34,1.40315894719418e+34,1.44366501265874e+34
62.4,1.10670817763177e+36,1.11770084835582e+36,1.15007328217811e+36,1.092854156961e+36,1.10370966408283e+36,1.13567823110117e+36,1.38540206707669e+34,1.39911842729836e+34,1.43950510769401e+34
62.5,1.10367989395439e+36,1.11464134083504e+36,1.14692173799214e+36,1.0898656902458e+36,1.10069037685914e+36,1.132568095528e+36,1.38142037085815e+34,1.39509639758955e+34,1.435364246414e+34
62.6,1.10066522492935e+36,1.11159559096165e+36,1.1437843731283e+36,1.08689065629826e+36,1.09768466353185e+36,1.12947195002572e+36,1.37745686310877e+34,1.39109274297907e+34,1.4312423102581e+34
62.7,1.09766408671806e+36,1.1085635140065e+36,1.14066110023072e+36,1.08392897240995e+36,1.09469244051369e+36,1.12638970841476e+36,1.37351143081108e+34,1.38710734928088e+34,1.42713918159572e+34
62.8,1.09467639613453e+36,1.10554502590006e+36,1.13755183262372e+36,1.08098055651621e+36,1.09171362486803e+36,1.12332128518654e+36,1.36958396183249e+34,1.38314010320304e+34,1.42305474371747e+34
62.9,1.09170207063926e+36,1.10254004322616e+36,1.13445648430542e+36,1.07804532719009e+36,1.08874813430277e+36,1.12026659549716e+36,1.36567434491701e+34,1.3791908923393e+34,1.41898888082651e+34
63,1.08874102833313e+36,1.09954848321592e+36,1.13137496994144e+36,1.07512320363637e+36,1.08579588716432e+36,1.11722555516114e+36,1.36178246967696e+34,1.37525960516074e+34,1.41494147802991e+34
63.1,1.08579318795148e+36,1.09657026374167e+36,1.12830720485864e+36,1.07221410568563e+36,1.08285680243159e+36,1.11419808064534e+36,1.35790822658484e+34,1.37134613100755e+34,1.41091242133021e+34
63.2,1.0828584688581e+36,1.09360530331094e+36,1.12525310503891e+36,1.06931795378845e+36,1.07993079971013e+36,1.11118408906274e+36,1.35405150696525e+34,1.36745036008089e+34,1.40690159761699e+34
63.3,1.07993679103944e+36,1.09065352106055e+36,1.12221258711312e+36,1.06643466900957e+36,1.0770177992262e+36,1.10818349816653e+36,1.35021220298686e+34,1.36357218343476e+34,1.40290889465857e+34
63.4,1.07702807509874e+36,1.08771483675076e+36,1.11918556835501e+36,1.0635641730222e+36,1.07411772182108e+36,1.10519622634407e+36,1.3463902076546e+34,1.35971149296809e+34,1.39893420109378e+34
63.5,1.07413224225037e+36,1.08478917075945e+36,1.11617196667524e+36,1.06070638810236e+36,1.07123048894528e+36,1.102222192611e+36,1.34258541480173e+34,1.35586818141678e+34,1.39497740642382e+34
63.6,1.0712492143141e+36,1.08187644407639e+36,1.11317170061547e+36,1.05786123712327e+36,1.06835602265293e+36,1.09926131660542e+36,1.33879771908225e+34,1.35204214234596e+34,1.39103840100423e+34
63.7,1.06837891370949e+36,1.07897657829757e+36,1.11018468934251e+36,1.05502864354986e+36,1.06549424559615e+36,1.09631351858214e+36,1.33502701596317e+34,1.34823327014221e+34,1.38711707603691e+34
63.8,1.06552126345038e+36,1.07608949561962e+36,1.10721085264255e+36,1.05220853143321e+36,1.06264508101956e+36,1.09337871940693e+36,1.33127320171698e+34,1.34444146000601e+34,1.38321332356229e+34
63.9,1.06267618713936e+36,1.07321511883419e+36,1.10425011091541e+36,1.04940082540522e+36,1.05980845275475e+36,1.09045684055089e+36,1.32753617341418e+34,1.34066660794409e+34,1.37932703645153e+34
64,1.05984360896237e+36,1.07035337132253e+36,1.10130238516887e+36,1.04660545067321e+36,1.05698428521491e+36,1.08754780408488e+36,1.32381582891591e+34,1.33690861076204e+34,1.37545810839886e+34
64.1,1.05702345368328e+36,1.06750417705003e+36,1.09836759701311e+36,1.04382233301461e+36,1.05417250338946e+36,1.08465153267397e+36,1.32011206686656e+34,1.33316736605685e+34,1.37160643391387e+34
64.2,1.05421564663861e+36,1.06466746056083e+36,1.09544566865515e+36,1.04105139877174e+36,1.05137303283873e+36,1.08176794957201e+36,1.3164247866866e+34,1.32944277220966e+34,1.36777190831408e+34
64.3,1.05142011373229e+36,1.06184314697252e+36,1.09253652289333e+36,1.03829257484663e+36,1.04858579968874e+36,1.07889697861615e+36,1.31275388856539e+34,1.32573472837846e+34,1.36395442771741e+34
64.4,1.04863678143041e+36,1.05903116197092e+36,1.08964008311195e+36,1.03554578869587e+36,1.04581073062601e+36,1.0760385442216e+36,1.30909927345416e+34,1.32204313449102e+34,1.36015388903485e+34
64.5,1.04586557675612e+36,1.05623143180483e+36,1.08675627327586e+36,1.03281096832553e+36,1.04304775289245e+36,1.07319257137623e+36,1.30546084305893e+34,1.31836789123776e+34,1.35637018996317e+34
64.6,1.04310642728451e+36,1.05344388328089e+36,1.08388501792519e+36,1.03008804228617e+36,1.04029679428024e+36,1.07035898563542e+36,1.30183849983362e+34,1.31470890006478e+34,1.35260322897772e+34
64.7,1.04035926113759e+36,1.05066844375852e+36,1.08102624217008e+36,1.02737693966786e+36,1.03755778312685e+36,1.06753771311683e+36,1.2982321469732e+34,1.31106606316688e+34,1.34885290532523e+34
64.8,1.0376240069793e+36,1.04790504114486e+36,1.07817987168547e+36,1.02467759009523e+36,1.03483064831005e+36,1.0647286804953e+36,1.29464168840687e+34,1.30743928348075e+34,1.34511911901684e+34
64.9,1.03490059401056e+36,1.04515360388979e+36,1.075345832706e+36,1.02198992372265e+36,1.03211531924301e+36,1.06193181499778e+36,1.29106702879143e+34,1.30382846467822e+34,1.34140177082103e+34
65,1.03218895196445e+36,1.042414060981e+36,1.07252405202088e+36,1.01931387122941e+36,1.0294117258694e+36,1.05914704439832e+36,1.28750807350454e+34,1.30023351115948e+34,1.33770076225674e+34
65.1,1.02948901110132e+36,1.03968634193911e+36,1.06971445696893e+36,1.01664936381494e+36,1.02671979865864e+36,1.05637429701306e+36,1.28396472863827e+34,1.29665432804651e+34,1.33401599558659e+34
65.2,1.02680070220406e+36,1.03697037681286e+36,1.0669169754335e+36,1.01399633319413e+36,1.0240394686011e+36,1.0536135016954e+36,1.2804369009925e+34,1.29309082117651e+34,1.33034737381003e+34
65.3,1.02412395657335e+36,1.03426609617434e+36,1.06413153583764e+36,1.01135471159266e+36,1.02137066720339e+36,1.05086458783108e+36,1.27692449806856e+34,1.28954289709537e+34,1.32669480065673e+34
65.4,1.02145870602301e+36,1.03157343111422e+36,1.06135806713919e+36,1.00872443174238e+36,1.01871332648371e+36,1.04812748533339e+36,1.27342742806283e+34,1.28601046305126e+34,1.32305818057989e+34
65.5,1.01880488287536e+36,1.02889231323715e+36,1.05859649882595e+36,1.00610542687676e+36,1.01606737896726e+36,1.04540212463846e+36,1.26994559986047e+34,1.28249342698827e+34,1.31943741874971e+34
65.6,1.01616241995665e+36,1.02622267465704e+36,1.05584676091093e+36,1.00349763072635e+36,1.01343275768164e+36,1.04268843670046e+36,1.26647892302922e+34,1.27899169754016e+34,1.31583242104694e+34
65.7,1.01353125059251e+36,1.02356444799259e+36,1.05310878392761e+36,1.00090097751437e+36,1.01080939615235e+36,1.03998635298704e+36,1.26302730781319e+34,1.27550518402409e+34,1.31224309405643e+34
65.8,1.01091130860349e+36,1.02091756636266e+36,1.05038249892529e+36,9.98315401952226e+35,1.00819722839832e+36,1.03729580547468e+36,1.2595906651268e+34,1.27203379643449e+34,1.30866934506083e+34
65.9,1.00830252830065e+36,1.01828196338186e+36,1.04766783746445e+36,9.95740839235165e+35,1.00559618892749e+36,1.0346167266441e+36,1.25616890654872e+34,1.26857744543693e+34,1.30511108203425e+34
66,1.00570484448111e+36,1.01565757315608e+36,1.04496473161218e+36,9.93177225037954e+35,1.00300621273245e+36,1.03194904947582e+36,1.25276194431595e+34,1.26513604236214e+34,1.30156821363611e+34
66.1,1.00311819242377e+36,1.01304433027811e+36,1.04227311393766e+36,9.90624495510594e+35,1.00042723528611e+36,1.02929270744561e+36,1.24936969131787e+34,1.2617094992e+34,1.29804064920494e+34
66.2,1.00054250788499e+36,1.01044216982331e+36,1.03959291750769e+36,9.88082587274085e+35,9.97859192537375e+35,1.02664763452016e+36,1.24599206109044e+34,1.25829772859368e+34,1.29452829875232e+34
66.3,9.97977727094341e+35,1.00785102734533e+36,1.03692407588223e+36,9.85551437416237e+35,9.95302020906989e+35,1.02401376515266e+36,1.24262896781037e+34,1.25490064383378e+34,1.2910310729569e+34
66.4,9.9542378675041e+35,1.00527083887181e+36,1.03426652311005e+36,9.83030983487516e+35,9.92755657283281e+35,1.02139103427847e+36,1.23928032628945e+34,1.25151815885253e+34,1.28754888315837e+34
66.5,9.92880624016632e+35,1.00270154090022e+36,1.0316201937244e+36,9.80521163496943e+35,9.90220039018035e+35,1.01877937731089e+36,1.23594605196884e+34,1.24815018821809e+34,1.28408164135163e+34
66.6,9.90348176517167e+35,1.00014307039367e+36,1.02898502273868e+36,9.78021915908032e+35,9.87695103922385e+35,1.01617873013687e+36,1.23262606091351e+34,1.24479664712889e+34,1.28062926018092e+34
66.7,9.8782638233283e+35,9.97595364776828e+35,1.02636094564221e+36,9.75533179634763e+35,9.85180790262748e+35,1.01358902911287e+36,1.22932026980669e+34,1.24145745140804e+34,1.27719165293406e+34
66.8,9.85315179997051e+35,9.95058361931776e+35,1.02374789839602e+36,9.73054894037607e+35,9.82677036756799e+35,1.01101021106065e+36,1.22602859594436e+34,1.23813251749776e+34,1.27376873353673e+34
66.9,9.82814508491887e+35,9.92532000194035e+35,1.02114581742871e+36,9.70586998919589e+35,9.80183782569496e+35,1.00844221326324e+36,1.22275095722982e+34,1.2348217624539e+34,1.27036041654686e+34
67,9.80324307244072e+35,9.90016218348544e+35,1.01855463963228e+36,9.68129434522389e+35,9.77700967309139e+35,1.00588497346079e+36,1.21948727216836e+34,1.23152510394052e+34,1.26696661714897e+34
67.1,9.77844516121104e+35,9.87510955625714e+35,1.01597430235812e+36,9.65682141522485e+35,9.75228531023469e+35,1.00333842984664e+36,1.2162374598619e+34,1.22824246022454e+34,1.26358725114867e+34
67.2,9.75375075427377e+35,9.8501615169752e+35,1.01340474341292e+36,9.63245061027339e+35,9.72766414195817e+35,1.00080252106325e+36,1.21300144000375e+34,1.22497375017037e+34,1.26022223496718e+34
67.3,9.72915925900348e+35,9.82531746673623e+35,1.0108459010547e+36,9.60818134571615e+35,9.70314557741276e+35,9.98277186198344e+35,1.20977913287338e+34,1.22171889323468e+34,1.25687148563592e+34
67.4,9.70467008706749e+35,9.80057681097541e+35,1.00829771398888e+36,9.58401304113436e+35,9.67872903002929e+35,9.95762364780965e+35,1.20657045933128e+34,1.2184778094612e+34,1.25353492079112e+34
67.5,9.68028265438829e+35,9.77593895942857e+35,1.00576012136431e+36,9.55994512030691e+35,9.65441391748102e+35,9.93257996777626e+35,1.20337534081386e+34,1.21525041947555e+34,1.25021245866851e+34
67.6,9.65599638110639e+35,9.75140332609457e+35,1.00323306276947e+36,9.53597701117355e+35,9.63019966164656e+35,9.90764022588493e+35,1.20019369932842e+34,1.21203664448011e+34,1.24690401809806e+34
67.7,9.63181069154357e+35,9.72696932919821e+35,1.00071647822859e+36,9.51210814579876e+35,9.6060856885733e+35,9.88280383043602e+35,1.1970254574481e+34,1.20883640624906e+34,1.24360951849882e+34
67.8,9.60772501416647e+35,9.70263639115338e+35,9.98210308197854e+35,9.48833796033577e+35,9.58207142844105e+35,9.85807019399117e+35,1.19387053830696e+34,1.20564962712326e+34,1.24032887987371e+34
67.9,9.58373878155057e+35,9.67840393852668e+35,9.95714493561667e+35,9.46466589499106e+35,9.55815631552614e+35,9.83343873333622e+35,1.19072886559512e+34,1.20247623000541e+34,1.23706202280446e+34
68,9.5598514303446e+35,9.65427140200142e+35,9.93228975628924e+35,9.44109139398921e+35,9.53433978816591e+35,9.80890886944459e+35,1.18760036355385e+34,1.19931613835509e+34,1.23380886844655e+34
68.1,9.53606240123512e+35,9.63023821634185e+35,9.90753696129331e+35,9.41761390553803e+35,9.51062128872346e+35,9.78448002744089e+35,1.18448495697083e+34,1.19616927618392e+34,1.23056933852422e+34
68.2,9.51237113891173e+35,9.60630382035798e+35,9.8828859720977e+35,9.39423288179419e+35,9.48700026355289e+35,9.76015163656514e+35,1.18138257117536e+34,1.19303556805082e+34,1.22734335532554e+34
68.3,9.48877709203242e+35,9.58246765687054e+35,9.85833621430687e+35,9.37094777882905e+35,9.46347616296482e+35,9.73592313013712e+35,1.17829313203368e+34,1.18991493905716e+34,1.22413084169749e+34
68.4,9.46527971318934e+35,9.55872917267645e+35,9.83388711762532e+35,9.34775805659491e+35,9.44004844119224e+35,9.7117939455212e+35,1.17521656594431e+34,1.18680731484217e+34,1.22093172104113e+34
68.5,9.44187845887497e+35,9.53508781851455e+35,9.80953811582224e+35,9.32466317889162e+35,9.41671655635673e+35,9.68776352409156e+35,1.17215279983348e+34,1.18371262157819e+34,1.21774591730684e+34
68.6,9.41857278944854e+35,9.51154304903168e+35,9.78528864669657e+35,9.30166261333349e+35,9.39347997043507e+35,9.66383131119762e+35,1.16910176115051e+34,1.18063078596614e+34,1.21457335498949e+34
68.7,9.39536216910285e+35,9.4880943227492e+35,9.7611381520424e+35,9.27875583131652e+35,9.37033814922611e+35,9.63999675613002e+35,1.16606337786334e+34,1.17756173523091e+34,1.21141395912385e+34
68.8,9.37224606583143e+35,9.4647411020297e+35,9.73708607761467e+35,9.25594230798603e+35,9.34729056231801e+35,9.61625931208669e+35,1.16303757845406e+34,1.17450539711688e+34,1.20826765527983e+34
68.9,9.349223951396e+35,9.44148285304416e+35,9.71313187309532e+35,9.23322152220455e+35,9.32433668305581e+35,9.59261843613952e+35,1.16002429191447e+34,1.17146169988342e+34,1.20513436955798e+34
69,9.32629530129424e+35,9.41831904573941e+35,9.68927499205966e+35,9.21059295652007e+35,9.30147598850936e+35,9.56907358920117e+35,1.15702344774174e+34,1.1684305723005e+34,1.20201402858486e+34
69.1,9.30345959472796e+35,9.39524915380588e+35,9.66551489194317e+35,9.18805609713456e+35,9.27870795944146e+35,9.54562423599231e+35,1.15403497593402e+34,1.16541194364429e+34,1.19890655950854e+34
69.2,9.28071631457147e+35,9.37227265464572e+35,9.64185103400859e+35,9.16561043387285e+35,9.25603208027643e+35,9.52226984500917e+35,1.1510588069862e+34,1.16240574369283e+34,1.19581188999417e+34
69.3,9.25806494734033e+35,9.34938902934114e+35,9.61828288331335e+35,9.14325546015177e+35,9.23344783906896e+35,9.49900988849139e+35,1.14809487188563e+34,1.15941190272176e+34,1.19272994821952e+34
69.4,9.23550498316041e+35,9.32659776262319e+35,9.59480990867726e+35,9.12099067294962e+35,9.21095472747319e+35,9.47584384239019e+35,1.14514310210794e+34,1.15643035150001e+34,1.18966066287062e+34
69.5,9.2130359157372e+35,9.30389834284074e+35,9.57143158265064e+35,9.09881557277591e+35,9.18855224071217e+35,9.4527711863369e+35,1.14220342961287e+34,1.15346102128569e+34,1.18660396313743e+34
69.6,9.19065724232549e+35,9.28129026192982e+35,9.54814738148266e+35,9.07672966364147e+35,9.16623987754764e+35,9.42979140361171e+35,1.13927578684014e+34,1.15050384382182e+34,1.18355977870953e+34
69.7,9.16836846369934e+35,9.25877301538327e+35,9.52495678509002e+35,9.0547324530288e+35,9.14401714025004e+35,9.40690398111283e+35,1.13636010670537e+34,1.1475587513323e+34,1.18052803977189e+34
69.8,9.14616908412228e+35,9.2363461022206e+35,9.50185927702593e+35,9.03282345186268e+35,9.12188353456883e+35,9.38410840932586e+35,1.13345632259605e+34,1.14462567651776e+34,1.17750867700066e+34
69.9,9.12405861131795e+35,9.21400902495835e+35,9.47885434444943e+35,9.0110021744812e+35,9.09983856970319e+35,9.36140418229353e+35,1.13056436836754e+34,1.14170455255157e+34,1.17450162155901e+34
70,9.10203655644088e+35,9.19176128958052e+35,9.45594147809499e+35,8.98926813860697e+35,9.07788175827294e+35,9.33879079758569e+35,1.1276841783391e+34,1.13879531307579e+34,1.17150680509299e+34
70.1,9.08010243404763e+35,9.16960240550942e+35,9.43312017224238e+35,8.96762086531863e+35,9.05601261628969e+35,9.31626775626963e+35,1.12481568728997e+34,1.13589789219725e+34,1.16852415972747e+34
70.2,9.05825576206824e+35,9.14753188557681e+35,9.41038992468691e+35,8.94605987902269e+35,9.03423066312845e+35,9.2938345628807e+35,1.12195883045551e+34,1.1330122244836e+34,1.16555361806208e+34
70.3,9.03649606177788e+35,9.12554924599525e+35,9.38775023670989e+35,8.92458470742555e+35,9.0125354214993e+35,9.27149072539317e+35,1.11911354352333e+34,1.13013824495946e+34,1.16259511316722e+34
70.4,9.01482285776887e+35,9.1036540063298e+35,9.36520061304947e+35,8.90319488150592e+35,8.99092641741955e+35,9.24923575519146e+35,1.11627976262948e+34,1.12727588910252e+34,1.15964857858011e+34
70.5,8.99323567792292e+35,9.08184568946997e+35,9.34274056187165e+35,8.88188993548745e+35,8.96940318018599e+35,9.22706916704156e+35,1.11345742435471e+34,1.12442509283979e+34,1.15671394830083e+34
70.6,8.97173405338364e+35,9.06012382160197e+35,9.3203695947417e+35,8.86066940681157e+35,8.94796524234759e+35,9.20499047906285e+35,1.11064646572072e+34,1.12158579254378e+34,1.15379115678846e+34
70.7,8.95031751852939e+35,9.0384879321812e+35,9.2980872265958e+35,8.83953283611074e+35,8.92661213967832e+35,9.18299921270008e+35,1.10784682418647e+34,1.11875792502881e+34,1.15088013895724e+34
70.8,8.92898561094629e+35,9.01693755390504e+35,9.27589297571296e+35,8.81847976718184e+35,8.90534341115031e+35,9.16109489269568e+35,1.10505843764452e+34,1.11594142754729e+34,1.14798083017274e+34
70.9,8.90773787140163e+35,8.99547222268592e+35,9.25378636368721e+35,8.79750974695989e+35,8.88415859890732e+35,9.1392770470624e+35,1.10228124441739e+34,1.11313623778605e+34,1.1450931662481e+34
71,8.88658511282791e+35,8.97409147762461e+35,9.23176691540013e+35,8.776622325492e+35,8.86305724823833e+35,9.1175452070561e+35,1.0996278733591e+34,1.11034229386274e+34,1.14221708344032e+34
71.1,8.86555802911749e+35,8.95283557361757e+35,9.2098341589935e+35,8.75581705591157e+35,8.84203890755154e+35,9.09589890714885e+35,1.09740973205925e+34,1.1079666606603e+34,1.13935251844649e+34
71.2,8.84461349522389e+35,8.93167654957888e+35,9.18801182038336e+35,8.73509349441272e+35,8.82110312834849e+35,9.07433768500238e+35,1.09520000811172e+34,1.10573421230386e+34,1.13674135380983e+34
71.3,8.82375106591469e+35,8.91060048763326e+35,9.16630614332255e+35,8.714451200225e+35,8.80024946519852e+35,9.05286108144159e+35,1.09299865689689e+34,1.10351022434737e+34,1.13445061880962e+34
71.4,8.80297029899795e+35,8.88960694091375e+35,9.14468549609507e+35,8.6938897355883e+35,8.77947747571337e+35,9.03146864042851e+35,1.09080563409654e+34,1.10129465200375e+34,1.13216855666559e+34
71.5,8.78227075529715e+35,8.86869546560097e+35,9.12314942118825e+35,8.67340866572801e+35,8.75878672052217e+35,9.01015990903639e+35,1.08862089569146e+34,1.09908745078805e+34,1.12989512151851e+34
71.6,8.76165199862633e+35,8.84786562089798e+35,9.1016974642059e+35,8.65300755883043e+35,8.73817676324648e+35,8.98893443742408e+35,1.08644439795897e+34,1.09688857651504e+34,1.12763026781819e+34
71.7,8.74111359576549e+35,8.82711696900544e+35,9.08032917384271e+35,8.63268598601845e+35,8.71764717047576e+35,8.96779177881062e+35,1.08427609747047e+34,1.09469798529673e+34,1.12537395032093e+34
71.8,8.72065511643625e+35,8.80644907509694e+35,9.05904410185885e+35,8.61244352132734e+35,8.69719751174295e+35,8.94673148945015e+35,1.08211595108912e+34,1.09251563353994e+34,1.12312612408703e+34
71.9,8.70027613327769e+35,8.78586150729469e+35,9.03784180305478e+35,8.59227974168095e+35,8.67682735950029e+35,8.92575312860696e+35,1.0799639159674e+34,1.09034147794393e+34,1.12088674447828e+34
72,8.67997622182247e+35,8.76535383664529e+35,9.01672183524642e+35,8.572194226868e+35,8.65653628909549e+35,8.90485625853086e+35,1.07781994954477e+34,1.08817547549799e+34,1.11865576715558e+34
72.1,8.6597549604732e+35,8.74492563709586e+35,8.99568375924036e+35,8.55218655951866e+35,8.63632387874795e+35,8.88404044443272e+35,1.07568400954536e+34,1.08601758347911e+34,1.11643314807642e+34
72.2,8.63961193047892e+35,8.72457648547033e+35,8.97472713880954e+35,8.53225632508135e+35,8.61618970952536e+35,8.86330525446028e+35,1.07355605397566e+34,1.08386775944964e+34,1.11421884349258e+34
72.3,8.61954671591198e+35,8.70430596144596e+35,8.95385154066895e+35,8.51240311179976e+35,8.59613336532046e+35,8.84265025967419e+35,1.07143604112221e+34,1.08172596125498e+34,1.11201280994765e+34
72.4,8.599558903645e+35,8.68411364753016e+35,8.93305653445171e+35,8.49262651069006e+35,8.57615443282803e+35,8.82207503402424e+35,1.06932392954938e+34,1.07959214702129e+34,1.10981500427472e+34
72.5,8.57964808332814e+35,8.66399912903743e+35,8.91234169268532e+35,8.47292611551843e+35,8.55625250152211e+35,8.80157915432592e+35,1.06721967809707e+34,1.07746627515322e+34,1.10762538359407e+34
72.6,8.55981384736656e+35,8.64396199406661e+35,8.89170659076816e+35,8.4533015227787e+35,8.53642716363344e+35,8.78116220023709e+35,1.06512324587854e+34,1.07534830433169e+34,1.10544390531077e+34
72.7,8.5400557908981e+35,8.62400183347836e+35,8.87115080694627e+35,8.43375233167028e+35,8.5166780141272e+35,8.76082375423502e+35,1.0630345922782e+34,1.07323819351164e+34,1.1032705271125e+34
72.8,8.52037351177117e+35,8.60411824087274e+35,8.85067392229023e+35,8.41427814407623e+35,8.49700465068076e+35,8.74056340159352e+35,1.0609536769494e+34,1.07113590191983e+34,1.10110520696715e+34
72.9,8.50076661052288e+35,8.58431081256716e+35,8.83027552067244e+35,8.39487856454165e+35,8.47740667366189e+35,8.72038073036037e+35,1.05888045981231e+34,1.06904138905265e+34,1.09894790312071e+34
73,8.4812346903573e+35,8.5645791475744e+35,8.80995518874446e+35,8.37555320025213e+35,8.457883686107e+35,8.70027533133497e+35,1.05681490105175e+34,1.06695461467402e+34,1.0967985740949e+34
73.1,8.46177735712399e+35,8.5449228475809e+35,8.78971251591462e+35,8.35630166101248e+35,8.43843529369959e+35,8.68024679804611e+35,1.0547569611151e+34,1.06487553881314e+34,1.09465717868509e+34
73.2,8.44239421929668e+35,8.52534151692524e+35,8.76954709432582e+35,8.33712355922566e+35,8.41906110474899e+35,8.66029472673002e+35,1.05270660071018e+34,1.06280412176249e+34,1.09252367595801e+34
73.3,8.42308488795216e+35,8.50583476257676e+35,8.74945851883355e+35,8.31801850987184e+35,8.3997607301692e+35,8.64041871630859e+35,1.05066378080319e+34,1.06074032407562e+34,1.09039802524966e+34
73.4,8.40384897674935e+35,8.48640219411446e+35,8.72944638698407e+35,8.29898613048769e+35,8.38053378345794e+35,8.62061836836776e+35,1.04862846261663e+34,1.05868410656516e+34,1.08828018616312e+34
73.5,8.38468610190867e+35,8.46704342370609e+35,8.70951029899282e+35,8.28002604114594e+35,8.36137988067602e+35,8.60089328713618e+35,1.04660060762727e+34,1.05663543030069e+34,1.08617011856642e+34
73.6,8.36559588219141e+35,8.44775806608735e+35,8.68964985772306e+35,8.261137864435e+35,8.34229864042667e+35,8.58124307946401e+35,1.04458017756414e+34,1.05459425660673e+34,1.08406778259047e+34
73.7,8.34657793887949e+35,8.42854573854141e+35,8.66986466866466e+35,8.24232122543884e+35,8.32328968383533e+35,8.56166735480196e+35,1.0425671344065e+34,1.05256054706073e+34,1.08197313862696e+34
73.8,8.32763189575531e+35,8.40940606087854e+35,8.65015433991316e+35,8.22357575171712e+35,8.30435263452944e+35,8.54216572518053e+35,1.0405614403819e+34,1.05053426349101e+34,1.07988614732625e+34
73.9,8.30875737908181e+35,8.39033865541599e+35,8.63051848214895e+35,8.20490107328539e+35,8.2854871186185e+35,8.52273780518941e+35,1.03856305796417e+34,1.04851536797484e+34,1.07780676959539e+34
74,8.28995401758266e+35,8.37134314695793e+35,8.61095670861672e+35,8.18629682259551e+35,8.26669276467428e+35,8.50338321195711e+35,1.0365719498715e+34,1.04650382283644e+34,1.07573496659604e+34
74.1,8.27122144242273e+35,8.35241916277572e+35,8.59146863510499e+35,8.16776263451628e+35,8.24796920371122e+35,8.48410156513074e+35,1.03458807906448e+34,1.04449959064502e+34,1.07367069974249e+34
74.2,8.25255928718866e+35,8.33356633258831e+35,8.57205387992596e+35,8.14929814631424e+35,8.22931606916702e+35,8.46489248685599e+35,1.03261140874426e+34,1.04250263421287e+34,1.07161393069964e+34
74.3,8.23396718786962e+35,8.31478428854272e+35,8.55271206389535e+35,8.13090299763457e+35,8.21073299688337e+35,8.44575560175724e+35,1.03064190235057e+34,1.04051291659345e+34,1.06956462138108e+34
74.4,8.21544478283831e+35,8.29607266519488e+35,8.53344281031264e+35,8.11257683048232e+35,8.19221962508693e+35,8.42669053691794e+35,1.0286795235599e+34,1.03853040107946e+34,1.06752273394705e+34
74.5,8.19699171283212e+35,8.27743109949057e+35,8.5142457449414e+35,8.09431928920376e+35,8.17377559437046e+35,8.40769692186114e+35,1.02672423628363e+34,1.03655505120101e+34,1.06548823080258e+34
74.6,8.17860762093448e+35,8.25885923074655e+35,8.49512049598975e+35,8.07613002046787e+35,8.15540054767418e+35,8.38877438853019e+35,1.02477600466618e+34,1.03458683072372e+34,1.06346107459554e+34
74.7,8.16029215255641e+35,8.24035670063194e+35,8.4760666940912e+35,8.05800867324809e+35,8.13709413026725e+35,8.36992257126973e+35,1.02283479308318e+34,1.03262570364689e+34,1.06144122821474e+34
74.8,8.14204495541819e+35,8.22192315314967e+35,8.45708397228555e+35,8.03995489880422e+35,8.1188559897295e+35,8.35114110680674e+35,1.02090056613969e+34,1.03067163420168e+34,1.05942865478805e+34
74.9,8.12386567953123e+35,8.20355823461817e+35,8.43817196599992e+35,8.02196835066439e+35,8.10068577593324e+35,8.33242963423187e+35,1.01897328866838e+34,1.0287245868493e+34,1.05742331768054e+34
75,8.10575397718011e+35,8.18526159365324e+35,8.41933031303014e+35,8.00404868460733e+35,8.08258314102532e+35,8.31378779498089e+35,1.01705292572778e+34,1.0267845262792e+34,1.05542518049259e+34
75.1,8.08770950290468e+35,8.16703288114993e+35,8.4005586535221e+35,7.98619555864463e+35,8.0645477394092e+35,8.29521523281629e+35,1.01513944260051e+34,1.0248514174073e+34,1.05343420705812e+34
75.2,8.06973191348244e+35,8.14887175026478e+35,8.38185662995337e+35,7.96840863300329e+35,8.04657922772735e+35,8.2767115938091e+35,1.01323280479152e+34,1.02292522537425e+34,1.05145036144274e+34
75.3,8.05182086791095e+35,8.130777856398e+35,8.36322388711493e+35,7.95068757010831e+35,8.02867726484363e+35,8.25827652632074e+35,1.0113329780264e+34,1.02100591554365e+34,1.04947360794195e+34
75.4,8.03397602739051e+35,8.11275085717601e+35,8.34466007209308e+35,7.93303203456555e+35,8.01084151182597e+35,8.23990968098515e+35,1.00943992824963e+34,1.01909345350034e+34,1.04750391107935e+34
75.5,8.01619705530696e+35,8.094790412434e+35,8.32616483425155e+35,7.91544169314466e+35,7.99307163192913e+35,8.22161071069106e+35,1.00755362162293e+34,1.01718780504871e+34,1.0455412356049e+34
75.6,7.99848361721459e+35,8.07689618419873e+35,8.30773782521367e+35,7.89791621476224e+35,7.97536729057764e+35,8.20337927056436e+35,1.00567402452354e+34,1.01528893621094e+34,1.04358554649315e+34
75.7,7.98083538081936e+35,8.05906783667149e+35,8.28937869884487e+35,7.8804552704651e+35,7.95772815534895e+35,8.18521501795072e+35,1.00380110354256e+34,1.01339681322539e+34,1.04163680894151e+34
75.8,7.96325201596204e+35,8.04130503621111e+35,8.27108711123513e+35,7.8630585334137e+35,7.94015389595662e+35,8.16711761239827e+35,1.00193482548334e+34,1.01151140254487e+34,1.03969498836853e+34
75.9,7.94573319460172e+35,8.02360745131729e+35,8.25286272068178e+35,7.84572567886574e+35,7.92264418423379e+35,8.14908671564057e+35,1.00007515735979e+34,1.00963267083504e+34,1.03776005041218e+34
76,7.92827859079934e+35,8.00597475261391e+35,8.23470518767234e+35,7.82845638415985e+35,7.90519869411664e+35,8.13112199157952e+35,9.98222066394819e+33,1.00776058497273e+34,1.03583196092819e+34
76.1,7.91088788070138e+35,7.98840661283262e+35,8.21661417486748e+35,7.81125032869952e+35,7.88781710162818e+35,8.11322310626864e+35,9.96375520018658e+33,1.00589511204436e+34,1.03391068598839e+34
76.2,7.89356074252381e+35,7.97090270679649e+35,8.19858934708427e+35,7.79410719393707e+35,7.87049908486206e+35,8.09538972789637e+35,9.94535485867331e+33,1.00403621934429e+34,1.031996191879e+34
76.3,7.87629685653601e+35,7.95346271140392e+35,8.18063037127946e+35,7.77702666335791e+35,7.85324432396659e+35,8.07762152676956e+35,9.92701931781052e+33,1.00218387437324e+34,1.030088445099e+34
76.4,7.85909590504511e+35,7.93608630561262e+35,8.16273691653299e+35,7.76000842246485e+35,7.83605250112894e+35,8.05991817529714e+35,9.90874825802673e+33,1.00033804483673e+34,1.02818741235855e+34
76.5,7.84195757238024e+35,7.91877317042384e+35,8.14490865403172e+35,7.74305215876263e+35,7.81892330055949e+35,8.04227934797399e+35,9.89054136176131e+33,9.98498698643504e+33,1.02629306057731e+34
76.6,7.82488154487704e+35,7.90152298886665e+35,8.12714525705321e+35,7.72615756174255e+35,7.80185640847625e+35,8.02470472136492e+35,9.87239831344903e+33,9.96665803903982e+33,1.02440535688291e+34
76.7,7.80786751086228e+35,7.8843354459824e+35,8.1094464009497e+35,7.70932432286723e+35,7.78485151308953e+35,8.00719397408877e+35,9.85431879950498e+33,9.94839328928702e+33,1.02252426860931e+34
76.8,7.79091516063857e+35,7.86721022880931e+35,8.09181176313227e+35,7.69255213555547e+35,7.76790830458663e+35,7.98974678680275e+35,9.83630250830945e+33,9.93019242226817e+33,1.02064976329523e+34
76.9,7.77402418646925e+35,7.85014702636716e+35,8.07424102305501e+35,7.67584069516732e+35,7.75102647511671e+35,7.97236284218675e+35,9.81834913019311e+33,9.91205512504588e+33,1.01878180868264e+34
77,7.75719428256338e+35,7.83314552964214e+35,8.05673386219945e+35,7.65918969898916e+35,7.73420571877575e+35,7.95504182492794e+35,9.80045835742211e+33,9.89398108663885e+33,1.01692037271516e+34
77.1,7.74042514506083e+35,7.81620543157178e+35,8.03928996405902e+35,7.642598846219e+35,7.71744573159171e+35,7.93778342170536e+35,9.7826298841834e+33,9.87596999800701e+33,1.01506542353659e+34
77.2,7.7237164720176e+35,7.7993264270301e+35,8.02190901412373e+35,7.6260678379519e+35,7.70074621150973e+35,7.92058732117479e+35,9.76486340657015e+33,9.85802155203681e+33,1.01321692948935e+34
77.3,7.70706796339118e+35,7.78250821281286e+35,8.0045906998649e+35,7.60959637716551e+35,7.68410685837759e+35,7.9034532139536e+35,9.74715862256739e+33,9.8401354435266e+33,1.011374859113e+34
77.4,7.69047932102615e+35,7.76575048762293e+35,7.98733471072018e+35,7.59318416870577e+35,7.6675273739312e+35,7.88638079260591e+35,9.72951523203777e+33,9.82231136917233e+33,1.00953918114273e+34
77.5,7.67395024863973e+35,7.74905295205576e+35,7.97014073807855e+35,7.57683091927265e+35,7.65100746178023e+35,7.86936975162776e+35,9.71193293670743e+33,9.8045490275532e+33,1.00770986450791e+34
77.6,7.65748045180762e+35,7.73241530858507e+35,7.95300847526549e+35,7.5605363374061e+35,7.63454682739389e+35,7.85241978743243e+35,9.69441144015191e+33,9.78684811911751e+33,1.0058868783306e+34
77.7,7.64106963794985e+35,7.71583726154846e+35,7.93593761752833e+35,7.54430013347203e+35,7.61814517808678e+35,7.83553059833591e+35,9.67695044778227e+33,9.76920834616862e+33,1.00407019192415e+34
77.8,7.62471751631675e+35,7.69931851713338e+35,7.91892786202158e+35,7.52812201964843e+35,7.60180222300488e+35,7.81870188454241e+35,9.65954966683119e+33,9.75162941285085e+33,1.00225977479172e+34
77.9,7.60842379797514e+35,7.68285878336303e+35,7.90197890779254e+35,7.51200170991174e+35,7.58551767311167e+35,7.80193334813005e+35,9.6422088063394e+33,9.7341110251358e+33,1.00045559662486e+34
78,7.59218819579461e+35,7.66645777008253e+35,7.88509045576692e+35,7.49593892002318e+35,7.56929124117444e+35,7.78522469303671e+35,9.62492757714215e+33,9.71665289080861e+33,9.98657627302101e+33
78.1,7.57601042443395e+35,7.6501151889452e+35,7.86826220873468e+35,7.47993336751539e+35,7.55312264175066e+35,7.76857562504592e+35,9.60770569185584e+33,9.69925471945448e+33,9.96865836887573e+33
78.2,7.55989020032773e+35,7.63383075339899e+35,7.85149387133602e+35,7.46398477167908e+35,7.53701159117454e+35,7.75198585177306e+35,9.59054286486471e+33,9.68191622244526e+33,9.95080195629595e+33
78.3,7.54382724167294e+35,7.61760417867299e+35,7.83478515004747e+35,7.44809285354986e+35,7.52095780754373e+35,7.73545508265154e+35,9.57343881230758e+33,9.66463711292605e+33,9.93300673959324e+33
78.4,7.52782126841582e+35,7.6014351817641e+35,7.81813575316814e+35,7.43225733589517e+35,7.50496101070608e+35,7.7189830289192e+35,9.55639325206472e+33,9.64741710580193e+33,9.91527242489384e+33
78.5,7.51187200223871e+35,7.58532348142375e+35,7.80154539080605e+35,7.41647794320126e+35,7.4890209222465e+35,7.7025694036048e+35,9.53940590374495e+33,9.63025591772488e+33,9.89759872012511e+33
78.6,7.49597916654711e+35,7.56926879814481e+35,7.78501377486459e+35,7.40075440166038e+35,7.47313726547401e+35,7.68621392151456e+35,9.52247648867276e+33,9.61315326708075e+33,9.87998533500212e+33
78.7,7.4801424864567e+35,7.55327085414855e+35,7.76854061902911e+35,7.38508643915794e+35,7.45730976540878e+35,7.66991629921897e+35,9.50560472987569e+33,9.59610887397652e+33,9.86243198101433e+33
78.8,7.46436168878071e+35,7.53732937337172e+35,7.75212563875361e+35,7.36947378526e+35,7.44153814876944e+35,7.65367625503948e+35,9.48879035207171e+33,9.57912246022753e+33,9.84493837141253e+33
78.9,7.44863650201718e+35,7.52144408145383e+35,7.73576855124755e+35,7.35391617120061e+35,7.42582214396038e+35,7.63749350903559e+35,9.47203308165663e+33,9.56219374934484e+33,9.82750422119581e+33
79,7.43296665633643e+35,7.50561470572442e+35,7.71946907546284e+35,7.33841332986951e+35,7.41016148105919e+35,7.62136778299185e+35,9.45533264669168e+33,9.54532246652263e+33,9.81012924709865e+33
79.1,7.41735188356863e+35,7.48984097519054e+35,7.70322693208085e+35,7.32296499579971e+35,7.39455589180428e+35,7.60529880040507e+35,9.43868877689117e+33,9.52850833862575e+33,9.79281316757814e+33
79.2,7.40179191719138e+35,7.47412262052417e+35,7.68704184349961e+35,7.30757090515527e+35,7.3790051095824e+35,7.58928628647159e+35,9.42210120361033e+33,9.51175109417736e+33,9.77555570280113e+33
79.3,7.38628649231744e+35,7.45845937404986e+35,7.67091353382097e+35,7.29223079571911e+35,7.36350886941639e+35,7.57332996807465e+35,9.40556965983321e+33,9.49505046334674e+33,9.75835657463162e+33
79.4,7.37083534568255e+35,7.4428509697324e+35,7.65484172883797e+35,7.27694440688095e+35,7.34806690795303e+35,7.55742957377179e+35,9.38909388016083e+33,9.47840617793728e+33,9.74121550661833e+33
79.5,7.35543821563339e+35,7.42729714316462e+35,7.63882615602222e+35,7.26171147962539e+35,7.33267896345087e+35,7.5415848337824e+35,9.37267360079926e+33,9.46181797137445e+33,9.72413222398227e+33
79.6,7.34009484211563e+35,7.41179763155536e+35,7.62286654451144e+35,7.24653175652016e+35,7.31734477576842e+35,7.5257954799754e+35,9.35630855954781e+33,9.44528557869394e+33,9.70710645360467e+33
79.7,7.3248049666622e+35,7.39635217371752e+35,7.60696262509713e+35,7.23140498170433e+35,7.30206408635222e+35,7.51006124585699e+35,9.33999849578736e+33,9.42880873652979e+33,9.69013792401468e+33
79.8,7.30956833238152e+35,7.38096051005624e+35,7.59111413021237e+35,7.21633090087683e+35,7.28683663822521e+35,7.4943818665586e+35,9.32374315046865e+33,9.41238718310264e+33,9.67322636537736e+33
79.9,7.29438468394597e+35,7.36562238255719e+35,7.57532079391972e+35,7.20130926128496e+35,7.27166217597511e+35,7.47875707882491e+35,9.30754226610093e+33,9.39602065820814e+33,9.65637150948168e+33
80,7.27925376758037e+35,7.35033753477497e+35,7.55958235189924e+35,7.18633981171296e+35,7.25654044574291e+35,7.46318662100195e+35,9.29139558674054e+33,9.37970890320544e+33,9.63957308972855e+33
80.1,7.26417533105057e+35,7.33510571182152e+35,7.54389854143657e+35,7.17142230247077e+35,7.24147119521147e+35,7.44767023302538e+35,9.27530285797974e+33,9.36345166100589e+33,9.62283084111914e+33
80.2,7.24914912365221e+35,7.31992666035482e+35,7.52826910141119e+35,7.15655648538285e+35,7.22645417359421e+35,7.43220765640876e+35,9.25926382693553e+33,9.34724867606177e+33,9.60614450024325e+33
80.3,7.23417489619952e+35,7.3048001285675e+35,7.51269377228473e+35,7.14174211377713e+35,7.21148913162395e+35,7.41679863423205e+35,9.24327824223855e+33,9.33109969435508e+33,9.58951380526778e+33
80.4,7.21925240101428e+35,7.28972586617572e+35,7.49717229608942e+35,7.12697894247406e+35,7.19657582154185e+35,7.40144291113016e+35,9.22734585402202e+33,9.3150044633864e+33,9.57293849592539e+33
80.5,7.20438139191482e+35,7.27470362440807e+35,7.4817044164167e+35,7.11226672777571e+35,7.18171399708643e+35,7.38614023328167e+35,9.21146641391086e+33,9.29896273216384e+33,9.55641831350304e+33
80.6,7.18956162420508e+35,7.25973315599452e+35,7.46628987840589e+35,7.09760522745497e+35,7.1669034134826e+35,7.37089034839758e+35,9.19563967501078e+33,9.28297425119204e+33,9.53995300083072e+33
80.7,7.17479285466377e+35,7.24481421515549e+35,7.45092842873288e+35,7.08299420074479e+35,7.15214382743088e+35,7.35569300571018e+35,9.17986539189767e+33,9.26703877246143e+33,9.52354230227025e+33
80.8,7.16007484153355e+35,7.22994655759091e+35,7.43561981559903e+35,7.06843340832748e+35,7.13743499709654e+35,7.34054795596198e+35,9.16414332060703e+33,9.25115604943747e+33,9.50718596370418e+33
80.9,7.14540734451034e+35,7.21512994046942e+35,7.4203637887199e+35,7.0539226123241e+35,7.12277668209892e+35,7.32545495139465e+35,9.14847321862343e+33,9.23532583705007e+33,9.49088373252482e+33
81,7.13079012473274e+35,7.20036412241766e+35,7.40516009931434e+35,7.03946157628403e+35,7.10816864350083e+35,7.31041374573811e+35,9.13285484487013e+33,9.21954789168312e+33,9.47463535762341e+33
81.1,7.11622294477152e+35,7.18564886350967e+35,7.39000850009344e+35,7.02505006517453e+35,7.09361064379803e+35,7.29542409419965e+35,9.11728795969865e+33,9.20382197116393e+33,9.45844058937944e+33
81.2,7.10170556861925e+35,7.17098392525638e+35,7.37490874524975e+35,7.01068784537046e+35,7.07910244690885e+35,7.28048575345325e+35,9.10177232487847e+33,9.18814783475287e+33,9.44229917964988e+33
81.3,7.08723776167996e+35,7.15636907059517e+35,7.3598605904465e+35,6.99637468464409e+35,7.06464381816384e+35,7.26559848162891e+35,9.0863077035868e+33,9.172525243133e+33,9.42621088175861e+33
81.4,7.07281929075891e+35,7.14180406387953e+35,7.34486379280694e+35,6.98211035215492e+35,7.05023452429554e+35,7.25076203830208e+35,9.07089386039853e+33,9.15695395839987e+33,9.41017545048579e+33
81.5,7.05844992405246e+35,7.12728867086882e+35,7.32991811090375e+35,6.9678946184397e+35,7.03587433342831e+35,7.23597618448317e+35,9.05553056127617e+33,9.14143374405137e+33,9.39419264205743e+33
81.6,7.04412943113807e+35,7.11282265871809e+35,7.31502330474851e+35,6.95372725540247e+35,7.02156301506831e+35,7.22124068260716e+35,9.04021757356003e+33,9.12596436497778e+33,9.37826221413499e+33
81.7,7.02985758296438e+35,7.09840579596811e+35,7.30017913578133e+35,6.9396080363048e+35,7.00730034009359e+35,7.20655529652328e+35,9.02495466595841e+33,9.11054558745187e+33,9.36238392580517e+33
81.8,7.01563415184144e+35,7.08403785253545e+35,7.28538536686064e+35,6.92553673575607e+35,6.99308608074426e+35,7.19191979148494e+35,9.00974160853782e+33,9.09517717911904e+33,9.3465575375698e+33
81.9,7.00145891143101e+35,7.06971859970267e+35,7.270641762253e+35,6.91151312970387e+35,6.9789200106128e+35,7.17733393413964e+35,8.99457817271329e+33,9.07985890898755e+33,9.3307828113358e+33
82,6.98733163673682e+35,7.05544781010857e+35,7.2559480876231e+35,6.89753699542443e+35,6.96480190463438e+35,7.16279749251905e+35,8.97946413123873e+33,9.06459054741874e+33,9.31505951040515e+33
82.1,6.97325210409501e+35,7.04122525773844e+35,7.24130411002377e+35,6.88360811151303e+35,6.95073153907727e+35,7.14831023602912e+35,8.96439925819731e+33,9.04937186611738e+33,9.29938739946498e+33
82.2,6.95922009116458e+35,7.02705071791448e+35,7.22670959788608e+35,6.86972625787466e+35,6.93670869153326e+35,7.1338719354403e+35,8.94938332899212e+33,9.03420263812213e+33,9.28376624457769e+33
82.3,6.94523537691796e+35,7.01292396728622e+35,7.21216432100949e+35,6.85589121571459e+35,6.92273314090826e+35,7.11948236287778e+35,8.93441612033673e+33,9.01908263779605e+33,9.26819581317111e+33
82.4,6.93129774163158e+35,6.99884478382106e+35,7.19766805055209e+35,6.84210276752912e+35,6.90880466741289e+35,7.10514129181181e+35,8.91949741024604e+33,9.00401164081725e+33,9.25267587402883e+33
82.5,6.91740696687659e+35,6.98481294679486e+35,7.18322055902098e+35,6.82836069709632e+35,6.89492305255317e+35,7.09084849704818e+35,8.90462697802706e+33,8.9889894241697e+33,9.23720619728066e+33
82.6,6.90356283550959e+35,6.97082823678259e+35,7.16882162026261e+35,6.81466478946689e+35,6.88108807912125e+35,7.07660375471868e+35,8.88980460426982e+33,8.97401576613396e+33,9.22178655439309e+33
82.7,6.88976513166336e+35,6.956890435649e+35,7.15447100945327e+35,6.80101483095497e+35,6.86729953118622e+35,7.06240684227167e+35,8.87503007083831e+33,8.95909044627808e+33,9.20641671816e+33
82.8,6.87601364073776e+35,6.94299932653938e+35,7.14016850308955e+35,6.78741060912915e+35,6.85355719408489e+35,7.04825753846261e+35,8.86030316086146e+33,8.94421324544851e+33,9.19109646269323e+33
82.9,6.86230814939073e+35,6.92915469387042e+35,7.12591387897886e+35,6.77385191280349e+35,6.83986085441281e+35,7.03415562334473e+35,8.84562365872416e+33,8.929383945761e+33,9.1758255634134e+33
83,6.84864844552932e+35,6.91535632332122e+35,7.11170691623014e+35,6.76033853202874e+35,6.8262103000153e+35,7.02010087825973e+35,8.83099135005846e+33,8.91460233059169e+33,9.16060379704058e+33
83.1,6.83503431830091e+35,6.90160400182429e+35,7.09754739524453e+35,6.74687025808356e+35,6.81260531997861e+35,7.00609308582868e+35,8.81640602173481e+33,8.89986818456825e+33,9.14543094158516e+33
83.2,6.82146555808442e+35,6.88789751755676e+35,7.08343509770628e+35,6.73344688346589e+35,6.79904570462115e+35,6.99213202994289e+35,8.80186746185337e+33,8.8851812935611e+33,9.13030677633878e+33
83.3,6.80794195648168e+35,6.87423665993159e+35,7.06936980657366e+35,6.72006820188432e+35,6.78553124548484e+35,6.97821749575501e+35,8.78737545973553e+33,8.87054144467476e+33,9.1152310818653e+33
83.4,6.79446330630877e+35,6.86062121958884e+35,7.05535130606997e+35,6.70673400824962e+35,6.77206173532645e+35,6.96434926967005e+35,8.77292980591532e+33,8.8559484262393e+33,9.10020363999202e+33
83.5,6.7810294015876e+35,6.84705098838713e+35,7.04137938167462e+35,6.69344409866629e+35,6.75863696810911e+35,6.95052713933661e+35,8.75853029213097e+33,8.84140202780172e+33,9.08522423380081e+33
83.6,6.76764003753747e+35,6.83352575939508e+35,7.02745382011434e+35,6.68019827042431e+35,6.74525673899391e+35,6.93675089363815e+35,8.74417671131653e+33,8.82690204011754e+33,9.07029264761947e+33
83.7,6.75429501056672e+35,6.82004532688298e+35,7.01357440935454e+35,6.66699632199079e+35,6.73192084433156e+35,6.92302032268441e+35,8.72986885759344e+33,8.81244825514231e+33,9.05540866701304e+33
83.8,6.74099411826436e+35,6.80660948631428e+35,6.99974093859062e+35,6.65383805300174e+35,6.71862908165404e+35,6.90933521780286e+35,8.71560652626223e+33,8.79804046602318e+33,9.04057207877512e+33
83.9,6.72773715939182e+35,6.79321803433727e+35,6.98595319823946e+35,6.64072326425388e+35,6.70538124966637e+35,6.89569537153026e+35,8.70138951379435e+33,8.78367846709065e+33,9.02578267091939e+33
84,6.71452393387468e+35,6.77987076877678e+35,6.97221097993086e+35,6.62765175769644e+35,6.69217714823828e+35,6.88210057760415e+35,8.68721761782398e+33,8.76936205385028e+33,9.01104023267097e+33
84.1,6.7013542427945e+35,6.76656748862586e+35,6.95851407649903e+35,6.6146233364231e+35,6.67901657839611e+35,6.86855063095445e+35,8.67309063714008e+33,8.75509102297458e+33,8.99634455445807e+33
84.2,6.68822788838071e+35,6.75330799403765e+35,6.94486228197424e+35,6.60163780466393e+35,6.6658993423147e+35,6.8550453276952e+35,8.65900837167835e+33,8.740865172295e+33,8.98169542790365e+33
84.3,6.67514467400256e+35,6.74009208631723e+35,6.93125539157434e+35,6.58869496777742e+35,6.65282524330929e+35,6.84158446511617e+35,8.64497062251339e+33,8.7266843007939e+33,8.96709264581713e+33
84.4,6.66210440416104e+35,6.72691956791346e+35,6.91769320169658e+35,6.57579463224253e+35,6.6397940858275e+35,6.82816784167472e+35,8.63097719185079e+33,8.71254820859666e+33,8.95253600218626e+33
84.5,6.649106884481e+35,6.713790242411e+35,6.9041755099092e+35,6.56293660565081e+35,6.62680567544136e+35,6.81479525698751e+35,8.61702788301932e+33,8.69845669696373e+33,8.93802529216904e+33
84.6,6.63615192170331e+35,6.70070391452231e+35,6.89070211494325e+35,6.55012069669868e+35,6.61385981883948e+35,6.80146651182239e+35,8.60312250046318e+33,8.68440956828285e+33,8.92356031208566e+33
84.7,6.6232393236771e+35,6.68766039007991e+35,6.87727281668443e+35,6.53734671517975e+35,6.6009563238193e+35,6.78818140809032e+35,8.58926084973422e+33,8.67040662606117e+33,8.90914085941044e+33
84.8,6.61036889935215e+35,6.67465947602855e+35,6.86388741616509e+35,6.52461447197731e+35,6.58809499927938e+35,6.77493974883745e+35,8.57544273748432e+33,8.65644767491757e+33,8.89476673276392e+33
84.9,6.59754045877128e+35,6.66170098041758e+35,6.85054571555624e+35,6.5119237790567e+35,6.57527565521183e+35,6.76174133823719e+35,8.56166797145787e+33,8.64253252057497e+33,8.88043773190488e+33
85,6.58475381306285e+35,6.64878471239333e+35,6.83724751815972e+35,6.49927444945801e+35,6.56249810269481e+35,6.7485859815825e+35,8.54793636048424e+33,8.62866096985279e+33,8.86615365772253e+33
85.1,6.57200877443332e+35,6.63591048219162e+35,6.82399262840036e+35,6.48666629728861e+35,6.54976215388502e+35,6.73547348527808e+35,8.53424771447043e+33,8.61483283065944e+33,8.85191431222875e+33
85.2,6.55930515615991e+35,6.62307810113029e+35,6.81078085181833e+35,6.47409913771597e+35,6.53706762201044e+35,6.72240365683282e+35,8.52060184439371e+33,8.60104791198494e+33,8.83771949855038e+33
85.3,6.54664277258327e+35,6.61028738160187e+35,6.79761199506151e+35,6.46157278696033e+35,6.52441432136293e+35,6.70937630485229e+35,8.5069985622943e+33,8.58730602389355e+33,8.8235690209217e+33
85.4,6.53402143910013e+35,6.59753813706614e+35,6.78448586587798e+35,6.44908706228745e+35,6.51180206729098e+35,6.69639123903121e+35,8.49343768126818e+33,8.57360697751642e+33,8.80946268467688e+33
85.5,6.52144097215604e+35,6.58483018204285e+35,6.77140227310849e+35,6.43664178200144e+35,6.4992306761924e+35,6.68344827014606e+35,8.47991901545979e+33,8.55995058504433e+33,8.79540029624249e+33
85.6,6.50890118923812e+35,6.57216333210434e+35,6.75836102667897e+35,6.42423676543757e+35,6.48669996550714e+35,6.67054721004766e+35,8.46644238005488e+33,8.54633665972042e+33,8.78138166313009e+33
85.7,6.49640190886789e+35,6.55953740386838e+35,6.7453619375931e+35,6.41187183295516e+35,6.47420975371005e+35,6.65768787165381e+35,8.45300759127341e+33,8.53276501583302e+33,8.76740659392882e+33
85.8,6.48394295059406e+35,6.54695221499083e+35,6.73240481792493e+35,6.39954680593043e+35,6.46175986030375e+35,6.64487006894195e+35,8.4396144663625e+33,8.5192354687085e+33,8.75347489829802e+33
85.9,6.47152413498541e+35,6.53440758415854e+35,6.71948948081147e+35,6.38726150674952e+35,6.4493501058115e+35,6.63209361694187e+35,8.42626282358946e+33,8.50574783470421e+33,8.73958638695998e+33
86,6.45914528362381e+35,6.52190333108213e+35,6.70661574044536e+35,6.37501575880146e+35,6.43698031177012e+35,6.61935833172843e+35,8.41295248223494e+33,8.49230193120158e+33,8.72574087169266e+33
86.1,6.44680621909717e+35,6.50943927648901e+35,6.6937834120675e+35,6.36280938647131e+35,6.42465030072302e+35,6.60666403041428e+35,8.39968326258603e+33,8.4788975765991e+33,8.71193816532256e+33
86.2,6.43450676499269e+35,6.49701524211639e+35,6.68099231195994e+35,6.3506422151334e+35,6.41235989621334e+35,6.59401053114277e+35,8.3864549859296e+33,8.46553459030561e+33,8.69817808171764e+33
86.3,6.42224674588998e+35,6.48463105070442e+35,6.66824225743862e+35,6.33851407114453e+35,6.40010892277709e+35,6.58139765308082e+35,8.37326747454546e+33,8.45221279273343e+33,8.68446043578039e+33
86.4,6.41002598735441e+35,6.47228652598936e+35,6.65553306684635e+35,6.32642478183741e+35,6.38789720593645e+35,6.56882521641194e+35,8.36012055169973e+33,8.43893200529162e+33,8.67078504344078e+33
86.5,6.39784431593047e+35,6.45998149269692e+35,6.64286455954581e+35,6.31437417551409e+35,6.37572457219313e+35,6.55629304232932e+35,8.34701404163811e+33,8.42569205037923e+33,8.65715172164946e+33
86.6,6.38570155913525e+35,6.44771577653561e+35,6.63023655591267e+35,6.30236208143946e+35,6.36359084902182e+35,6.54380095302896e+35,8.33394776957929e+33,8.41249275137862e+33,8.64356028837083e+33
86.7,6.37359754545186e+35,6.43548920419016e+35,6.6176488773288e+35,6.29038832983477e+35,6.35149586486367e+35,6.53134877170304e+35,8.32092156170836e+33,8.3993339326488e+33,8.63001056257621e+33
86.8,6.361532104323e+35,6.42330160331501e+35,6.60510134617555e+35,6.2784527518713e+35,6.33943944911982e+35,6.51893632253318e+35,8.3079352451703e+33,8.38621541951886e+33,8.61650236423709e+33
86.9,6.3495050661445e+35,6.41115280252776e+35,6.59259378582706e+35,6.26655517966386e+35,6.32742143214495e+35,6.50656343068387e+35,8.29498864806359e+33,8.37313703828147e+33,8.60303551431832e+33
87,6.33751626225879e+35,6.39904263140271e+35,6.58012602064364e+35,6.25469544626445e+35,6.31544164524085e+35,6.49422992229593e+35,8.28208159943376e+33,8.36009861618636e+33,8.58960983477143e+33
87.1,6.32556552494853e+35,6.38697092046435e+35,6.56769787596519e+35,6.24287338565586e+35,6.30349992065001e+35,6.4819356244799e+35,8.26921392926715e+33,8.34709998143403e+33,8.57622514852806e+33
87.2,6.31365268743019e+35,6.37493750118093e+35,6.55530917810457e+35,6.23108883274535e+35,6.29159609154923e+35,6.46968036530963e+35,8.25638546848464e+33,8.33414096316937e+33,8.5628812794934e+33
87.3,6.30177758384762e+35,6.36294220595794e+35,6.54295975434105e+35,6.21934162335827e+35,6.27972999204318e+35,6.45746397381565e+35,8.24359604893541e+33,8.32122139147543e+33,8.5495780525397e+33
87.4,6.28994004926576e+35,6.3509848681318e+35,6.53064943291373e+35,6.20763159423186e+35,6.26790145715813e+35,6.44528627997873e+35,8.23084550339075e+33,8.3083410973671e+33,8.5363152934999e+33
87.5,6.27813991966436e+35,6.33906532196345e+35,6.51837804301501e+35,6.19595858300898e+35,6.2561103228356e+35,6.4331471147234e+35,8.21813366553792e+33,8.29549991278496e+33,8.5230928291612e+33
87.6,6.26637703193179e+35,6.3271834026321e+35,6.50614541478406e+35,6.18432242823205e+35,6.24435642592621e+35,6.42104630991147e+35,8.20546036997395e+33,8.28269767058907e+33,8.50991048725876e+33
87.7,6.25465122385899e+35,6.31533894622906e+35,6.49395137930039e+35,6.17272296933699e+35,6.23263960418353e+35,6.4089836983357e+35,8.1928254521997e+33,8.26993420455282e+33,8.49676809646936e+33
87.8,6.24296233413344e+35,6.30353178975161e+35,6.48179576857748e+35,6.1611600466473e+35,6.22095969625804e+35,6.39695911371343e+35,8.18022874861369e+33,8.25720934935682e+33,8.48366548640513e+33
87.9,6.23131020233326e+35,6.29176177109705e+35,6.46967841555652e+35,6.1496335013682e+35,6.20931654169122e+35,6.38497239068044e+35,8.16767009650624e+33,8.24452294058293e+33,8.47060248760732e+33
88,6.21969466892138e+35,6.28002872905672e+35,6.45759915410016e+35,6.13814317558084e+35,6.19770998090964e+35,6.37302336478476e+35,8.15514933405356e+33,8.23187481470825e+33,8.45757893154007e+33
88.1,6.2081155752397e+35,6.26833250331022e+35,6.44555781898652e+35,6.12668891223658e+35,6.18613985521923e+35,6.36111187248067e+35,8.14266630031189e+33,8.2192648090992e+33,8.44459465058436e+33
88.2,6.19657276350335e+35,6.25667293441952e+35,6.43355424590309e+35,6.11527055515124e+35,6.17460600679946e+35,6.34923775112277e+35,8.13022083521177e+33,8.20669276200575e+33,8.43164947803192e+33
88.3,6.18506607679495e+35,6.24504986382322e+35,6.42158827144087e+35,6.10388794899943e+35,6.16310827869766e+35,6.33740083896008e+35,8.11781277955226e+33,8.19415851255554e+33,8.41874324807924e+33
88.4,6.17359535905877e+35,6.23346313383071e+35,6.40965973308842e+35,6.09254093930882e+35,6.15164651482323e+35,6.3256009751302e+35,8.10544197499525e+33,8.18166190074819e+33,8.40587579582166e+33
88.5,6.16216045509505e+35,6.22191258761643e+35,6.39776846922599e+35,6.08122937245445e+35,6.14022055994194e+35,6.31383799965351e+35,8.09310826405976e+33,8.16920276744953e+33,8.3930469572475e+33
88.6,6.15076121055417e+35,6.21039806921404e+35,6.38591431911967e+35,6.069953095653e+35,6.12883025967019e+35,6.30211175342735e+35,8.08081149011632e+33,8.1567809543859e+33,8.38025656923218e+33
88.7,6.13939747193094e+35,6.19891942351063e+35,6.3740971229155e+35,6.05871195695712e+35,6.11747546046925e+35,6.29042207822018e+35,8.06855149738132e+33,8.1443963041385e+33,8.36750446953242e+33
88.8,6.12806908655887e+35,6.18747649624094e+35,6.36231672163357e+35,6.04750580524976e+35,6.10615600963956e+35,6.27876881666577e+35,8.05632813091143e+33,8.13204866013771e+33,8.35479049678043e+33
88.9,6.11677590260458e+35,6.17606913398168e+35,6.35057295716217e+35,6.0363344902386e+35,6.09487175531511e+35,6.26715181225739e+35,8.04414123659814e+33,8.11973786665756e+33,8.34211449047818e+33
89,6.10551776906219e+35,6.16469718414587e+35,6.3388656722519e+35,6.02519786245057e+35,6.08362254645777e+35,6.25557090934198e+35,8.03199066116221e+33,8.10746376881013e+33,8.32947629099163e+33
89.1,6.09429453574788e+35,6.15336049497725e+35,6.32719471050987e+35,6.0140957732264e+35,6.07240823285185e+35,6.24402595311441e+35,8.01987625214832e+33,8.09522621254015e+33,8.3168757395451e+33
89.2,6.08523969124903e+35,6.14318423412097e+35,6.31555991639396e+35,6.00516171266984e+35,6.06235398367478e+35,6.23251678961181e+35,8.00779785791971e+33,8.08302504461952e+33,8.30431267821563e+33
89.3,6.07630193491703e+35,6.13415361242258e+35,6.30439087507696e+35,5.99634438164051e+35,6.05344501129616e+35,6.22147300557768e+35,7.99575532765283e+33,8.07086011264194e+33,8.2917869499274e+33
89.4,6.06739045748631e+35,6.12514954925009e+35,6.29511375120722e+35,5.98755297237298e+35,6.04456223659991e+35,6.21232076722275e+35,7.9837485113321e+33,8.05873126501765e+33,8.27929839844627e+33
89.5,6.05850514977547e+35,6.11617193424315e+35,6.28586389724045e+35,5.97878737717802e+35,6.03570555073347e+35,6.2031954285567e+35,7.97177725974465e+33,8.04663835096804e+33,8.26684686837433e+33
89.6,6.04964590318481e+35,6.1072206576294e+35,6.27664119994254e+35,5.97004748894006e+35,6.02687484542419e+35,6.19409687789109e+35,7.95984142447509e+33,8.03458122052047e+33,8.25443220514443e+33
89.7,6.04081260969258e+35,6.09829561022067e+35,6.267445546682e+35,5.96133320111357e+35,6.01807001297564e+35,6.18502500413185e+35,7.94794085790034e+33,8.02255972450295e+33,8.24205425501488e+33
89.8,6.0320051618512e+35,6.08939668340927e+35,6.25827682542618e+35,5.95264440771936e+35,6.00929094626388e+35,6.17597969677554e+35,7.93607541318438e+33,8.01057371453897e+33,8.22971286506403e+33
89.9,6.02322345278353e+35,6.08052376916422e+35,6.24913492473748e+35,5.9439810033408e+35,6.00053753873379e+35,6.16696084590563e+35,7.92424494427324e+33,7.99862304304228e+33,8.21740788318499e+33
90,6.01446737617904e+35,6.07167676002742e+35,6.24001973376959e+35,5.93534288312014e+35,5.99180968439531e+35,6.15796834218878e+35,7.91244930588984e+33,7.98670756321179e+33,8.2051391580803e+33
90.1,6.00573682629003e+35,6.06285554910986e+35,6.23093114226362e+35,5.92672994275474e+35,5.9831072778196e+35,6.14900207687105e+35,7.90068835352894e+33,7.97482712902644e+33,8.19290653925668e+33
90.2,5.99703169792788e+35,6.05406003008776e+35,6.22186904054425e+35,5.91814207849336e+35,5.97443021413536e+35,6.14006194177405e+35,7.88896194345223e+33,7.96298159524015e+33,8.18070987701977e+33
90.3,5.98835188645935e+35,6.04529009719887e+35,6.21283331951583e+35,5.90957918713252e+35,5.9657783890251e+35,6.13114782929114e+35,7.87726993268334e+33,7.95117081737688e+33,8.16854902246901e+33
90.4,5.979697287803e+35,6.03654564523876e+35,6.20382387065853e+35,5.90104116601297e+35,5.9571516987215e+35,6.1222596323836e+35,7.86561217900302e+33,7.93939465172563e+33,8.15642382749249e+33
90.5,5.97106779842567e+35,6.0278265695572e+35,6.19484058602446e+35,5.89252791301623e+35,5.94855004000384e+35,6.11339724457684e+35,7.8539885409442e+33,7.92765295533558e+33,8.14433414476188e+33
90.6,5.96246331533908e+35,6.01913276605471e+35,6.18588335823396e+35,5.88403932656121e+35,5.93997331019459e+35,6.10456055995669e+35,7.84239887778728e+33,7.91594558601124e+33,8.13227982772742e+33
90.7,5.95388373609649e+35,6.01046413117913e+35,6.17695208047194e+35,5.87557530560093e+35,5.93142140715605e+35,6.09574947316581e+35,7.83084304955525e+33,7.90427240230759e+33,8.12026073061301e+33
90.8,5.94532895878935e+35,6.00182056192226e+35,6.16804664648429e+35,5.86713574961926e+35,5.92289422928701e+35,6.08696387940017e+35,7.81932091700901e+33,7.89263326352526e+33,8.10827670841116e+33
90.9,5.93679888204403e+35,5.99320195581656e+35,6.1591669505744e+35,5.85872055862761e+35,5.9143916755195e+35,6.07820367440562e+35,7.80783234164255e+33,7.88102802970582e+33,8.09632761687821e+33
91,5.92829340501846e+35,5.98460821093177e+35,6.15031288759982e+35,5.85032963316168e+35,5.9059136453155e+35,6.06946875447452e+35,7.79637718567829e+33,7.86945656162694e+33,8.08441331252935e+33
91.1,5.91981242739873e+35,5.9760392258716e+35,6.14148435296882e+35,5.84196287427811e+35,5.89746003866363e+35,6.06075901644248e+35,7.78495531206239e+33,7.85791872079769e+33,8.07253365263381e+33
91.2,5.91135584939567e+35,5.96749489977028e+35,6.13268124263706e+35,5.83362018355107e+35,5.88903075607574e+35,6.05207435768496e+35,7.77356658446013e+33,7.84641436945387e+33,8.06068849521001e+33
91.3,5.90292357174135e+35,5.95897513228906e+35,6.12390345310417e+35,5.82530146306884e+35,5.88062569858352e+35,6.04341467611397e+35,7.76221086725129e+33,7.83494337055337e+33,8.04887769902079e+33
91.4,5.89451549568563e+35,5.95047982361275e+35,6.11515088141026e+35,5.81700661543038e+35,5.87224476773503e+35,6.03477987017457e+35,7.75088802552566e+33,7.82350558777155e+33,8.0371011235686e+33
91.5,5.88613152299268e+35,5.94200887444621e+35,6.1064234251324e+35,5.8087355437419e+35,5.86388786559125e+35,6.02616983884149e+35,7.73959792507851e+33,7.81210088549669e+33,8.0253586290908e+33
91.6,5.87777155593765e+35,5.93356218601091e+35,6.09772098238108e+35,5.80048815161359e+35,5.85555489472266e+35,6.01758448161553e+35,7.72834043240612e+33,7.8007291288255e+33,8.01365007655503e+33
91.7,5.86943549730339e+35,5.92513966004156e+35,6.08904345179664e+35,5.79226434315637e+35,5.84724575820597e+35,6.0090236985201e+35,7.7171154147014e+33,7.78939018355866e+33,8.00197532765453e+33
91.8,5.8611232503773e+35,5.91674119878286e+35,6.08039073254576e+35,5.78406402297881e+35,5.8389603596209e+35,6.00048739009773e+35,7.70592273984945e+33,7.77808391619634e+33,7.99033424480362e+33
91.9,5.85283471894829e+35,5.90836670498635e+35,6.07176272431801e+35,5.77588709618406e+35,5.83069860304702e+35,5.99197545740668e+35,7.69476227642318e+33,7.76681019393379e+33,7.97872669113309e+33
92,5.84456980730375e+35,5.90001608190739e+35,6.06315932732253e+35,5.76773346836696e+35,5.82246039306082e+35,5.98348780201767e+35,7.68363389367896e+33,7.75556888465695e+33,7.96715253048575e+33
92.1,5.83632842022665e+35,5.89168923330211e+35,6.05458044228483e+35,5.75960304561113e+35,5.81424563473273e+35,5.97502432601071e+35,7.67253746155227e+33,7.74435985693808e+33,7.95561162741188e+33
92.2,5.82811046299253e+35,5.88338606342455e+35,6.0460259704437e+35,5.75149573448599e+35,5.80605423362423e+35,5.96658493197205e+35,7.6614728506534e+33,7.73318298003137e+33,7.94410384716484e+33
92.3,5.81991584136642e+35,5.8751064770235e+35,6.03749581354814e+35,5.74341144204379e+35,5.79788609578482e+35,5.95816952299118e+35,7.65043993226316e+33,7.72203812386865e+33,7.93262905569653e+33
92.4,5.8117444615998e+35,5.86685037933956e+35,6.0289898738544e+35,5.73535007581651e+35,5.78974112774901e+35,5.94977800265787e+35,7.63943857832861e+33,7.71092515905506e+33,7.921187119653e+33
92.5,5.80359623042735e+35,5.85861767610189e+35,6.02050805412286e+35,5.72731154381276e+35,5.78161923653324e+35,5.94141027505916e+35,7.62846866145891e+33,7.69984395686481e+33,7.90977790637006e+33
92.6,5.79547105506376e+35,5.85040827352508e+35,6.01205025761502e+35,5.71929575451454e+35,5.77352032963271e+35,5.93306624477633e+35,7.61753005492111e+33,7.68879438923697e+33,7.89840128386891e+33
92.7,5.78736884320053e+35,5.84222207830584e+35,6.00361638809024e+35,5.71130261687417e+35,5.76544431501813e+35,5.92474581688172e+35,7.60662263263604e+33,7.67777632877128e+33,7.8870571208518e+33
92.8,5.77928950300283e+35,5.83405899761983e+35,5.99520634980251e+35,5.70333204031109e+35,5.75739110113259e+35,5.91644889693554e+35,7.59574626917425e+33,7.66678964872406e+33,7.87574528669775e+33
92.9,5.77123294310645e+35,5.82591893911849e+35,5.98682004749716e+35,5.69538393470893e+35,5.74936059688845e+35,5.90817539098258e+35,7.58490083975194e+33,7.65583422300405e+33,7.86446565145834e+33
93,5.76319907261491e+35,5.81780181092607e+35,5.97845738640755e+35,5.68745821041264e+35,5.74135271166438e+35,5.89992520554902e+35,7.57408622022695e+33,7.64490992616844e+33,7.85321808585349e+33
93.1,5.75518780109673e+35,5.80970752163672e+35,5.9701182722519e+35,5.67955477822578e+35,5.73336735530253e+35,5.89169824763923e+35,7.56330228709475e+33,7.63401663341875e+33,7.84200246126734e+33
93.2,5.74719903858261e+35,5.80163598031171e+35,5.96180261123018e+35,5.67167354940777e+35,5.72540443810574e+35,5.88349442473273e+35,7.55254891748447e+33,7.62315422059687e+33,7.83081864974407e+33
93.3,5.73923269556292e+35,5.79358709647672e+35,5.95351031002113e+35,5.66381443567137e+35,5.71746387083491e+35,5.87531364478129e+35,7.54182598915496e+33,7.61232256418104e+33,7.81966652398386e+33
93.4,5.7312886829849e+35,5.78556078011923e+35,5.94524127577946e+35,5.65597734918e+35,5.70954556470641e+35,5.86715581620608e+35,7.53113338049082e+33,7.60152154128191e+33,7.8085459573388e+33
93.5,5.72336691225e+35,5.77755694168578e+35,5.93699541613311e+35,5.64816220254501e+35,5.70164943138939e+35,5.85902084789503e+35,7.52047097049851e+33,7.59075102963854e+33,7.79745682380881e+33
93.6,5.71546729521089e+35,5.76957549207916e+35,5.92877263918055e+35,5.64036890882287e+35,5.69377538300301e+35,5.85090864920017e+35,7.5098386388025e+33,7.58001090761454e+33,7.78639899803764e+33
93.7,5.70758974416862e+35,5.76161634265549e+35,5.92057285348802e+35,5.63259738151221e+35,5.68592333211355e+35,5.84281912993493e+35,7.49923626564136e+33,7.56930105419413e+33,7.77537235530885e+33
93.8,5.69973417186954e+35,5.75367940522127e+35,5.91239596808676e+35,5.6248475345509e+35,5.67809319173149e+35,5.83475220037134e+35,7.48866373186403e+33,7.55862134897832e+33,7.76437677154179e+33
93.9,5.69190049150239e+35,5.74576459203035e+35,5.90424189247002e+35,5.61711928231313e+35,5.67028487530854e+35,5.82670777123714e+35,7.47812091892599e+33,7.54797167218107e+33,7.7534121232877e+33
94,5.68408861669539e+35,5.73787181578097e+35,5.89611053659008e+35,5.60941253960654e+35,5.66249829673471e+35,5.81868575371282e+35,7.46760770888554e+33,7.53735190462552e+33,7.74247828772576e+33
94.1,5.67629846151344e+35,5.73000098961283e+35,5.88800181085519e+35,5.60172722166943e+35,5.65473337033543e+35,5.8106860594286e+35,7.45712398440009e+33,7.52676192774022e+33,7.7315751426592e+33
94.2,5.66852994045552e+35,5.72215202710439e+35,5.87991562612651e+35,5.59406324416829e+35,5.64699001086883e+35,5.80270860046139e+35,7.44666962872249e+33,7.51620162355547e+33,7.72070256651149e+33
94.3,5.66078296845223e+35,5.71432484227021e+35,5.87185189371513e+35,5.58642052319526e+35,5.63926813352321e+35,5.79475328933191e+35,7.43624452569738e+33,7.50567087469953e+33,7.70986043832251e+33
94.4,5.65305746086343e+35,5.70651934955857e+35,5.86381052537924e+35,5.57879897526585e+35,5.63156765391462e+35,5.78682003900179e+35,7.42584855975749e+33,7.49516956439503e+33,7.69904863774476e+33
94.5,5.64535333347578e+35,5.69873546384905e+35,5.85579143332147e+35,5.57119851731658e+35,5.6238884880845e+35,5.77890876287108e+35,7.41548161592012e+33,7.4846975764553e+33,7.68826704503964e+33
94.6,5.63767050250032e+35,5.6909731004501e+35,5.8477945301864e+35,5.56361906670248e+35,5.6162305524973e+35,5.77101937477566e+35,7.40514357978339e+33,7.47425479528065e+33,7.67751554107366e+33
94.7,5.6300088845698e+35,5.68323217509653e+35,5.8398197290581e+35,5.55606054119457e+35,5.60859376403798e+35,5.76315178898495e+35,7.39483433752278e+33,7.46384110585485e+33,7.66679400731477e+33
94.8,5.62236839673601e+35,5.67551260394683e+35,5.83186694345773e+35,5.54852285897714e+35,5.60097804000942e+35,5.75530592019944e+35,7.38455377588749e+33,7.45345639374149e+33,7.65610232582865e+33
94.9,5.61474895646696e+35,5.66781430358048e+35,5.82393608734096e+35,5.54100593864499e+35,5.59338329812968e+35,5.74748168354821e+35,7.3743017821969e+33,7.44310054508034e+33,7.64544037927502e+33
95,5.60715048164409e+35,5.66013719099506e+35,5.81602707509535e+35,5.53350969920071e+35,5.58580945652922e+35,5.73967899458631e+35,7.36407824433712e+33,7.43277344658389e+33,7.63480805090396e+33
95.1,5.59957289055951e+35,5.65248118360351e+35,5.8081398215376e+35,5.52603406005193e+35,5.57825643374817e+35,5.73189776929207e+35,7.35388305075741e+33,7.42247498553378e+33,7.62420522455228e+33
95.2,5.59201610191341e+35,5.64484619923131e+35,5.80027424191065e+35,5.51857894100874e+35,5.57072414873354e+35,5.72413792406425e+35,7.34371609046685e+33,7.4122050497773e+33,7.61363178463993e+33
95.3,5.58448003481162e+35,5.63723215611395e+35,5.79243025188087e+35,5.51114426228131e+35,5.56321252083671e+35,5.71639937571921e+35,7.33357725303085e+33,7.40196352772398e+33,7.60308761616638e+33
95.4,5.57696460876339e+35,5.62963897289451e+35,5.78460776753514e+35,5.50372994447771e+35,5.55572146981108e+35,5.70868204148807e+35,7.32346642856784e+33,7.39175030834218e+33,7.59257260470714e+33
95.5,5.56946974367923e+35,5.62206656862144e+35,5.7768067053782e+35,5.49633590860177e+35,5.54825091580988e+35,5.70098583901409e+35,7.31338350774585e+33,7.38156528115565e+33,7.58208663641019e+33
95.6,5.56199535986877e+35,5.61451486274644e+35,5.76902698233018e+35,5.48896207605097e+35,5.54080077938404e+35,5.69331068635026e+35,7.30332838177926e+33,7.37140833624022e+33,7.57162959799256e+33
95.7,5.55454137803853e+35,5.60698377512232e+35,5.76126851572438e+35,5.48160836861427e+35,5.53337098148012e+35,5.68565650195701e+35,7.29330094242545e+33,7.36127936422049e+33,7.56120137673688e+33
95.8,5.54710771928943e+35,5.59947322600061e+35,5.75353122330501e+35,5.47427470846961e+35,5.52596144343795e+35,5.67802320470013e+35,7.28330108198155e+33,7.35117825626643e+33,7.55080186048796e+33
95.9,5.53969430511422e+35,5.59198313602912e+35,5.74581502322507e+35,5.46696101818141e+35,5.51857208698821e+35,5.67041071384857e+35,7.27332869328113e+33,7.34110490409016e+33,7.54043093764943e+33
96,5.53230105739483e+35,5.5845134262493e+35,5.73811983404399e+35,5.45966722069792e+35,5.51120283424987e+35,5.66281894907219e+35,7.26338366969099e+33,7.33105919994266e+33,7.53008849718037e+33
96.1,5.52492789839973e+35,5.5770640180936e+35,5.73044557472521e+35,5.45239323934865e+35,5.50385360772749e+35,5.65524783043929e+35,7.2534659051079e+33,7.32104103661046e+33,7.51977442859193e+33
96.2,5.5175747507814e+35,5.56963483338279e+35,5.7227921646335e+35,5.44513899784184e+35,5.49652433030867e+35,5.64769727841406e+35,7.2435752939554e+33,7.31105030741246e+33,7.50948862194403e+33
96.3,5.510241537574e+35,5.56222579432348e+35,5.71515952353232e+35,5.43790442026219e+35,5.48921492526151e+35,5.6401672138539e+35,7.2337117311806e+33,7.30108690619661e+33,7.49923096784204e+33
96.4,5.50292818219122e+35,5.5548368235058e+35,5.70754757158108e+35,5.43068943106871e+35,5.48192531623243e+35,5.63265755800675e+35,7.22387511225102e+33,7.29115072733684e+33,7.48900135743346e+33
96.5,5.49563460842432e+35,5.54746784390126e+35,5.69995622933252e+35,5.42349395509281e+35,5.47465542724397e+35,5.62516823250848e+35,7.21406533315146e+33,7.28124166572975e+33,7.47879968240465e+33
96.6,5.48836074044015e+35,5.54011877886081e+35,5.6923854177303e+35,5.41631791753634e+35,5.4674051826929e+35,5.61769915938052e+35,7.20428229038087e+33,7.27135961679155e+33,7.46862583497758e+33
96.7,5.48110650277917e+35,5.53278955211288e+35,5.68483505810674e+35,5.40916124396967e+35,5.46017450734833e+35,5.61025026102767e+35,7.19452588094931e+33,7.26150447645492e+33,7.45847970790658e+33
96.8,5.47387182035327e+35,5.52548008776133e+35,5.67730507218086e+35,5.40202386032952e+35,5.45296332634967e+35,5.60282146023611e+35,7.18479600237481e+33,7.2516761411659e+33,7.44836119447515e+33
96.9,5.46665661844341e+35,5.51819031028326e+35,5.6697953820564e+35,5.3949056929166e+35,5.44577156520445e+35,5.59541268017147e+35,7.17509255268042e+33,7.24187450788082e+33,7.43827018849278e+33
97,5.45946082269705e+35,5.51092014452656e+35,5.66230591021985e+35,5.38780666839314e+35,5.43859914978593e+35,5.58802384437693e+35,7.16541543039114e+33,7.23209947406327e+33,7.42820658429183e+33
97.1,5.4522843591256e+35,5.50366951570732e+35,5.65483657953821e+35,5.38072671378029e+35,5.43144600633051e+35,5.58065487677097e+35,7.15576453453092e+33,7.22235093768106e+33,7.41817027672436e+33
97.2,5.44512715410197e+35,5.49643834940726e+35,5.64738731325661e+35,5.37366575645577e+35,5.42431206143523e+35,5.57330570164502e+35,7.14613976461968e+33,7.21262879720319e+33,7.40816116115906e+33
97.3,5.43798913435838e+35,5.48922657157133e+35,5.63995803499568e+35,5.36662372415168e+35,5.41719724205536e+35,5.5659762436609e+35,7.13654102067031e+33,7.20293295159685e+33,7.39817913347815e+33
97.4,5.43087022698446e+35,5.48203410850556e+35,5.63254866874889e+35,5.3596005449526e+35,5.41010147550231e+35,5.55866642784815e+35,7.12696820318576e+33,7.19326330032445e+33,7.38822409007435e+33
97.5,5.42377035942549e+35,5.47486088687516e+35,5.62515913888009e+35,5.35259614729393e+35,5.40302468944175e+35,5.55137617960161e+35,7.11742121315605e+33,7.18361974334063e+33,7.37829592784776e+33
97.6,5.41668945948068e+35,5.46770683370284e+35,5.61778937012119e+35,5.34561045996012e+35,5.39596681189195e+35,5.54410542467916e+35,7.10789995205539e+33,7.17400218108934e+33,7.36839454420292e+33
97.7,5.40962745530129e+35,5.46057187636701e+35,5.61043928757022e+35,5.3386434120829e+35,5.388927771222e+35,5.53685408919976e+35,7.09840432183924e+33,7.16441051450085e+33,7.35851983704571e+33
97.8,5.40258427538849e+35,5.45345594259984e+35,5.6031088166895e+35,5.33169493313908e+35,5.38190749614995e+35,5.5296220996417e+35,7.08893422494148e+33,7.15484464498892e+33,7.34867170478038e+33
97.9,5.39555984859103e+35,5.4463589604851e+35,5.59579788330393e+35,5.32476495294832e+35,5.37490591574062e+35,5.52240938284087e+35,7.07948956427156e+33,7.14530447444789e+33,7.33885004630658e+33
98,5.38855410410277e+35,5.43928085845576e+35,5.58850641359905e+35,5.31785340167066e+35,5.36792295940327e+35,5.51521586598889e+35,7.07007024321168e+33,7.13578990524979e+33,7.32905476101642e+33
98.1,5.38156697146029e+35,5.43222156529154e+35,5.58123433411893e+35,5.31096020980415e+35,5.36095855688912e+35,5.50804147663101e+35,7.06067616561401e+33,7.12630084024162e+33,7.3192857487915e+33
98.2,5.37459838054077e+35,5.42518101011652e+35,5.57398157176383e+35,5.30408530818279e+35,5.3540126382891e+35,5.50088614266383e+35,7.05130723579796e+33,7.11683718274249e+33,7.3095429100001e+33
98.3,5.36764826156003e+35,5.41815912239702e+35,5.56674805378772e+35,5.29722862797455e+35,5.34708513403161e+35,5.49374979233278e+35,7.0419633585474e+33,7.10739883654086e+33,7.29982614549421e+33
98.4,5.36071654507097e+35,5.41115583193974e+35,5.55953370779578e+35,5.29039010067989e+35,5.34017597488082e+35,5.48663235422972e+35,7.03264443910794e+33,7.0979857058918e+33,7.2901353566068e+33
98.5,5.35380316196198e+35,5.4041710688902e+35,5.55233846174219e+35,5.28356965813014e+35,5.33328509193506e+35,5.4795337572907e+35,7.02335038318431e+33,7.08859769551431e+33,7.28047044514895e+33
98.6,5.34690804345522e+35,5.39720476373106e+35,5.54516224392805e+35,5.27676723248584e+35,5.32641241662518e+35,5.47245393079398e+35,7.01408109693754e+33,7.07923471058851e+33,7.27083131340707e+33
98.7,5.34003112110468e+35,5.39025684728046e+35,5.53800498299971e+35,5.26998275623485e+35,5.31955788071293e+35,5.46539280435831e+35,7.00483648698239e+33,7.06989665675301e+33,7.26121786414012e+33
98.8,5.33317232679401e+35,5.38332725069e+35,5.53086660794721e+35,5.26321616219016e+35,5.31272141628898e+35,5.45835030794144e+35,6.99561646038463e+33,7.06058344010221e+33,7.2516300005769e+33
98.9,5.32633159273414e+35,5.37641590544249e+35,5.52374704810253e+35,5.25646738348756e+35,5.30590295577066e+35,5.4513263718384e+35,6.98642092465836e+33,7.0512949671836e+33,7.24206762641323e+33
99,5.31950885146102e+35,5.36952274334958e+35,5.51664623313777e+35,5.24973635358338e+35,5.29910243189963e+35,5.44432092667968e+35,6.97724978776342e+33,7.04203114499506e+33,7.23253064580926e+33
99.1,5.31270403583352e+35,5.36264769654948e+35,5.50956409306294e+35,5.24302300625249e+35,5.29231977773966e+35,5.43733390342907e+35,6.9681029581027e+33,7.03279188098226e+33,7.2230189633867e+33
99.2,5.30591707903175e+35,5.35579069750498e+35,5.50250055822354e+35,5.23632727558655e+35,5.28555492667462e+35,5.43036523338128e+35,6.95898034451956e+33,7.02357708303597e+33,7.21353248422616e+33
99.3,5.29914791455555e+35,5.34895167900167e+35,5.49545555929823e+35,5.2296490959926e+35,5.27880781240678e+35,5.42341484815958e+35,6.9498818562952e+33,7.01438665948944e+33,7.20407111386435e+33
99.4,5.29239647622312e+35,5.3421305741466e+35,5.48842902729658e+35,5.22298840219166e+35,5.27207836895545e+35,5.41648267971366e+35,6.94080740314612e+33,7.00522051911581e+33,7.19463475829149e+33
99.5,5.28566269816933e+35,5.33532731636677e+35,5.48142089355724e+35,5.21634512921712e+35,5.26536653065552e+35,5.40956866031775e+35,6.93175689522156e+33,6.99607857112551e+33,7.18522332394854e+33
99.6,5.27894651484382e+35,5.32854183940746e+35,5.47443108974639e+35,5.20971921241281e+35,5.25867223215583e+35,5.40267272256914e+35,6.92273024310094e+33,6.98696072516371e+33,7.17583671772461e+33
99.7,5.27224786100878e+35,5.32177407733025e+35,5.46745954785633e+35,5.20311058743086e+35,5.25199540841717e+35,5.39579479938679e+35,6.91372735779142e+33,6.97786689130777e+33,7.16647484695431e+33
99.8,5.26556667173668e+35,5.31502396451076e+35,5.46050620020395e+35,5.19651919022942e+35,5.24533599471011e+35,5.3889348240098e+35,6.90474815072535e+33,6.96879698006477e+33,7.15713761941513e+33
99.9,5.25890288240819e+35,5.30829143563638e+35,5.45357097942879e+35,5.18994495707061e+35,5.23869392661269e+35,5.38209272999554e+35,6.89579253375784e+33,6.95975090236896e+33,7.1478249433249e+33
100,5.25225642871048e+35,5.30157642570423e+35,5.44665381849085e+35,5.18338782451883e+35,5.23206914000844e+35,5.37526845121746e+35,6.88686041916432e+33,6.95072856957935e+33,7.13853672733921e+33
100.1,5.24562724663577e+35,5.29487887001947e+35,5.4397546506683e+35,5.17684772943939e+35,5.2254615710847e+35,5.36846192186281e+35,6.87795171963809e+33,6.94172989347719e+33,7.1292728805489e+33
100.2,5.23901527248015e+35,5.28819870419395e+35,5.4328734095552e+35,5.17032460899727e+35,5.21887115633131e+35,5.36167307643042e+35,6.86906634828792e+33,6.93275478626361e+33,7.12003331247752e+33
100.3,5.23242044284203e+35,5.28153586414495e+35,5.42601002905963e+35,5.16381840065568e+35,5.21229783253938e+35,5.35490184972885e+35,6.86020421863566e+33,6.92380316055713e+33,7.11081793307891e+33
100.4,5.22584269462032e+35,5.2748902860936e+35,5.4191644434022e+35,5.15732904217418e+35,5.20574153679968e+35,5.34814817687485e+35,6.85136524461381e+33,6.91487492939129e+33,7.10162665273463e+33
100.5,5.21928196501226e+35,5.26826190656299e+35,5.41233658711477e+35,5.15085647160662e+35,5.19920220650087e+35,5.34141199329226e+35,6.8425493405632e+33,6.90597000621225e+33,7.09245938225156e+33
100.6,5.21273819151129e+35,5.26165066237603e+35,5.40552639503909e+35,5.14440062729898e+35,5.19267977932726e+35,5.3346932347105e+35,6.83375642123061e+33,6.89708830487638e+33,7.08331603285948e+33
100.7,5.20621131190506e+35,5.25505649065321e+35,5.39873380232499e+35,5.13796144788739e+35,5.18617419325673e+35,5.32799183716291e+35,6.82498640176643e+33,6.88822973964795e+33,7.07419651620856e+33
100.8,5.19970126427392e+35,5.24847932881073e+35,5.3919587444283e+35,5.13153887229669e+35,5.17968538655876e+35,5.32130773698463e+35,6.81623919772234e+33,6.87939422519672e+33,7.06510074436699e+33
100.9,5.19320798698976e+35,5.24191911455904e+35,5.38520115710857e+35,5.12513283973927e+35,5.17321329779308e+35,5.31464087081038e+35,6.80751472504903e+33,6.87058167659569e+33,7.05602862981861e+33
101,5.18673141871475e+35,5.23537578590164e+35,5.37846097642698e+35,5.11874328971381e+35,5.16675786580845e+35,5.30799117557237e+35,6.79881290009387e+33,6.86179200931868e+33,7.04698008546042e+33
101.1,5.18027149839976e+35,5.22884928113383e+35,5.37173813874459e+35,5.11237016200377e+35,5.16031902974145e+35,5.30135858849859e+35,6.79013363959865e+33,6.85302513923814e+33,7.03795502460029e+33
101.2,5.17382816528239e+35,5.22233953884107e+35,5.36503258072112e+35,5.10601339667542e+35,5.15389672901484e+35,5.29474304711157e+35,6.78147686069737e+33,6.8442809826228e+33,7.02895336095458e+33
101.3,5.16740135888485e+35,5.2158464978969e+35,5.3583442393137e+35,5.09967293407571e+35,5.14749090333555e+35,5.28814448922725e+35,6.77284248091394e+33,6.83555945613542e+33,7.0199750086458e+33
101.4,5.16099101901195e+35,5.20937009746088e+35,5.35167305177548e+35,5.09334871483035e+35,5.14110149269258e+35,5.28156285295348e+35,6.76423041815996e+33,6.82686047683054e+33,7.01101988220027e+33
101.5,5.15459708574966e+35,5.20291027697662e+35,5.34501895565366e+35,5.08704067984233e+35,5.13472843735509e+35,5.2749980766882e+35,6.75564059073252e+33,6.81818396215226e+33,7.00208789654584e+33
101.6,5.14821949946394e+35,5.1964669761703e+35,5.33838188878741e+35,5.08074877029082e+35,5.12837167787098e+35,5.26845009911731e+35,6.747072917312e+33,6.80952982993198e+33,6.99317896700957e+33
101.7,5.14185820079969e+35,5.19004013504966e+35,5.33176178930572e+35,5.07447292763009e+35,5.1220311550658e+35,5.26191885921256e+35,6.73852731695982e+33,6.80089799838617e+33,6.98429300931545e+33
101.8,5.13551313067914e+35,5.18362969390281e+35,5.32515859562566e+35,5.06821309358797e+35,5.11570681004167e+35,5.25540429622984e+35,6.73000370911628e+33,6.79228838611421e+33,6.97542993958216e+33
101.9,5.12918423029993e+35,5.17723559329656e+35,5.31857224645119e+35,5.06196921016395e+35,5.1093985841756e+35,5.24890634970798e+35,6.72150201359841e+33,6.78370091209614e+33,6.96658967432078e+33
102,5.12287144113308e+35,5.1708577740745e+35,5.31200268077204e+35,5.0557412196271e+35,5.10310641911759e+35,5.24242495946771e+35,6.71302215059776e+33,6.7751354956905e+33,6.95777213043256e+33
102.1,5.1165747049211e+35,5.16449617735489e+35,5.30544983786232e+35,5.04952906451432e+35,5.09683025678857e+35,5.23596006561025e+35,6.70456404067825e+33,6.76659205663216e+33,6.94897722520666e+33
102.2,5.11029396367683e+35,5.15815074452893e+35,5.29891365727867e+35,5.04333268762909e+35,5.09057003937863e+35,5.22951160851549e+35,6.6961276047741e+33,6.75807051503015e+33,6.94020487631797e+33
102.3,5.1040291596824e+35,5.15182141725955e+35,5.29239407885814e+35,5.03715203204052e+35,5.08432570934589e+35,5.22307952883989e+35,6.68771276418766e+33,6.74957079136553e+33,6.93145500182488e+33
102.4,5.09778023548804e+35,5.14550813748047e+35,5.2858910427162e+35,5.03098704108217e+35,5.07809720941558e+35,5.21666376751453e+35,6.67931944058735e+33,6.74109280648929e+33,6.92272752016707e+33
102.5,5.09154713391033e+35,5.13921084739488e+35,5.2794044892453e+35,5.02483765835028e+35,5.07188448257867e+35,5.21026426574367e+35,6.67094755600561e+33,6.73263648162027e+33,6.9140223501634e+33
102.6,5.08532979803021e+35,5.13292948947359e+35,5.27293435911381e+35,5.01870382770185e+35,5.06568747209016e+35,5.20388096500372e+35,6.66259703283682e+33,6.72420173834303e+33,6.90533941100972e+33
102.7,5.07912817119119e+35,5.12666400645313e+35,5.26648059326495e+35,5.01258549325284e+35,5.05950612146707e+35,5.19751380704219e+35,6.65426779383531e+33,6.7157884986059e+33,6.89667862227674e+33
102.8,5.07294219699804e+35,5.1204143413339e+35,5.26004313291516e+35,5.00648259937691e+35,5.05334037448671e+35,5.19116273387608e+35,6.64595976211335e+33,6.70739668471885e+33,6.88803990390795e+33
102.9,5.06677181931586e+35,5.11418043737898e+35,5.25362191955212e+35,5.00039509070447e+35,5.04719017518547e+35,5.18482768778994e+35,6.63767286113915e+33,6.69902621935155e+33,6.87942317621755e+33
103,5.0606169822688e+35,5.10796223811317e+35,5.24721689493282e+35,4.99432291212145e+35,5.04105546785785e+35,5.17850861133394e+35,6.62940701473489e+33,6.69067702553136e+33,6.87082835988836e+33
103.1,5.05447763023826e+35,5.1017596873216e+35,5.24082800108194e+35,4.98826600876751e+35,5.03493619705519e+35,5.17220544732225e+35,6.62116214707473e+33,6.6823490266413e+33,6.86225537596977e+33
103.2,5.04835370786115e+35,5.09557272904802e+35,5.2344551802909e+35,4.98222432603433e+35,5.02883230758384e+35,5.16591813883214e+35,6.61293818268291e+33,6.67404214641814e+33,6.85370414587576e+33
103.3,5.0422451600283e+35,5.08940130759293e+35,5.2280983751167e+35,4.97619780956398e+35,5.02274374450342e+35,5.15964662920287e+35,6.60473504643168e+33,6.66575630895036e+33,6.84517459138282e+33
103.4,5.03615193188345e+35,5.08324536751206e+35,5.22175752838036e+35,4.97018640524805e+35,5.0166704531253e+35,5.15339086203408e+35,6.59655266353947e+33,6.65749143867624e+33,6.83666663462796e+33
103.5,5.03007396882218e+35,5.07710485361551e+35,5.21543258316504e+35,4.9641900592265e+35,5.01061237901169e+35,5.14715078118397e+35,6.58839095956883e+33,6.64924746038182e+33,6.82818019810669e+33
103.6,5.02401121649032e+35,5.07097971096644e+35,5.20912348281428e+35,4.95820871788607e+35,5.00456946797445e+35,5.14092633076757e+35,6.58024986042452e+33,6.64102429919899e+33,6.81971520467103e+33
103.7,5.01796362078218e+35,5.06486988487958e+35,5.20283017093076e+35,4.95224232785866e+35,4.99854166607354e+35,5.13471745515548e+35,6.57212929235162e+33,6.63282188060353e+33,6.81127157752749e+33
103.8,5.01193112783902e+35,5.05877532091935e+35,5.19655259137531e+35,4.94629083601968e+35,4.99252891961522e+35,5.12852409897296e+35,6.5640291819335e+33,6.6246401304131e+33,6.80284924023505e+33
103.9,5.00591368404803e+35,5.05269596489844e+35,5.1902906882655e+35,4.94035418948713e+35,4.98653117515059e+35,5.12234620709847e+35,6.55594945608995e+33,6.61647897478537e+33,6.79444811670322e+33
104,4.99991123604118e+35,5.04663176287681e+35,5.18404440597388e+35,4.93443233562043e+35,4.98054837947465e+35,5.11618372466198e+35,6.5478900420753e+33,6.60833834021605e+33,6.78606813118997e+33
104.1,4.99392373069359e+35,5.04058266116041e+35,5.17781368912622e+35,4.92852522201882e+35,4.97458047962504e+35,5.11003659704322e+35,6.53985086747649e+33,6.60021815353699e+33,6.77770920829981e+33
104.2,4.98795111512201e+35,5.03454860629965e+35,5.17159848260029e+35,4.9226327965199e+35,4.96862742288051e+35,5.10390476987047e+35,6.5318318602112e+33,6.59211834191427e+33,6.7693712729818e+33
104.3,4.98199333668362e+35,5.0285295450878e+35,5.16539873152486e+35,4.91675500719836e+35,4.96268915675933e+35,5.09778818901958e+35,6.52383294852608e+33,6.58403883284638e+33,6.76105425052763e+33
104.4,4.97605034297492e+35,5.02252542455984e+35,5.15921438127822e+35,4.91089180236497e+35,4.95676562901821e+35,5.09168680061252e+35,6.51585406099483e+33,6.57597955416231e+33,6.75275806656966e+33
104.5,4.9701220818303e+35,5.01653619199135e+35,5.15304537748657e+35,4.90504313056514e+35,4.95085678765115e+35,5.08560055101578e+35,6.50789512651646e+33,6.56794043401977e+33,6.74448264707905e+33
104.6,4.96420850132056e+35,5.01056179489702e+35,5.14689166602254e+35,4.89920894057743e+35,4.94496258088799e+35,5.0795293868389e+35,6.49995607431351e+33,6.55992140090339e+33,6.73622791836388e+33
104.7,4.95830954975167e+35,5.00460218102918e+35,5.14075319300418e+35,4.89338918141237e+35,4.93908295719295e+35,5.07347325493351e+35,6.49203683393027e+33,6.5519223836229e+33,6.72799380706729e+33
104.8,4.9524251756636e+35,4.99865729837658e+35,5.13462990479358e+35,4.88758380231129e+35,4.93321786526347e+35,5.06743210239192e+35,6.48413733523101e+33,6.54394331131139e+33,6.71978024016564e+33
104.9,4.94655532782886e+35,4.99272709516317e+35,5.12852174799535e+35,4.88179275274487e+35,4.92736725402893e+35,5.06140587654568e+35,6.47625750839829e+33,6.53598411342355e+33,6.71158714496675e+33
105,4.94069995525123e+35,4.98681151984668e+35,5.1224286694552e+35,4.87601598241192e+35,4.92153107264934e+35,5.05539452496412e+35,6.4683972839312e+33,6.52804471973392e+33,6.70341444910803e+33
105.1,4.93485900716461e+35,4.98091052111733e+35,5.11635061625882e+35,4.87025344123817e+35,4.91570927051397e+35,5.04939799545327e+35,6.46055659264364e+33,6.52012506033517e+33,6.69526208055478e+33
105.2,4.92903243303165e+35,4.97502404789665e+35,5.11028753573048e+35,4.86450507937502e+35,4.90990179724029e+35,5.0434162360545e+35,6.4527353656626e+33,6.51222506563634e+33,6.68712996759835e+33
105.3,4.92322018254255e+35,4.96915204933617e+35,5.10423937543165e+35,4.85877084719828e+35,4.90410860267256e+35,5.03744919504311e+35,6.44493353442643e+33,6.50434466636112e+33,6.67901803885441e+33
105.4,4.91742220561385e+35,4.96329447481616e+35,5.09820608315977e+35,4.85305069530701e+35,4.8983296368807e+35,5.03149682092715e+35,6.43715103068314e+33,6.49648379354612e+33,6.67092622326119e+33
105.5,4.91163845238714e+35,4.95745127394443e+35,5.09218760694699e+35,4.84734457452225e+35,4.89256485015903e+35,5.02555906244621e+35,6.42938778648867e+33,6.48864237853916e+33,6.66285445007769e+33
105.6,4.90586887322785e+35,4.95162239655501e+35,5.08618389505885e+35,4.8416524358858e+35,4.88681419302504e+35,5.01963586857004e+35,6.42164373420519e+33,6.48082035299748e+33,6.65480264888192e+33
105.7,4.90011341872401e+35,4.945807792707e+35,5.08019489599307e+35,4.83597423065902e+35,4.88107761621814e+35,5.01372718849738e+35,6.41391880649939e+33,6.47301764888612e+33,6.64677074956916e+33
105.8,4.89445240508398e+35,4.94000774326511e+35,5.0742205584782e+35,4.83039027572057e+35,4.87535540128035e+35,5.0078329716547e+35,6.40621293634078e+33,6.4652341984761e+33,6.63875868235018e+33
105.9,4.88881223373277e+35,4.93430942536302e+35,5.0682608314724e+35,4.82482697316277e+35,4.86973472601959e+35,5.00195316769491e+35,6.39852605700002e+33,6.45746993434278e+33,6.63076637774947e+33
106,4.88318572209697e+35,4.92862491200685e+35,5.06231566416216e+35,4.81927714107649e+35,4.8641276641132e+35,4.99608772649613e+35,6.39085810204721e+33,6.44972478936417e+33,6.62279376660352e+33
106.1,4.87757282297133e+35,4.92295415548219e+35,5.05641846963372e+35,4.81374073291783e+35,4.858534168515e+35,4.99027006183313e+35,6.38320900535029e+33,6.44199869671919e+33,6.61484078005903e+33
106.2,4.8719734893606e+35,4.9172971082869e+35,5.0505912396926e+35,4.80821770234986e+35,4.85295419238804e+35,4.98452216619689e+35,6.37557870107336e+33,6.43429158988607e+33,6.60690734957124e+33
106.3,4.8663876744783e+35,4.91165372312991e+35,5.04477809469937e+35,4.80270800324155e+35,4.8473876891035e+35,4.97878816063035e+35,6.36796712367504e+33,6.4266034026407e+33,6.59899340690217e+33
106.4,4.86081533174572e+35,4.90602395293011e+35,5.03897898608977e+35,4.79721158966665e+35,4.84183461223956e+35,4.97306799724858e+35,6.36037420790693e+33,6.41893406905496e+33,6.59109888411897e+33
106.5,4.85525641479069e+35,4.90040775081524e+35,5.03319386551504e+35,4.79172841590257e+35,4.83629491558029e+35,4.96736162837912e+35,6.35279988881197e+33,6.41128352349515e+33,6.58322371359221e+33
106.6,4.8497108774465e+35,4.89480507012075e+35,5.02742268484072e+35,4.78625843642927e+35,4.83076855311455e+35,4.96166900656077e+35,6.34524410172289e+33,6.4036517006204e+33,6.57536782799425e+33
106.7,4.84417867375083e+35,4.88921586438867e+35,5.02166539614553e+35,4.78080160592822e+35,4.82525547903486e+35,4.95599008454255e+35,6.33770678226068e+33,6.39603853538113e+33,6.56753116029765e+33
106.8,4.83865975794457e+35,4.88364008736651e+35,5.01592195172022e+35,4.77535787928124e+35,4.81975564773633e+35,4.95032481528248e+35,6.33018786633299e+33,6.3884439630174e+33,6.55971364377347e+33
106.9,4.8331540844707e+35,4.87807769300609e+35,5.0101923040664e+35,4.76992721156938e+35,4.81426901381552e+35,4.9446731519465e+35,6.32268729013269e+33,6.38086791905747e+33,6.55191521198978e+33
107,4.82766160797329e+35,4.87252863546244e+35,5.00447640589542e+35,4.76450955807193e+35,4.80879553206928e+35,4.93903504790732e+35,6.31520499013626e+33,6.37331033931622e+33,6.54413579880999e+33
107.1,4.82218228329638e+35,4.86699286909278e+35,4.99877421012723e+35,4.75910487426536e+35,4.80333515749384e+35,4.93341045674332e+35,6.30774090310237e+33,6.36577115989365e+33,6.5363753383914e+33
107.2,4.81671606548276e+35,4.86147034845536e+35,4.9930856698892e+35,4.75371311582206e+35,4.79788784528363e+35,4.92779933223736e+35,6.30029496607028e+33,6.35825031717331e+33,6.52863376518352e+33
107.3,4.81126290977304e+35,4.8559610283083e+35,4.98741073851498e+35,4.74833423860945e+35,4.79245355083009e+35,4.92220162837571e+35,6.29286711635841e+33,6.35074774782085e+33,6.52091101392662e+33
107.4,4.80582277160474e+35,4.85046486360863e+35,4.98174936954358e+35,4.74296819868911e+35,4.78703222972081e+35,4.91661729934708e+35,6.28545729156283e+33,6.34326338878248e+33,6.51320701965013e+33
107.5,4.8003956066111e+35,4.84498180951139e+35,4.97610151671805e+35,4.73761495231554e+35,4.78162383773855e+35,4.91104629954134e+35,6.27806542955568e+33,6.33579717728341e+33,6.50552171767111e+33
107.6,4.79498137061984e+35,4.83951182136837e+35,4.97046713398441e+35,4.73227445593501e+35,4.77622833086011e+35,4.90548858354848e+35,6.27069146848378e+33,6.32834905082643e+33,6.49785504359273e+33
107.7,4.78958001965231e+35,4.83405485472695e+35,4.9648461754907e+35,4.72694666618463e+35,4.77084566525505e+35,4.89994410615768e+35,6.26333534676708e+33,6.32091894719032e+33,6.49020693330267e+33
107.8,4.78419150992261e+35,4.82861086532916e+35,4.95923859558606e+35,4.72163153989163e+35,4.76547579728488e+35,4.89441282235634e+35,6.25599700309716e+33,6.3135068044284e+33,6.48257732297161e+33
107.9,4.77881579783657e+35,4.82317980911094e+35,4.95364434881929e+35,4.71632903407221e+35,4.76011868350227e+35,4.88889468732877e+35,6.24867637643577e+33,6.30611256086698e+33,6.47496614905168e+33
108,4.7734528399903e+35,4.81776164220091e+35,4.94806338993782e+35,4.71103910593017e+35,4.75477428064987e+35,4.88338965645507e+35,6.24137340601331e+33,6.29873615510391e+33,6.46737334827492e+33
108.1,4.76810259316918e+35,4.81235632091904e+35,4.94249567388683e+35,4.70576171285591e+35,4.74944254565896e+35,4.87789768531031e+35,6.23408803132744e+33,6.29137752600706e+33,6.45979885765175e+33
108.2,4.76276501434713e+35,4.80696380177559e+35,4.93694115580838e+35,4.70049681242571e+35,4.74412343564847e+35,4.87241872966369e+35,6.22682019214154e+33,6.28403661271286e+33,6.45224261446939e+33
108.3,4.75744006068585e+35,4.80158404147048e+35,4.93139979104009e+35,4.69524436240101e+35,4.73881690792423e+35,4.86695274547719e+35,6.21956982848335e+33,6.27671335462486e+33,6.44470455629046e+33
108.4,4.75212768953368e+35,4.79621699689241e+35,4.92587153511381e+35,4.69000432072724e+35,4.73352291997829e+35,4.8614996889043e+35,6.21233688064349e+33,6.2694076914123e+33,6.43718462095138e+33
108.5,4.74682785842412e+35,4.79086262511772e+35,4.92035634375472e+35,4.68477664553238e+35,4.72824142948764e+35,4.85605951628911e+35,6.20512128917407e+33,6.2621195630086e+33,6.4296827465609e+33
108.6,4.74154052507493e+35,4.78552088340899e+35,4.91485417288065e+35,4.67956129512605e+35,4.72297239431288e+35,4.85063218416566e+35,6.19792299488735e+33,6.25484890961009e+33,6.42219887149872e+33
108.7,4.7362656473874e+35,4.780191729214e+35,4.90936497860118e+35,4.67435822799886e+35,4.71771577249726e+35,4.84521764925704e+35,6.19074193885432e+33,6.24759567167453e+33,6.41473293441396e+33
108.8,4.73100318344575e+35,4.77487512016519e+35,4.90388871721633e+35,4.66916740282172e+35,4.71247152226599e+35,4.83981586847409e+35,6.18357806240338e+33,6.24035978991977e+33,6.40728487422378e+33
108.9,4.72575309151616e+35,4.76957101407889e+35,4.89842534521515e+35,4.66398877844497e+35,4.70723960202567e+35,4.83442679891403e+35,6.17643130711898e+33,6.23314120532241e+33,6.39985463011197e+33
109,4.72051533004533e+35,4.76427936895444e+35,4.89297481927493e+35,4.65882231389693e+35,4.70201997036327e+35,4.82905039785965e+35,6.1693016148403e+33,6.22593985911643e+33,6.3924421415276e+33
109.1,4.71528985765921e+35,4.75900014297263e+35,4.88753709626053e+35,4.65366796838261e+35,4.69681258604471e+35,4.8236866227787e+35,6.16218892765994e+33,6.21875569279189e+33,6.38504734818357e+33
109.2,4.71007663316222e+35,4.75373329449452e+35,4.88211213322368e+35,4.64852570128299e+35,4.69161740801359e+35,4.81833543132312e+35,6.15509318792259e+33,6.21158864809356e+33,6.37767019005535e+33
109.3,4.70487561553663e+35,4.74847878206063e+35,4.87669988740177e+35,4.64339547215439e+35,4.68643439539043e+35,4.81299678132798e+35,6.14801433822373e+33,6.20443866701966e+33,6.37031060737952e+33
109.4,4.69968676394198e+35,4.74323656439035e+35,4.87130031621643e+35,4.6382772407279e+35,4.68126350747214e+35,4.80767063080991e+35,6.14095232140829e+33,6.19730569182047e+33,6.36296854065252e+33
109.5,4.69451003771408e+35,4.73800660038131e+35,4.8659133772723e+35,4.63317096690839e+35,4.67610470373134e+35,4.80235693796601e+35,6.13390708056937e+33,6.19018966499704e+33,6.35564393062922e+33
109.6,4.68934539636365e+35,4.73278884910842e+35,4.86053902835637e+35,4.62807661077319e+35,4.67095794381542e+35,4.79705566117315e+35,6.12687855904685e+33,6.18309052929984e+33,6.34833671832159e+33
109.7,4.68419279957503e+35,4.72758326982243e+35,4.85517722743741e+35,4.62299413257077e+35,4.66582318754516e+35,4.79176675898744e+35,6.11986670042616e+33,6.17600822772744e+33,6.34104684499739e+33
109.8,4.67905220720531e+35,4.72238982194869e+35,4.84982793266527e+35,4.61792349271994e+35,4.66070039491344e+35,4.78649019014349e+35,6.11287144853687e+33,6.16894270352517e+33,6.3337742521787e+33
109.9,4.67392357928386e+35,4.71720846508627e+35,4.84449110236974e+35,4.61286465180934e+35,4.65558952608443e+35,4.78122591355334e+35,6.10589274745143e+33,6.16189390018381e+33,6.32651888164067e+33
110,4.66880687601175e+35,4.71203915900749e+35,4.83916669505913e+35,4.60781757059691e+35,4.65049054139311e+35,4.77597388830503e+35,6.0989305414838e+33,6.15486176143819e+33,6.31928067541005e+33
110.1,4.66370205776104e+35,4.70688186365739e+35,4.83385466941901e+35,4.60278221000916e+35,4.64540340134473e+35,4.77073407366137e+35,6.09198477518821e+33,6.14784623126596e+33,6.31205957576393e+33
110.2,4.65860908507361e+35,4.70173653915292e+35,4.82855498431154e+35,4.59775853114003e+35,4.64032806661406e+35,4.76550642905926e+35,6.08505539335781e+33,6.14084725388621e+33,6.30485552522829e+33
110.3,4.65352791865973e+35,4.69660314578178e+35,4.82326759877495e+35,4.5927464952495e+35,4.6352644980442e+35,4.76029091410918e+35,6.07814234102338e+33,6.1338647737582e+33,6.29766846657667e+33
110.4,4.64845851939695e+35,4.69148164400102e+35,4.81799247202294e+35,4.58774606376242e+35,4.63021265664522e+35,4.75508748859466e+35,6.07124556345218e+33,6.1268987355801e+33,6.2904983428289e+33
110.5,4.64340084832932e+35,4.68637199443587e+35,4.81272956344384e+35,4.58275719826786e+35,4.625172503593e+35,4.74989611247134e+35,6.06436500614658e+33,6.11994908428769e+33,6.2833450972497e+33
110.6,4.63835486666696e+35,4.68127415787903e+35,4.80747883259926e+35,4.57777986051853e+35,4.6201440002285e+35,4.74471674586578e+35,6.05750061484293e+33,6.11301576505318e+33,6.27620867334745e+33
110.7,4.63332053578553e+35,4.67618809529018e+35,4.80224023922274e+35,4.57281401243043e+35,4.61512710805734e+35,4.73954934907401e+35,6.05065233551034e+33,6.10609872328395e+33,6.26908901487288e+33
110.8,4.62829781722553e+35,4.67111376779553e+35,4.79701374321864e+35,4.56785961608203e+35,4.61012178874932e+35,4.73439388256046e+35,6.0438201143495e+33,6.09919790462137e+33,6.26198606581784e+33
110.9,4.62328667269121e+35,4.66605113668703e+35,4.79179930466149e+35,4.56291663371329e+35,4.60512800413763e+35,4.72925030695735e+35,6.0370038977915e+33,6.09231325493966e+33,6.25489977041407e+33
111,4.61828706404931e+35,4.66100016342132e+35,4.78659688379559e+35,4.55798502772434e+35,4.60014571621788e+35,4.72411858306427e+35,6.03020363249674e+33,6.08544472034464e+33,6.247830073132e+33
111.1,4.61329895332783e+35,4.65596080961842e+35,4.78140644103441e+35,4.55306476067429e+35,4.5951748871467e+35,4.71899867184761e+35,6.02341926535366e+33,6.07859224717264e+33,6.24077691867954e+33
111.2,4.60832230271523e+35,4.65093303706053e+35,4.77622793695981e+35,4.54815579528045e+35,4.59021547924063e+35,4.7138905344398e+35,6.01665074347769e+33,6.07175578198931e+33,6.23374025200091e+33
111.3,4.60335707455993e+35,4.64591680769121e+35,4.7710613323209e+35,4.54325809441783e+35,4.58526745497533e+35,4.70879413213814e+35,6.00989801421005e+33,6.06493527158846e+33,6.22672001827543e+33
111.4,4.59840323136985e+35,4.6409120836149e+35,4.76590658803264e+35,4.53837162111869e+35,4.580330776985e+35,4.70370942640347e+35,6.00316102511659e+33,6.05813066299089e+33,6.21971616291641e+33
111.5,4.59346073581188e+35,4.63591882709645e+35,4.76076366517472e+35,4.53349633857202e+35,4.57540540806202e+35,4.69863637885902e+35,5.9964397239866e+33,6.05134190344322e+33,6.21272863156983e+33
111.6,4.58852955071103e+35,4.63093700056059e+35,4.75563252499083e+35,4.52863221012272e+35,4.57049131115642e+35,4.69357495128969e+35,5.98973405883166e+33,6.04456894041668e+33,6.20575737011326e+33
111.7,4.58360963904932e+35,4.62596656659105e+35,4.75051312888812e+35,4.52377919927048e+35,4.56558844937499e+35,4.68852510564158e+35,5.98304397788442e+33,6.03781172160593e+33,6.19880232465463e+33
111.8,4.57870096396452e+35,4.62100748792947e+35,4.74540543843682e+35,4.51893726966855e+35,4.56069678598019e+35,4.68348680402151e+35,5.97636942959741e+33,6.03107019492788e+33,6.19186344153094e+33
111.9,4.57380348874909e+35,4.6160597274741e+35,4.74030941536956e+35,4.51410638512267e+35,4.5558162843889e+35,4.67846000869649e+35,5.96971036264189e+33,6.02434430852044e+33,6.1849406673071e+33
112,4.56891717684937e+35,4.61112324827876e+35,4.73522502158053e+35,4.5092865095903e+35,4.55094690817134e+35,4.67344468209278e+35,5.96306672590662e+33,6.01763401074137e+33,6.17803394877469e+33
112.1,4.56404199186512e+35,4.60619801355201e+35,4.7301522191242e+35,4.50447760718015e+35,4.54608862105034e+35,4.66844078679469e+35,5.95643846849671e+33,6.01093925016707e+33,6.17114323295072e+33
112.2,4.55917789754911e+35,4.60128398665673e+35,4.72509097021411e+35,4.49967964215179e+35,4.54124138690081e+35,4.66344828554334e+35,5.94982553973252e+33,6.00425997559143e+33,6.16426846707638e+33
112.3,4.55432485780664e+35,4.59638113110969e+35,4.72004123722179e+35,4.49489257891516e+35,4.53640516974944e+35,4.65846714123564e+35,5.94322788914847e+33,5.99759613602467e+33,6.15740959861592e+33
112.4,4.5494828366948e+35,4.59148941058105e+35,4.71500298267608e+35,4.49011638202988e+35,4.53157993377413e+35,4.65349731692353e+35,5.93664546649196e+33,5.99094768069226e+33,6.15056657525536e+33
112.5,4.5446517984215e+35,4.58660878889365e+35,4.70997616926262e+35,4.48535101620428e+35,4.52676564330331e+35,4.64853877581361e+35,5.93007822172234e+33,5.98431455903374e+33,6.14373934490142e+33
112.6,4.53983170734429e+35,4.58173923002199e+35,4.70496075982351e+35,4.48059644629419e+35,4.52196226281498e+35,4.6435914812667e+35,5.9235261050098e+33,5.97769672070176e+33,6.13692785568032e+33
112.7,4.53502252796929e+35,4.57688069809109e+35,4.69995671735674e+35,4.47585263730195e+35,4.51716975693549e+35,4.63865539679737e+35,5.91698906673439e+33,5.97109411556095e+33,6.13013205593673e+33
112.8,4.53022422495031e+35,4.57203315737537e+35,4.69496400501542e+35,4.47111955437546e+35,4.5123880904385e+35,4.63373048607309e+35,5.91046705748496e+33,5.96450669368692e+33,6.12335189423265e+33
112.9,4.52543676308819e+35,4.56719657229775e+35,4.68998258610673e+35,4.4663971628076e+35,4.5076172282441e+35,4.62881671291327e+35,5.9039600280582e+33,5.95793440536526e+33,6.11658731934639e+33
113,4.5206601073304e+35,4.56237090742907e+35,4.6850124240907e+35,4.46168542803583e+35,4.50285713541816e+35,4.62391404128798e+35,5.89746792945756e+33,5.95137720109048e+33,6.1098382802715e+33
113.1,4.51589422277064e+35,4.55755612748761e+35,4.68005348257911e+35,4.45698431564171e+35,4.49810777717196e+35,4.61902243531695e+35,5.8909907128923e+33,5.94483503156503e+33,6.10310472621575e+33
113.2,4.51113907464825e+35,4.55275219733871e+35,4.67510572533465e+35,4.45229379135048e+35,4.49336911886173e+35,4.61414185926865e+35,5.88452832977643e+33,5.93830784769827e+33,6.09638660660011e+33
113.3,4.50639462834749e+35,4.54795908199422e+35,4.6701691162703e+35,4.44761382103022e+35,4.48864112598817e+35,4.60927227755973e+35,5.87808073172765e+33,5.93179560060538e+33,6.08968387105765e+33
113.4,4.50166084939662e+35,4.54317674661175e+35,4.66524361944894e+35,4.44294437069096e+35,4.48392376419569e+35,4.60441365475462e+35,5.87164787056634e+33,5.92529824160636e+33,6.08299646943259e+33
113.5,4.49693770346676e+35,4.53840515649369e+35,4.6603291990829e+35,4.43828540648362e+35,4.47921699927144e+35,4.59956595556511e+35,5.86522969831441e+33,5.91881572222493e+33,6.07632435177912e+33
113.6,4.49222515637093e+35,4.53364427708616e+35,4.65542581953343e+35,4.43363689469899e+35,4.47452079714429e+35,4.59472914484982e+35,5.8588261671943e+33,5.91234799418743e+33,6.0696674683604e+33
113.7,4.4875231740632e+35,4.528894073978e+35,4.65053344530987e+35,4.42899880176692e+35,4.46983512388378e+35,4.5899031876134e+35,5.85243722962782e+33,5.90589500942174e+33,6.06302576964739e+33
113.8,4.48283172263809e+35,4.52415451289987e+35,4.6456520410687e+35,4.42437109425574e+35,4.46515994569931e+35,4.58508804900552e+35,5.84606283823511e+33,5.89945672005617e+33,6.05639920631775e+33
113.9,4.47815076833011e+35,4.51942555972373e+35,4.64078157161239e+35,4.41975373887178e+35,4.46049522893955e+35,4.58028369431984e+35,5.83970294583357e+33,5.89303307841841e+33,6.04978772925474e+33
114,4.47348027751338e+35,4.51470718046231e+35,4.63592200188838e+35,4.41514670245901e+35,4.45584094009197e+35,4.57549008899292e+35,5.8333575054368e+33,5.8866240370344e+33,6.04319128954607e+33
114.1,4.46882021670115e+35,4.50999934126876e+35,4.6310732969883e+35,4.41054995199861e+35,4.45119704578249e+35,4.57070719860347e+35,5.82702647025356e+33,5.88022954862734e+33,6.03660983848277e+33
114.2,4.46417055254516e+35,4.50530200843618e+35,4.62623542214733e+35,4.4059634546083e+35,4.44656351277502e+35,4.56593498887175e+35,5.82070979368683e+33,5.87384956611663e+33,6.03004332755816e+33
114.3,4.45953125183484e+35,4.50061514839695e+35,4.62140834274376e+35,4.40138717754151e+35,4.44194030797078e+35,4.56117342565909e+35,5.81440742933283e+33,5.86748404261694e+33,6.02349170846673e+33
114.4,4.4549022814963e+35,4.49593872772194e+35,4.61659202429864e+35,4.3968210881865e+35,4.43732739840757e+35,4.55642247496761e+35,5.80811933098005e+33,5.86113293143719e+33,6.01695493310316e+33
114.5,4.45028360859138e+35,4.49127271311949e+35,4.61178643247523e+35,4.39226515406529e+35,4.43272475125869e+35,4.55168210293962e+35,5.80184545260841e+33,5.85479618607971e+33,6.01043295356129e+33
114.6,4.44567520031674e+35,4.48661707143448e+35,4.60699153307837e+35,4.38771934283285e+35,4.42813233383208e+35,4.54695227585704e+35,5.79558574838835e+33,5.84847376023924e+33,6.00392572213318e+33
114.7,4.44107702400314e+35,4.48197176964736e+35,4.60220729205362e+35,4.38318362227634e+35,4.42355011356934e+35,4.54223296014054e+35,5.78934017267992e+33,5.84216560780215e+33,5.9974331913082e+33
114.8,4.43648904711489e+35,4.47733677487346e+35,4.59743367548624e+35,4.37865796031457e+35,4.41897805804501e+35,4.53752412234851e+35,5.78310868003197e+33,5.83587168284548e+33,5.9909553137721e+33
114.9,4.43191123724948e+35,4.47271205436247e+35,4.59267064960016e+35,4.37414232499767e+35,4.41441613496611e+35,4.5328257291761e+35,5.77689122518115e+33,5.82959193963607e+33,5.9844920424061e+33
115,4.42734356213713e+35,4.46809757549795e+35,4.58791818075716e+35,4.36963668450662e+35,4.40986431217166e+35,4.52813774745429e+35,5.77068776305111e+33,5.82332633262967e+33,5.97804333028604e+33
115.1,4.42278598964037e+35,4.46349330579705e+35,4.58317623545603e+35,4.36514100715286e+35,4.40532255763235e+35,4.52346014414922e+35,5.76449824875146e+33,5.81707481646999e+33,5.97160913068142e+33
115.2,4.41823848775347e+35,4.45889921290996e+35,4.57844478033216e+35,4.3606552613777e+35,4.40079083945008e+35,4.51879288636161e+35,5.75832263757688e+33,5.81083734598776e+33,5.96518939705454e+33
115.3,4.4137010246016e+35,4.45431526461937e+35,4.57372378215706e+35,4.35617941575154e+35,4.39626912585737e+35,4.51413594132646e+35,5.75216088500611e+33,5.80461387619973e+33,5.95878408305947e+33
115.4,4.40917356844006e+35,4.44974142883968e+35,4.56901320783799e+35,4.35171343897305e+35,4.3917573852166e+35,4.50948927641258e+35,5.74601294670091e+33,5.79840436230768e+33,5.9523931425411e+33
115.5,4.40465608765328e+35,4.44517767361615e+35,4.56431302441753e+35,4.34725729986823e+35,4.38725558601918e+35,4.50485285912218e+35,5.73987877850512e+33,5.79220875969741e+33,5.94601652953413e+33
115.6,4.400148550754e+35,4.44062396712395e+35,4.55962319907289e+35,4.34281096738956e+35,4.38276369688457e+35,4.50022665709027e+35,5.73375833644359e+33,5.7860270239377e+33,5.93965419826206e+33
115.7,4.39565092638254e+35,4.43608027766728e+35,4.55494369911519e+35,4.33837441061532e+35,4.37828168655949e+35,4.49561063808383e+35,5.72765157672126e+33,5.77985911077933e+33,5.93330610313607e+33
115.8,4.39116318330619e+35,4.43154657367869e+35,4.55027449198852e+35,4.33394759874897e+35,4.37380952391715e+35,4.49100477000098e+35,5.72155845572213e+33,5.77370497615407e+33,5.92697219875405e+33
115.9,4.38668529041881e+35,4.42702282371843e+35,4.54561554526899e+35,4.32953050111873e+35,4.3693471779567e+35,4.48640902087e+35,5.71547893000841e+33,5.76756457617375e+33,5.92065243989955e+33
116,4.38221721674037e+35,4.42250899647402e+35,4.54096682666388e+35,4.32512308717717e+35,4.36489461780273e+35,4.48182335884847e+35,5.70941295631956e+33,5.76143786712933e+33,5.91434678154075e+33
116.1,4.37775893141657e+35,4.41800506075985e+35,4.53632830401084e+35,4.32072532650085e+35,4.36045181270495e+35,4.47724775222254e+35,5.70336049157155e+33,5.75532480549003e+33,5.9080551788295e+33
116.2,4.37331040371836e+35,4.41351098551678e+35,4.53169994527737e+35,4.3163371887898e+35,4.35601873203776e+35,4.47268216940636e+35,5.69732149285596e+33,5.74922534790252e+33,5.90177758710042e+33
116.3,4.3688716030413e+35,4.40902673981165e+35,4.52708171856033e+35,4.3119586438669e+35,4.35159534529975e+35,4.46812657894163e+35,5.69129591743928e+33,5.74313945119012e+33,5.89551396187002e+33
116.4,4.36444249890484e+35,4.40455229283665e+35,4.52247359208557e+35,4.30758966167722e+35,4.34718162211313e+35,4.46358094949721e+35,5.68528372276209e+33,5.73706707235199e+33,5.88926425883584e+33
116.5,4.36002306095152e+35,4.4000876139086e+35,4.51787553420753e+35,4.30323021228714e+35,4.34277753222298e+35,4.45904524986877e+35,5.67928486643837e+33,5.73100816856243e+33,5.88302843387566e+33
116.6,4.35561325894612e+35,4.39563267246814e+35,4.51328751340869e+35,4.29888026588357e+35,4.33838304549644e+35,4.45451944897823e+35,5.67329930625466e+33,5.72496269717009e+33,5.87680644304677e+33
116.7,4.35121306277493e+35,4.39118743807888e+35,4.50870949829904e+35,4.29453979277323e+35,4.33399813192191e+35,4.45000351587319e+35,5.66732700016931e+33,5.71893061569718e+33,5.87059824258515e+33
116.8,4.34682244244506e+35,4.38675188042665e+35,4.50414145761523e+35,4.29020876338194e+35,4.32962276160827e+35,4.44549741972619e+35,5.66136790631164e+33,5.71291188183868e+33,5.86440378890471e+33
116.9,4.34244136808393e+35,4.38232596931884e+35,4.49958336021981e+35,4.28588714825412e+35,4.32525690478423e+35,4.44100112983385e+35,5.65542198298108e+33,5.70690645346147e+33,5.85822303859652e+33
117,4.33806980993881e+35,4.37790967468381e+35,4.49503517510034e+35,4.28157491805235e+35,4.32090053179778e+35,4.43651461561606e+35,5.64948918864624e+33,5.70091428860346e+33,5.85205594842797e+33
117.1,4.33370773837641e+35,4.37350296657048e+35,4.49049687136861e+35,4.27727204355697e+35,4.31655361311576e+35,4.43203784661519e+35,5.64356948194402e+33,5.69493534547267e+33,5.84590247534185e+33
117.2,4.32935512388253e+35,4.36910581514794e+35,4.48596841825996e+35,4.27297849566575e+35,4.31221611932347e+35,4.42757079249541e+35,5.63766282167863e+33,5.68896958244626e+33,5.83976257645552e+33
117.3,4.32501193706153e+35,4.364718190705e+35,4.48144978513273e+35,4.26869424539332e+35,4.30788802112431e+35,4.42311342304214e+35,5.63176916682065e+33,5.68301695806959e+33,5.83363620905988e+33
117.4,4.3206781486358e+35,4.3603400636498e+35,4.47694094146783e+35,4.26441926387074e+35,4.30356928933925e+35,4.41866570816164e+35,5.62588847650609e+33,5.67707743105526e+33,5.82752333061846e+33
117.5,4.31635372944512e+35,4.35597140450918e+35,4.47244185686828e+35,4.26015352234476e+35,4.29925989490635e+35,4.41422761788062e+35,5.6200207100355e+33,5.67115096028217e+33,5.82142389876637e+33
117.6,4.31203865044589e+35,4.35161218392805e+35,4.46795250105889e+35,4.25589699217716e+35,4.2949598088801e+35,4.4097991223458e+35,5.61416582687309e+33,5.66523750479461e+33,5.81533787130934e+33
117.7,4.30773288271041e+35,4.34726237266869e+35,4.46347284388574e+35,4.25164964484395e+35,4.29066900243067e+35,4.40538019182351e+35,5.60832378664596e+33,5.65933702380147e+33,5.8092652062228e+33
117.8,4.30343639742615e+35,4.34292194160994e+35,4.45900285531564e+35,4.24741145193471e+35,4.28638744684319e+35,4.40097079669913e+35,5.6024945491433e+33,5.65344947667536e+33,5.80320586165091e+33
117.9,4.29914916589506e+35,4.33859086174651e+35,4.45454250543545e+35,4.2431823851519e+35,4.28211511351699e+35,4.39657090747639e+35,5.59667807431573e+33,5.64757482295197e+33,5.79715979590574e+33
118,4.29487115953305e+35,4.33426910418828e+35,4.45009176445134e+35,4.23896241631031e+35,4.27785197396499e+35,4.39218049477667e+35,5.5908743222746e+33,5.64171302232927e+33,5.79112696746646e+33
118.1,4.29060234986952e+35,4.32995664015975e+35,4.44565060268802e+35,4.23475151733661e+35,4.27359799981308e+35,4.38779952933824e+35,5.58508325329138e+33,5.63586403466696e+33,5.78510733497859e+33
118.2,4.28634270854692e+35,4.32565344099958e+35,4.44121899058802e+35,4.23054966026895e+35,4.26935316279972e+35,4.38342798201548e+35,5.57930482779698e+33,5.63002781998574e+33,5.77910085725333e+33
118.3,4.28209220732042e+35,4.32135947816014e+35,4.43679689871093e+35,4.22635681725661e+35,4.26511743477548e+35,4.37906582377826e+35,5.5735390063811e+33,5.62420433846671e+33,5.77310749326687e+33
118.4,4.27785081805748e+35,4.3170747232072e+35,4.43238429773292e+35,4.22217296055956e+35,4.26089078770269e+35,4.37471302571132e+35,5.56778574979153e+33,5.61839355045067e+33,5.76712720215976e+33
118.5,4.27361851273741e+35,4.31279914781947e+35,4.42798115844618e+35,4.21799806254807e+35,4.2566731936551e+35,4.37036955901382e+35,5.56204501893344e+33,5.61259541643743e+33,5.76115994323625e+33
118.6,4.26939526345082e+35,4.30853272378819e+35,4.42358745175858e+35,4.21383209570214e+35,4.25246462481734e+35,4.36603539499895e+35,5.55631677486851e+33,5.60680989708499e+33,5.75520567596359e+33
118.7,4.26518104239903e+35,4.30427542301655e+35,4.41920314869324e+35,4.20967503261088e+35,4.24826505348447e+35,4.36171050509353e+35,5.55060097881417e+33,5.60103695320878e+33,5.74926435997131e+33
118.8,4.26097582189334e+35,4.30002721751913e+35,4.41482822038816e+35,4.20552684597192e+35,4.24407445206133e+35,4.35739486083765e+35,5.54489759214264e+33,5.59527654578077e+33,5.74333595505044e+33
118.9,4.25677957435442e+35,4.29578807942118e+35,4.41046263809573e+35,4.20138750859062e+35,4.2398927930619e+35,4.35308843388421e+35,5.53920657638008e+33,5.58952863592854e+33,5.73742042115263e+33
119,4.25259227231156e+35,4.29155798095793e+35,4.40610637318226e+35,4.1972569933795e+35,4.23572004910859e+35,4.34879119599836e+35,5.53352789320568e+33,5.58379318493442e+33,5.73151771838929e+33
119.1,4.24841388840205e+35,4.28733689447391e+35,4.40175939712724e+35,4.19313527335755e+35,4.23155619293157e+35,4.34450311905694e+35,5.52786150445073e+33,5.57807015423452e+33,5.72562780703062e+33
119.2,4.24424439537071e+35,4.28312479242233e+35,4.39742168152278e+35,4.18902232164974e+35,4.22740119736815e+35,4.34022417504773e+35,5.52220737209787e+33,5.57235950541794e+33,5.71975064750473e+33
119.3,4.24008376606935e+35,4.27892164736451e+35,4.3930931980728e+35,4.18491811148655e+35,4.22325503536225e+35,4.33595433606884e+35,5.51656545828025e+33,5.56666120022586e+33,5.71388620039665e+33
119.4,4.23593197345639e+35,4.27472743196943e+35,4.38877391859238e+35,4.18082261620358e+35,4.21911767996392e+35,4.3316935743279e+35,5.51093572528087e+33,5.56097520055084e+33,5.7080344264475e+33
119.5,4.2317889905965e+35,4.27054211901331e+35,4.38446381500708e+35,4.17673580924119e+35,4.21498910432895e+35,4.32744186214155e+35,5.50531813553189e+33,5.55530146843613e+33,5.70219528655357e+33
119.6,4.22765479066027e+35,4.26636568137926e+35,4.38016285935246e+35,4.17265766414413e+35,4.21086928171851e+35,4.3231991719348e+35,5.49971265161407e+33,5.54963996607501e+33,5.69636874176565e+33
119.7,4.22352934692373e+35,4.26219809205691e+35,4.37587102377348e+35,4.16858815456117e+35,4.20675818549881e+35,4.3189654762406e+35,5.49411923625623e+33,5.54399065581024e+33,5.69055475328828e+33
119.8,4.21941263276797e+35,4.258039324142e+35,4.37158828052422e+35,4.16452725424462e+35,4.20265578914067e+35,4.31474074769943e+35,5.48853785233467e+33,5.5383535001335e+33,5.68475328247911e+33
119.9,4.21530462167858e+35,4.25388935083596e+35,4.36731460196742e+35,4.16047493704985e+35,4.19856206621911e+35,4.31052495905894e+35,5.48296846287263e+33,5.53272846168487e+33,5.6789642908484e+33
120,4.21120528724507e+35,4.24974814544532e+35,4.36304996057417e+35,4.15643117693468e+35,4.1944769904128e+35,4.30631808317359e+35,5.47741103103969e+33,5.52711550325221e+33,5.67318774005839e+33
120.1,4.20711460316027e+35,4.24561568138123e+35,4.35879432892349e+35,4.15239594795876e+35,4.19040053550352e+35,4.30212009300426e+35,5.4718655201511e+33,5.52151458777057e+33,5.66742359192276e+33
120.2,4.20303254321969e+35,4.24149193215873e+35,4.35454767970187e+35,4.14836922428302e+35,4.18633267537552e+35,4.29793096161781e+35,5.46633189366709e+33,5.5159256783215e+33,5.66167180840612e+33
120.3,4.19895908132089e+35,4.23737687139621e+35,4.35030998570275e+35,4.14435098016897e+35,4.18227338401488e+35,4.29375066218652e+35,5.46081011519202e+33,5.51034873813231e+33,5.65593235162327e+33
120.4,4.19489419146296e+35,4.23327047281471e+35,4.34608121982596e+35,4.14034118997822e+35,4.17822263550896e+35,4.28957916798757e+35,5.45530014847361e+33,5.50478373057521e+33,5.65020518383856e+33
120.5,4.19083784774598e+35,4.22917271023741e+35,4.341861355077e+35,4.13633982817196e+35,4.17418040404575e+35,4.28541645240235e+35,5.44980195740202e+33,5.49923061916654e+33,5.64449026746513e+33
120.6,4.18679002437062e+35,4.22508355758911e+35,4.33765036456648e+35,4.13234686931053e+35,4.17014666391345e+35,4.28126248891584e+35,5.44431550600903e+33,5.49368936756579e+33,5.638787565064e+33
120.7,4.18275069563771e+35,4.22100298889575e+35,4.33344822150944e+35,4.12836228805304e+35,4.16612138950001e+35,4.27711725111601e+35,5.43884075846716e+33,5.48815993957478e+33,5.63309703934324e+33
120.8,4.17871983594791e+35,4.21693097828408e+35,4.32925489922476e+35,4.12438605915702e+35,4.16210455529271e+35,4.27298071269319e+35,5.4333776790889e+33,5.48264229913686e+33,5.62741865315705e+33
120.9,4.17469741980134e+35,4.21286749998123e+35,4.32507037113466e+35,4.12041815747808e+35,4.15809613587787e+35,4.26885284743961e+35,5.42792623232605e+33,5.47713641033609e+33,5.62175236950485e+33
121,4.17068342179721e+35,4.20881252831441e+35,4.32089461076424e+35,4.11645855796952e+35,4.15409610594045e+35,4.26473362924893e+35,5.42248638276903e+33,5.47164223739658e+33,5.61609815153044e+33
121.1,4.16667781663339e+35,4.20476603771052e+35,4.31672759174107e+35,4.11250723568193e+35,4.1501044402637e+35,4.26062303211586e+35,5.41705809514638e+33,5.4661597446819e+33,5.61045596252123e+33
121.2,4.16268057910596e+35,4.20072800269572e+35,4.31256928779486e+35,4.10856416576271e+35,4.14612111372878e+35,4.25652103013579e+35,5.41164133432426e+33,5.46068889669455e+33,5.60482576590756e+33
121.3,4.15869168410866e+35,4.19669839789497e+35,4.30841967275709e+35,4.1046293234556e+35,4.14214610131422e+35,4.25242759750447e+35,5.40623606530601e+33,5.4552296580755e+33,5.59920752526207e+33
121.4,4.1547111066324e+35,4.19267719803154e+35,4.30427872056063e+35,4.10070268410009e+35,4.1381793780955e+35,4.24834270851764e+35,5.40084225323172e+33,5.44978199360374e+33,5.59360120429919e+33
121.5,4.15073882176465e+35,4.1886643779264e+35,4.30014640523935e+35,4.09678422313087e+35,4.13422091924445e+35,4.2442663375706e+35,5.3954598633777e+33,5.44434586819582e+33,5.58800676687472e+33
121.6,4.14677480468888e+35,4.18465991249774e+35,4.29602270092762e+35,4.09287391607732e+35,4.13027070002868e+35,4.24019845915776e+35,5.39008886115596e+33,5.43892124690534e+33,5.5824241769853e+33
121.7,4.14281903068405e+35,4.18066377676031e+35,4.29190758185984e+35,4.08897173856291e+35,4.12632869581108e+35,4.23613904787216e+35,5.38472921211357e+33,5.43350809492241e+33,5.57685339876808e+33
121.8,4.13887147512412e+35,4.17667594582495e+35,4.28780102236984e+35,4.0850776663048e+35,4.12239488204922e+35,4.23208807840484e+35,5.37938088193195e+33,5.42810637757294e+33,5.57129439650007e+33
121.9,4.13493211347758e+35,4.17269639489807e+35,4.28370299689031e+35,4.08119167511332e+35,4.11846923429489e+35,4.22804552554433e+35,5.37404383642607e+33,5.42271606031791e+33,5.56574713459767e+33
122,4.13100092130711e+35,4.16872509928119e+35,4.27961347995222e+35,4.07731374089167e+35,4.11455172819367e+35,4.22401136417606e+35,5.36871804154357e+33,5.41733710875255e+33,5.56021157761593e+33
122.1,4.12707787426914e+35,4.16476203437057e+35,4.27553244618428e+35,4.0734438396355e+35,4.11064233948452e+35,4.2199855692818e+35,5.36340346336395e+33,5.41196948860544e+33,5.55468769024776e+33
122.2,4.12316294811357e+35,4.16080717565679e+35,4.27145987031236e+35,4.06958194743259e+35,4.10674104399941e+35,4.21596811593913e+35,5.35810006809769e+33,5.40661316573767e+33,5.54917543732313e+33
122.3,4.11925611868337e+35,4.15686049872446e+35,4.26739572715914e+35,4.06572804046252e+35,4.10284781766304e+35,4.21195897932106e+35,5.35280782208545e+33,5.401268106142e+33,5.54367478380811e+33
122.4,4.11535736191426e+35,4.15292197925183e+35,4.26333999164359e+35,4.06188209499629e+35,4.09896263649241e+35,4.20795813469555e+35,5.34752669179748e+33,5.39593427594207e+33,5.538185694804e+33
122.5,4.11146665383426e+35,4.14899159301046e+35,4.25929263878067e+35,4.05804408739593e+35,4.09508547659655e+35,4.2039655574252e+35,5.34225664383289e+33,5.39061164139179e+33,5.53270813554646e+33
122.6,4.10758397056329e+35,4.14506931586479e+35,4.25525364368094e+35,4.05421399411409e+35,4.09121631417604e+35,4.19998122296689e+35,5.33699764491933e+33,5.38530016887474e+33,5.52724207140472e+33
122.7,4.10370928831268e+35,4.14115512377172e+35,4.25122298155023e+35,4.05039179169355e+35,4.08735512552268e+35,4.19600510687142e+35,5.33174966191251e+33,5.37999982490377e+33,5.52178746788093e+33
122.8,4.09984258338469e+35,4.13724899278014e+35,4.2472006276893e+35,4.04657745676674e+35,4.08350188701893e+35,4.19203718478321e+35,5.32651266179589e+33,5.3747105761206e+33,5.51634429060957e+33
122.9,4.09598383217202e+35,4.13335089903042e+35,4.24318655749341e+35,4.04277096605521e+35,4.07965657513747e+35,4.18807743243984e+35,5.32128661168033e+33,5.3694323892955e+33,5.51091250535705e+33
123,4.09213301115724e+35,4.12946081875396e+35,4.23918074645189e+35,4.0389722963692e+35,4.07581916644069e+35,4.18412582567168e+35,5.31607147880373e+33,5.36416523132697e+33,5.50549207802129e+33
123.1,4.0882900969124e+35,4.12557872827258e+35,4.23518317014771e+35,4.03518142460709e+35,4.07198963758017e+35,4.18018234040139e+35,5.31086723053057e+33,5.35890906924131e+33,5.50008297463145e+33
123.2,4.08445506609852e+35,4.12170460399814e+35,4.23119380425692e+35,4.03139832775501e+35,4.06816796529621e+35,4.17624695264344e+35,5.30567383435131e+33,5.35366387019215e+33,5.49468516134759e+33
123.3,4.0806278954652e+35,4.117838422432e+35,4.22721262454817e+35,4.02762298288638e+35,4.0643541264174e+35,4.17231963850357e+35,5.30049125788172e+33,5.3484296014598e+33,5.48929860446025e+33
123.4,4.07680856185022e+35,4.11398016016466e+35,4.22323960688219e+35,4.0238553671616e+35,4.06054809786015e+35,4.16840037417829e+35,5.29531946886206e+33,5.34320623045057e+33,5.48392327038996e+33
123.5,4.07299704217922e+35,4.11012979387533e+35,4.21927472721125e+35,4.02009545782766e+35,4.05674985662837e+35,4.16448913595438e+35,5.29015843515628e+33,5.3379937246959e+33,5.47855912568664e+33
123.6,4.06919331346531e+35,4.10628730033159e+35,4.21531796157871e+35,4.0163432322178e+35,4.05295937981307e+35,4.16058590020842e+35,5.28500812475107e+33,5.33279205185151e+33,5.4732061370288e+33
123.7,4.06539735280879e+35,4.10245265638905e+35,4.21136928611859e+35,4.01259866775124e+35,4.04917664459208e+35,4.15669064340637e+35,5.27986850575507e+33,5.32760117969649e+33,5.46786427122277e+33
123.8,4.06160913739677e+35,4.09862583899101e+35,4.20742867705516e+35,4.00886174193279e+35,4.04540162822969e+35,4.15280334210315e+35,5.27473954639812e+33,5.32242107613252e+33,5.4625334952017e+33
123.9,4.05782864450281e+35,4.09480682516814e+35,4.20349611070257e+35,4.0051324323525e+35,4.04163430807631e+35,4.14892397294232e+35,5.2696212150306e+33,5.31725170918307e+33,5.45721377602471e+33
124,4.05405585148654e+35,4.09099559203807e+35,4.1995715634645e+35,4.00141071668531e+35,4.03787466156814e+35,4.14505251265573e+35,5.264513480123e+33,5.31209304699292e+33,5.45190508087601e+33
124.1,4.05029073579325e+35,4.08719211680505e+35,4.19565501183385e+35,3.9976965726906e+35,4.03412266622678e+35,4.1411889380632e+35,5.25941631026549e+33,5.3069450578276e+33,5.44660737706415e+33
124.2,4.04653327495343e+35,4.08339637675952e+35,4.19174643239239e+35,3.99398997821175e+35,4.03037829965879e+35,4.13733322607217e+35,5.25432967416773e+33,5.30180771007314e+33,5.44132063202142e+33
124.3,4.04278344658233e+35,4.07960834927766e+35,4.1878458018104e+35,3.99029091117574e+35,4.0266415395553e+35,4.13348535367737e+35,5.24925354065859e+33,5.2966809722358e+33,5.43604481330339e+33
124.4,4.03904122837951e+35,4.07582801182094e+35,4.1839530968463e+35,3.98659934959265e+35,4.02291236369153e+35,4.12964529796041e+35,5.24418787868591e+33,5.29156481294182e+33,5.4307798885886e+33
124.5,4.03530659812838e+35,4.0720553419357e+35,4.1800682943462e+35,3.98291527155522e+35,4.01919074992632e+35,4.12581303608942e+35,5.23913265731615e+33,5.28645920093719e+33,5.42552582567829e+33
124.6,4.03157953369579e+35,4.06829031725262e+35,4.17619137124353e+35,3.97923865523845e+35,4.01547667620174e+35,4.12198854531856e+35,5.23408784573395e+33,5.28136410508725e+33,5.42028259249619e+33
124.7,4.02786001303159e+35,4.06453291548636e+35,4.17232230455849e+35,3.97556947889917e+35,4.01177012054259e+35,4.11817180298761e+35,5.22905341324147e+33,5.27627949437618e+33,5.4150501570883e+33
124.8,4.0241480141683e+35,4.06078311443511e+35,4.16846107139768e+35,3.97190772087572e+35,4.00807106105605e+35,4.11436278652145e+35,5.22402932925768e+33,5.27120533790636e+33,5.40982848762246e+33
124.9,4.02044351522072e+35,4.05704089198023e+35,4.16460764895355e+35,3.96825335958755e+35,4.00437947593126e+35,4.11056147342967e+35,5.21901556331747e+33,5.26614160489752e+33,5.40461755238791e+33
125,4.01674649438562e+35,4.05330622608587e+35,4.16076201450401e+35,3.96460637353492e+35,4.00069534343901e+35,4.10676784130607e+35,5.21401208507075e+33,5.2610882646859e+33,5.39941731979454e+33
125.1,4.01305692994142e+35,4.04957909479863e+35,4.15692414541197e+35,3.96096674129861e+35,3.99701864193139e+35,4.10298186782825e+35,5.20901886428163e+33,5.25604528672334e+33,5.39422775837212e+33
125.2,4.00937480024787e+35,4.04585947624728e+35,4.15309401912495e+35,3.95733444153959e+35,3.99334934984151e+35,4.09920353075726e+35,5.20403587082764e+33,5.25101264057642e+33,5.38904883676939e+33
125.3,4.00570008374572e+35,4.04214734864241e+35,4.14927161317472e+35,3.95370945299873e+35,3.98968744568315e+35,4.09543280793719e+35,5.19906307469912e+33,5.24599029592574e+33,5.38388052375308e+33
125.4,4.00203275895641e+35,4.03844269027613e+35,4.14545690517694e+35,3.95009175449642e+35,3.98603290805048e+35,4.09166967729487e+35,5.19410044599882e+33,5.24097822256536e+33,5.37872278820707e+33
125.5,3.99837280448169e+35,4.03474547952173e+35,4.14164987283087e+35,3.94648132493228e+35,3.98238571561771e+35,4.08791411683955e+35,5.1891479549416e+33,5.23597639040245e+33,5.37357559913161e+33
125.6,3.99472019900326e+35,4.0310556948333e+35,4.13785049391898e+35,3.94287814328471e+35,3.97874584713873e+35,4.08416610466255e+35,5.18420557185432e+33,5.23098476945699e+33,5.36843892564271e+33
125.7,3.99107492128235e+35,4.02737331474541e+35,4.13405874630673e+35,3.9392821886106e+35,3.97511328144679e+35,4.08042561893702e+35,5.1792732671757e+33,5.22600332986175e+33,5.36331273697181e+33
125.8,3.98743695015936e+35,4.02369831787264e+35,4.13027460794218e+35,3.9356934400448e+35,3.97148799745402e+35,4.07669263791752e+35,5.17435101145617e+33,5.22103204186208e+33,5.35819700246551e+33
125.9,3.98380626455337e+35,4.02003068290925e+35,4.12649805685561e+35,3.9321118767998e+35,3.96786997415109e+35,4.07296713993975e+35,5.16943877535759e+33,5.2160708758158e+33,5.35309169158544e+33
126,3.98018284346181e+35,4.0163703886287e+35,4.12272907115921e+35,3.92853747816528e+35,3.96425919060677e+35,4.06924910342013e+35,5.16453652965279e+33,5.21111980219283e+33,5.3479967739082e+33
126.1,3.97656666595998e+35,4.01271741388325e+35,4.11896762904667e+35,3.92497022350773e+35,3.96065562596751e+35,4.06553850685541e+35,5.15964424522494e+33,5.20617879157473e+33,5.3429122191252e+33
126.2,3.97295771120074e+35,4.00907173760359e+35,4.1152137087927e+35,3.92141009227007e+35,3.95705925945705e+35,4.06183532882227e+35,5.1547618930667e+33,5.20124781465395e+33,5.33783799704236e+33
126.3,3.96935595841406e+35,4.00543333879838e+35,4.11146728875269e+35,3.91785706397127e+35,3.95347007037605e+35,4.05813954797689e+35,5.14988944427934e+33,5.19632684223296e+33,5.33277407757959e+33
126.4,3.96576138690678e+35,4.00180219655394e+35,4.10772834736222e+35,3.91431111820606e+35,3.94988803810171e+35,4.05445114305452e+35,5.14502687007174e+33,5.19141584522338e+33,5.32772043077011e+33
126.5,3.96217397606221e+35,3.99817829003388e+35,4.10399686313668e+35,3.91077223464461e+35,3.94631314208743e+35,4.05077009286909e+35,5.14017414175959e+33,5.18651479464494e+33,5.32267702675956e+33
126.6,3.95859370533987e+35,3.99456159847878e+35,4.10027281467084e+35,3.90724039303222e+35,3.94274536186254e+35,4.04709637631279e+35,5.13533123076467e+33,5.18162366162469e+33,5.31764383580502e+33
126.7,3.95502055427518e+35,3.99095210120591e+35,4.09655618063848e+35,3.90371557318904e+35,3.93918467703194e+35,4.04342997235574e+35,5.13049810861438e+33,5.17674241739638e+33,5.31262082827403e+33
126.8,3.9514545024792e+35,3.98734977760888e+35,4.09284693979203e+35,3.90019775500978e+35,3.93563106727588e+35,4.03977086004559e+35,5.12567474694146e+33,5.17187103329998e+33,5.30760797464369e+33
126.9,3.9478955296383e+35,3.98375460715744e+35,4.08914507096225e+35,3.89668691846346e+35,3.93208451234963e+35,4.03611901850725e+35,5.12086111748392e+33,5.16700948078153e+33,5.30260524549999e+33
127,3.94434361551387e+35,3.98016656939711e+35,4.08545055305792e+35,3.89318304359302e+35,3.92854499208318e+35,4.03247442694255e+35,5.1160571920851e+33,5.16215773139305e+33,5.29761261153733e+33
127.1,3.94079873994201e+35,3.9765856439489e+35,4.08176336506556e+35,3.88968611051507e+35,3.92501248638098e+35,4.02883706462998e+35,5.11126294269354e+33,5.15731575679261e+33,5.29263004355829e+33
127.2,3.93726088283315e+35,3.97301181050901e+35,4.07808348604912e+35,3.88619609941952e+35,3.92148697522157e+35,4.02520691092438e+35,5.10647834136294e+33,5.15248352874423e+33,5.28765751247364e+33
127.3,3.93373002417172e+35,3.96944504884844e+35,4.07441089514968e+35,3.8827129905692e+35,3.91796843865726e+35,4.02158394525665e+35,5.10170336025178e+33,5.14766101911775e+33,5.28269498930229e+33
127.4,3.93020614401577e+35,3.96588533881266e+35,4.07074557158518e+35,3.87923676429954e+35,3.91445685681378e+35,4.01796814713347e+35,5.09693797162267e+33,5.14284819988841e+33,5.27774244517137e+33
127.5,3.92668922249658e+35,3.96233266032126e+35,4.0670874946501e+35,3.87576740101816e+35,3.91095220988989e+35,4.01435949613694e+35,5.09218214784162e+33,5.13804504313615e+33,5.27279985131604e+33
127.6,3.92317923981827e+35,3.95878699336748e+35,4.06343664371504e+35,3.8723048812045e+35,3.90745447815703e+35,4.01075797192425e+35,5.08743586137697e+33,5.13325152104476e+33,5.26786717907909e+33
127.7,3.91967617625747e+35,3.95524831801791e+35,4.05979299822646e+35,3.86884918540948e+35,3.9039636419589e+35,4.00716355422736e+35,5.08269908479851e+33,5.12846760590087e+33,5.26294439991036e+33
127.8,3.91618001216291e+35,3.95171661441209e+35,4.05615653770623e+35,3.86540029425514e+35,3.90047968171116e+35,4.00357622285257e+35,5.07797179077649e+33,5.12369327009296e+33,5.25803148536576e+33
127.9,3.91269072795511e+35,3.94819186276213e+35,4.05252724175123e+35,3.8619581884343e+35,3.89700257790102e+35,3.99999595768017e+35,5.07325395208102e+33,5.11892848611054e+33,5.25312840710635e+33
128,3.90920830412607e+35,3.94467404335237e+35,4.04890509003303e+35,3.85852284871026e+35,3.89353231108694e+35,3.99642273866405e+35,5.06854554158158e+33,5.11417322654345e+33,5.24823513689721e+33
128.1,3.90573272123898e+35,3.9411631365391e+35,4.0452900622974e+35,3.85509425591651e+35,3.89006886189828e+35,3.99285654583134e+35,5.06384653224697e+33,5.10942746408159e+33,5.24335164660657e+33
128.2,3.90226395992789e+35,3.9376591227502e+35,4.04168213836405e+35,3.85167239095644e+35,3.88661221103505e+35,3.989297359282e+35,5.05915689714532e+33,5.10469117151481e+33,5.23847790820511e+33
128.3,3.89880200089751e+35,3.93416198248492e+35,4.03808129812617e+35,3.84825723480307e+35,3.88316233926759e+35,3.98574515918852e+35,5.05447660944423e+33,5.09996432173302e+33,5.23361389376557e+33
128.4,3.8953468249229e+35,3.93067169631356e+35,4.0344875215502e+35,3.84484876849879e+35,3.87971922743629e+35,3.98219992579557e+35,5.04980564241086e+33,5.09524688772636e+33,5.22875957546264e+33
128.5,3.89189841284922e+35,3.92718824487723e+35,4.03090078867544e+35,3.8414469731551e+35,3.87628285645138e+35,3.97866163941971e+35,5.04514396941183e+33,5.09053884258519e+33,5.22391492557307e+33
128.6,3.88845674559143e+35,3.92371160888758e+35,4.02732107961383e+35,3.8380518299523e+35,3.87285320729258e+35,3.97513028044907e+35,5.04049156391274e+33,5.08584015949998e+33,5.21907991647587e+33
128.7,3.88502180413401e+35,3.9202417691265e+35,4.02374837454962e+35,3.83466332013923e+35,3.86943026100889e+35,3.9716058293431e+35,5.03584839947744e+33,5.08115081176071e+33,5.21425452065235e+33
128.8,3.88159356953062e+35,3.91677870644582e+35,4.02018265373914e+35,3.83128142503295e+35,3.86601399871826e+35,3.96808826663228e+35,5.03121444976712e+33,5.07647077275614e+33,5.20943871068606e+33
128.9,3.87817202290382e+35,3.91332240176703e+35,4.01662389751048e+35,3.82790612601843e+35,3.86260440160731e+35,3.96457757291786e+35,5.02658968853918e+33,5.07180001597276e+33,5.20463245926228e+33
129,3.87475714544468e+35,3.90987283608092e+35,4.01307208626324e+35,3.82453740454822e+35,3.85920145093098e+35,3.96107372887157e+35,5.0219740896462e+33,5.0671385149937e+33,5.19983573916729e+33
129.1,3.87134891841247e+35,3.90642999044724e+35,4.00952720046823e+35,3.82117524214212e+35,3.85580512801227e+35,3.95757671523536e+35,5.01736762703517e+33,5.06248624349769e+33,5.19504852328729e+33
129.2,3.8679473231343e+35,3.90299384599439e+35,4.00598922066713e+35,3.81781962038683e+35,3.85241541424181e+35,3.95408651282106e+35,5.01277027474698e+33,5.05784317525837e+33,5.19027078460731e+33
129.3,3.86455234100478e+35,3.89956438391904e+35,4.00245812747219e+35,3.81447052093562e+35,3.8490322910776e+35,3.95060310251009e+35,5.00818200691628e+33,5.05320928414385e+33,5.18550249621008e+33
129.4,3.86116395348572e+35,3.89614158548579e+35,3.99893390156586e+35,3.811127925508e+35,3.84565574004463e+35,3.94712646525311e+35,5.00360279777167e+33,5.04858454411665e+33,5.18074363127523e+33
129.5,3.85778214210578e+35,3.89272543202689e+35,3.99541652370051e+35,3.80779181588942e+35,3.84228574273455e+35,3.94365658206972e+35,4.99903262163592e+33,5.04396892923394e+33,5.1759941630788e+33
129.6,3.85440688846021e+35,3.88931590494186e+35,3.99190597469798e+35,3.80446217393095e+35,3.83892228080538e+35,3.94019343404805e+35,4.99447145292626e+33,5.03936241364779e+33,5.17125406499307e+33
129.7,3.85103817421055e+35,3.88591298569724e+35,3.98840223544936e+35,3.80113898154901e+35,3.83556533598119e+35,3.93673700234449e+35,4.98991926615435e+33,5.03476497160543e+33,5.16652331048682e+33
129.8,3.84767598108434e+35,3.88251665582626e+35,3.98490528691455e+35,3.79782222072508e+35,3.83221489005177e+35,3.93328726818329e+35,4.98537603592586e+33,5.03017657744908e+33,5.16180187312562e+33
129.9,3.84432029087487e+35,3.8791268969286e+35,3.98141511012199e+35,3.79451187350547e+35,3.82887092487244e+35,3.92984421285627e+35,4.98084173693976e+33,5.02559720561557e+33,5.15708972657208e+33
130,3.84097108544092e+35,3.87574369067009e+35,3.97793168616834e+35,3.79120792200105e+35,3.82553342236373e+35,3.92640781772248e+35,4.97631634398724e+33,5.02102683063543e+33,5.15238684458589e+33
130.1,3.83762834670654e+35,3.87236701878247e+35,3.97445499621815e+35,3.78791034838703e+35,3.82220236451116e+35,3.92297806420792e+35,4.97179983195056e+33,5.01646542713179e+33,5.14769320102339e+33
130.2,3.83429205666071e+35,3.86899686306314e+35,3.97098502150363e+35,3.78461913490269e+35,3.81887773336495e+35,3.91955493380526e+35,4.96729217580196e+33,5.01191296981922e+33,5.14300876983681e+33
130.3,3.83096219735718e+35,3.86563320537486e+35,3.96752174332431e+35,3.78133426385115e+35,3.81555951103984e+35,3.91613840807357e+35,4.96279335060291e+33,5.00736943350269e+33,5.13833352507317e+33
130.4,3.82763875091411e+35,3.86227602764556e+35,3.96406514304679e+35,3.77805571759908e+35,3.81224767971479e+35,3.91272846863806e+35,4.95830333150376e+33,5.00283479307687e+33,5.13366744087298e+33
130.5,3.8243216995139e+35,3.85892531186801e+35,3.96061520210452e+35,3.77478347857647e+35,3.80894222163275e+35,3.90932509718983e+35,4.95382209374378e+33,4.99830902352588e+33,5.1290104914692e+33
130.6,3.82101102540284e+35,3.85558104009961e+35,3.95717190199749e+35,3.77151752927633e+35,3.80564311910037e+35,3.90592827548563e+35,4.9493496126516e+33,4.99379209992345e+33,5.12436265118637e+33
130.7,3.81770671089084e+35,3.85224319446206e+35,3.95373522429199e+35,3.76825785225439e+35,3.80235035448773e+35,3.90253798534759e+35,4.94488586364557e+33,4.98928399743334e+33,5.11972389444024e+33
130.8,3.81440873835115e+35,3.84891175714114e+35,3.95030515062037e+35,3.76500443012881e+35,3.79906391022804e+35,3.89915420866299e+35,4.94043082223409e+33,4.9847846913098e+33,5.11509419573789e+33
130.9,3.81111709022003e+35,3.84558671038632e+35,3.94688166268076e+35,3.76175724557988e+35,3.79578376881734e+35,3.89577692738398e+35,4.93598446401538e+33,4.9802941568977e+33,5.11047352967812e+33
131,3.80783174899645e+35,3.84226803651053e+35,3.9434647422368e+35,3.75851628134968e+35,3.79250991281421e+35,3.89240612352728e+35,4.93154676467694e+33,4.97581236963235e+33,5.10586187095194e+33
131.1,3.80455269724175e+35,3.83895571788979e+35,3.94005437111731e+35,3.75528152024181e+35,3.78924232483941e+35,3.88904177917388e+35,4.92711769999445e+33,4.97133930503872e+33,5.10125919434287e+33
131.2,3.80127991757937e+35,3.83564973696293e+35,3.93665053121605e+35,3.75205294512107e+35,3.78598098757562e+35,3.88568387646878e+35,4.92269724583054e+33,4.96687493873035e+33,5.09666547472684e+33
131.3,3.79801339269451e+35,3.83235007623122e+35,3.93325320449134e+35,3.74883053891317e+35,3.78272588376714e+35,3.88233239762062e+35,4.91828537813353e+33,4.96241924640806e+33,5.09208068707159e+33
131.4,3.79475310533386e+35,3.82905671825812e+35,3.92986237296576e+35,3.74561428460449e+35,3.77947699621953e+35,3.87898732490141e+35,4.91388207293653e+33,4.95797220385869e+33,5.08750480643555e+33
131.5,3.79149903830533e+35,3.82576964566898e+35,3.92647801872584e+35,3.74240416524176e+35,3.77623430779944e+35,3.87564864064617e+35,4.90948730635706e+33,4.95353378695433e+33,5.08293780796654e+33
131.6,3.78825117447783e+35,3.82248884115075e+35,3.92310012392167e+35,3.73920016393186e+35,3.77299780143423e+35,3.87231632725267e+35,4.90510105459714e+33,4.94910397165202e+33,5.07837966690045e+33
131.7,3.78500949678096e+35,3.81921428745173e+35,3.91972867076667e+35,3.73600226384152e+35,3.76976746011179e+35,3.86899036718106e+35,4.9007232939438e+33,4.94468273399394e+33,5.07383035856024e+33
131.8,3.78177398820488e+35,3.81594596738138e+35,3.91636364153724e+35,3.73281044819718e+35,3.7665432668803e+35,3.86567074295369e+35,4.89635400076973e+33,4.94027005010802e+33,5.06928985835553e+33
131.9,3.77854463180001e+35,3.81268386381003e+35,3.91300501857253e+35,3.72962470028467e+35,3.76332520484794e+35,3.8623574371547e+35,4.89199315153354e+33,4.9358658962085e+33,5.06475814178264e+33
132,3.77532141067685e+35,3.80942795966869e+35,3.90965278427414e+35,3.72644500344905e+35,3.76011325718273e+35,3.85905043242989e+35,4.88764072277972e+33,4.93147024859623e+33,5.06023518442517e+33
132.1,3.77210430800571e+35,3.80617823794882e+35,3.90630692110593e+35,3.72327134109434e+35,3.75690740711224e+35,3.85574971148638e+35,4.88329669113785e+33,4.9270830836584e+33,5.05572096195465e+33
132.2,3.76889330701652e+35,3.80293468170211e+35,3.90296741159374e+35,3.72010369668331e+35,3.75370763792343e+35,3.85245525709243e+35,4.87896103332141e+33,4.92270437786769e+33,5.05121545013094e+33
132.3,3.76568839099851e+35,3.79969727404019e+35,3.89963423832521e+35,3.71694205373725e+35,3.75051393296238e+35,3.84916705207718e+35,4.87463372612639e+33,4.91833410778099e+33,5.04671862480222e+33
132.4,3.76248954329999e+35,3.79646599813441e+35,3.89630738394949e+35,3.71378639583569e+35,3.74732627563403e+35,3.84588507933045e+35,4.87031474643003e+33,4.913972250038e+33,5.04223046190422e+33
132.5,3.75929674732808e+35,3.79324083721559e+35,3.89298683117707e+35,3.71063670661618e+35,3.74414464940199e+35,3.84260932180248e+35,4.86600407119005e+33,4.90961878135999e+33,5.03775093745906e+33
132.6,3.75610998654844e+35,3.79002177457372e+35,3.88967256277946e+35,3.70749296977399e+35,3.74096903778823e+35,3.83933976250373e+35,4.86170167744455e+33,4.90527367854918e+33,5.03328002757369e+33
132.7,3.752929244485e+35,3.78680879355775e+35,3.88636456158899e+35,3.70435516906188e+35,3.73779942437286e+35,3.83607638450461e+35,4.85740754231252e+33,4.9009369184888e+33,5.02881770843862e+33
132.8,3.74975450471973e+35,3.78360187757524e+35,3.88306281049854e+35,3.70122328828978e+35,3.7346357927938e+35,3.83281917093527e+35,4.85312164299461e+33,4.89660847814359e+33,5.02436395632701e+33
132.9,3.7465857508923e+35,3.78040101009218e+35,3.87976729246125e+35,3.69809731132456e+35,3.73147812674657e+35,3.82956810498531e+35,4.84884395677374e+33,4.89228833456068e+33,5.01991874759446e+33
133,3.74342296669989e+35,3.77720617463268e+35,3.87647799049031e+35,3.69497722208974e+35,3.72832640998398e+35,3.82632316990351e+35,4.84457446101526e+33,4.88797646487016e+33,5.01548205867954e+33
133.1,3.74026613589688e+35,3.77401735477868e+35,3.87319488765863e+35,3.69186300456522e+35,3.72518062631583e+35,3.82308434899758e+35,4.84031313316638e+33,4.88367284628505e+33,5.01105386610455e+33
133.2,3.73711524229457e+35,3.77083453416972e+35,3.86991796709861e+35,3.68875464278702e+35,3.72204075960871e+35,3.81985162563385e+35,4.83605995075497e+33,4.87937745610062e+33,5.00663414647632e+33
133.3,3.73397026976094e+35,3.76765769650261e+35,3.86664721200185e+35,3.68565212084706e+35,3.71890679378568e+35,3.81662498323699e+35,4.831814891388e+33,4.87509027169309e+33,5.0022228764864e+33
133.4,3.7308312022204e+35,3.76448682553121e+35,3.86338260561885e+35,3.6825554228929e+35,3.71577871282603e+35,3.81340440528975e+35,4.82757793275017e+33,4.87081127051804e+33,4.99782003291066e+33
133.5,3.72769802365352e+35,3.76132190506615e+35,3.86012413125873e+35,3.67946453312749e+35,3.71265650076506e+35,3.81018987533265e+35,4.82334905260306e+33,4.86654043010908e+33,4.99342559260801e+33
133.6,3.72457071809683e+35,3.75816291897459e+35,3.85687177228892e+35,3.67637943580898e+35,3.70954014169382e+35,3.80698137696373e+35,4.81912822878507e+33,4.86227772807716e+33,4.98903953251887e+33
133.7,3.72144926964261e+35,3.75500985118002e+35,3.85362551213493e+35,3.67330011525049e+35,3.70642961975891e+35,3.80377889383829e+35,4.81491543921209e+33,4.8580231421106e+33,4.98466182966367e+33
133.8,3.71833366243868e+35,3.751862685662e+35,3.85038533428005e+35,3.6702265558199e+35,3.70332491916224e+35,3.80058240966864e+35,4.81071066187845e+33,4.85377664997594e+33,4.98029246114179e+33
133.9,3.7152238806882e+35,3.74872140645602e+35,3.84715122226513e+35,3.66715874193963e+35,3.70022602416083e+35,3.79739190822382e+35,4.80651387485761e+33,4.84953822951884e+33,4.97593140413139e+33
134,3.71211990864947e+35,3.74558599765324e+35,3.84392315968835e+35,3.66409665808644e+35,3.69713291906659e+35,3.79420737332945e+35,4.80232505630222e+33,4.84530785866475e+33,4.97157863589008e+33
134.1,3.70902173063565e+35,3.74245644340031e+35,3.84070113020499e+35,3.66104028879122e+35,3.69404558824612e+35,3.79102878886743e+35,4.79814418444322e+33,4.84108551541871e+33,4.96723413375581e+33
134.2,3.70592933101462e+35,3.73933272789915e+35,3.83748511752728e+35,3.65798961863874e+35,3.69096401612051e+35,3.7878561387758e+35,4.79397123758842e+33,4.83687117786447e+33,4.96289787514785e+33
134.3,3.70284269420866e+35,3.73621483540669e+35,3.83427510542414e+35,3.65494463226745e+35,3.68788818716506e+35,3.78468940704847e+35,4.78980619412078e+33,4.8326648241628e+33,4.95856983756687e+33
134.4,3.69976180469425e+35,3.73310275023464e+35,3.83107107772098e+35,3.65190531436928e+35,3.68481808590914e+35,3.78152857773504e+35,4.78564903249717e+33,4.8284664325499e+33,4.95424999859431e+33
134.5,3.6966866470018e+35,3.72999645674925e+35,3.82787301829948e+35,3.64887164968933e+35,3.68175369693589e+35,3.77837363494057e+35,4.78149973124792e+33,4.82427598133622e+33,4.94993833589085e+33
134.6,3.69361720571546e+35,3.7268959393711e+35,3.82468091109735e+35,3.64584362302569e+35,3.67869500488204e+35,3.7752245628254e+35,4.7773582689774e+33,4.8200934489062e+33,4.94563482719469e+33
134.7,3.69055346547284e+35,3.72380118257482e+35,3.8214947401081e+35,3.64282121922919e+35,3.67564199443763e+35,3.77208134560489e+35,4.77322462436503e+33,4.81591881371894e+33,4.94133945032007e+33
134.8,3.6874954109648e+35,3.72071217088886e+35,3.81831448938077e+35,3.63980442320313e+35,3.67259465034577e+35,3.7689439675492e+35,4.76909877616632e+33,4.81175205430934e+33,4.93705218315666e+33
134.9,3.68444302693522e+35,3.71762888889532e+35,3.81514014301976e+35,3.63679321990309e+35,3.66955295740243e+35,3.76581241298307e+35,4.76498070321311e+33,4.80759314928902e+33,4.93277300366988e+33
135,3.68139629818077e+35,3.71455132122962e+35,3.81197168518455e+35,3.63378759433664e+35,3.66651690045616e+35,3.76268666628553e+35,4.7608703844128e+33,4.80344207734639e+33,4.928501889902e+33
135.1,3.67835520955059e+35,3.71147945258032e+35,3.80880910008946e+35,3.63078753156312e+35,3.66348646440786e+35,3.75956671188973e+35,4.75676779874681e+33,4.79929881724576e+33,4.9242388199733e+33
135.2,3.67531974594613e+35,3.70841326768882e+35,3.80565237200343e+35,3.62779301669345e+35,3.66046163421056e+35,3.7564525342826e+35,4.75267292526882e+33,4.79516334782567e+33,4.91998377208254e+33
135.3,3.67228989232088e+35,3.70535275134914e+35,3.80250148524975e+35,3.62480403488985e+35,3.65744239486917e+35,3.75334411800468e+35,4.74858574310343e+33,4.79103564799711e+33,4.91573672450641e+33
135.4,3.66926563368014e+35,3.70229788840767e+35,3.79935642420578e+35,3.62182057136568e+35,3.65442873144025e+35,3.7502414476498e+35,4.74450623144587e+33,4.78691569674236e+33,4.91149765559804e+33
135.5,3.66624695508082e+35,3.69924866376295e+35,3.79621717330271e+35,3.6188426113852e+35,3.6514206290318e+35,3.74714450786486e+35,4.74043436956279e+33,4.78280347311486e+33,4.90726654378519e+33
135.6,3.66323384163129e+35,3.69620506236547e+35,3.7930837170253e+35,3.61587014026335e+35,3.64841807280307e+35,3.74405328334961e+35,4.73637013679357e+33,4.77869895624012e+33,4.90304336756863e+33
135.7,3.66022627849111e+35,3.69316706921748e+35,3.78995603991161e+35,3.6129031433656e+35,3.6454210479643e+35,3.7409677588564e+35,4.73231351255125e+33,4.77460212531711e+33,4.89882810552154e+33
135.8,3.65722425087093e+35,3.69013466937279e+35,3.78683412655282e+35,3.60994160610771e+35,3.6424295397766e+35,3.73788791918992e+35,4.72826447632241e+33,4.77051295961901e+33,4.89462073629016e+33
135.9,3.6542277440322e+35,3.68710784793659e+35,3.783717961593e+35,3.60698551395554e+35,3.63944353355166e+35,3.73481374920705e+35,4.72422300766596e+33,4.76643143849295e+33,4.89042123859505e+33
136,3.65123674328698e+35,3.68408659006519e+35,3.78060752972889e+35,3.60403485242487e+35,3.63646301465161e+35,3.73174523381657e+35,4.7201890862113e+33,4.76235754135863e+33,4.88622959123232e+33
136.1,3.64825123399774e+35,3.68107088096586e+35,3.77750281570976e+35,3.60108960708117e+35,3.6334879684888e+35,3.72868235797902e+35,4.71616269165661e+33,4.7582912477064e+33,4.8820457730738e+33
136.2,3.64527120157711e+35,3.67806070589658e+35,3.77440380433713e+35,3.59814976353943e+35,3.63051838052563e+35,3.72562510670647e+35,4.71214380376814e+33,4.75423253709568e+33,4.87786976306607e+33
136.3,3.64229663148774e+35,3.67505605016584e+35,3.77131048046462e+35,3.59521530746394e+35,3.6275542362743e+35,3.72257346506233e+35,4.7081324023808e+33,4.75018138915441e+33,4.87370154022864e+33
136.4,3.63932750924207e+35,3.67205689913246e+35,3.76822282899767e+35,3.59228622456807e+35,3.62459552129666e+35,3.71952741816115e+35,4.70412846739958e+33,4.74613778357983e+33,4.86954108365206e+33
136.5,3.6363638204021e+35,3.66906323820537e+35,3.76514083489339e+35,3.5893625006141e+35,3.62164222120397e+35,3.71648695116842e+35,4.70013197880065e+33,4.74210170013996e+33,4.86538837249676e+33
136.6,3.63340555057926e+35,3.66607505284342e+35,3.76206448316032e+35,3.58644412141294e+35,3.61869432165667e+35,3.71345204930038e+35,4.69614291663137e+33,4.73807311867459e+33,4.86124338599336e+33
136.7,3.6304526854341e+35,3.66309232855519e+35,3.75899375885828e+35,3.58353107282401e+35,3.61575180836424e+35,3.71042269782384e+35,4.69216126100899e+33,4.73405201909508e+33,4.857106103444e+33
136.8,3.62750521067613e+35,3.66011505089874e+35,3.75592864709815e+35,3.58062334075494e+35,3.61281466708491e+35,3.70739888205591e+35,4.68818699211874e+33,4.7300383813829e+33,4.85297650422374e+33
136.9,3.62456311206352e+35,3.65714320548136e+35,3.75286913304168e+35,3.5777209111614e+35,3.60988288362549e+35,3.70438058736387e+35,4.68422009021214e+33,4.72603218558767e+33,4.84885456778092e+33
137,3.62162637540296e+35,3.65417677795939e+35,3.74981520190126e+35,3.57482377004689e+35,3.60695644384114e+35,3.7013677991649e+35,4.68026053560656e+33,4.72203341182558e+33,4.84474027363626e+33
137.1,3.61869498654941e+35,3.65121575403795e+35,3.74676683893968e+35,3.57193190346255e+35,3.60403533363516e+35,3.69836050292587e+35,4.67630830868623e+33,4.71804204027919e+33,4.84063360138085e+33
137.2,3.61576893140593e+35,3.64826011947077e+35,3.74372402946991e+35,3.56904529750689e+35,3.60111953895879e+35,3.69535868416317e+35,4.67236338990376e+33,4.71405805119855e+33,4.83653453067433e+33
137.3,3.61284819592351e+35,3.64530986006003e+35,3.74068675885485e+35,3.5661639383257e+35,3.598209045811e+35,3.69236232844241e+35,4.66842575978093e+33,4.71008142490284e+33,4.83244304124387e+33
137.4,3.60993276610082e+35,3.64236496165608e+35,3.73765501250713e+35,3.56328781211174e+35,3.59530384023827e+35,3.68937142137829e+35,4.66449539890786e+33,4.70611214178076e+33,4.82835911288478e+33
137.5,3.60702262798404e+35,3.63942541015733e+35,3.73462877588891e+35,3.56041690510463e+35,3.59240390833444e+35,3.68638594863428e+35,4.66057228794127e+33,4.70215018228969e+33,4.8242827254622e+33
137.6,3.60411776766666e+35,3.63649119150998e+35,3.73160803451164e+35,3.55755120359063e+35,3.58950923624044e+35,3.68340589592252e+35,4.65665640760257e+33,4.69819552695376e+33,4.82021385891219e+33
137.7,3.60121817128923e+35,3.63356229170779e+35,3.72859277393592e+35,3.55469069390246e+35,3.58661981014417e+35,3.6804312490035e+35,4.65274773867706e+33,4.69424815636204e+33,4.81615249324148e+33
137.8,3.59832382503924e+35,3.63063869679197e+35,3.72558297977119e+35,3.55183536241909e+35,3.58373561628029e+35,3.67746199368593e+35,4.64884626201473e+33,4.69030805116791e+33,4.81209860852588e+33
137.9,3.59543471515093e+35,3.6277203928509e+35,3.72257863767557e+35,3.54898519556561e+35,3.58085664093e+35,3.67449811582649e+35,4.64495195853195e+33,4.6863751920901e+33,4.80805218490824e+33
138,3.59255082790511e+35,3.62480736602004e+35,3.71957973335562e+35,3.54614017981299e+35,3.5779828704209e+35,3.67153960132965e+35,4.64106480921214e+33,4.68244955991435e+33,4.80401320259704e+33
138.1,3.58967214962897e+35,3.62189960248172e+35,3.71658625256616e+35,3.54330030167792e+35,3.57511429112678e+35,3.66858643614749e+35,4.63718479510491e+33,4.6785311354939e+33,4.79998164186671e+33
138.2,3.58679866669587e+35,3.61899708846493e+35,3.71359818111009e+35,3.54046554772263e+35,3.57225088946745e+35,3.66563860627949e+35,4.63331189732426e+33,4.67461989974842e+33,4.79595748305926e+33
138.3,3.58393036552514e+35,3.61609981024515e+35,3.7106155048382e+35,3.53763590455467e+35,3.56939265190853e+35,3.66269609777234e+35,4.62944609704683e+33,4.67071583366214e+33,4.79194070658552e+33
138.4,3.58106723258188e+35,3.6132077541441e+35,3.70763820964902e+35,3.53481135882676e+35,3.56653956496128e+35,3.65975889671977e+35,4.62558737551161e+33,4.66681891828222e+33,4.78793129292483e+33
138.5,3.5782092543768e+35,3.6103209065296e+35,3.70466628148859e+35,3.53199189723659e+35,3.56369161518242e+35,3.65682698926236e+35,4.62173571402137e+33,4.66292913471869e+33,4.78392922262334e+33
138.6,3.57535641746603e+35,3.60743925381537e+35,3.70169970635027e+35,3.52917750652659e+35,3.56084878917391e+35,3.65390036158735e+35,4.61789109394398e+33,4.65904646414601e+33,4.77993447629208e+33
138.7,3.57250870845092e+35,3.60456278246084e+35,3.69873847027452e+35,3.5263681734838e+35,3.55801107358279e+35,3.65097899992846e+35,4.61405349671207e+33,4.65517088780425e+33,4.77594703460597e+33
138.8,3.56966611397785e+35,3.60169147897098e+35,3.69578255934877e+35,3.52356388493964e+35,3.555178455101e+35,3.64806289056572e+35,4.61022290382151e+33,4.65130238699853e+33,4.77196687830471e+33
138.9,3.56682862073803e+35,3.59882532989609e+35,3.6928319597072e+35,3.52076462776974e+35,3.55235092046512e+35,3.64515201982526e+35,4.60639929682968e+33,4.64744094309745e+33,4.7679939881945e+33
139,3.56399621546729e+35,3.59596432183158e+35,3.68988665753059e+35,3.51797038889374e+35,3.54952845645626e+35,3.64224637407911e+35,4.60258265735488e+33,4.64358653753133e+33,4.76402834514841e+33
139.1,3.5611688849459e+35,3.59310844141778e+35,3.68694663904611e+35,3.51518115527512e+35,3.54671104989986e+35,3.63934593974506e+35,4.59877296707765e+33,4.6397391517919e+33,4.76006993010516e+33
139.2,3.55834661599844e+35,3.59025767533979e+35,3.6840118905271e+35,3.51239691392102e+35,3.54389868766545e+35,3.63645070328642e+35,4.59497020774194e+33,4.63589876743376e+33,4.75611872406725e+33
139.3,3.55552939549357e+35,3.58741201032727e+35,3.68108239829287e+35,3.50961765188203e+35,3.54109135666652e+35,3.63356065121187e+35,4.59117436115452e+33,4.63206536607542e+33,4.75217470809977e+33
139.4,3.55271721034389e+35,3.5845714331543e+35,3.67815814870852e+35,3.50684335625205e+35,3.53828904386031e+35,3.63067577007521e+35,4.58738540918342e+33,4.62823892939841e+33,4.74823786333094e+33
139.5,3.54991004750568e+35,3.58173593063911e+35,3.67523912818476e+35,3.50407401416811e+35,3.53549173624766e+35,3.62779604647522e+35,4.58360333375659e+33,4.62441943914581e+33,4.74430817095387e+33
139.6,3.54710789397881e+35,3.57890548964399e+35,3.67232532317771e+35,3.50130961281019e+35,3.53269942087278e+35,3.62492146705545e+35,4.57982811686212e+33,4.62060687712089e+33,4.74038561222661e+33
139.7,3.54431073680652e+35,3.57608009707503e+35,3.66941672018872e+35,3.49855013940103e+35,3.52991208482315e+35,3.62205201850401e+35,4.57605974054973e+33,4.61680122518767e+33,4.73647016847083e+33
139.8,3.5415185630753e+35,3.573259739882e+35,3.66651330576411e+35,3.49579558120599e+35,3.52712971522928e+35,3.61918768755341e+35,4.57229818693063e+33,4.61300246527232e+33,4.73256182107023e+33
139.9,3.53873135991464e+35,3.57044440505818e+35,3.66361506649506e+35,3.49304592553288e+35,3.52435229926455e+35,3.61632846098036e+35,4.56854343817626e+33,4.60921057936275e+33,4.72866055146985e+33
140,3.53594911449693e+35,3.56763407964015e+35,3.66072198901736e+35,3.49030115973176e+35,3.52157982414507e+35,3.61347432560559e+35,4.56479547651707e+33,4.60542554950742e+33,4.72476634117742e+33
140.1,3.53317181403722e+35,3.56482875070762e+35,3.65783406001129e+35,3.48756127119479e+35,3.51881227712948e+35,3.61062526829365e+35,4.56105428424264e+33,4.60164735781407e+33,4.72087917176418e+33
140.2,3.5303994457931e+35,3.56202840538329e+35,3.65495126620139e+35,3.48482624735608e+35,3.51604964551879e+35,3.60778127595275e+35,4.55731984370286e+33,4.59787598645013e+33,4.71699902486377e+33
140.3,3.52763199706453e+35,3.55923303083263e+35,3.6520735943563e+35,3.48209607569146e+35,3.51329191665619e+35,3.60494233553459e+35,4.55359213730738e+33,4.59411141764379e+33,4.71312588217098e+33
140.4,3.52486945519361e+35,3.55644261426376e+35,3.64920103128857e+35,3.47937074371837e+35,3.51053907792693e+35,3.60210843403416e+35,4.54987114752453e+33,4.59035363368326e+33,4.70925972544094e+33
140.5,3.52211180756447e+35,3.55365714292723e+35,3.6463335638545e+35,3.47665023899566e+35,3.50779111675807e+35,3.5992795584896e+35,4.54615685688067e+33,4.58660261691576e+33,4.70540053649027e+33
140.6,3.51935904160303e+35,3.55087660411586e+35,3.64347117895395e+35,3.47393454912342e+35,3.50504802061839e+35,3.59645569598198e+35,4.542449247961e+33,4.5828583497469e+33,4.70154829719745e+33
140.7,3.51661114477691e+35,3.5481009851646e+35,3.64061386353021e+35,3.47122366174281e+35,3.50230977701818e+35,3.59363683363519e+35,4.53874830340943e+33,4.57912081464167e+33,4.69770298950169e+33
140.8,3.51386810459519e+35,3.5453302734503e+35,3.63776160456977e+35,3.46851756453591e+35,3.49957637350906e+35,3.59082295861575e+35,4.53505400592775e+33,4.57538999412405e+33,4.69386459540194e+33
140.9,3.51112990860827e+35,3.5425644563916e+35,3.63491438910219e+35,3.46581624522552e+35,3.49684779768383e+35,3.58801405813262e+35,4.53136633827513e+33,4.57166587077619e+33,4.69003309695708e+33
141,3.5083965444077e+35,3.53980352144872e+35,3.63207220419995e+35,3.46311969157502e+35,3.49412403717634e+35,3.58521011943708e+35,4.52768528326861e+33,4.56794842723806e+33,4.68620847628657e+33
141.1,3.50566799962602e+35,3.5370474561233e+35,3.62923503697822e+35,3.46042789138819e+35,3.49140507966122e+35,3.58241112982253e+35,4.5240108237827e+33,4.56423764620792e+33,4.6823907155697e+33
141.2,3.50294426193655e+35,3.53429624795825e+35,3.62640287459477e+35,3.45774083250906e+35,3.48869091285383e+35,3.57961707662432e+35,4.52034294274878e+33,4.56053351044176e+33,4.67857979704476e+33
141.3,3.5002253190533e+35,3.53154988453756e+35,3.62357570424971e+35,3.45505850282175e+35,3.48598152451003e+35,3.57682794721962e+35,4.51668162315516e+33,4.55683600275285e+33,4.67477570300925e+33
141.4,3.49751115873075e+35,3.52880835348615e+35,3.62075351318542e+35,3.45238089025028e+35,3.48327690242603e+35,3.57404372902723e+35,4.5130268480469e+33,4.55314510601179e+33,4.67097841581996e+33
141.5,3.49480176876371e+35,3.5260716424697e+35,3.61793628868631e+35,3.44970798275846e+35,3.48057703443823e+35,3.57126440950738e+35,4.5093786005254e+33,4.54946080314623e+33,4.66718791789234e+33
141.6,3.49209713698716e+35,3.52333973919447e+35,3.61512401807864e+35,3.44703976834968e+35,3.47788190842306e+35,3.56848997616164e+35,4.50573686374829e+33,4.54578307714055e+33,4.66340419170018e+33
141.7,3.48939725127608e+35,3.52061263140716e+35,3.61231668873042e+35,3.44437623506678e+35,3.47519151229681e+35,3.56572041653266e+35,4.50210162092919e+33,4.54211191103572e+33,4.65962721977573e+33
141.8,3.48670209954528e+35,3.51789030689475e+35,3.60951428805117e+35,3.44171737099191e+35,3.47250583401546e+35,3.56295571820407e+35,4.49847285533746e+33,4.53844728792906e+33,4.65585698470924e+33
141.9,3.48401166974928e+35,3.51517275348431e+35,3.60671680349176e+35,3.4390631642463e+35,3.46982486157457e+35,3.56019586880027e+35,4.49485055029801e+33,4.53478919097398e+33,4.65209346914876e+33
142,3.48132721742647e+35,3.51245995904283e+35,3.60392422254425e+35,3.43641360299019e+35,3.46714858300903e+35,3.55744085598625e+35,4.4913614436281e+33,4.5311376033798e+33,4.64833665579995e+33
142.1,3.47864921785629e+35,3.50975344462854e+35,3.60113653274172e+35,3.4337686754226e+35,3.46447698639297e+35,3.55469066746746e+35,4.48805424336935e+33,4.52764582355616e+33,4.64458652742583e+33
142.2,3.4759758962003e+35,3.50705316918608e+35,3.59835372165806e+35,3.43112836978121e+35,3.46181005983958e+35,3.5519452909896e+35,4.48475264190934e+33,4.52431093464945e+33,4.64084306684656e+33
142.3,3.47330724059523e+35,3.50435760839533e+35,3.59557577690784e+35,3.42849267434218e+35,3.45914779150093e+35,3.54920471433845e+35,4.48145662530501e+33,4.52098168944004e+33,4.63710625693921e+33
142.4,3.47064323921659e+35,3.50166675030663e+35,3.59280538822243e+35,3.42586157742001e+35,3.45649016956783e+35,3.54646892533973e+35,4.47816617965842e+33,4.51765807388015e+33,4.63364628826992e+33
142.5,3.46798388027854e+35,3.49898058300934e+35,3.59004021881995e+35,3.42323506736737e+35,3.45383718226967e+35,3.54373791185893e+35,4.47488129111662e+33,4.51434007396747e+33,4.63023069610161e+33
142.6,3.46532915203367e+35,3.4962990946317e+35,3.58727987058046e+35,3.42061313257496e+35,3.45118881787425e+35,3.54101166180111e+35,4.47160194587138e+33,4.51102767574496e+33,4.62682087793559e+33
142.7,3.4626790427729e+35,3.49362227334066e+35,3.584524331305e+35,3.41799576147131e+35,3.44854506468766e+35,3.53829016311078e+35,4.46832813015916e+33,4.50772086530062e+33,4.62341681942208e+33
142.8,3.46003354082532e+35,3.49095010734175e+35,3.58177358883431e+35,3.41538294252272e+35,3.44590591105407e+35,3.53557340377173e+35,4.4650598302607e+33,4.50441962876747e+33,4.62001850625769e+33
142.9,3.45739263455802e+35,3.48828258487889e+35,3.57902763104874e+35,3.41277466423301e+35,3.44327134535566e+35,3.53286137180689e+35,4.46179703250106e+33,4.50112395232315e+33,4.61662592418522e+33
143,3.45475631237594e+35,3.4856196942343e+35,3.5762864458681e+35,3.41017091514345e+35,3.4406413560124e+35,3.53015405527816e+35,4.45853972324944e+33,4.49783382218988e+33,4.61323905899348e+33
143.1,3.45212456272176e+35,3.48296142372829e+35,3.57355002125145e+35,3.40757168383258e+35,3.43801593148195e+35,3.52745144228628e+35,4.45528788891872e+33,4.4945492246344e+33,4.60985789651713e+33
143.2,3.44949737407572e+35,3.48030776171915e+35,3.57081834519703e+35,3.40497695891607e+35,3.43539506025947e+35,3.52475352097066e+35,4.45204151596551e+33,4.49127014596737e+33,4.60648242263637e+33
143.3,3.44687473495549e+35,3.477658696603e+35,3.56809140574207e+35,3.40238672904659e+35,3.43277873087757e+35,3.5220602795093e+35,4.4488005908903e+33,4.48799657254356e+33,4.60311262327703e+33
143.4,3.44425663391602e+35,3.47501421681366e+35,3.56536919096268e+35,3.39980098291365e+35,3.43016693190604e+35,3.51937170611858e+35,4.44556510023663e+33,4.48472849076191e+33,4.59974848441012e+33
143.5,3.44164305954941e+35,3.47237431082246e+35,3.56265168897364e+35,3.3972197092435e+35,3.42755965195181e+35,3.51668778905312e+35,4.44233503059097e+33,4.48146588706469e+33,4.59638999205161e+33
143.6,3.43903400048473e+35,3.46973896713814e+35,3.55993888792833e+35,3.3946428967989e+35,3.42495687965876e+35,3.5140085166057e+35,4.43911036858313e+33,4.47820874793741e+33,4.59303713226256e+33
143.7,3.43642944538795e+35,3.46710817430666e+35,3.55723077601853e+35,3.39207053437908e+35,3.42235860370757e+35,3.51133387710704e+35,4.43589110088625e+33,4.47495705990931e+33,4.58968989114896e+33
143.8,3.43382938296168e+35,3.46448192091112e+35,3.5545273414743e+35,3.38950261081952e+35,3.41976481281559e+35,3.50866385892569e+35,4.43267721421558e+33,4.47171080955318e+33,4.58634825486091e+33
143.9,3.43123380194511e+35,3.46186019557151e+35,3.55182857256379e+35,3.38693911499183e+35,3.41717549573667e+35,3.50599845046786e+35,4.42946869532842e+33,4.4684699834842e+33,4.58301220959282e+33
144,3.42864269111382e+35,3.45924298694464e+35,3.54913445759311e+35,3.38438003580357e+35,3.41459064126104e+35,3.50333764017727e+35,4.42626553102478e+33,4.46523456835996e+33,4.57968174158385e+33
144.1,3.42605603927966e+35,3.45663028372393e+35,3.54644498490616e+35,3.38182536219818e+35,3.41201023821512e+35,3.50068141653499e+35,4.4230677081477e+33,4.46200455088108e+33,4.57635683711733e+33
144.2,3.42347383529054e+35,3.4540220746393e+35,3.54376014288447e+35,3.37927508315472e+35,3.40943427546139e+35,3.49802976805928e+35,4.41987521358207e+33,4.45877991779154e+33,4.57303748251967e+33
144.3,3.42089606803034e+35,3.451418348457e+35,3.54107991994703e+35,3.3767291876878e+35,3.40686274189822e+35,3.49538268330542e+35,4.41668803425361e+33,4.45556065587733e+33,4.56972366416085e+33
144.4,3.41832272641871e+35,3.44881909397942e+35,3.53840430455012e+35,3.37418766484741e+35,3.40429562645977e+35,3.49274015086557e+35,4.41350615712951e+33,4.45234675196562e+33,4.56641536845496e+33
144.5,3.41575379941096e+35,3.446224300045e+35,3.53573328518719e+35,3.37165050371877e+35,3.40173291811575e+35,3.49010215936859e+35,4.41032956921927e+33,4.4491381929254e+33,4.56311258186016e+33
144.6,3.41318927599793e+35,3.44363395552805e+35,3.53306685038867e+35,3.36911769342218e+35,3.39917460587137e+35,3.4874686974799e+35,4.40715825757484e+33,4.44593496566829e+33,4.55981529087706e+33
144.7,3.41062914520578e+35,3.44104804933863e+35,3.53040498872177e+35,3.36658922311289e+35,3.39662067876714e+35,3.48483975390129e+35,4.40399220928906e+33,4.44273705714867e+33,4.55652348204843e+33
144.8,3.40807339609595e+35,3.43846657042238e+35,3.52774768879045e+35,3.36406508198101e+35,3.39407112587876e+35,3.48221531737085e+35,4.40083141149453e+33,4.43954445436198e+33,4.55323714196003e+33
144.9,3.40552201776492e+35,3.43588950776041e+35,3.52509493923515e+35,3.36154525925128e+35,3.39152593631697e+35,3.47959537666274e+35,4.39767585136424e+33,4.43635714434371e+33,4.54995625724134e+33
145,3.40297499934416e+35,3.43331685036915e+35,3.52244672873277e+35,3.35902974418304e+35,3.38898509922745e+35,3.47697992058712e+35,4.39452551611259e+33,4.4331751141701e+33,4.54668081456516e+33
145.1,3.40043233000001e+35,3.43074858730025e+35,3.51980304599644e+35,3.35651852607005e+35,3.38644860379065e+35,3.47436893798998e+35,4.39138039299597e+33,4.42999835095916e+33,4.54341080064577e+33
145.2,3.39789399893352e+35,3.42818470764043e+35,3.51716387977544e+35,3.3540115942404e+35,3.38391643922172e+35,3.47176241775306e+35,4.38824046931175e+33,4.42682684187118e+33,4.54014620223838e+33
145.3,3.39535999538032e+35,3.42562520051141e+35,3.51452921885506e+35,3.35150893805635e+35,3.38138859477034e+35,3.46916034879366e+35,4.38510573239645e+33,4.42366057410767e+33,4.53688700614017e+33
145.4,3.39283030861048e+35,3.42307005506971e+35,3.5118990520565e+35,3.34901054691423e+35,3.37886505972062e+35,3.46656272006458e+35,4.38197616962528e+33,4.42049953490947e+33,4.53363319919119e+33
145.5,3.39030492792844e+35,3.42051926050653e+35,3.50927336823672e+35,3.34651641024431e+35,3.37634582339097e+35,3.46396952055397e+35,4.37885176841311e+33,4.41734371155644e+33,4.53038476827462e+33
145.6,3.38778384267283e+35,3.41797280604766e+35,3.50665215628836e+35,3.34402651751067e+35,3.37383087513398e+35,3.46138073928521e+35,4.37573251621567e+33,4.41419309136846e+33,4.52714170031518e+33
145.7,3.38526704221635e+35,3.41543068095332e+35,3.50403540513956e+35,3.34154085821105e+35,3.37132020433625e+35,3.45879636531679e+35,4.37261840052991e+33,4.41104766170658e+33,4.52390398227745e+33
145.8,3.38275451596567e+35,3.41289287451806e+35,3.50142310375382e+35,3.33905942187674e+35,3.36881380041833e+35,3.45621638774216e+35,4.36950940889297e+33,4.40790740997342e+33,4.52067160116607e+33
145.9,3.38024625336121e+35,3.4103593760706e+35,3.49881524112991e+35,3.33658219807241e+35,3.36631165283448e+35,3.45364079568964e+35,4.36640552888022e+33,4.40477232361195e+33,4.51744454402689e+33
146,3.37774224387704e+35,3.40783017497362e+35,3.49621180630169e+35,3.334109176396e+35,3.36381375107259e+35,3.45106957832221e+35,4.36330674810446e+33,4.40164239010361e+33,4.51422279794803e+33
146.1,3.37524247702068e+35,3.4053052606237e+35,3.493612788338e+35,3.33164034647852e+35,3.36132008465402e+35,3.4485027248374e+35,4.36021305421676e+33,4.39851759696756e+33,4.51100635005994e+33
146.2,3.37274694233304e+35,3.40278462245107e+35,3.49101817634251e+35,3.32917569798396e+35,3.35883064313345e+35,3.44594022446717e+35,4.35712443490771e+33,4.39539793176151e+33,4.50779518753381e+33
146.3,3.3702556293882e+35,3.40026824991956e+35,3.48842795945348e+35,3.32671522060912e+35,3.35634541609873e+35,3.44338206647768e+35,4.35404087790831e+33,4.39228338208308e+33,4.50458929757971e+33
146.4,3.36776852779336e+35,3.39775613252641e+35,3.48584212684366e+35,3.32425890408347e+35,3.35386439317071e+35,3.44082824016919e+35,4.35096237098958e+33,4.3891739355706e+33,4.50138866744635e+33
146.5,3.36528562718862e+35,3.39524825980216e+35,3.48326066772011e+35,3.32180673816901e+35,3.35138756400314e+35,3.43827873487589e+35,4.34788890196098e+33,4.38606957990267e+33,4.49819328442215e+33
146.6,3.36280691724682e+35,3.39274462131048e+35,3.4806835713241e+35,3.31935871266014e+35,3.34891491828252e+35,3.43573353996574e+35,4.34482045866864e+33,4.38297030279653e+33,4.49500313583653e+33
146.7,3.36033238767349e+35,3.39024520664801e+35,3.47811082693091e+35,3.31691481738354e+35,3.34644644572794e+35,3.43319264484031e+35,4.34175702899506e+33,4.37987609200633e+33,4.49181820906057e+33
146.8,3.35786202820667e+35,3.38775000544425e+35,3.47554242384975e+35,3.31447504219807e+35,3.34398213609102e+35,3.43065603893469e+35,4.33869860086006e+33,4.37678693532289e+33,4.48863849150621e+33
146.9,3.35539582861683e+35,3.38525900736147e+35,3.47297835142356e+35,3.31203937699461e+35,3.34152197915573e+35,3.42812371171732e+35,4.33564516222208e+33,4.3737028205746e+33,4.48546397062434e+33
147,3.3529337787068e+35,3.38277220209458e+35,3.47041859902887e+35,3.30960781169601e+35,3.33906596473829e+35,3.42559565268984e+35,4.33259670107901e+33,4.37062373562881e+33,4.48229463390335e+33
147.1,3.35047586831161e+35,3.38028957937106e+35,3.46786315607573e+35,3.30718033625693e+35,3.33661408268713e+35,3.42307185138704e+35,4.32955320546794e+33,4.36754966839267e+33,4.47913046886913e+33
147.2,3.34802208729843e+35,3.37781112895083e+35,3.46531201200756e+35,3.30475694066379e+35,3.3341663228827e+35,3.42055229737669e+35,4.32651466346364e+33,4.36448060681276e+33,4.47597146308631e+33
147.3,3.34557242556641e+35,3.37533684062615e+35,3.46276515630109e+35,3.30233761493464e+35,3.33172267523742e+35,3.4180369802595e+35,4.32348106317686e+33,4.36141653887355e+33,4.47281760415955e+33
147.4,3.34312687304659e+35,3.37286670422153e+35,3.46022257846627e+35,3.29992234911906e+35,3.32928312969557e+35,3.41552588966893e+35,4.32045239275357e+33,4.35835745259575e+33,4.4696688797342e+33
147.5,3.34068541970178e+35,3.37040070959352e+35,3.45768426804613e+35,3.29751113329803e+35,3.32684767623316e+35,3.41301901527117e+35,4.31742864037538e+33,4.35530333603547e+33,4.46652527749564e+33
147.6,3.33824805552646e+35,3.36793884663071e+35,3.45515021461669e+35,3.29510395758385e+35,3.32441630485787e+35,3.41051634676501e+35,4.31440979426089e+33,4.3522541772848e+33,4.46338678516758e+33
147.7,3.33581477054666e+35,3.36548110525358e+35,3.45262040778682e+35,3.29270081211999e+35,3.32198900560885e+35,3.40801787388172e+35,4.31139584266675e+33,4.34920996447307e+33,4.46025339051043e+33
147.8,3.33338555481986e+35,3.36302747541435e+35,3.45009483719813e+35,3.29030168708098e+35,3.31956576855667e+35,3.40552358638492e+35,4.30838677388815e+33,4.34617068576802e+33,4.45712508132071e+33
147.9,3.33096039843483e+35,3.36057794709689e+35,3.44757349252484e+35,3.28790657267225e+35,3.31714658380313e+35,3.40303347407052e+35,4.30538257625801e+33,4.34313632937616e+33,4.4540018454319e+33
148,3.32853929151145e+35,3.3581325103166e+35,3.4450563634737e+35,3.28551545912999e+35,3.31473144148118e+35,3.40054752676654e+35,4.30238323814552e+33,4.34010688354202e+33,4.45088367071578e+33
148.1,3.3261222242006e+35,3.35569115512018e+35,3.44254343978379e+35,3.28312833672105e+35,3.31232033175472e+35,3.39806573433296e+35,4.29938874795452e+33,4.3370823365466e+33,4.44777054508351e+33
148.2,3.32370918668398e+35,3.35325387158552e+35,3.44003471122648e+35,3.28074519574275e+35,3.30991324481846e+35,3.39558808666162e+35,4.29639909412299e+33,4.3340626767058e+33,4.44466245648583e+33
148.3,3.32130016917398e+35,3.35082064982154e+35,3.43753016760518e+35,3.27836602652274e+35,3.30751017089784e+35,3.39311457367606e+35,4.29341426512349e+33,4.33104789236988e+33,4.44155939291204e+33
148.4,3.31889516191356e+35,3.34839147996804e+35,3.43502979875523e+35,3.27599081941892e+35,3.3051111002488e+35,3.39064518533135e+35,4.29043424946431e+33,4.32803797192393e+33,4.43846134238836e+33
148.5,3.31649415517615e+35,3.34596635219561e+35,3.43253359454371e+35,3.27361956481925e+35,3.30271602315772e+35,3.38817991161395e+35,4.28745903569065e+33,4.32503290378907e+33,4.43536829297642e+33
148.6,3.31409713926551e+35,3.3435452567055e+35,3.43004154486931e+35,3.27125225314166e+35,3.30032492994126e+35,3.38571874254158e+35,4.28448861238506e+33,4.3220326764236e+33,4.43228023277291e+33
148.7,3.31170410451561e+35,3.34112818372947e+35,3.42755363966218e+35,3.26888887483394e+35,3.29793781094624e+35,3.38326166816308e+35,4.28152296816703e+33,4.31903727832347e+33,4.42919714991025e+33
148.8,3.30931504129058e+35,3.33871512352977e+35,3.42506986888386e+35,3.26652942037366e+35,3.29555465654955e+35,3.38080867855828e+35,4.2785620916917e+33,4.31604669802182e+33,4.42611903255788e+33
148.9,3.3069299399845e+35,3.33630606639893e+35,3.42259022252711e+35,3.26417388026802e+35,3.29317545715805e+35,3.37835976383787e+35,4.27560597164835e+33,4.31306092408769e+33,4.42304586892332e+33
149,3.30454879102142e+35,3.33390100265972e+35,3.42011469061586e+35,3.26182224505382e+35,3.29080020320848e+35,3.37591491414333e+35,4.2726545967594e+33,4.31007994512448e+33,4.41997764725261e+33
149.1,3.30217158485516e+35,3.33149992266503e+35,3.41764326320508e+35,3.25947450529735e+35,3.28842888516734e+35,3.37347411964679e+35,4.26970795578034e+33,4.30710374976895e+33,4.4169143558296e+33
149.2,3.29979831196931e+35,3.32910281679777e+35,3.41517593038069e+35,3.2571306515943e+35,3.28606149353086e+35,3.37103737055094e+35,4.26676603750054e+33,4.30413232669119e+33,4.41385598297454e+33
149.3,3.29742896287713e+35,3.32670967547082e+35,3.41271268225942e+35,3.25479067456968e+35,3.28369801882487e+35,3.368604657089e+35,4.26382883074431e+33,4.30116566459537e+33,4.41080251704255e+33
149.4,3.29506352812144e+35,3.32432048912694e+35,3.41025350898878e+35,3.25245456487772e+35,3.28133845160473e+35,3.36617596952455e+35,4.26089632437182e+33,4.29820375222089e+33,4.40775394642269e+33
149.5,3.29270199827457e+35,3.32193524823865e+35,3.40779840074688e+35,3.25012231320177e+35,3.27898278245522e+35,3.3637512981515e+35,4.25796850727941e+33,4.29524657834331e+33,4.40471025953808e+33
149.6,3.29034436393817e+35,3.31955394330818e+35,3.40534734774244e+35,3.24779391025418e+35,3.27663100199043e+35,3.36133063329398e+35,4.25504536839892e+33,4.29229413177455e+33,4.40167144484678e+33
149.7,3.28799061574314e+35,3.31717656486729e+35,3.40290034021464e+35,3.24546934677618e+35,3.27428310085366e+35,3.35891396530621e+35,4.25212689669656e+33,4.28934640136237e+33,4.39863749084298e+33
149.8,3.28564074434947e+35,3.31480310347717e+35,3.40045736843301e+35,3.24314861353776e+35,3.27193906971728e+35,3.35650128457243e+35,4.24921308117151e+33,4.2864033759891e+33,4.39560838605791e+33
149.9,3.28329474044606e+35,3.3124335497283e+35,3.39801842269736e+35,3.24083170133751e+35,3.26959889928259e+35,3.35409258150676e+35,4.24630391085503e+33,4.28346504457031e+33,4.39258411905992e+33
150,3.28095259475062e+35,3.31006789424024e+35,3.3955834933376e+35,3.23851860100252e+35,3.2672625802797e+35,3.35168784655306e+35,4.24339937481031e+33,4.28053139605383e+33,4.38956467845384e+33
150.1,3.27861429800953e+35,3.30770612766156e+35,3.39315257071359e+35,3.2362093033882e+35,3.26493010346736e+35,3.34928707018479e+35,4.24049946213301e+33,4.27760241941964e+33,4.38655005287962e+33
150.2,3.27627984099769e+35,3.30534824066968e+35,3.39072564521501e+35,3.23390379937817e+35,3.26260145963288e+35,3.3468902429049e+35,4.23760416195226e+33,4.27467810368044e+33,4.38354023101093e+33
150.3,3.27394921451846e+35,3.30299422397075e+35,3.38830270726119e+35,3.23160207988414e+35,3.26027663959193e+35,3.34449735524564e+35,4.23471346343158e+33,4.27175843788259e+33,4.38053520155429e+33
150.4,3.27162240940346e+35,3.30064406829952e+35,3.38588374730096e+35,3.22930413584577e+35,3.25795563418845e+35,3.34210839776847e+35,4.23182735576931e+33,4.26884341110712e+33,4.37753495324902e+33
150.5,3.26929941651256e+35,3.29829776441924e+35,3.38346875581254e+35,3.22700995823058e+35,3.25563843429454e+35,3.33972336106386e+35,4.22894582819839e+33,4.26593301247013e+33,4.3745394748679e+33
150.6,3.2669802267337e+35,3.29595530312158e+35,3.38105772330345e+35,3.22471953803384e+35,3.25332503081036e+35,3.33734223575127e+35,4.22606886998552e+33,4.2630272311226e+33,4.37154875521824e+33
150.7,3.26466483098282e+35,3.2936166752265e+35,3.37865064031035e+35,3.22243286627852e+35,3.251015414664e+35,3.33496501247892e+35,4.22319647042997e+33,4.2601260562495e+33,4.36856278314279e+33
150.8,3.26235322020378e+35,3.29128187158214e+35,3.37624749739898e+35,3.22014993401516e+35,3.24870957681145e+35,3.33259168192378e+35,4.22032861886245e+33,4.25722947706861e+33,4.36558154752017e+33
150.9,3.26004538536829e+35,3.2889508830648e+35,3.37384828516407e+35,3.21787073232184e+35,3.2464075082365e+35,3.33022223479142e+35,4.21746530464457e+33,4.25433748282941e+33,4.36260503726453e+33
151,3.25774131747578e+35,3.28662370057878e+35,3.37145299422924e+35,3.21559525230409e+35,3.24410919995065e+35,3.32785666181599e+35,4.2146065171688e+33,4.25145006281241e+33,4.35963324132467e+33
151.1,3.25544100755341e+35,3.28430031505636e+35,3.36906161524691e+35,3.21332348509482e+35,3.24181464299307e+35,3.32549495376009e+35,4.21175224585918e+33,4.24856720632928e+33,4.35666614868271e+33
151.2,3.25314444665594e+35,3.28198071745773e+35,3.36667413889823e+35,3.21105542185422e+35,3.23952382843049e+35,3.3231371014147e+35,4.2089024801721e+33,4.24568890272339e+33,4.35370374835297e+33
151.3,3.25085162586566e+35,3.27966489877085e+35,3.36429055589296e+35,3.20879105376969e+35,3.23723674735715e+35,3.32078309559914e+35,4.20605720959713e+33,4.2428151413707e+33,4.35074602938144e+33
151.4,3.24856253629232e+35,3.27735285001146e+35,3.36191085696944e+35,3.20653037205574e+35,3.23495339089465e+35,3.31843292716098e+35,4.20321642365734e+33,4.23994591168059e+33,4.34779298084584e+33
151.5,3.24627716907295e+35,3.27504456222287e+35,3.35953503289448e+35,3.20427336795385e+35,3.23267375019191e+35,3.31608658697591e+35,4.20038011190916e+33,4.2370812030962e+33,4.3448445918563e+33
151.6,3.24399551537179e+35,3.27274002647592e+35,3.35716307446324e+35,3.20202003273237e+35,3.23039781642497e+35,3.31374406594768e+35,4.19754826394159e+33,4.23422100509424e+33,4.34190085155632e+33
151.7,3.24171756638013e+35,3.27043923386879e+35,3.35479497249918e+35,3.19977035768637e+35,3.22812558079695e+35,3.31140535500794e+35,4.19472086937521e+33,4.23136530718431e+33,4.33896174912354e+33
151.8,3.23944331331615e+35,3.26814217552691e+35,3.35243071785387e+35,3.19752433413754e+35,3.22585703453783e+35,3.30907044511617e+35,4.19189791786117e+33,4.22851409890777e+33,4.33602727377011e+33
151.9,3.23717274742481e+35,3.26584884260276e+35,3.3500703014069e+35,3.19528195343401e+35,3.22359216890439e+35,3.30673932725948e+35,4.18907939908049e+33,4.22566736983682e+33,4.33309741474244e+33
152,3.23490585997772e+35,3.26355922627576e+35,3.34771371406573e+35,3.19304320695028e+35,3.22133097518002e+35,3.30441199245252e+35,4.18626530274395e+33,4.22282510957374e+33,4.33017216132045e+33
152.1,3.23264264227298e+35,3.26127331775215e+35,3.3453609467655e+35,3.19080808608706e+35,3.21907344467464e+35,3.30208843173733e+35,4.18345561859243e+33,4.21998730775074e+33,4.32725150281642e+33
152.2,3.23038308563517e+35,3.25899110826488e+35,3.34301199046893e+35,3.1885765822712e+35,3.21681956872458e+35,3.29976863618319e+35,4.18065033639756e+33,4.21715395403029e+33,4.32433542857398e+33
152.3,3.22812718141519e+35,3.25671258907351e+35,3.34066683616618e+35,3.18634868695557e+35,3.21456933869245e+35,3.2974525968865e+35,4.17784944596247e+33,4.21432503810587e+33,4.3214239279674e+33
152.4,3.22587492099023e+35,3.25443775146413e+35,3.3383254748747e+35,3.18412439161901e+35,3.2123227459671e+35,3.29514030497069e+35,4.17505293712233e+33,4.21150054970264e+33,4.31851699040144e+33
152.5,3.22362629576368e+35,3.2521665867493e+35,3.33598789763921e+35,3.18190368776624e+35,3.21007978196352e+35,3.29283175158609e+35,4.17226079974444e+33,4.20868047857802e+33,4.31561460531178e+33
152.6,3.2213812971651e+35,3.24989908626802e+35,3.33365409553155e+35,3.17968656692782e+35,3.2078404381228e+35,3.29052692790989e+35,4.16947302372788e+33,4.2058648145218e+33,4.31271676216572e+33
152.7,3.21913991665012e+35,3.24763524138558e+35,3.33132405965066e+35,3.17747302066009e+35,3.20560470591202e+35,3.28822582514603e+35,4.16668959900274e+33,4.20305354735582e+33,4.30982345046296e+33
152.8,3.21690214570039e+35,3.24537504349362e+35,3.32899778112255e+35,3.17526304054509e+35,3.20337257682428e+35,3.28592843452519e+35,4.16391051552926e+33,4.20024666693318e+33,4.30693465973616e+33
152.9,3.21466797582349e+35,3.24311848400993e+35,3.3266752511002e+35,3.17305661819052e+35,3.20114404237856e+35,3.28363474730469e+35,4.16113576329694e+33,4.19744416313735e+33,4.30405037955106e+33
153,3.21243739855287e+35,3.24086555437848e+35,3.32435646076352e+35,3.17085374522963e+35,3.19891909411967e+35,3.28134475476846e+35,4.158365332324e+33,4.19464602588129e+33,4.30117059950609e+33
153.1,3.21021040544771e+35,3.23861624606926e+35,3.32204140131929e+35,3.16865441332114e+35,3.19669772361819e+35,3.27905844822697e+35,4.15559921265728e+33,4.19185224510687e+33,4.2982953092316e+33
153.2,3.20798698809285e+35,3.23637055057818e+35,3.31973006400106e+35,3.16645861414913e+35,3.19447992247033e+35,3.27677581901717e+35,4.15283739437252e+33,4.18906281078478e+33,4.29542449838883e+33
153.3,3.20576713809866e+35,3.23412845942699e+35,3.31742244006907e+35,3.16426633942291e+35,3.19226568229784e+35,3.27449685850238e+35,4.15007986757491e+33,4.18627771291476e+33,4.29255815666911e+33
153.4,3.20355084710089e+35,3.23188996416312e+35,3.31511852081012e+35,3.1620775808769e+35,3.19005499474785e+35,3.27222155807218e+35,4.14732662239973e+33,4.1834969415262e+33,4.28969627379317e+33
153.5,3.20133810676057e+35,3.22965505635956e+35,3.31281829753744e+35,3.15989233027044e+35,3.18784785149278e+35,3.26994990914233e+35,4.14457764901284e+33,4.18072048667877e+33,4.28683883951113e+33
153.6,3.19912890876385e+35,3.22742372761474e+35,3.31052176159058e+35,3.15771057938774e+35,3.18564424423011e+35,3.26768190315455e+35,4.14183293761081e+33,4.17794833846289e+33,4.2839858436027e+33
153.7,3.19692324482186e+35,3.22519596955237e+35,3.30822890433524e+35,3.15553232003766e+35,3.18344416468237e+35,3.26541753157646e+35,4.13909247842075e+33,4.17518048699997e+33,4.28113727587785e+33
153.8,3.19472110667063e+35,3.22297177382129e+35,3.30593971716316e+35,3.15335754405363e+35,3.18124760459687e+35,3.26315678590138e+35,4.13635626169975e+33,4.17241692244216e+33,4.27829312617744e+33
153.9,3.19252248607093e+35,3.22075113209542e+35,3.30365419149193e+35,3.15118624329359e+35,3.17905455574571e+35,3.26089965764819e+35,4.1336242777341e+33,4.16965763497184e+33,4.27545338437375e+33
154,3.19032737480822e+35,3.2185340360736e+35,3.30137231876492e+35,3.14901840963984e+35,3.17686500992559e+35,3.25864613836121e+35,4.13089651683853e+33,4.16690261480086e+33,4.27261804037068e+33
154.1,3.18813576469256e+35,3.21632047747951e+35,3.29909409045112e+35,3.146854034999e+35,3.17467895895781e+35,3.25639621961009e+35,4.12817296935564e+33,4.1641518521697e+33,4.26978708410357e+33
154.2,3.18594764755857e+35,3.21411044806163e+35,3.29681949804507e+35,3.14469311130201e+35,3.17249639468816e+35,3.25414989298969e+35,4.12545362565551e+33,4.1614053373469e+33,4.26696050553857e+33
154.3,3.18376301526538e+35,3.2119039395932e+35,3.29454853306675e+35,3.14253563050402e+35,3.17031730898692e+35,3.25190715012003e+35,4.12273847613579e+33,4.15866306062869e+33,4.2641382946719e+33
154.4,3.18158185969662e+35,3.20970094387215e+35,3.29228118706154e+35,3.1403815845844e+35,3.16814169374876e+35,3.24966798264625e+35,4.12002751122204e+33,4.15592501233903e+33,4.26132044152899e+33
154.5,3.17940417276038e+35,3.20750145272111e+35,3.29001745160015e+35,3.1382309655467e+35,3.16596954089281e+35,3.24743238223851e+35,4.11732072136821e+33,4.15319118282994e+33,4.25850693616385e+33
154.6,3.17722994638915e+35,3.20530545798732e+35,3.28775731827861e+35,3.13608376541858e+35,3.1638008423625e+35,3.24520034059202e+35,4.11461809705717e+33,4.15046156248201e+33,4.25569776865865e+33
154.7,3.17505917253977e+35,3.20311295154265e+35,3.28550077871822e+35,3.13393997625176e+35,3.1616355901256e+35,3.24297184942699e+35,4.11191962880103e+33,4.14773614170491e+33,4.25289292912383e+33
154.8,3.17289184319333e+35,3.20092392528347e+35,3.28324782456553e+35,3.13179959012191e+35,3.15947377617409e+35,3.24074690048855e+35,4.10922530714128e+33,4.14501491093776e+33,4.25009240769842e+33
154.9,3.17072795035507e+35,3.19873837113058e+35,3.28099844749226e+35,3.12966259912859e+35,3.15731539252409e+35,3.23852548554676e+35,4.10653512264851e+33,4.14229786064928e+33,4.24729619455053e+33
155,3.16856748605427e+35,3.1965562810291e+35,3.27875263919524e+35,3.12752899539505e+35,3.15516043121572e+35,3.23630759639646e+35,4.10384906592201e+33,4.13958498133753e+33,4.24450427987795e+33
155.1,3.16641044234403e+35,3.19437764694829e+35,3.27651039139632e+35,3.12539877106814e+35,3.153008884313e+35,3.23409322485724e+35,4.10116712758905e+33,4.13687626352948e+33,4.24171665390854e+33
155.2,3.16425681130121e+35,3.19220246088147e+35,3.27427169584225e+35,3.12327191831817e+35,3.15086074390367e+35,3.23188236277325e+35,4.09848929830425e+33,4.13417169778034e+33,4.23893330690037e+33
155.3,3.16210658502622e+35,3.19003071484579e+35,3.27203654430452e+35,3.12114842933873e+35,3.14871600209906e+35,3.22967500201311e+35,4.095815568749e+33,4.13147127467285e+33,4.23615422914147e+33
155.4,3.15995975564291e+35,3.18786240088213e+35,3.26980492857922e+35,3.11902829634659e+35,3.14657465103396e+35,3.22747113446972e+35,4.09314592963119e+33,4.12877498481678e+33,4.23337941094942e+33
155.5,3.15781631529844e+35,3.18569751105497e+35,3.26757684048686e+35,3.11691151158159e+35,3.14443668286648e+35,3.22527075206016e+35,4.09048037168509e+33,4.1260828188485e+33,4.23060884267061e+33
155.6,3.15567625616323e+35,3.18353603745225e+35,3.26535227187228e+35,3.11479806730652e+35,3.14230208977794e+35,3.22307384672548e+35,4.08781888567159e+33,4.12339476743099e+33,4.22784251467955e+33
155.7,3.15353957043087e+35,3.18137797218535e+35,3.26313121460442e+35,3.11268795580709e+35,3.14017086397281e+35,3.22088041043063e+35,4.08516146237862e+33,4.12071082125398e+33,4.22508041737828e+33
155.8,3.15140625031809e+35,3.17922330738897e+35,3.2609136605763e+35,3.11058116939188e+35,3.13804299767863e+35,3.21869043516434e+35,4.08250809262146e+33,4.11803097103436e+33,4.22232254119594e+33
155.9,3.14927628806474e+35,3.17707203522116e+35,3.25869960170489e+35,3.10847770039231e+35,3.13591848314599e+35,3.216503912939e+35,4.07985876724321e+33,4.1153552075166e+33,4.21956887658876e+33
156,3.14714967593376e+35,3.17492414786326e+35,3.25648902993109e+35,3.10637754116261e+35,3.13379731264853e+35,3.21432083579069e+35,4.07721347711491e+33,4.11268352147313e+33,4.21681941404021e+33
156.1,3.14502640621118e+35,3.17277963751991e+35,3.25428193721968e+35,3.10428068407982e+35,3.13167947848286e+35,3.21214119577907e+35,4.07457221313547e+33,4.11001590370449e+33,4.21407414406141e+33
156.2,3.14290647120606e+35,3.17063849641901e+35,3.25207831555933e+35,3.10218712154375e+35,3.12956497296861e+35,3.20996498498741e+35,4.0719349662314e+33,4.10735234503936e+33,4.21133305719158e+33
156.3,3.14078986325048e+35,3.16850071681167e+35,3.24987815696254e+35,3.10009684597691e+35,3.12745378844833e+35,3.20779219552256e+35,4.0693017273563e+33,4.10469283633421e+33,4.20859614399846e+33
156.4,3.13867657469937e+35,3.16636629097219e+35,3.24768145346571e+35,3.09800984982447e+35,3.12534591728746e+35,3.20562281951492e+35,4.06667248749034e+33,4.10203736847285e+33,4.2058633950785e+33
156.5,3.13656659793048e+35,3.16423521119791e+35,3.245488197129e+35,3.09592612555409e+35,3.12324135187425e+35,3.20345684911843e+35,4.06404723763963e+33,4.09938593236584e+33,4.20313480105685e+33
156.6,3.13445992534423e+35,3.16210746980911e+35,3.24329838003632e+35,3.09384566565587e+35,3.12114008461961e+35,3.20129427651045e+35,4.06142596883582e+33,4.09673851894993e+33,4.2004103525871e+33
156.7,3.13235654936351e+35,3.15998305914889e+35,3.24111199429523e+35,3.09176846264215e+35,3.11904210795702e+35,3.19913509389173e+35,4.05880867213586e+33,4.09409511918758e+33,4.19769004035075e+33
156.8,3.13025646243361e+35,3.15786197158299e+35,3.2389290320368e+35,3.08969450904739e+35,3.11694741434232e+35,3.19697929348623e+35,4.05619533862194e+33,4.09145572406671e+33,4.19497385505665e+33
156.9,3.128159657022e+35,3.15574419949963e+35,3.23674948541542e+35,3.08762379742798e+35,3.11485599625362e+35,3.19482686754102e+35,4.05358595940171e+33,4.08882032460065e+33,4.19226178744037e+33
157,3.12606612561827e+35,3.15362973530939e+35,3.23457334660873e+35,3.08555632036219e+35,3.11276784619111e+35,3.19267780832609e+35,4.05098052560853e+33,4.0861889118283e+33,4.18955382826367e+33
157.1,3.12397586073398e+35,3.15151857144511e+35,3.23240060781736e+35,3.08349207044996e+35,3.11068295667696e+35,3.19053210813421e+35,4.04837902840183e+33,4.08356147681445e+33,4.18684996831429e+33
157.2,3.1218888549026e+35,3.14941070036171e+35,3.23023126126482e+35,3.08143104031293e+35,3.10860132025521e+35,3.18838975928077e+35,4.04578145896741e+33,4.08093801065009e+33,4.18415019840579e+33
157.3,3.11980510067949e+35,3.14730611453625e+35,3.2280652991974e+35,3.07937322259431e+35,3.10652292949172e+35,3.18625075410362e+35,4.04318780851763e+33,4.07831850445277e+33,4.18145450937778e+33
157.4,3.11772459064184e+35,3.14520480646777e+35,3.22590271388401e+35,3.07731860995893e+35,3.1044477769741e+35,3.18411508496305e+35,4.04059806829132e+33,4.07570294936673e+33,4.17876289209617e+33
157.5,3.11564731738874e+35,3.1431067686774e+35,3.22374349761619e+35,3.0752671950932e+35,3.10237585531177e+35,3.18198274424165e+35,4.03801222955363e+33,4.07309133656292e+33,4.1760753374536e+33
157.6,3.11357327354108e+35,3.14101199370829e+35,3.22158764270802e+35,3.07321897070512e+35,3.1003071571359e+35,3.17985372434432e+35,4.03543028359564e+33,4.07048365723881e+33,4.17339183636973e+33
157.7,3.11150245174165e+35,3.13892047412562e+35,3.21943514149618e+35,3.07117392952431e+35,3.09824167509944e+35,3.17772801769826e+35,4.03285222173389e+33,4.06787990261799e+33,4.17071237979146e+33
157.8,3.10943484465504e+35,3.13683220251662e+35,3.2172859863399e+35,3.06913206430194e+35,3.09617940187712e+35,3.17560561675297e+35,4.0302780353099e+33,4.06528006394978e+33,4.16803695869299e+33
157.9,3.1073704449676e+35,3.13474717149051e+35,3.21514016962103e+35,3.06709336781071e+35,3.09412033016542e+35,3.17348651398027e+35,4.02770771568974e+33,4.06268413250861e+33,4.16536556407557e+33
158,3.10530924538737e+35,3.13266537367843e+35,3.21299768374399e+35,3.06505783284473e+35,3.09206445268249e+35,3.17137070187431e+35,4.02514125426374e+33,4.06009209959369e+33,4.16269818696719e+33
158.1,3.1032512386439e+35,3.13058680173335e+35,3.21085852113575e+35,3.06302545221944e+35,3.09001176216806e+35,3.16925817295153e+35,4.0225786424464e+33,4.05750395652868e+33,4.16003481842208e+33
158.2,3.10119641748817e+35,3.12851144832992e+35,3.20872267424577e+35,3.06099621877141e+35,3.08796225138331e+35,3.16714891975057e+35,4.02001987167634e+33,4.05491969466148e+33,4.15737544952019e+33
158.3,3.09914477469237e+35,3.12643930616432e+35,3.20659013554587e+35,3.0589701253582e+35,3.08591591311067e+35,3.16504293483221e+35,4.0174649334166e+33,4.05233930536435e+33,4.15472007136671e+33
158.4,3.09709630304974e+35,3.12437036795406e+35,3.2044608975301e+35,3.05694716485819e+35,3.08387274015372e+35,3.16294021077918e+35,4.01491381915481e+33,4.04976278003403e+33,4.15206867509171e+33
158.5,3.09505099537445e+35,3.12230462643785e+35,3.20233495271455e+35,3.05492733017041e+35,3.08183272533693e+35,3.16084074019605e+35,4.01236652040351e+33,4.04719011009202e+33,4.14942125185002e+33
158.6,3.09300884450144e+35,3.12024207437546e+35,3.20021229363718e+35,3.05291061421444e+35,3.07979586150561e+35,3.15874451570897e+35,4.00982302870033e+33,4.04462128698486e+33,4.14677779282121e+33
158.7,3.09096984328637e+35,3.11818270454756e+35,3.19809291285769e+35,3.05089700993029e+35,3.07776214152572e+35,3.15665152996559e+35,4.00728333560812e+33,4.04205630218434e+33,4.14413828920973e+33
158.8,3.08893398460556e+35,3.1161265097557e+35,3.19597680295727e+35,3.04888651027841e+35,3.07573155828382e+35,3.15456177563482e+35,4.00474743271488e+33,4.03949514718766e+33,4.14150273224525e+33
158.9,3.08690126135597e+35,3.11407348282223e+35,3.19386395653858e+35,3.04687910823963e+35,3.07370410468705e+35,3.15247524540675e+35,4.00221531163356e+33,4.03693781351733e+33,4.1388711131829e+33
159,3.08487166645523e+35,3.11202361659035e+35,3.19175436622563e+35,3.04487479681521e+35,3.07167977366314e+35,3.1503919319926e+35,3.99968696400176e+33,4.03438429272105e+33,4.13624342330358e+33
159.1,3.08284519284167e+35,3.10997690392411e+35,3.18964802466378e+35,3.04287356902686e+35,3.06965855816039e+35,3.14831182812464e+35,3.9971623814813e+33,4.03183457637134e+33,4.13361965391407e+33
159.2,3.08082183347434e+35,3.10793333770842e+35,3.18754492451968e+35,3.04087541791676e+35,3.06764045114777e+35,3.14623492655621e+35,3.99464155575785e+33,4.02928865606515e+33,4.130999796347e+33
159.3,3.07880158133299e+35,3.10589291084911e+35,3.18544505848141e+35,3.03888033654758e+35,3.06562544561488e+35,3.14416122006181e+35,3.99212447854049e+33,4.02674652342349e+33,4.12838384196077e+33
159.4,3.07678442941802e+35,3.10385561627287e+35,3.18334841925841e+35,3.03688831800241e+35,3.06361353457196e+35,3.14209070143702e+35,3.9896111415615e+33,4.02420817009095e+33,4.12577178213913e+33
159.5,3.07477037075044e+35,3.1018214469272e+35,3.18125499958156e+35,3.03489935538468e+35,3.06160471104984e+35,3.14002336349865e+35,3.9871015365762e+33,4.0216735877355e+33,4.12316360829086e+33
159.6,3.07275939837168e+35,3.09979039578034e+35,3.17916479220313e+35,3.03291344181805e+35,3.05959896809985e+35,3.13795919908464e+35,3.98459565536289e+33,4.01914276804827e+33,4.12055931184925e+33
159.7,3.07075150534346e+35,3.09776245582108e+35,3.17707778989674e+35,3.03093057044623e+35,3.05759629879364e+35,3.13589820105402e+35,3.98209348972302e+33,4.01661570274355e+33,4.11795888427176e+33
159.8,3.06874668474761e+35,3.09573762005862e+35,3.17499398545725e+35,3.02895073443279e+35,3.05559669622304e+35,3.13384036228685e+35,3.97959503148132e+33,4.01409238355887e+33,4.11536231703961e+33
159.9,3.06674492968588e+35,3.09371588152239e+35,3.1729133717006e+35,3.02697392696102e+35,3.05360015349984e+35,3.13178567568402e+35,3.97710027248606e+33,4.01157280225522e+33,4.11276960165768e+33
160,3.06474623327982e+35,3.09169723326184e+35,3.17083594146362e+35,3.02500014123373e+35,3.05160666375567e+35,3.12973413416707e+35,3.97460920460919e+33,4.00905695061719e+33,4.11018072965438e+33
160.1,3.06275058867063e+35,3.08968166834633e+35,3.16876168760386e+35,3.02302937047317e+35,3.0496162201418e+35,3.12768573067804e+35,3.97212181974649e+33,4.00654482045326e+33,4.10759569258177e+33
160.2,3.06075798901913e+35,3.08766917986502e+35,3.16669060299938e+35,3.02106160792095e+35,3.04762881582906e+35,3.12564045817923e+35,3.96963810981754e+33,4.00403640359584e+33,4.10501448201576e+33
160.3,3.05876842750572e+35,3.08565976092684e+35,3.16462268054862e+35,3.01909684683806e+35,3.04564444400783e+35,3.12359830965306e+35,3.96715806676567e+33,4.00153169190138e+33,4.1024370895563e+33
160.4,3.05678189733046e+35,3.08365340466048e+35,3.16255791317028e+35,3.01713508050488e+35,3.04366309788798e+35,3.121559278102e+35,3.9646816825577e+33,3.99903067725021e+33,4.09986350682763e+33
160.5,3.05479839171307e+35,3.08165010421443e+35,3.16049629380327e+35,3.01517630222123e+35,3.04168477069896e+35,3.11952335654849e+35,3.96220894918366e+33,3.99653335154635e+33,4.09729372547842e+33
160.6,3.05281790389302e+35,3.07964985275705e+35,3.15843781540676e+35,3.01322050530646e+35,3.03970945568987e+35,3.11749053803494e+35,3.95973985865643e+33,3.99403970671724e+33,4.09472773718186e+33
160.7,3.05084042712956e+35,3.07765264347662e+35,3.15638247096018e+35,3.01126768309944e+35,3.03773714612948e+35,3.11546081562383e+35,3.95727440301138e+33,3.99154973471333e+33,4.09216553363553e+33
160.8,3.04886595470168e+35,3.07565846958137e+35,3.15433025346332e+35,3.00931782895861e+35,3.03576783530629e+35,3.11343418239771e+35,3.95481257430612e+33,3.98906342750779e+33,4.08960710656124e+33
160.9,3.04689447990807e+35,3.07366732429944e+35,3.15228115593638e+35,3.00737093626186e+35,3.03380151652848e+35,3.11141063145934e+35,3.95235436462022e+33,3.98658077709616e+33,4.08705244770476e+33
161,3.04492599606698e+35,3.0716792008788e+35,3.15023517142001e+35,3.00542699840643e+35,3.03183818312384e+35,3.10939015593165e+35,3.94989976605513e+33,3.98410177549611e+33,4.08450154883538e+33
161.1,3.04296049651604e+35,3.06969409258711e+35,3.14819229297527e+35,3.0034860088087e+35,3.02987782843964e+35,3.10737274895781e+35,3.94744877073417e+33,3.98162641474732e+33,4.08195440174562e+33
161.2,3.04099797461207e+35,3.06771199271151e+35,3.14615251368356e+35,3.00154796090404e+35,3.0279204458424e+35,3.10535840370105e+35,3.94500137080258e+33,3.97915468691149e+33,4.07941099825083e+33
161.3,3.03903842373083e+35,3.06573289455842e+35,3.14411582664647e+35,2.99961284814656e+35,3.0259660287177e+35,3.10334711334458e+35,3.9425575584277e+33,3.97668658407235e+33,4.07687133018894e+33
161.4,3.03708183726691e+35,3.06375679145334e+35,3.14208222498559e+35,2.99768066400892e+35,3.02401457046998e+35,3.10133887109139e+35,3.94011732579912e+33,3.97422209833584e+33,4.07433538942031e+33
161.5,3.03512820863354e+35,3.06178367674067e+35,3.14005170184226e+35,2.99575140198226e+35,3.02206606452237e+35,3.09933367016398e+35,3.93768066512881e+33,3.97176122183028e+33,4.07180316782767e+33
161.6,3.03317753126255e+35,3.0598135437836e+35,3.13802425037736e+35,2.99382505557603e+35,3.02012050431654e+35,3.0973315038042e+35,3.93524756865126e+33,3.96930394670652e+33,4.06927465731618e+33
161.7,3.03122979860434e+35,3.05784638596406e+35,3.13599986377115e+35,2.99190161831811e+35,3.01817788331268e+35,3.09533236527302e+35,3.93281802862348e+33,3.96685026513806e+33,4.06674984981359e+33
161.8,3.02928500412802e+35,3.05588219668272e+35,3.13397853522313e+35,2.98998108375477e+35,3.01623819498951e+35,3.09333624785043e+35,3.93039203732497e+33,3.96440016932107e+33,4.06422873727038e+33
161.9,3.02734314132138e+35,3.05392096935913e+35,3.13196025795198e+35,2.98806344545081e+35,3.01430143284438e+35,3.09134314483538e+35,3.92796958705748e+33,3.96195365147438e+33,4.06171131165999e+33
162,3.0254042036911e+35,3.05196269743171e+35,3.12994502519558e+35,2.98614869698965e+35,3.01236759039332e+35,3.08935304954579e+35,3.92555067014489e+33,3.95951070383928e+33,4.05919756497892e+33
162.1,3.02346818476267e+35,3.05000737435793e+35,3.1279328302111e+35,2.98423683197334e+35,3.01043666117114e+35,3.08736595531863e+35,3.92313527893281e+33,3.9570713186793e+33,4.05668748924682e+33
162.2,3.02153507808051e+35,3.04805499361428e+35,3.12592366627509e+35,2.98232784402263e+35,3.00850863873148e+35,3.08538185551003e+35,3.92072340578841e+33,3.95463548827999e+33,4.05418107650646e+33
162.3,3.01960487720779e+35,3.04610554869628e+35,3.12391752668359e+35,2.98042172677679e+35,3.00658351664679e+35,3.08340074349536e+35,3.91831504310003e+33,3.95220320494852e+33,4.05167831882356e+33
162.4,3.01767757572633e+35,3.04415903311836e+35,3.12191440475215e+35,2.97851847389356e+35,3.00466128850822e+35,3.08142261266928e+35,3.91591018327704e+33,3.9497744610135e+33,4.04917920828663e+33
162.5,3.01575316723636e+35,3.04221544041369e+35,3.11991429381583e+35,2.97661807904887e+35,3.00274194792544e+35,3.07944745644576e+35,3.91350881874964e+33,3.94734924882464e+33,4.04668373700665e+33
162.6,3.01383164535632e+35,3.04027476413395e+35,3.11791718722909e+35,2.97472053593663e+35,3.00082548852642e+35,3.07747526825792e+35,3.91111094196879e+33,3.94492756075269e+33,4.04419189711678e+33
162.7,3.01191300372257e+35,3.03833699784911e+35,3.11592307836563e+35,2.97282583826851e+35,2.99891190395722e+35,3.07550604155791e+35,3.90871654540625e+33,3.94250938918926e+33,4.04170368077201e+33
162.8,3.00999723598931e+35,3.03640213514718e+35,3.11393196061814e+35,2.97093397977377e+35,2.99700118788171e+35,3.07353976981665e+35,3.90632562155461e+33,3.94009472654688e+33,4.03921908014895e+33
162.9,3.00808433582842e+35,3.03447016963406e+35,3.11194382739805e+35,2.96904495419914e+35,2.99509333398147e+35,3.07157644652359e+35,3.90393816292742e+33,3.93768356525905e+33,4.03673808744561e+33
163,3.00617429692943e+35,3.0325410949335e+35,3.10995867213528e+35,2.96715875530883e+35,2.9931883359557e+35,3.06961606518647e+35,3.90155416205934e+33,3.93527589778034e+33,4.03426069488128e+33
163.1,3.00426711299966e+35,3.03061490468706e+35,3.10797648827809e+35,2.9652753768846e+35,2.9912861875212e+35,3.06765861933112e+35,3.89917361150617e+33,3.93287171658652e+33,4.03178689469655e+33
163.2,3.00236277776431e+35,3.02869159255424e+35,3.10599726929296e+35,2.96339481272586e+35,2.98938688241249e+35,3.06570410250142e+35,3.89679650384502e+33,3.93047101417469e+33,4.02931667915328e+33
163.3,3.00046128496655e+35,3.02677115221257e+35,3.10402100866462e+35,2.9615170566498e+35,2.98749041438194e+35,3.06375250825927e+35,3.89442283167421e+33,3.92807378306335e+33,4.02685004053484e+33
163.4,2.99856262836768e+35,3.0248535773578e+35,3.10204769989611e+35,2.95964210249155e+35,2.98559677719988e+35,3.06180383018465e+35,3.89205258761328e+33,3.92568001579239e+33,4.02438697114611e+33
163.5,2.99666680174715e+35,3.02293886170394e+35,3.10007733650895e+35,2.95776994410413e+35,2.98370596465471e+35,3.05985806187581e+35,3.88968576430277e+33,3.92328970492305e+33,4.02192746331374e+33
163.6,2.99477379890248e+35,3.0210269989833e+35,3.09810991204327e+35,2.95590057535844e+35,2.98181797055292e+35,3.05791519694941e+35,3.88732235440412e+33,3.92090284303779e+33,4.01947150938615e+33
163.7,2.99288361364909e+35,3.01911798294637e+35,3.09614542005791e+35,2.95403399014309e+35,2.97993278871897e+35,3.05597522904057e+35,3.88496235059931e+33,3.91851942274008e+33,4.01701910173362e+33
163.8,2.99099623982008e+35,3.01721180736167e+35,3.09418385413045e+35,2.95217018236417e+35,2.97805041299513e+35,3.05403815180297e+35,3.88260574559072e+33,3.91613943665416e+33,4.01457023274824e+33
163.9,2.98911167126598e+35,3.01530846601548e+35,3.09222520785719e+35,2.95030914594497e+35,2.97617083724123e+35,3.05210395890875e+35,3.88025253210082e+33,3.91376287742482e+33,4.01212489484378e+33
164,2.98722990185443e+35,3.01340795271155e+35,3.09026947485285e+35,2.94845087482571e+35,2.97429405533438e+35,3.0501726440483e+35,3.87790270287196e+33,3.91138973771709e+33,4.00968308045554e+33
164.1,2.98535092547005e+35,3.01151026127086e+35,3.08831664875045e+35,2.94659536296339e+35,2.9724200611687e+35,3.04824420093005e+35,3.87555625066627e+33,3.90902001021606e+33,4.00724478204008e+33
164.2,2.98347473601427e+35,3.00961538553144e+35,3.08636672320092e+35,2.94474260433162e+35,2.97054884865517e+35,3.04631862328017e+35,3.87321316826551e+33,3.90665368762672e+33,4.00480999207494e+33
164.3,2.98160132740541e+35,3.00772331934829e+35,3.08441969187286e+35,2.9428925929207e+35,2.96868041172155e+35,3.04439590484228e+35,3.87087344847107e+33,3.90429076267382e+33,4.00237870305843e+33
164.4,2.97973069357874e+35,3.00583405659341e+35,3.08247554845235e+35,2.9410453227377e+35,2.96681474431239e+35,3.04247603937725e+35,3.86853708410399e+33,3.90193122810188e+33,3.9999509075093e+33
164.5,2.97786282848667e+35,3.00394759115597e+35,3.0805342866428e+35,2.93920078780662e+35,2.96495184038922e+35,3.04055902066314e+35,3.86620406800503e+33,3.89957507667516e+33,3.99752659796665e+33
164.6,2.97599772609891e+35,3.00206391694244e+35,3.07859590016507e+35,2.93735898216856e+35,2.96309169393066e+35,3.03864484249517e+35,3.86387439303477e+33,3.89722230117777e+33,3.99510576698972e+33
164.7,2.97413538040258e+35,3.00018302787677e+35,3.07666038275748e+35,2.93551989988185e+35,2.96123429893263e+35,3.0367334986859e+35,3.86154805207367e+33,3.89487289441375e+33,3.99268840715784e+33
164.8,2.97227578540225e+35,2.9983049179005e+35,3.07472772817609e+35,2.93368353502203e+35,2.95937964940842e+35,3.03482498306539e+35,3.85922503802217e+33,3.89252684920714e+33,3.9902745110705e+33
164.9,2.97041893511978e+35,2.99642958097272e+35,3.07279793019483e+35,2.93184988168177e+35,2.9575277393887e+35,3.03291928948136e+35,3.85690534380072e+33,3.89018415840208e+33,3.98786407134733e+33
165,2.96856482359413e+35,2.99455701106995e+35,3.07087098260563e+35,2.93001893397063e+35,2.95567856292132e+35,3.03101641179935e+35,3.85458896234973e+33,3.88784481486286e+33,3.98545708062825e+33
165.1,2.96671344488107e+35,2.99268720218588e+35,3.06894687921845e+35,2.92819068601477e+35,2.95383211407115e+35,3.02911634390272e+35,3.8522758866295e+33,3.88550881147387e+33,3.98305353157354e+33
165.2,2.96486479305282e+35,2.99082014833106e+35,3.06702561386112e+35,2.92636513195662e+35,2.95198838691966e+35,3.02721907969248e+35,3.84996610962011e+33,3.88317614113955e+33,3.98065341686398e+33
165.3,2.96301886219788e+35,2.98895584353256e+35,3.06510718037913e+35,2.92454226595466e+35,2.95014737556472e+35,3.02532461308712e+35,3.84765962432122e+33,3.88084679678426e+33,3.97825672920085e+33
165.4,2.96117564642077e+35,2.9870942818338e+35,3.06319157263528e+35,2.92272208218325e+35,2.94830907412028e+35,3.02343293802222e+35,3.84535642375187e+33,3.87852077135214e+33,3.97586346130599e+33
165.5,2.95933513984212e+35,2.98523545729436e+35,3.06127878450938e+35,2.92090457483262e+35,2.9464734767163e+35,3.02154404845016e+35,3.84305650095029e+33,3.87619805780683e+33,3.97347360592171e+33
165.6,2.95749733659875e+35,2.98337936399006e+35,3.05936880989794e+35,2.91908973810901e+35,2.94464057749874e+35,3.01965793833983e+35,3.8407598489737e+33,3.87387864913138e+33,3.9710871558107e+33
165.7,2.95566223084388e+35,2.98152599601306e+35,3.05746164271405e+35,2.9172775662349e+35,2.94281037062978e+35,3.01777460167649e+35,3.83846646089811e+33,3.8715625383279e+33,3.96870410375589e+33
165.8,2.95382981674735e+35,2.97967534747211e+35,3.05555727688737e+35,2.91546805344916e+35,2.94098285028794e+35,3.01589403246177e+35,3.83617632981823e+33,3.8692497184175e+33,3.96632444256019e+33
165.9,2.95200008849579e+35,2.97782741249281e+35,3.05365570636425e+35,2.91366119400732e+35,2.93915801066841e+35,3.01401622471378e+35,3.83388944884734e+33,3.86694018244009e+33,3.96394816504633e+33
166,2.95017304029267e+35,2.97598218521765e+35,3.05175692510795e+35,2.9118569821815e+35,2.93733584598311e+35,3.01214117246739e+35,3.8316058111173e+33,3.86463392345431e+33,3.9615752640566e+33
166.1,2.94834866635816e+35,2.97413965980612e+35,3.04986092709894e+35,2.91005541226038e+35,2.93551635046075e+35,3.01026886977441e+35,3.82932540977855e+33,3.86233093453746e+33,3.95920573245267e+33
166.2,2.94652696092888e+35,2.97229983043451e+35,3.04796770633498e+35,2.90825647854888e+35,2.93369951834665e+35,3.00839931070382e+35,3.82704823800013e+33,3.86003120878556e+33,3.9568395631154e+33
166.3,2.94470791825757e+35,2.97046269129559e+35,3.04607725683124e+35,2.90646017536788e+35,2.93188534390246e+35,3.00653248934179e+35,3.82477428896978e+33,3.85773473931333e+33,3.95447674894476e+33
166.4,2.94289153261273e+35,2.96862823659834e+35,3.04418957262016e+35,2.90466649705379e+35,2.9300738214058e+35,3.00466839979156e+35,3.82250355589398e+33,3.85544151925428e+33,3.95211728285976e+33
166.5,2.94107779827835e+35,2.96679646056753e+35,3.04230464775115e+35,2.90287543795837e+35,2.92826494514992e+35,3.00280703617316e+35,3.82023603199803e+33,3.85315154176082e+33,3.94976115779842e+33
166.6,2.93926670955381e+35,2.9649673574435e+35,3.04042247629024e+35,2.90108699244855e+35,2.92645870944346e+35,3.00094839262306e+35,3.81797171052604e+33,3.85086480000426e+33,3.94740836671785e+33
166.7,2.9374582607539e+35,2.96314092148209e+35,3.03854305231973e+35,2.89930115490649e+35,2.92465510861034e+35,2.99909246329379e+35,3.81571058474096e+33,3.84858128717486e+33,3.94505890259425e+33
166.8,2.93565244620904e+35,2.96131714695471e+35,3.03666636993786e+35,2.8975179197298e+35,2.92285413698989e+35,2.99723924235363e+35,3.8134526479245e+33,3.84630099648186e+33,3.94271275842306e+33
166.9,2.93384926026558e+35,2.9594960281486e+35,3.03479242325871e+35,2.89573728133181e+35,2.92105578893706e+35,2.99538872398652e+35,3.81119789337706e+33,3.84402392115341e+33,3.94036992721899e+33
167,2.93204869728601e+35,2.95767755936707e+35,3.03292120641226e+35,2.89395923414183e+35,2.91926005882271e+35,2.9935409023921e+35,3.80894631441754e+33,3.84175005443647e+33,3.9380304020161e+33
167.1,2.93025075164911e+35,2.95586173492981e+35,3.03105271354457e+35,2.89218377260528e+35,2.91746694103384e+35,2.99169577178589e+35,3.80669790438325e+33,3.83947938959671e+33,3.93569417586779e+33
167.2,2.9284554177499e+35,2.95404854917289e+35,3.02918693881812e+35,2.89041089118361e+35,2.9156764299737e+35,2.98985332639966e+35,3.80445265662967e+33,3.83721191991831e+33,3.9333612418468e+33
167.3,2.92666268999942e+35,2.95223799644876e+35,3.02732387641208e+35,2.88864058435411e+35,2.91388852006172e+35,2.98801356048163e+35,3.80221056453031e+33,3.83494763870382e+33,3.93103159304514e+33
167.4,2.9248725628243e+35,2.95043007112593e+35,3.02546352052242e+35,2.88687284660953e+35,2.91210320573319e+35,2.98617646829668e+35,3.7999716214765e+33,3.83268653927394e+33,3.92870522257393e+33
167.5,2.92308503066641e+35,2.94862476758857e+35,3.02360586536192e+35,2.88510767245764e+35,2.9103204814389e+35,2.98434204412629e+35,3.7977358208773e+33,3.83042861496737e+33,3.9263821235633e+33
167.6,2.92130008798249e+35,2.9468220802361e+35,3.02175090515993e+35,2.88334505642089e+35,2.9085403416447e+35,2.98251028226831e+35,3.79550315615933e+33,3.82817385914065e+33,3.92406228916217e+33
167.7,2.91951772924396e+35,2.94502200348289e+35,3.01989863416192e+35,2.88158499303629e+35,2.90676278083121e+35,2.98068117703654e+35,3.79327362076676e+33,3.82592226516802e+33,3.92174571253805e+33
167.8,2.91773794893698e+35,2.94322453175808e+35,3.0180490466291e+35,2.87982747685537e+35,2.90498779349367e+35,2.97885472276033e+35,3.7910472081612e+33,3.82367382644139e+33,3.91943238687688e+33
167.9,2.91596074156273e+35,2.94142965950573e+35,3.01620213683801e+35,2.87807250244451e+35,2.90321537414203e+35,2.97703091378419e+35,3.7888239118218e+33,3.82142853637025e+33,3.91712230538285e+33
168,2.91418610163765e+35,2.93963738118504e+35,3.01435789908034e+35,2.8763200643852e+35,2.90144551730123e+35,2.97520974446756e+35,3.78660372524516e+33,3.81918638838169e+33,3.91481546127824e+33
168.1,2.91241402369384e+35,2.93784769127074e+35,3.01251632766294e+35,2.87457015727439e+35,2.89967821751154e+35,2.97339120918491e+35,3.78438664194548e+33,3.81694737592041e+33,3.91251184780335e+33
168.2,2.91064450227917e+35,2.93606058425335e+35,3.01067741690808e+35,2.87282277572462e+35,2.89791346932886e+35,2.97157530232592e+35,3.78217265545452e+33,3.81471149244878e+33,3.91021145821642e+33
168.3,2.90887753195718e+35,2.93427605463928e+35,3.0088411611538e+35,2.87107791436396e+35,2.89615126732481e+35,2.96976201829587e+35,3.77996175932171e+33,3.81247873144687e+33,3.90791428579361e+33
168.4,2.90711310730683e+35,2.93249409695075e+35,3.00700755475425e+35,2.86933556783569e+35,2.89439160608662e+35,2.96795135151596e+35,3.77775394711408e+33,3.81024908641251e+33,3.90562032382905e+33
168.5,2.90535122292204e+35,2.93071470572541e+35,3.00517659207984e+35,2.86759573079787e+35,2.8926344802168e+35,2.96614329642349e+35,3.77554921241634e+33,3.80802255086127e+33,3.90332956563484e+33
168.6,2.90359187341119e+35,2.92893787551589e+35,3.00334826751724e+35,2.86585839792288e+35,2.89087988433263e+35,2.96433784747183e+35,3.77334754883077e+33,3.80579911832651e+33,3.90104200454112e+33
168.7,2.90183505339687e+35,2.92716360088935e+35,3.00152257546903e+35,2.8641235638971e+35,2.88912781306575e+35,2.96253499913007e+35,3.77114894997717e+33,3.80357878235931e+33,3.89875763389613e+33
168.8,2.90008075751576e+35,2.92539187642717e+35,2.99969951035329e+35,2.86239122342083e+35,2.88737826106189e+35,2.96073474588263e+35,3.76895340949277e+33,3.80136153652843e+33,3.89647644706623e+33
168.9,2.89832898041878e+35,2.92362269672498e+35,2.99787906660304e+35,2.86066137120846e+35,2.88563122298078e+35,2.95893708222868e+35,3.76676092103205e+33,3.79914737442015e+33,3.89419843743594e+33
169,2.89657971677151e+35,2.92185605639281e+35,2.99606123866594e+35,2.85893400198884e+35,2.88388669349643e+35,2.95714200268186e+35,3.76457147826665e+33,3.79693628963819e+33,3.89192359840787e+33
169.1,2.89483296125457e+35,2.92009195005554e+35,2.99424602100413e+35,2.85720911050572e+35,2.88214466729751e+35,2.9553495017701e+35,3.76238507488519e+33,3.79472827580358e+33,3.88965192340273e+33
169.2,2.89308870856387e+35,2.91833037235327e+35,2.99243340809438e+35,2.85548669151794e+35,2.88040513908773e+35,2.95355957403579e+35,3.76020170459312e+33,3.79252332655444e+33,3.88738340585919e+33
169.3,2.89134695341065e+35,2.91657131794156e+35,2.99062339442852e+35,2.85376673979953e+35,2.8786681035861e+35,2.95177221403619e+35,3.7580213611126e+33,3.7903214355459e+33,3.88511803923377e+33
169.4,2.88960769052118e+35,2.91481478149135e+35,2.98881597451381e+35,2.85204925013935e+35,2.87693355552685e+35,2.9499874163438e+35,3.7558440381824e+33,3.78812259644991e+33,3.88285581700072e+33
169.5,2.88787091463626e+35,2.9130607576887e+35,2.98701114287326e+35,2.85033421734068e+35,2.87520148965914e+35,2.94820517554674e+35,3.75366972955781e+33,3.78592680295517e+33,3.88059673265182e+33
169.6,2.88613662051078e+35,2.9113092412342e+35,2.98520889404574e+35,2.84862163622068e+35,2.87347190074653e+35,2.94642548624878e+35,3.7514984290106e+33,3.78373404876701e+33,3.87834077969623e+33
169.7,2.88440480291326e+35,2.90956022684254e+35,2.98340922258567e+35,2.84691150160997e+35,2.87174478356646e+35,2.94464834306907e+35,3.74933013032899e+33,3.78154432760737e+33,3.87608795166038e+33
169.8,2.88267545662579e+35,2.90781370924209e+35,2.98161212306255e+35,2.84520380835262e+35,2.87002013290994e+35,2.94287374064168e+35,3.74716482731767e+33,3.77935763321473e+33,3.87383824208779e+33
169.9,2.88094857644427e+35,2.90606968317493e+35,2.97981759006043e+35,2.84349855130629e+35,2.86829794358149e+35,2.94110167361504e+35,3.7450025137978e+33,3.77717395934416e+33,3.87159164453898e+33
170,2.8792241571788e+35,2.90432814339711e+35,2.97802561817742e+35,2.84179572534273e+35,2.86657821039943e+35,2.93933213665151e+35,3.74284318360708e+33,3.77499329976731e+33,3.86934815259143e+33
170.1,2.87750219365422e+35,2.90258908467908e+35,2.97623620202561e+35,2.84009532534822e+35,2.86486092819636e+35,2.93756512442721e+35,3.74068683059974e+33,3.77281564827245e+33,3.86710775983947e+33
170.2,2.87578268071026e+35,2.9008525018062e+35,2.97444933623118e+35,2.8383973462238e+35,2.86314609181956e+35,2.93580063163224e+35,3.73853344864658e+33,3.77064099866451e+33,3.86487045989437e+33
170.3,2.87406561320156e+35,2.89911838957889e+35,2.97266501543491e+35,2.83670178288521e+35,2.86143369613124e+35,2.93403865297107e+35,3.736383031635e+33,3.7684693447651e+33,3.86263624638428e+33
170.4,2.87235098599718e+35,2.8973867428125e+35,2.97088323429264e+35,2.83500863026249e+35,2.85972373600837e+35,2.93227918316309e+35,3.73423557346896e+33,3.76630068041254e+33,3.86040511295429e+33
170.5,2.87063879398011e+35,2.89565755633688e+35,2.96910398747559e+35,2.83331788329942e+35,2.85801620634226e+35,2.93052221694293e+35,3.73209106806892e+33,3.76413499946184e+33,3.85817705326647e+33
170.6,2.86892903204666e+35,2.89393082499577e+35,2.9673272696704e+35,2.83162953695294e+35,2.85631110203792e+35,2.9287677490604e+35,3.72994950937183e+33,3.76197229578464e+33,3.85595206099993e+33
170.7,2.86722169510622e+35,2.89220654364626e+35,2.9655530755787e+35,2.82994358619291e+35,2.85460841801357e+35,2.92701577428019e+35,3.72781089133097e+33,3.7598125632692e+33,3.8537301298508e+33
170.8,2.86551677808138e+35,2.89048470715865e+35,2.96378139991655e+35,2.82826002600222e+35,2.85290814920045e+35,2.92526628738122e+35,3.72567520791591e+33,3.75765579582028e+33,3.85151125353227e+33
170.9,2.86381427590834e+35,2.88876531041654e+35,2.96201223741385e+35,2.82657885137721e+35,2.85121029054295e+35,2.92351928315611e+35,3.72354245311233e+33,3.75550198735902e+33,3.84929542577459e+33
171,2.86211418353743e+35,2.88704834831735e+35,2.960245582814e+35,2.82490005732821e+35,2.84951483699913e+35,2.92177475641075e+35,3.72141262092189e+33,3.75335113182284e+33,3.84708264032497e+33
171.1,2.86041649593354e+35,2.88533381577287e+35,2.95848143087387e+35,2.82322363887991e+35,2.84782178354122e+35,2.92003270196439e+35,3.71928570536215e+33,3.75120322316532e+33,3.84487289094754e+33
171.2,2.858721208076e+35,2.88362170770953e+35,2.95671977636425e+35,2.82154959107133e+35,2.84613112515597e+35,2.91829311465002e+35,3.71716170046641e+33,3.749058255356e+33,3.84266617142324e+33
171.3,2.85702831495825e+35,2.88191201906833e+35,2.95496061407043e+35,2.81987790895542e+35,2.84444285684452e+35,2.91655598931493e+35,3.71504060028361e+33,3.74691622238036e+33,3.84046247554969e+33
171.4,2.8553378115872e+35,2.88020474480435e+35,2.9532039387926e+35,2.81820858759842e+35,2.84275697362196e+35,2.91482132082119e+35,3.71292239887826e+33,3.74477711823961e+33,3.83826179714108e+33
171.5,2.85364969298259e+35,2.87849987988616e+35,2.95144974534597e+35,2.81654162207928e+35,2.84107347051666e+35,2.91308910404569e+35,3.71080709033037e+33,3.74264093695067e+33,3.83606413002798e+33
171.6,2.85196395417679e+35,2.8767974192952e+35,2.94969802856037e+35,2.81487700748943e+35,2.83939234256974e+35,2.9113593338798e+35,3.70869466873543e+33,3.74050767254609e+33,3.83386946805728e+33
171.7,2.85028059021495e+35,2.87509735802558e+35,2.9479487832797e+35,2.8132147389329e+35,2.83771358483484e+35,2.90963200522878e+35,3.70658512820438e+33,3.73837731907397e+33,3.83167780509199e+33
171.8,2.84859959615556e+35,2.87339969108441e+35,2.94620200436118e+35,2.81155481152692e+35,2.83603719237843e+35,2.90790711301106e+35,3.70447846286359e+33,3.73624987059799e+33,3.82948913501118e+33
171.9,2.84692096707103e+35,2.87170441349231e+35,2.94445768667503e+35,2.80989722040248e+35,2.83436316028034e+35,2.90618465215793e+35,3.70237466685493e+33,3.73412532119739e+33,3.8273034517099e+33
172,2.84524469804794e+35,2.870011520284e+35,2.94271582510455e+35,2.80824196070458e+35,2.83269148363433e+35,2.90446461761356e+35,3.70027373433573e+33,3.73200366496698e+33,3.82512074909911e+33
172.1,2.84357078418684e+35,2.86832100650847e+35,2.94097641454658e+35,2.80658902759206e+35,2.8310221575483e+35,2.90274700433552e+35,3.69817565947883e+33,3.72988489601714e+33,3.82294102110566e+33
172.2,2.84189922060171e+35,2.86663286722878e+35,2.93923944991216e+35,2.80493841623699e+35,2.82935517714404e+35,2.90103180729544e+35,3.69608043647255e+33,3.72776900847387e+33,3.82076426167227e+33
172.3,2.84023000241923e+35,2.86494709752132e+35,2.93750492612694e+35,2.80329012182402e+35,2.82769053755653e+35,2.89931902147936e+35,3.69398805952072e+33,3.72565599647879e+33,3.81859046475754e+33
172.4,2.83856312477833e+35,2.86326369247524e+35,2.93577283813107e+35,2.80164413954991e+35,2.82602823393335e+35,2.89760864188771e+35,3.69189852284265e+33,3.72354585418912e+33,3.81641962433598e+33
172.5,2.83689858283031e+35,2.86158264719201e+35,2.93404318087869e+35,2.80000046462358e+35,2.82436826143424e+35,2.89590066353471e+35,3.68981182067305e+33,3.72143857577766e+33,3.81425173439804e+33
172.6,2.83523637173928e+35,2.85990395678557e+35,2.93231594933721e+35,2.79835909226666e+35,2.82271061523124e+35,2.89419508144771e+35,3.68772794726199e+33,3.71933415543277e+33,3.81208678895009e+33
172.7,2.83357648668289e+35,2.85822761638288e+35,2.93059113848672e+35,2.79672001771414e+35,2.8210552905093e+35,2.89249189066658e+35,3.68564689687483e+33,3.71723258735831e+33,3.80992478201448e+33
172.8,2.83191892285263e+35,2.85655362112464e+35,2.9288687433199e+35,2.79508323621471e+35,2.8194022824669e+35,2.89079108624361e+35,3.6835686637921e+33,3.71513386577353e+33,3.80776570762948e+33
172.9,2.83026367545362e+35,2.85488196616547e+35,2.92714875884247e+35,2.79344874303053e+35,2.81775158631634e+35,2.88909266324398e+35,3.6814932423094e+33,3.71303798491299e+33,3.8056095598493e+33
173,2.82861073970401e+35,2.8532126466737e+35,2.92543118007385e+35,2.79181653343664e+35,2.81610319728343e+35,2.88739661674641e+35,3.6794206267373e+33,3.71094493902648e+33,3.80345633274399e+33
173.1,2.82696011083427e+35,2.85154565783064e+35,2.9237160020477e+35,2.79018660272026e+35,2.81445711060685e+35,2.88570294184371e+35,3.67735081140123e+33,3.70885472237887e+33,3.80130602039943e+33
173.2,2.82531178408679e+35,2.84988099482993e+35,2.92200321981184e+35,2.78855894618037e+35,2.81281332153743e+35,2.88401163364267e+35,3.67528379064135e+33,3.70676732925002e+33,3.79915861691717e+33
173.3,2.82366575471608e+35,2.84821865287722e+35,2.92029282842772e+35,2.78693355912796e+35,2.81117182533787e+35,2.88232268726358e+35,3.67321955881252e+33,3.70468275393467e+33,3.79701411641438e+33
173.4,2.82202201798948e+35,2.84655862719043e+35,2.91858482296968e+35,2.78531043688664e+35,2.80953261728301e+35,2.88063609783944e+35,3.67115811028419e+33,3.70260099074236e+33,3.79487251302372e+33
173.5,2.82038056918769e+35,2.8449009130005e+35,2.91687919852435e+35,2.78368957479329e+35,2.80789569266053e+35,2.87895186051542e+35,3.66909943944035e+33,3.70052203399734e+33,3.79273380089321e+33
173.6,2.81874140360489e+35,2.84324550555191e+35,2.9151759501907e+35,2.7820709681981e+35,2.80626104677152e+35,2.87726997044884e+35,3.66704354067952e+33,3.69844587803852e+33,3.79059797418612e+33
173.7,2.81710451654825e+35,2.84159240010265e+35,2.91347507308062e+35,2.7804546124641e+35,2.80462867493045e+35,2.87559042280981e+35,3.66499040841467e+33,3.69637251721942e+33,3.7884650270809e+33
173.8,2.81546990333717e+35,2.83994159192372e+35,2.91177656231964e+35,2.77884050296644e+35,2.80299857246463e+35,2.87391321278193e+35,3.66294003707331e+33,3.69430194590817e+33,3.78633495377103e+33
173.9,2.81383755930278e+35,2.83829307629835e+35,2.91008041304719e+35,2.77722863509181e+35,2.80137073471347e+35,2.87223833556254e+35,3.66089242109742e+33,3.69223415848749e+33,3.784207748465e+33
174,2.81220747978799e+35,2.83664684852153e+35,2.90838662041631e+35,2.77561900423855e+35,2.79974515702799e+35,2.87056578636245e+35,3.65884755494348e+33,3.69016914935468e+33,3.78208340538623e+33
174.1,2.81057966014813e+35,2.8350029039002e+35,2.90669517959286e+35,2.77401160581731e+35,2.79812183477098e+35,2.86889556040513e+35,3.65680543308251e+33,3.68810691292167e+33,3.77996191877307e+33
174.2,2.80895409575165e+35,2.8333612377539e+35,2.90500608575493e+35,2.77240643525165e+35,2.79650076331775e+35,2.86722765292614e+35,3.65476605000005e+33,3.68604744361499e+33,3.77784328287875e+33
174.3,2.80733078198004e+35,2.83172184541543e+35,2.90331933409254e+35,2.77080348797808e+35,2.79488193805668e+35,2.86556205917283e+35,3.65272940019615e+33,3.68399073587582e+33,3.77572749197138e+33
174.4,2.8057097142274e+35,2.83008472223072e+35,2.90163491980829e+35,2.76920275944554e+35,2.79326535438912e+35,2.86389877440494e+35,3.6506954781854e+33,3.68193678415998e+33,3.77361454033402e+33
174.5,2.80409088789963e+35,2.82844986355824e+35,2.89995283811801e+35,2.76760424511466e+35,2.79165100772887e+35,2.86223779389536e+35,3.64866427849685e+33,3.67988558293789e+33,3.77150442226462e+33
174.6,2.80247429841412e+35,2.82681726476836e+35,2.89827308425114e+35,2.76600794045738e+35,2.79003889350141e+35,2.86057911293037e+35,3.64663579567398e+33,3.67783712669459e+33,3.76939713207611e+33
174.7,2.80085994119998e+35,2.82518692124293e+35,2.89659565345025e+35,2.76441384095724e+35,2.78842900714363e+35,2.85892272680928e+35,3.64461002427466e+33,3.67579140992967e+33,3.76729266409634e+33
174.8,2.79924781169888e+35,2.82355882837574e+35,2.89492054097038e+35,2.76282194211017e+35,2.78682134410417e+35,2.8572686308437e+35,3.64258695887104e+33,3.67374842715721e+33,3.76519101266815e+33
174.9,2.79763790536527e+35,2.82193298157331e+35,2.89324774207843e+35,2.76123223942478e+35,2.78521589984425e+35,2.85561682035693e+35,3.6405665940495e+33,3.67170817290575e+33,3.76309217214931e+33
175,2.79603021766608e+35,2.82030937625501e+35,2.89157725205314e+35,2.75964472842197e+35,2.78361266983783e+35,2.85396729068401e+35,3.63854892441053e+33,3.66967064171813e+33,3.7609961369125e+33
175.1,2.79442474407999e+35,2.8186880078527e+35,2.88990906618587e+35,2.75805940463431e+35,2.78201164957118e+35,2.85232003717241e+35,3.63653394456865e+33,3.66763582815146e+33,3.75890290134527e+33
175.2,2.79282148009702e+35,2.81706887181002e+35,2.88824317978113e+35,2.7564762636055e+35,2.78041283454225e+35,2.85067505518263e+35,3.63452164915231e+33,3.66560372677702e+33,3.75681245984996e+33
175.3,2.79122042121869e+35,2.81545196358199e+35,2.88657958815647e+35,2.75489530089065e+35,2.77881622026019e+35,2.84903234008804e+35,3.63251203280381e+33,3.66357433218012e+33,3.75472480684365e+33
175.4,2.78962156295883e+35,2.81383727863532e+35,2.88491828664183e+35,2.75331651205703e+35,2.77722180224571e+35,2.84739188727425e+35,3.6305050901792e+33,3.66154763896006e+33,3.75263993675804e+33
175.5,2.78802490084369e+35,2.81222481244913e+35,2.88325927057889e+35,2.75173989268421e+35,2.77562957603183e+35,2.84575369213849e+35,3.62850081594825e+33,3.65952364173002e+33,3.75055784403935e+33
175.6,2.78643043041157e+35,2.8106145605151e+35,2.88160253532099e+35,2.75016543836363e+35,2.77403953716393e+35,2.8441177500895e+35,3.62649920479436e+33,3.65750233511699e+33,3.74847852314825e+33
175.7,2.78483814721219e+35,2.80900651833692e+35,2.8799480762338e+35,2.74859314469804e+35,2.7724516811993e+35,2.8424840565482e+35,3.62450025141457e+33,3.65548371376172e+33,3.74640196855973e+33
175.8,2.78324804680645e+35,2.80740068142972e+35,2.87829588869583e+35,2.74702300730126e+35,2.77086600370653e+35,2.8408526069482e+35,3.62250395051946e+33,3.65346777231869e+33,3.74432817476303e+33
175.9,2.78166012476704e+35,2.80579704531996e+35,2.87664596809818e+35,2.74545502179871e+35,2.7692825002654e+35,2.83922339673557e+35,3.62051029683322e+33,3.65145450545605e+33,3.74225713626153e+33
176,2.78007437667878e+35,2.80419560554601e+35,2.87499830984394e+35,2.74388918382785e+35,2.76770116646745e+35,2.83759642136821e+35,3.61851928509359e+33,3.64944390785563e+33,3.7401888475727e+33
176.1,2.7784907981384e+35,2.80259635765849e+35,2.87335290934771e+35,2.74232548903788e+35,2.76612199791636e+35,2.83597167631543e+35,3.61653091005186e+33,3.64743597421294e+33,3.73812330322808e+33
176.2,2.77690938475401e+35,2.80099929721992e+35,2.87170976203586e+35,2.74076393308928e+35,2.76454499022755e+35,2.83434915705812e+35,3.61454516647291e+33,3.64543069923713e+33,3.73606049777318e+33
176.3,2.77533013214484e+35,2.79940441980426e+35,2.87006886334718e+35,2.73920451165348e+35,2.76297013902775e+35,2.8327288590895e+35,3.61256204913514e+33,3.64342807765101e+33,3.73400042576748e+33
176.4,2.77375303594177e+35,2.79781172099668e+35,2.86843020873286e+35,2.73764722041347e+35,2.76139743995477e+35,2.83111077791502e+35,3.61058155283055e+33,3.6414281041911e+33,3.73194308178445e+33
176.5,2.77217809178754e+35,2.79622119639415e+35,2.86679379365602e+35,2.7360920550639e+35,2.75982688865807e+35,2.82949490905191e+35,3.60860367236466e+33,3.63943077360751e+33,3.7298884604115e+33
176.6,2.7706052953364e+35,2.79463284160555e+35,2.86515961359125e+35,2.73453901131084e+35,2.7582584807989e+35,2.82788124802875e+35,3.60662840255648e+33,3.63743608066407e+33,3.72783655625001e+33
176.7,2.76903464225375e+35,2.7930466522513e+35,2.8635276640248e+35,2.73298808487136e+35,2.75669221204992e+35,2.82626979038564e+35,3.60465573823852e+33,3.63544402013816e+33,3.72578736391533e+33
176.8,2.76746612821626e+35,2.79146262396306e+35,2.86189794045512e+35,2.73143927147369e+35,2.75512807809485e+35,2.82466053167475e+35,3.6026856742567e+33,3.63345458682082e+33,3.72374087803679e+33
176.9,2.76589974891221e+35,2.78988075238387e+35,2.86027043839266e+35,2.72989256685751e+35,2.7535660746287e+35,2.82305346746009e+35,3.60071820547029e+33,3.63146777551657e+33,3.72169709325766e+33
177,2.76433550004126e+35,2.78830103316846e+35,2.85864515335952e+35,2.72834796677374e+35,2.75200619735802e+35,2.82144859331717e+35,3.59875332675188e+33,3.62948358104345e+33,3.71965600423518e+33
177.1,2.76277337731418e+35,2.78672346198298e+35,2.85702208088919e+35,2.72680546698431e+35,2.75044844200065e+35,2.81984590483278e+35,3.59679103298724e+33,3.62750199823289e+33,3.7176176056405e+33
177.2,2.76121337645295e+35,2.78514803450477e+35,2.85540121652701e+35,2.72526506326219e+35,2.74889280428548e+35,2.81824539760543e+35,3.5948313190753e+33,3.62552302192966e+33,3.71558189215866e+33
177.3,2.75965549319089e+35,2.7835747464225e+35,2.85378255583019e+35,2.72372675139161e+35,2.74733927995258e+35,2.8166470672453e+35,3.59287417992802e+33,3.62354664699179e+33,3.71354885848852e+33
177.4,2.75809972327247e+35,2.78200359343622e+35,2.85216609436742e+35,2.72219052716777e+35,2.74578786475331e+35,2.815050909374e+35,3.59091961047036e+33,3.6215728682905e+33,3.71151849934273e+33
177.5,2.75654606245319e+35,2.78043457125719e+35,2.85055182771886e+35,2.72065638639679e+35,2.74423855445009e+35,2.81345691962438e+35,3.58896760564017e+33,3.61960168071007e+33,3.70949080944759e+33
177.6,2.75499450649973e+35,2.77886767560783e+35,2.84893975147628e+35,2.71912432489585e+35,2.74269134481635e+35,2.81186509364085e+35,3.58701816038816e+33,3.61763307914784e+33,3.70746578354305e+33
177.7,2.7534450511898e+35,2.77730290222177e+35,2.84732986124304e+35,2.71759433849302e+35,2.74114623163663e+35,2.81027542707922e+35,3.58507126967781e+33,3.61566705851407e+33,3.70544341638256e+33
177.8,2.7518976923121e+35,2.77574024684376e+35,2.84572215263385e+35,2.71606642302725e+35,2.73960321070644e+35,2.80868791560652e+35,3.58312692848537e+33,3.61370361373192e+33,3.70342370273302e+33
177.9,2.75035242566634e+35,2.77417970522962e+35,2.84411662127486e+35,2.71454057434834e+35,2.73806227783225e+35,2.80710255490111e+35,3.5811851317998e+33,3.61174273973744e+33,3.70140663737468e+33
178,2.74880924706315e+35,2.77262127314626e+35,2.84251326280364e+35,2.71301678831692e+35,2.73652342883146e+35,2.80551934065263e+35,3.57924587462274e+33,3.60978443147947e+33,3.69939221510108e+33
178.1,2.74726815232407e+35,2.77106494637156e+35,2.84091207286908e+35,2.71149506080438e+35,2.73498665953236e+35,2.80393826856189e+35,3.57730915196857e+33,3.60782868391964e+33,3.69738043071896e+33
178.2,2.74572913728149e+35,2.7695107206944e+35,2.83931304713137e+35,2.70997538769285e+35,2.73345196577408e+35,2.80235933434089e+35,3.57537495886428e+33,3.60587549203239e+33,3.69537127904823e+33
178.3,2.7443072012505e+35,2.7679590649797e+35,2.83771618126198e+35,2.708572768347e+35,2.73191981647166e+35,2.80078253371276e+35,3.57344329034961e+33,3.6039248508049e+33,3.69336475492191e+33
178.4,2.74289727428975e+35,2.76653489397926e+35,2.8361214709436e+35,2.70718213287498e+35,2.73051512642688e+35,2.79920786241173e+35,3.57151414147695e+33,3.60197675523717e+33,3.69136085318611e+33
178.5,2.74148915030159e+35,2.76511254528156e+35,2.83452891187009e+35,2.70579327522848e+35,2.72911223327814e+35,2.79763531618309e+35,3.56958750731136e+33,3.60003120034194e+33,3.6893595687e+33
178.6,2.74008282580786e+35,2.76369201537012e+35,2.83298649680912e+35,2.70440619197855e+35,2.72771113355868e+35,2.79611288784576e+35,3.56766338293062e+33,3.59808818114477e+33,3.68736089633582e+33
178.7,2.73867829733916e+35,2.76227330073735e+35,2.83152597095603e+35,2.70302087970491e+35,2.72631182381052e+35,2.79467232264624e+35,3.56574176342513e+33,3.59614769268396e+33,3.68536483097885e+33
178.8,2.73727556143489e+35,2.7608563978845e+35,2.83006731360175e+35,2.70163733499591e+35,2.72491430058439e+35,2.79323359992648e+35,3.56382264389796e+33,3.59420973001058e+33,3.68337136752742e+33
178.9,2.73587461464315e+35,2.75944130332162e+35,2.82861052114371e+35,2.7002555544485e+35,2.72351856043974e+35,2.79179671613478e+35,3.56190601946478e+33,3.59227428818848e+33,3.68138050089295e+33
179,2.73447545352078e+35,2.75802801356761e+35,2.82715558998841e+35,2.69887553466824e+35,2.72212459994466e+35,2.79036166772841e+35,3.55999188525384e+33,3.5903413622942e+33,3.67939222599991e+33
179.1,2.73307807463326e+35,2.7566165251501e+35,2.82570251655138e+35,2.6974972722692e+35,2.72073241567593e+35,2.78892845117352e+35,3.55808023640591e+33,3.58841094741697e+33,3.6774065377858e+33
179.2,2.73168247455476e+35,2.75520683460545e+35,2.82425129725717e+35,2.69612076387402e+35,2.71934200421886e+35,2.78749706294516e+35,3.55617106807424e+33,3.58648303865868e+33,3.67542343120123e+33
179.3,2.73028864986808e+35,2.7537989384788e+35,2.82280192853931e+35,2.69474600611383e+35,2.71795336216746e+35,2.78606749952721e+35,3.55426437542448e+33,3.58455763113378e+33,3.67344290120979e+33
179.4,2.72889659716452e+35,2.75239283332392e+35,2.82135440684026e+35,2.69337299562817e+35,2.71656648612423e+35,2.78463975741238e+35,3.55236015363461e+33,3.58263471996926e+33,3.67146494278812e+33
179.5,2.72750631304408e+35,2.75098851570321e+35,2.81990872861141e+35,2.69200172906514e+35,2.71518137270016e+35,2.78321383310216e+35,3.55045839789488e+33,3.58071430030454e+33,3.66948955092578e+33
179.6,2.72611779411535e+35,2.74958598218778e+35,2.8184648903131e+35,2.69063220308128e+35,2.71379801851487e+35,2.78178972310685e+35,3.54855910340773e+33,3.57879636729144e+33,3.66751672062528e+33
179.7,2.72473103699525e+35,2.74818522935741e+35,2.81702288841444e+35,2.68926441434138e+35,2.71241642019647e+35,2.78036742394542e+35,3.54666226538774e+33,3.57688091609409e+33,3.66554644690196e+33
179.8,2.72334603830922e+35,2.74678625380026e+35,2.81558271939337e+35,2.6878983595186e+35,2.71103657438137e+35,2.77894693214553e+35,3.54476787906153e+33,3.57496794188884e+33,3.66357872478396e+33
179.9,2.72196279469137e+35,2.74538905211309e+35,2.81414437973681e+35,2.6865340352947e+35,2.70965847771444e+35,2.77752824424369e+35,3.54287593966777e+33,3.57305743986426e+33,3.66161354931215e+33
180,2.72058130278431e+35,2.7439936209014e+35,2.81270786594035e+35,2.68517143835974e+35,2.70828212684919e+35,2.77611135678495e+35,3.54098644245706e+33,3.57114940522097e+33,3.65965091554002e+33
180.1,2.71920155923872e+35,2.74259995677921e+35,2.81127317450822e+35,2.6838105654118e+35,2.70690751844749e+35,2.77469626632289e+35,3.53909938269193e+33,3.56924383317172e+33,3.65769081853363e+33
180.2,2.71782356071369e+35,2.74120805636868e+35,2.80984030195349e+35,2.68245141315722e+35,2.70553464917926e+35,2.77328296941977e+35,3.53721475564681e+33,3.56734071894124e+33,3.65573325337155e+33
180.3,2.71644730387696e+35,2.73981791630045e+35,2.80840924479815e+35,2.68109397831088e+35,2.70416351572279e+35,2.77187146264671e+35,3.53533255660796e+33,3.56544005776626e+33,3.65377821514474e+33
180.4,2.71507278540486e+35,2.73842953321393e+35,2.8069799995727e+35,2.67973825759613e+35,2.70279411476497e+35,2.77046174258314e+35,3.53345278087355e+33,3.56354184489548e+33,3.65182569895658e+33
180.5,2.71370000198167e+35,2.73704290375707e+35,2.80555256281607e+35,2.67838424774413e+35,2.70142644300118e+35,2.76905380581684e+35,3.53157542375353e+33,3.56164607558954e+33,3.64987569992272e+33
180.6,2.71232895029968e+35,2.7356580245859e+35,2.80412693107589e+35,2.67703194549398e+35,2.70006049713469e+35,2.76764764894418e+35,3.5297004805697e+33,3.55975274512099e+33,3.64792821317111e+33
180.7,2.71095962705956e+35,2.73427489236447e+35,2.80270310090881e+35,2.675681347593e+35,2.69869627387672e+35,2.76624326857039e+35,3.52782794665569e+33,3.55786184877433e+33,3.64598323384194e+33
180.8,2.70959202897069e+35,2.73289350376533e+35,2.80128106888005e+35,2.67433245079712e+35,2.69733376994687e+35,2.76484066130918e+35,3.52595781735691e+33,3.55597338184594e+33,3.64404075708761e+33
180.9,2.70822615275088e+35,2.7315138554698e+35,2.79986083156296e+35,2.67298525187058e+35,2.69597298207336e+35,2.76343982378223e+35,3.5240900880306e+33,3.55408733964412e+33,3.6421007780727e+33
181,2.70686199512571e+35,2.73013594416768e+35,2.79844238553924e+35,2.67163974758526e+35,2.69461390699279e+35,2.7620407526195e+35,3.52222475404574e+33,3.55220371748907e+33,3.64016329197401e+33
181.1,2.70549955282847e+35,2.72875976655653e+35,2.79702572739939e+35,2.67029593472064e+35,2.6932565414494e+35,2.76064344445959e+35,3.52036181078311e+33,3.55032251071284e+33,3.63822829398049e+33
181.2,2.70413882260061e+35,2.72738531934172e+35,2.79561085374286e+35,2.66895381006426e+35,2.69190088219512e+35,2.75924789594993e+35,3.51850125363518e+33,3.54844371465935e+33,3.63629577929329e+33
181.3,2.70277980119219e+35,2.72601259923688e+35,2.79419776117755e+35,2.66761337041212e+35,2.69054692599004e+35,2.75785410374629e+35,3.51664307800615e+33,3.54656732468437e+33,3.63436574312569e+33
181.4,2.70142248536184e+35,2.72464160296432e+35,2.79278644631922e+35,2.66627461256872e+35,2.68919466960276e+35,2.75646206451219e+35,3.51478727931183e+33,3.54469333615543e+33,3.63243818070316e+33
181.5,2.70006687187611e+35,2.72327232725496e+35,2.79137690579172e+35,2.66493753334631e+35,2.68784410981044e+35,2.75507177491908e+35,3.51293385297964e+33,3.54282174445184e+33,3.63051308726328e+33
181.6,2.69871295750892e+35,2.72190476884768e+35,2.78996913622749e+35,2.66360212956443e+35,2.68649524339803e+35,2.75368323164693e+35,3.51108279444857e+33,3.54095254496458e+33,3.62859045805575e+33
181.7,2.6973607390418e+35,2.72053892448875e+35,2.78856313426788e+35,2.66226839805011e+35,2.68514806715779e+35,2.75229643138446e+35,3.50923409916905e+33,3.53908573309633e+33,3.62667028834238e+33
181.8,2.69601021326442e+35,2.71917479093216e+35,2.78715889656295e+35,2.66093633563839e+35,2.68380257788955e+35,2.75091137082898e+35,3.50738776260299e+33,3.53722130426133e+33,3.62475257339701e+33
181.9,2.69466137697498e+35,2.7178123649401e+35,2.78575641977064e+35,2.65960593917275e+35,2.68245877240125e+35,2.74952804668558e+35,3.50554378022364e+33,3.53535925388535e+33,3.6228373085055e+33
182,2.69331422698018e+35,2.7164516432834e+35,2.78435570055649e+35,2.65827720550503e+35,2.68111664750934e+35,2.74814645566683e+35,3.50370214751555e+33,3.53349957740566e+33,3.62092448896564e+33
182.1,2.69196876009448e+35,2.7150926227414e+35,2.78295673559403e+35,2.65695013149473e+35,2.67977620003869e+35,2.74676659449316e+35,3.50186285997455e+33,3.53164227027092e+33,3.61901411008716e+33
182.2,2.69062497313951e+35,2.71373530010124e+35,2.78155952156537e+35,2.65562471400843e+35,2.67843742682183e+35,2.74538845989345e+35,3.50002591310767e+33,3.52978732794117e+33,3.61710616719159e+33
182.3,2.68928286294415e+35,2.71237967215729e+35,2.78016405516144e+35,2.65430094991982e+35,2.67710032469842e+35,2.74401204860532e+35,3.4981913024331e+33,3.52793474588772e+33,3.61520065561225e+33
182.4,2.68794242634506e+35,2.71102573571121e+35,2.77877033308177e+35,2.65297883611026e+35,2.67576489051528e+35,2.74263735737483e+35,3.49635902348018e+33,3.52608451959319e+33,3.61329757069416e+33
182.5,2.68660366018721e+35,2.70967348757254e+35,2.77737835203367e+35,2.65165836946931e+35,2.67443112112703e+35,2.74126438295573e+35,3.49452907178931e+33,3.52423664455138e+33,3.611396907794e+33
182.6,2.68526656132403e+35,2.70832292455919e+35,2.77598810873175e+35,2.65033954689491e+35,2.67309901339651e+35,2.73989312210895e+35,3.49270144291201e+33,3.5223911162673e+33,3.60949866228004e+33
182.7,2.68393112661708e+35,2.70697404349762e+35,2.77459959989823e+35,2.64902236529297e+35,2.67176856419505e+35,2.73852357160291e+35,3.49087613241084e+33,3.52054793025713e+33,3.60760282953207e+33
182.8,2.6825973529352e+35,2.70562684122244e+35,2.77321282226351e+35,2.6477068215766e+35,2.67043977040195e+35,2.73715572821409e+35,3.4890531358594e+33,3.51870708204816e+33,3.60570940494137e+33
182.9,2.68126523715414e+35,2.70428131457556e+35,2.77182777256665e+35,2.64639291266572e+35,2.66911262890377e+35,2.73578958872754e+35,3.48723244884235e+33,3.51686856717887e+33,3.6038183839107e+33
183,2.67993477615677e+35,2.70293746040587e+35,2.77044444755542e+35,2.64508063548722e+35,2.66778713659388e+35,2.73442514993688e+35,3.48541406695535e+33,3.5150323811988e+33,3.6019297618542e+33
183.1,2.67860596683358e+35,2.70159527556942e+35,2.76906284398571e+35,2.64376998697553e+35,2.66646329037273e+35,2.73306240864374e+35,3.48359798580512e+33,3.51319851966866e+33,3.60004353419741e+33
183.2,2.6772788060833e+35,2.70025475692997e+35,2.76768295862078e+35,2.6424609640732e+35,2.66514108714837e+35,2.73170136165701e+35,3.48178420100937e+33,3.51136697816024e+33,3.59815969637727e+33
183.3,2.67595329081299e+35,2.69891590135958e+35,2.76630478823096e+35,2.64115356373102e+35,2.66382052383701e+35,2.73034200579253e+35,3.47997270819685e+33,3.50953775225644e+33,3.59627824384205e+33
183.4,2.67462941793774e+35,2.69757870573873e+35,2.764928329594e+35,2.63984778290767e+35,2.66250159736322e+35,2.72898433787349e+35,3.47816350300728e+33,3.50771083755125e+33,3.59439917205139e+33
183.5,2.67330718437997e+35,2.69624316695596e+35,2.76355357949574e+35,2.63854361856906e+35,2.66118430465947e+35,2.72762835473098e+35,3.47635658109137e+33,3.50588622964976e+33,3.59252247647629e+33
183.6,2.67198658706887e+35,2.69490928190717e+35,2.7621805347305e+35,2.63724106768776e+35,2.65986864266549e+35,2.72627405320451e+35,3.47455193811075e+33,3.50406392416811e+33,3.59064815259907e+33
183.7,2.67066762294038e+35,2.69357704749505e+35,2.76080919210124e+35,2.635940127243e+35,2.65855460832771e+35,2.72492143014211e+35,3.472749569738e+33,3.50224391673349e+33,3.58877619591341e+33
183.8,2.66935028893766e+35,2.69224646062912e+35,2.759439548419e+35,2.63464079422109e+35,2.65724219859928e+35,2.72357048239975e+35,3.47094947165658e+33,3.50042620298411e+33,3.58690660192432e+33
183.9,2.66803458201166e+35,2.69091751822619e+35,2.75807160050217e+35,2.63334306561606e+35,2.6559314104405e+35,2.72222120684069e+35,3.46915163956077e+33,3.49861077856913e+33,3.58503936614813e+33
184,2.66672049912153e+35,2.68959021721092e+35,2.75670534517608e+35,2.63204693842997e+35,2.65462224081943e+35,2.72087360033495e+35,3.46735606915566e+33,3.49679763914869e+33,3.58317448411246e+33
184.1,2.66540803723455e+35,2.68826455451621e+35,2.75534077927304e+35,2.63075240967298e+35,2.65331468671227e+35,2.71952765975948e+35,3.46556275615707e+33,3.49498678039379e+33,3.58131195135622e+33
184.2,2.66409719332571e+35,2.68694052708321e+35,2.75397789963294e+35,2.6294594763628e+35,2.65200874510335e+35,2.71818338199865e+35,3.46377169629153e+33,3.49317819798628e+33,3.57945176342958e+33
184.3,2.66278796437702e+35,2.68561813186079e+35,2.75261670310382e+35,2.62816813552405e+35,2.6507044129846e+35,2.71684076394488e+35,3.46198288529616e+33,3.4913718876188e+33,3.5775939158939e+33
184.4,2.66148034737704e+35,2.68429736580486e+35,2.75125718654218e+35,2.62687838418785e+35,2.64940168735491e+35,2.71549980249896e+35,3.46019631891871e+33,3.48956784499472e+33,3.57573840432172e+33
184.5,2.66017433932096e+35,2.68297822587796e+35,2.74989934681288e+35,2.62559021939179e+35,2.64810056521968e+35,2.71416049456991e+35,3.45841199291743e+33,3.48776606582808e+33,3.57388522429672e+33
184.6,2.65886993721097e+35,2.6816607090493e+35,2.74854318078857e+35,2.62430363818036e+35,2.64680104359086e+35,2.71282283707444e+35,3.45662990306105e+33,3.48596654584357e+33,3.5720343714136e+33
184.7,2.65756713805681e+35,2.68034481229512e+35,2.74718868534899e+35,2.62301863760553e+35,2.64550311948736e+35,2.71148682693621e+35,3.45485004512875e+33,3.48416928077643e+33,3.57018584127813e+33
184.8,2.65626593887623e+35,2.67903053259933e+35,2.7458358573806e+35,2.62173521472713e+35,2.64420678993561e+35,2.71015246108553e+35,3.45307241491008e+33,3.48237426637242e+33,3.56833962950697e+33
184.9,2.65496633669496e+35,2.67771786695387e+35,2.7444846937767e+35,2.62045336661291e+35,2.64291205196999e+35,2.70881973645942e+35,3.45129700820496e+33,3.4805814983878e+33,3.56649573172774e+33
185,2.65366832854641e+35,2.67640681235874e+35,2.74313519143792e+35,2.61917309033818e+35,2.64161890263285e+35,2.70748865000213e+35,3.44952382082366e+33,3.47879097258926e+33,3.56465414357885e+33
185.1,2.6523719114711e+35,2.67509736582171e+35,2.7417873472728e+35,2.61789438298524e+35,2.64032733897417e+35,2.7061591986657e+35,3.44775284858671e+33,3.47700268475393e+33,3.56281486070952e+33
185.2,2.65107708251607e+35,2.67378952435764e+35,2.74044115819814e+35,2.61661724164283e+35,2.63903735805095e+35,2.70483137941034e+35,3.44598408732495e+33,3.47521663066928e+33,3.5609778787797e+33
185.3,2.64978383873473e+35,2.672483284988e+35,2.73909662113899e+35,2.61534166340593e+35,2.63774895692667e+35,2.70350518920439e+35,3.44421753287948e+33,3.47343280613318e+33,3.55914319346002e+33
185.4,2.64849217718702e+35,2.67117864474067e+35,2.73775373302823e+35,2.614067645376e+35,2.63646213267113e+35,2.70218062502392e+35,3.44245318110164e+33,3.47165120695382e+33,3.55731080043179e+33
185.5,2.64720209493991e+35,2.6698756006501e+35,2.73641249080594e+35,2.61279518466138e+35,2.6351768823606e+35,2.70085768385207e+35,3.44069102785302e+33,3.46987182894973e+33,3.55548069538691e+33
185.6,2.64591358906788e+35,2.66857414975784e+35,2.73507289141887e+35,2.61152427837782e+35,2.63389320307834e+35,2.69953636267859e+35,3.43893106900542e+33,3.46809466794976e+33,3.55365287402789e+33
185.7,2.64462665665317e+35,2.66727428911298e+35,2.7337349318203e+35,2.61025492364876e+35,2.63261109191505e+35,2.69821665849962e+35,3.43717330044085e+33,3.46631971979304e+33,3.55182733206779e+33
185.8,2.64334129478581e+35,2.66597601577249e+35,2.73239860897032e+35,2.60898711760529e+35,2.6313305459692e+35,2.69689856831802e+35,3.43541771805153e+33,3.46454698032901e+33,3.55000406523023e+33
185.9,2.64205750056322e+35,2.66467932680115e+35,2.73106391983634e+35,2.60772085738582e+35,2.63005156234698e+35,2.69558208914385e+35,3.43366431773984e+33,3.46277644541738e+33,3.54818306924937e+33
186,2.64077527108967e+35,2.66338421927122e+35,2.72973086139358e+35,2.60645614013549e+35,2.62877413816194e+35,2.69426721799488e+35,3.43191309541834e+33,3.4610081109281e+33,3.54636433986988e+33
186.1,2.63949460347583e+35,2.66209069026184e+35,2.72839943062532e+35,2.60519296300574e+35,2.62749827053443e+35,2.69295395189685e+35,3.43016404700968e+33,3.45924197274138e+33,3.54454787284694e+33
186.2,2.63821549483854e+35,2.6607987368586e+35,2.72706962452285e+35,2.60393132315407e+35,2.62622395659112e+35,2.69164228788339e+35,3.42841716844666e+33,3.45747802674763e+33,3.54273366394622e+33
186.3,2.63693794230094e+35,2.6595083561533e+35,2.72574144008503e+35,2.60267121774422e+35,2.62495119346483e+35,2.69033222299559e+35,3.4266724556721e+33,3.45571626884745e+33,3.54092170894389e+33
186.4,2.63566194299288e+35,2.65821954524412e+35,2.72441487431771e+35,2.60141264394649e+35,2.6236799782946e+35,2.68902375428144e+35,3.42492990463889e+33,3.4539566949516e+33,3.53911200362657e+33
186.5,2.63438749405133e+35,2.65693230123594e+35,2.72308992423327e+35,2.60015559893823e+35,2.62241030822613e+35,2.68771687879536e+35,3.4231895113099e+33,3.45219930098096e+33,3.53730454379132e+33
186.6,2.63311459262076e+35,2.65564662124087e+35,2.72176658685046e+35,2.59890007990418e+35,2.62114218041221e+35,2.686411593598e+35,3.42145127165793e+33,3.45044408286645e+33,3.53549932524562e+33
186.7,2.63184323585321e+35,2.65436250237855e+35,2.72044485919452e+35,2.59764608403655e+35,2.61987559201306e+35,2.68510789575644e+35,3.41971518166571e+33,3.44869103654908e+33,3.53369634380736e+33
186.8,2.63057342090806e+35,2.65307994177627e+35,2.71912473829767e+35,2.5963936085348e+35,2.61861054019647e+35,2.68380578234463e+35,3.41798123732583e+33,3.44694015797982e+33,3.53189559530475e+33
186.9,2.62930514495164e+35,2.65179893656871e+35,2.71780622119956e+35,2.59514265060524e+35,2.61734702213751e+35,2.6825052504438e+35,3.41624943464066e+33,3.44519144311959e+33,3.53009707557636e+33
187,2.62803840515674e+35,2.65051948389757e+35,2.71648930494758e+35,2.59389320746051e+35,2.61608503501818e+35,2.68120629714287e+35,3.41451976962239e+33,3.44344488793921e+33,3.528300780471e+33
187.1,2.62677319870224e+35,2.64924158091106e+35,2.71517398659695e+35,2.59264527631931e+35,2.61482457602687e+35,2.67990891953847e+35,3.41279223829291e+33,3.44170048841936e+33,3.52650670584773e+33
187.2,2.62550952277308e+35,2.64796522476354e+35,2.71386026321046e+35,2.59139885440624e+35,2.61356564235804e+35,2.6786131147347e+35,3.41106683668383e+33,3.43995824055052e+33,3.52471484757578e+33
187.3,2.62424737456038e+35,2.64669041261545e+35,2.71254813185802e+35,2.59015393895202e+35,2.61230823121212e+35,2.67731887984267e+35,3.40934356083639e+33,3.43821814033297e+33,3.52292520153454e+33
187.4,2.62298675126184e+35,2.64541714163345e+35,2.71123758961615e+35,2.58891052719383e+35,2.61105233979568e+35,2.67602621198002e+35,3.40762240680151e+33,3.43648018377671e+33,3.52113776361347e+33
187.5,2.62172765008211e+35,2.64414540899082e+35,2.70992863356765e+35,2.58766861637571e+35,2.60979796532181e+35,2.67473510827053e+35,3.40590337063967e+33,3.43474436690145e+33,3.51935252971207e+33
187.6,2.62047006823308e+35,2.64287521186788e+35,2.7086212608015e+35,2.58642820374887e+35,2.60854510501051e+35,2.6734455658441e+35,3.40418644842096e+33,3.43301068573659e+33,3.51756949573984e+33
187.7,2.619214002934e+35,2.64160654745222e+35,2.7073154684131e+35,2.58518928657175e+35,2.60729375608901e+35,2.67215758183693e+35,3.40247163622503e+33,3.43127913632117e+33,3.51578865761625e+33
187.8,2.61795945141123e+35,2.64033941293883e+35,2.70601125350464e+35,2.58395186210982e+35,2.60604391579179e+35,2.67087115339193e+35,3.40075893014108e+33,3.4295497147039e+33,3.51401001127067e+33
187.9,2.61670641089793e+35,2.63907380552992e+35,2.70470861318554e+35,2.58271592763525e+35,2.60479558136049e+35,2.66958627765911e+35,3.39904832626787e+33,3.42782241694306e+33,3.51223355264237e+33
188,2.61545487863364e+35,2.63780972243455e+35,2.70340754457272e+35,2.5814814804265e+35,2.60354875004348e+35,2.66830295179592e+35,3.39733982071365e+33,3.42609723910658e+33,3.51045927768046e+33
188.1,2.61420485186393e+35,2.63654716086821e+35,2.70210804479069e+35,2.58024851776796e+35,2.60230341909549e+35,2.66702117296725e+35,3.39563340959623e+33,3.42437417727198e+33,3.5086871823439e+33
188.2,2.61295632784025e+35,2.63528611805246e+35,2.70081011097131e+35,2.57901703694982e+35,2.6010595857772e+35,2.6657409383453e+35,3.3939290890429e+33,3.42265322752634e+33,3.50691726260145e+33
188.3,2.61170930382003e+35,2.63402659121482e+35,2.69951374025346e+35,2.57778703526813e+35,2.59981724735515e+35,2.66446224510914e+35,3.39222685519045e+33,3.42093438596636e+33,3.50514951443168e+33
188.4,2.61046377706692e+35,2.63276857758877e+35,2.69821892978256e+35,2.57655851002506e+35,2.59857640110179e+35,2.66318509044433e+35,3.39052670418516e+33,3.41921764869825e+33,3.50338393382294e+33
188.5,2.60921974485111e+35,2.63151207441409e+35,2.69692567671024e+35,2.57533145852928e+35,2.59733704429571e+35,2.66190947154251e+35,3.38882863218277e+33,3.41750301183783e+33,3.50162051677333e+33
188.6,2.60797720444973e+35,2.63025707893716e+35,2.69563397819417e+35,2.57410587809624e+35,2.59609917422206e+35,2.66063538560126e+35,3.38713263534847e+33,3.41579047151041e+33,3.49985925929076e+33
188.7,2.60673615314691e+35,2.6290035884113e+35,2.69434383139817e+35,2.57288176604834e+35,2.59486278817279e+35,2.65936282982424e+35,3.38543870985686e+33,3.41408002385085e+33,3.49810015739284e+33
188.8,2.60549658823384e+35,2.62775160009694e+35,2.69305523349248e+35,2.57165911971492e+35,2.59362788344691e+35,2.65809180142141e+35,3.38374685189194e+33,3.41237166500348e+33,3.49634320710696e+33
188.9,2.60425850700855e+35,2.62650111126162e+35,2.69176818165417e+35,2.57043793643208e+35,2.5923944573504e+35,2.65682229760946e+35,3.38205705764708e+33,3.41066539112212e+33,3.49458840447024e+33
189,2.60302190677551e+35,2.62525211917977e+35,2.69048267306739e+35,2.56921821354226e+35,2.59116250719607e+35,2.65555431561209e+35,3.38036932332497e+33,3.40896119837001e+33,3.4928357455295e+33
189.1,2.60178678484535e+35,2.62400462113235e+35,2.68919870492364e+35,2.56799994839398e+35,2.58993203030315e+35,2.65428785266022e+35,3.37868364513758e+33,3.40725908291981e+33,3.49108522634125e+33
189.2,2.60055313853455e+35,2.62275861440653e+35,2.68791627442169e+35,2.56678313834149e+35,2.58870302399699e+35,2.65302290599197e+35,3.37700001930616e+33,3.40555904095355e+33,3.48933684297172e+33
189.3,2.5993209651653e+35,2.62151409629537e+35,2.68663537876738e+35,2.56556778074469e+35,2.58747548560874e+35,2.65175947285241e+35,3.37531844206114e+33,3.40386106866257e+33,3.48759059149673e+33
189.4,2.5980902620656e+35,2.62027106409771e+35,2.68535601517326e+35,2.56435387296918e+35,2.58624941247523e+35,2.65049755049324e+35,3.37363890964212e+33,3.40216516224753e+33,3.48584646800175e+33
189.5,2.59686102656949e+35,2.61902951511822e+35,2.68407818085818e+35,2.56314141238652e+35,2.58502480193904e+35,2.64923713617236e+35,3.37196141829784e+33,3.40047131791829e+33,3.48410446858184e+33
189.6,2.5956332560173e+35,2.61778944666765e+35,2.68280187304705e+35,2.56193039637444e+35,2.58380165134871e+35,2.64797822715363e+35,3.37028596428609e+33,3.39877953189394e+33,3.48236458934158e+33
189.7,2.59440694775595e+35,2.61655085606309e+35,2.68152708897067e+35,2.56072082231721e+35,2.58257995805906e+35,2.64672082070672e+35,3.36861254387371e+33,3.39708980040272e+33,3.48062682639506e+33
189.8,2.59318209913912e+35,2.61531374062825e+35,2.68025382586582e+35,2.55951268760575e+35,2.58135971943143e+35,2.64546491410716e+35,3.36694115333655e+33,3.39540211968196e+33,3.47889117586584e+33
189.9,2.59195870752725e+35,2.61407809769367e+35,2.67898208097549e+35,2.55830598963766e+35,2.58014093283389e+35,2.64421050463662e+35,3.3652717889594e+33,3.39371648597808e+33,3.47715763388688e+33
190,2.59073677028744e+35,2.61284392459673e+35,2.67771185154919e+35,2.55710072581708e+35,2.57892359564127e+35,2.64295758958318e+35,3.36360444703599e+33,3.39203289554653e+33,3.4754261966005e+33
190.1,2.58951628479317e+35,2.61161121868152e+35,2.67644313484325e+35,2.55589689355448e+35,2.577707705235e+35,2.64170616624166e+35,3.36193912386894e+33,3.39035134465175e+33,3.47369686015835e+33
190.2,2.58829724842394e+35,2.61037997729856e+35,2.67517592812099e+35,2.55469449026624e+35,2.57649325900289e+35,2.64045623191377e+35,3.36027581576974e+33,3.38867182956715e+33,3.47196962072135e+33
190.3,2.58707965856508e+35,2.60915019780451e+35,2.67391022865277e+35,2.55349351337449e+35,2.57528025433876e+35,2.63920778390817e+35,3.35861451905873e+33,3.38699434657506e+33,3.47024447445964e+33
190.4,2.58586351260751e+35,2.60792187756185e+35,2.67264603371585e+35,2.55229396030686e+35,2.57406868864219e+35,2.63796081954032e+35,3.35695523006507e+33,3.38531889196674e+33,3.46852141755257e+33
190.5,2.58464880794772e+35,2.60669501393875e+35,2.67138334059409e+35,2.55109582849646e+35,2.57285855931833e+35,2.6367153361322e+35,3.35529794512673e+33,3.38364546204232e+33,3.46680044618861e+33
190.6,2.5834355419879e+35,2.60546960430896e+35,2.67012214657763e+35,2.549899115382e+35,2.57164986377786e+35,2.63547133101198e+35,3.35364266059046e+33,3.3819740531108e+33,3.46508155656537e+33
190.7,2.58222371213613e+35,2.60424564605198e+35,2.66886244896261e+35,2.54870381840801e+35,2.57044259943708e+35,2.63422880151371e+35,3.35198937281179e+33,3.38030466149004e+33,3.46336474488953e+33
190.8,2.58101331580664e+35,2.60302313655322e+35,2.66760424505094e+35,2.54750993502509e+35,2.56923676371815e+35,2.63298774497717e+35,3.35033807815501e+33,3.37863728350671e+33,3.46165000737684e+33
190.9,2.57980435042004e+35,2.6018020732043e+35,2.66634753215028e+35,2.54631746269011e+35,2.56803235404934e+35,2.63174815874776e+35,3.34868877299317e+33,3.37697191549631e+33,3.45993734025208e+33
191,2.57859681340343e+35,2.60058245340325e+35,2.66509230757413e+35,2.54512639886635e+35,2.56682936786522e+35,2.63051004017664e+35,3.34704145370802e+33,3.37530855380316e+33,3.45822673974904e+33
191.1,2.5773907021904e+35,2.59936427455466e+35,2.6638385686421e+35,2.5439367410235e+35,2.56562780260685e+35,2.629273386621e+35,3.34539611669005e+33,3.37364719478035e+33,3.45651820211051e+33
191.2,2.57618601422092e+35,2.59814753406966e+35,2.66258631268011e+35,2.54274848663753e+35,2.56442765572176e+35,2.62803819544423e+35,3.34375275833844e+33,3.37198783478976e+33,3.45481172358825e+33
191.3,2.57498274694111e+35,2.59693222936583e+35,2.66133553702069e+35,2.5415616331905e+35,2.56322892466381e+35,2.62680446401626e+35,3.34211137506106e+33,3.37033047020201e+33,3.453107300443e+33
191.4,2.57378089780298e+35,2.59571835786699e+35,2.66008623900307e+35,2.54037617817024e+35,2.56203160689303e+35,2.62557218971363e+35,3.34047196327444e+33,3.36867509739649e+33,3.45140492894443e+33
191.5,2.57258046426419e+35,2.59450591700289e+35,2.65883841597327e+35,2.53919211907015e+35,2.56083569987528e+35,2.62434136991956e+35,3.33883451940372e+33,3.36702171276128e+33,3.44970460537118e+33
191.6,2.57138144378788e+35,2.59329490420899e+35,2.65759206528389e+35,2.53800945338906e+35,2.55964120108206e+35,2.62311200202378e+35,3.33719903988267e+33,3.36537031269319e+33,3.44800632601078e+33
191.7,2.57018383384262e+35,2.59208531692627e+35,2.65634718429396e+35,2.53682817863108e+35,2.5584481079903e+35,2.62188408342236e+35,3.33556552115365e+33,3.36372089359766e+33,3.44631008715967e+33
191.8,2.56898763190248e+35,2.59087715260122e+35,2.65510377036859e+35,2.5356482923058e+35,2.55725641808233e+35,2.62065761151736e+35,3.33393395966755e+33,3.36207345188881e+33,3.44461588512319e+33
191.9,2.56779283544717e+35,2.58967040868582e+35,2.65386182087879e+35,2.53446979192833e+35,2.55606612884592e+35,2.61943258371663e+35,3.33230435188378e+33,3.36042798398936e+33,3.44292371621554e+33
192,2.56659944196228e+35,2.58846508263775e+35,2.65262133320119e+35,2.53329267501957e+35,2.55487723777445e+35,2.61820899743359e+35,3.33067669427023e+33,3.35878448633061e+33,3.44123357675975e+33
192.1,2.56540744893944e+35,2.58726117192061e+35,2.65138230471806e+35,2.53211693910641e+35,2.55368974236708e+35,2.61698685008718e+35,3.32905098330327e+33,3.35714295535241e+33,3.43954546308769e+33
192.2,2.5642168538765e+35,2.58605867400407e+35,2.65014473281729e+35,2.53094258172182e+35,2.55250364012903e+35,2.61576613910189e+35,3.32742721546766e+33,3.35550338750313e+33,3.43785937153999e+33
192.3,2.56302765427756e+35,2.58485758636407e+35,2.64890861489261e+35,2.529769600405e+35,2.55131892857167e+35,2.61454686190795e+35,3.32580538725654e+33,3.35386577923961e+33,3.43617529846605e+33
192.4,2.56183984765295e+35,2.58365790648287e+35,2.64767394834379e+35,2.52859799270123e+35,2.5501356052126e+35,2.61332901594155e+35,3.32418549517142e+33,3.35223012702714e+33,3.434493240224e+33
192.5,2.56065343151904e+35,2.58245963184902e+35,2.64644073057684e+35,2.52742775616182e+35,2.54895366757562e+35,2.61211259864504e+35,3.32256753572212e+33,3.35059642733942e+33,3.43281319318064e+33
192.6,2.55946840339809e+35,2.58126275995718e+35,2.6452089590042e+35,2.52625888834382e+35,2.5477731131906e+35,2.61089760746709e+35,3.32095150542675e+33,3.34896467665853e+33,3.43113515371143e+33
192.7,2.55828476081798e+35,2.58006728830797e+35,2.64397863104482e+35,2.52509138680986e+35,2.54659393959322e+35,2.60968403986281e+35,3.31933740081167e+33,3.3473348714749e+33,3.42945911820045e+33
192.8,2.55710250131204e+35,2.5788732144077e+35,2.6427497441241e+35,2.52392524912792e+35,2.54541614432483e+35,2.60847189329369e+35,3.3177252184115e+33,3.34570700828727e+33,3.42778508304035e+33
192.9,2.55592162241893e+35,2.57768053576818e+35,2.64152229567377e+35,2.52276047287124e+35,2.54423972493215e+35,2.60726116522745e+35,3.31611495476907e+33,3.3440810836027e+33,3.42611304463232e+33
193,2.5547421216826e+35,2.5764892499066e+35,2.64029628313169e+35,2.52159705561824e+35,2.54306467896724e+35,2.60605185313783e+35,3.3145066064354e+33,3.34245709393648e+33,3.42444299938609e+33
193.1,2.55356399665232e+35,2.57529935434548e+35,2.63907170394157e+35,2.52043499495262e+35,2.54189100398736e+35,2.60484395450437e+35,3.31290016996968e+33,3.34083503581219e+33,3.42277494371982e+33
193.2,2.55238724488287e+35,2.57411084661271e+35,2.63784855555279e+35,2.51927428846348e+35,2.5407186975551e+35,2.60363746681219e+35,3.31129564193928e+33,3.3392149057616e+33,3.42110887406015e+33
193.3,2.55121186393464e+35,2.57292372424171e+35,2.63662683542026e+35,2.51811493374545e+35,2.53954775723847e+35,2.60243238755183e+35,3.30969301891969e+33,3.33759670032472e+33,3.41944478684214e+33
193.4,2.55003785137385e+35,2.57173798477157e+35,2.63540654100431e+35,2.51695692839891e+35,2.53837818061108e+35,2.60122871421922e+35,3.30809229749456e+33,3.33598041604975e+33,3.41778267850922e+33
193.5,2.54886520477264e+35,2.57055362574723e+35,2.63418766977083e+35,2.51580027003008e+35,2.5372099652523e+35,2.6000264443157e+35,3.30649347425563e+33,3.33436604949305e+33,3.41612254551322e+33
193.6,2.54769392170913e+35,2.56937064471961e+35,2.63297021919132e+35,2.5146449562511e+35,2.53604310874742e+35,2.59882557534817e+35,3.30489654580276e+33,3.33275359721919e+33,3.41446438431429e+33
193.7,2.54652399976742e+35,2.56818903924567e+35,2.63175418674309e+35,2.51349098467998e+35,2.53487760868767e+35,2.59762610482928e+35,3.30330150874389e+33,3.33114305580085e+33,3.41280819138096e+33
193.8,2.54535543653744e+35,2.56700880688841e+35,2.63053956990948e+35,2.51233835294049e+35,2.53371346267022e+35,2.59642803027758e+35,3.30170835969505e+33,3.32953442181886e+33,3.41115396319002e+33
193.9,2.54418822961482e+35,2.56582994521674e+35,2.62932636617995e+35,2.51118705866202e+35,2.53255066829812e+35,2.59523134921769e+35,3.30011709528031e+33,3.32792769186222e+33,3.40950169622662e+33
194,2.5430223766007e+35,2.56465245180532e+35,2.62811457305019e+35,2.51003709947939e+35,2.53138922318005e+35,2.59403605918035e+35,3.2985277121318e+33,3.32632286252798e+33,3.40785138698416e+33
194.1,2.54185787510154e+35,2.56347632423441e+35,2.62690418802211e+35,2.50888847303264e+35,2.5302291249302e+35,2.59284215770247e+35,3.29694020688964e+33,3.32471993042132e+33,3.40620303196434e+33
194.2,2.54069472272897e+35,2.56230156008962e+35,2.62569520860371e+35,2.50774117696695e+35,2.52907037116807e+35,2.59164964232694e+35,3.29535457620197e+33,3.32311889215547e+33,3.40455662767712e+33
194.3,2.53953291709976e+35,2.56112815696183e+35,2.62448763230896e+35,2.50659520893251e+35,2.52791295951831e+35,2.59045851060255e+35,3.29377081672489e+33,3.32151974435172e+33,3.4029121706407e+33
194.4,2.53837245583579e+35,2.55995611244705e+35,2.62328145665758e+35,2.50545056658457e+35,2.52675688761066e+35,2.58926876008376e+35,3.29218892512244e+33,3.3199224836394e+33,3.40126965738153e+33
194.5,2.53721333656412e+35,2.55878542414649e+35,2.62207667917482e+35,2.50430724758346e+35,2.52560215307993e+35,2.58808038833048e+35,3.29060889806659e+33,3.31832710665581e+33,3.39962908443426e+33
194.6,2.53605555691715e+35,2.55761608966655e+35,2.62087329739135e+35,2.50316524959478e+35,2.52444875356609e+35,2.58689339290793e+35,3.28903073223717e+33,3.31673361004624e+33,3.39799044834175e+33
194.7,2.5348991145327e+35,2.55644810661901e+35,2.61967130884312e+35,2.50202457028949e+35,2.52329668671437e+35,2.58570777138657e+35,3.28745442432187e+33,3.31514199046392e+33,3.39635374565504e+33
194.8,2.5337440070542e+35,2.55528147262111e+35,2.61847071107139e+35,2.50088520734404e+35,2.52214595017541e+35,2.58452352134205e+35,3.28587997101618e+33,3.31355224456997e+33,3.3947189729333e+33
194.9,2.53259023213073e+35,2.55411618529573e+35,2.61727150162274e+35,2.4997471584405e+35,2.5209965416054e+35,2.5833406403553e+35,3.28430736902339e+33,3.31196436903339e+33,3.39308612674385e+33
195,2.5314377874171e+35,2.55295224227148e+35,2.61607367804924e+35,2.49861042126655e+35,2.51984845866617e+35,2.58215912601262e+35,3.28273661505452e+33,3.31037836053101e+33,3.39145520366208e+33
195.1,2.53028667057377e+35,2.55178964118272e+35,2.61487723790859e+35,2.49747499351549e+35,2.51870169902525e+35,2.58097897590588e+35,3.28116770582829e+33,3.30879421574747e+33,3.38982620027146e+33
195.2,2.52913687926683e+35,2.55062837966956e+35,2.61368217876423e+35,2.49634087288612e+35,2.5175562603558e+35,2.5798001876326e+35,3.27960063807112e+33,3.30721193137517e+33,3.38819911316349e+33
195.3,2.52798841116777e+35,2.54946845537774e+35,2.6124884981855e+35,2.4952080570826e+35,2.5164121403366e+35,2.57862275879613e+35,3.27803540851704e+33,3.30563150411422e+33,3.38657393893763e+33
195.4,2.52684126395343e+35,2.54830986595855e+35,2.61129619374767e+35,2.49407654381436e+35,2.51526933665183e+35,2.57744668700565e+35,3.2764720139077e+33,3.30405293067244e+33,3.38495067420134e+33
195.5,2.52569543530577e+35,2.54715260906864e+35,2.61010526303191e+35,2.49294633079585e+35,2.51412784699099e+35,2.57627196987621e+35,3.27491045099234e+33,3.30247620776532e+33,3.38332931556996e+33
195.6,2.52455092291178e+35,2.54599668236984e+35,2.60891570362525e+35,2.4918174157465e+35,2.51298766904868e+35,2.57509860502859e+35,3.27335071652773e+33,3.30090133211595e+33,3.38170985966673e+33
195.7,2.52340772446342e+35,2.54484208352908e+35,2.60772751312041e+35,2.49068979639064e+35,2.51184880052453e+35,2.57392659008918e+35,3.27179280727818e+33,3.29932830045504e+33,3.38009230312273e+33
195.8,2.52226583765761e+35,2.54368881021832e+35,2.60654068911565e+35,2.48956347045746e+35,2.51071123912311e+35,2.57275592268988e+35,3.27023672001551e+33,3.29775710952087e+33,3.37847664257683e+33
195.9,2.52112526019628e+35,2.54253686011449e+35,2.60535522921458e+35,2.48843843568109e+35,2.5095749825539e+35,2.57158660046783e+35,3.26868245151899e+33,3.29618775605926e+33,3.37686287467569e+33
196,2.51998598978643e+35,2.54138623089956e+35,2.60417113102609e+35,2.48731468980068e+35,2.50844002853133e+35,2.57041862106535e+35,3.26712999857538e+33,3.29462023682357e+33,3.37525099607369e+33
196.1,2.51884802414029e+35,2.54023692026065e+35,2.60298839216417e+35,2.4861922305605e+35,2.5073063747749e+35,2.56925198212984e+35,3.26557935797887e+33,3.29305454857465e+33,3.37364100343291e+33
196.2,2.51771136097539e+35,2.53908892589009e+35,2.60180701024795e+35,2.48507105571008e+35,2.50617401900928e+35,2.56808668131372e+35,3.2640305265311e+33,3.29149068808084e+33,3.37203289342314e+33
196.3,2.51657599801469e+35,2.53794224548558e+35,2.60062698290172e+35,2.48395116300428e+35,2.5050429589644e+35,2.5669227162745e+35,3.26248350104111e+33,3.28992865211796e+33,3.37042666272178e+33
196.4,2.51544193298661e+35,2.53679687675029e+35,2.59944830775499e+35,2.48283255020336e+35,2.5039131923756e+35,2.56576008467485e+35,3.26093827832533e+33,3.28836843746928e+33,3.36882230801388e+33
196.5,2.51430916362505e+35,2.5356528173929e+35,2.59827098244264e+35,2.48171521507298e+35,2.50278471698365e+35,2.56459878418272e+35,3.25939485520762e+33,3.28681004092552e+33,3.3672198259921e+33
196.6,2.51317768766934e+35,2.53451006512763e+35,2.59709500460504e+35,2.48059915538415e+35,2.50165753053478e+35,2.56343881247147e+35,3.25785322851918e+33,3.28525345928483e+33,3.36561921335666e+33
196.7,2.51204750286413e+35,2.53336861767417e+35,2.59592037188815e+35,2.47948436891314e+35,2.50053163078064e+35,2.56228016721999e+35,3.25631339509859e+33,3.28369868935276e+33,3.36402046681538e+33
196.8,2.51091860695931e+35,2.53222847275763e+35,2.5947470819436e+35,2.47837085344139e+35,2.4994070154782e+35,2.56112284611277e+35,3.25477535179177e+33,3.28214572794228e+33,3.36242358308361e+33
196.9,2.50979099770985e+35,2.53108962810839e+35,2.59357513242875e+35,2.47725860675533e+35,2.49828368238965e+35,2.55996684683991e+35,3.253239095452e+33,3.28059457187375e+33,3.36082855888425e+33
197,2.50866467287569e+35,2.52995208146201e+35,2.59240452100657e+35,2.47614762664629e+35,2.49716162928226e+35,2.5588121670971e+35,3.25170462293985e+33,3.27904521797492e+33,3.35923539094774e+33
197.1,2.50753963022164e+35,2.52881583055903e+35,2.59123524534566e+35,2.47503791091041e+35,2.49604085392822e+35,2.55765880458554e+35,3.25017193112322e+33,3.27749766308087e+33,3.35764407601201e+33
197.2,2.50641586751735e+35,2.52768087314497e+35,2.59006730312005e+35,2.47392945734858e+35,2.49492135410463e+35,2.55650675701183e+35,3.24864101687728e+33,3.27595190403406e+33,3.35605461082252e+33
197.3,2.50529338253728e+35,2.52654720697019e+35,2.58890069200912e+35,2.47282226376643e+35,2.49380312759335e+35,2.5553560220878e+35,3.24711187708445e+33,3.27440793768425e+33,3.3544669921322e+33
197.4,2.50417217306073e+35,2.52541482978992e+35,2.58773540969741e+35,2.47171632797439e+35,2.49268617218104e+35,2.5542065975304e+35,3.24558450863442e+33,3.27286576088853e+33,3.35288121670148e+33
197.5,2.50305223687195e+35,2.52428373936428e+35,2.58657145387458e+35,2.47061164778771e+35,2.49157048565917e+35,2.55305848106159e+35,3.24405890842409e+33,3.27132537051126e+33,3.35129728129821e+33
197.6,2.50193357176019e+35,2.52315393345834e+35,2.58540882223525e+35,2.46950822102661e+35,2.4904560658241e+35,2.55191167040827e+35,3.24253507335753e+33,3.26978676342407e+33,3.34971518269773e+33
197.7,2.50081617551979e+35,2.52202540984225e+35,2.58424751247907e+35,2.46840604551633e+35,2.48934291047719e+35,2.55076616330225e+35,3.24101300034601e+33,3.26824993650583e+33,3.34813491768278e+33
197.8,2.4997000459503e+35,2.52089816629127e+35,2.58308752231068e+35,2.46730511908722e+35,2.48823101742484e+35,2.54962195748025e+35,3.23949268630792e+33,3.26671488664262e+33,3.34655648304353e+33
197.9,2.49858518085647e+35,2.51977220058589e+35,2.5819288494398e+35,2.46620543957478e+35,2.48712038447861e+35,2.54847905068403e+35,3.23797412816878e+33,3.26518161072769e+33,3.34497987557752e+33
198,2.49747157804829e+35,2.5186475105119e+35,2.58077149158132e+35,2.46510700481967e+35,2.48601100945528e+35,2.54733744066042e+35,3.23645732286118e+33,3.26365010566149e+33,3.34340509208965e+33
198.1,2.49635923534095e+35,2.51752409386035e+35,2.57961544645539e+35,2.46400981266771e+35,2.48490289017683e+35,2.54619712516147e+35,3.23494226732478e+33,3.26212036835158e+33,3.34183212939218e+33
198.2,2.4952481505548e+35,2.51640194842758e+35,2.57846071178754e+35,2.46291386096974e+35,2.48379602447045e+35,2.54505810194449e+35,3.23342895850628e+33,3.26059239571261e+33,3.34026098430466e+33
198.3,2.4941383215152e+35,2.5152810720151e+35,2.57730728530872e+35,2.46181914758161e+35,2.48269041016844e+35,2.54392036877218e+35,3.23191739335937e+33,3.25906618466633e+33,3.33869165365395e+33
198.4,2.49302974605246e+35,2.51416146242956e+35,2.57615516475533e+35,2.46072567036401e+35,2.48158604510815e+35,2.54278392341259e+35,3.23040756884474e+33,3.25754173214153e+33,3.33712413427416e+33
198.5,2.49192242200169e+35,2.51304311748258e+35,2.57500434786922e+35,2.45963342718239e+35,2.48048292713184e+35,2.54164876363915e+35,3.22889948193004e+33,3.25601903507404e+33,3.33555842300662e+33
198.6,2.49081634720276e+35,2.51192603499066e+35,2.57385483239759e+35,2.45854241590686e+35,2.4793810540866e+35,2.5405148872306e+35,3.22739312958984e+33,3.25449809040667e+33,3.33399451669987e+33
198.7,2.48971151950017e+35,2.51081021277511e+35,2.57270661609296e+35,2.45745263441212e+35,2.47828042382421e+35,2.53938229197087e+35,3.22588850880564e+33,3.25297889508923e+33,3.33243241220963e+33
198.8,2.48860793674308e+35,2.50969564866191e+35,2.571559696713e+35,2.45636408057742e+35,2.47718103420113e+35,2.53825097564901e+35,3.22438561656584e+33,3.25146144607847e+33,3.33087210639877e+33
198.9,2.48750559678527e+35,2.50858234048177e+35,2.57041407202044e+35,2.45527675228661e+35,2.47608288307839e+35,2.53712093605906e+35,3.2228844498657e+33,3.24994574033808e+33,3.32931359613728e+33
199,2.48640449748518e+35,2.50747028607002e+35,2.56926973978293e+35,2.45419064742811e+35,2.47498596832164e+35,2.53599217099991e+35,3.22138500570736e+33,3.24843177483868e+33,3.32775687830222e+33
199.1,2.485304636706e+35,2.50635948326674e+35,2.56812669777301e+35,2.45310576389501e+35,2.47389028780117e+35,2.53486467827524e+35,3.21988728109978e+33,3.24691954655776e+33,3.32620194977776e+33
199.2,2.48420601231572e+35,2.50524992991676e+35,2.56698494376802e+35,2.45202209958514e+35,2.47279583939196e+35,2.53373845569347e+35,3.21839127305876e+33,3.24540905247971e+33,3.3246488074551e+33
199.3,2.4831086221872e+35,2.50414162386974e+35,2.56584447555007e+35,2.45093965240113e+35,2.47170262097378e+35,2.53261350106774e+35,3.21689697860692e+33,3.2439002895958e+33,3.32309744823247e+33
199.4,2.48201246419823e+35,2.50303456298026e+35,2.56470529090612e+35,2.44985842025049e+35,2.47061063043122e+35,2.53148981221597e+35,3.21540439477366e+33,3.2423932549041e+33,3.32154786901511e+33
199.5,2.48091753623155e+35,2.50192874510789e+35,2.56356738762801e+35,2.4487784010456e+35,2.46951986565379e+35,2.53036738696086e+35,3.21391351859516e+33,3.24088794540956e+33,3.32000006671523e+33
199.6,2.47982383617491e+35,2.50082416811718e+35,2.56243076351252e+35,2.44769959270377e+35,2.46843032453594e+35,2.52924622313e+35,3.21242434711437e+33,3.23938435812392e+33,3.31845403825204e+33
199.7,2.47873136192098e+35,2.49972082987773e+35,2.56129541636146e+35,2.44662199314717e+35,2.46734200497707e+35,2.52812631855594e+35,3.21093687738099e+33,3.23788249006574e+33,3.3169097805517e+33
199.8,2.47764011136732e+35,2.49861872826414e+35,2.56016134398176e+35,2.4455456003028e+35,2.46625490488154e+35,2.52700767107629e+35,3.20945110645145e+33,3.23638233826035e+33,3.31536729054728e+33
199.9,2.47655008241631e+35,2.49751786115595e+35,2.55902854418549e+35,2.44447041210242e+35,2.46516902215855e+35,2.52589027853371e+35,3.20796703138888e+33,3.23488389973987e+33,3.31382656517883e+33
200,2.47546127297506e+35,2.49641822643758e+35,2.55789701478991e+35,2.44339642648243e+35,2.46408435472215e+35,2.52477413877598e+35,3.20648464926311e+33,3.23338717154315e+33,3.31228760139326e+33
200.1,2.47437368095532e+35,2.49531982199824e+35,2.55676675361742e+35,2.44232364138381e+35,2.46300090049108e+35,2.52365924965598e+35,3.20500395715065e+33,3.23189215071577e+33,3.31075039614439e+33
200.2,2.47328730427338e+35,2.49422264573182e+35,2.55563775849556e+35,2.44125205475204e+35,2.46191865738872e+35,2.52254560903163e+35,3.20352495213464e+33,3.23039883431004e+33,3.30921494639293e+33
200.3,2.47220214085007e+35,2.49312669553684e+35,2.55451002725688e+35,2.44018166453702e+35,2.46083762334299e+35,2.52143321476582e+35,3.20204763130487e+33,3.22890721938496e+33,3.30768124910643e+33
200.4,2.47111818861063e+35,2.49203196931636e+35,2.55338355773891e+35,2.43911246869305e+35,2.45975779628629e+35,2.52032206472632e+35,3.2005719917577e+33,3.22741730300618e+33,3.30614930125932e+33
200.5,2.47003544548482e+35,2.49093846497794e+35,2.55225834778402e+35,2.43804446517886e+35,2.45867917415548e+35,2.51921215678569e+35,3.19909803059611e+33,3.225929082246e+33,3.30461909983283e+33
200.6,2.46895390940683e+35,2.48984618043366e+35,2.55113439523934e+35,2.43697765195754e+35,2.45760175489183e+35,2.51810348882119e+35,3.19762574492958e+33,3.22444255418334e+33,3.30309064181499e+33
200.7,2.46787357831542e+35,2.4887551136001e+35,2.55001169795668e+35,2.43591202699668e+35,2.45652553644106e+35,2.51699605871467e+35,3.19615513187415e+33,3.22295771590372e+33,3.30156392420065e+33
200.8,2.4667944501539e+35,2.48766526239841e+35,2.54889025379249e+35,2.43484758826838e+35,2.45545051675341e+35,2.51588986435258e+35,3.19468618855234e+33,3.22147456449921e+33,3.30003894399139e+33
200.9,2.46571652287022e+35,2.48657662475434e+35,2.54777006060784e+35,2.43378433374929e+35,2.45437669378365e+35,2.51478490362588e+35,3.19321891209313e+33,3.21999309706843e+33,3.29851569819554e+33
201,2.46463979441706e+35,2.48548919859832e+35,2.54665111626841e+35,2.43272226142074e+35,2.45330406549116e+35,2.51368117443013e+35,3.19175329963196e+33,3.21851331071649e+33,3.29699418382814e+33
201.1,2.46356426275179e+35,2.48440298186554e+35,2.54553341864456e+35,2.43166136926868e+35,2.45223262983999e+35,2.51257867466545e+35,3.19028934831067e+33,3.21703520255501e+33,3.29547439791094e+33
201.2,2.46248992583657e+35,2.48331797249593e+35,2.54441696561134e+35,2.4306016552838e+35,2.45116238479891e+35,2.51147740223662e+35,3.18882705527749e+33,3.21555876970204e+33,3.29395633747231e+33
201.3,2.46141678163832e+35,2.48223416843425e+35,2.54330175504861e+35,2.42954311746145e+35,2.45009332834143e+35,2.51037735505313e+35,3.18736641768703e+33,3.21408400928206e+33,3.29243999954728e+33
201.4,2.46034482812867e+35,2.48115156763006e+35,2.54218778484106e+35,2.42848575380167e+35,2.4490254584458e+35,2.50927853102928e+35,3.1859074327002e+33,3.21261091842598e+33,3.29092538117748e+33
201.5,2.45927406328393e+35,2.48007016803769e+35,2.54107505287828e+35,2.42742956230909e+35,2.44795877309498e+35,2.50818092808417e+35,3.18445009748426e+33,3.21113949427104e+33,3.28941247941109e+33
201.6,2.45820448508503e+35,2.47898996761623e+35,2.53996355705481e+35,2.4263745409929e+35,2.44689327027662e+35,2.50708454414178e+35,3.18299440921276e+33,3.20966973396087e+33,3.28790129130287e+33
201.7,2.45713609151743e+35,2.47791096432941e+35,2.53885329527013e+35,2.42532068786678e+35,2.44582894798295e+35,2.50598937713099e+35,3.18154036506551e+33,3.20820163464541e+33,3.28639181391407e+33
201.8,2.45606888057107e+35,2.47683315614557e+35,2.53774426542865e+35,2.42426800094879e+35,2.44476580421076e+35,2.50489542498553e+35,3.18008796222859e+33,3.20673519348093e+33,3.28488404431245e+33
201.9,2.45500285024029e+35,2.47575654103758e+35,2.53663646543967e+35,2.42321647826135e+35,2.44370383696128e+35,2.50380268564395e+35,3.17863719789432e+33,3.20527040762997e+33,3.28337797957221e+33
202,2.45393799852376e+35,2.47468111698274e+35,2.53552989321732e+35,2.42216611783115e+35,2.44264304424013e+35,2.50271115704958e+35,3.17718806926125e+33,3.20380727426136e+33,3.28187361677401e+33
202.1,2.45287432342449e+35,2.47360688196277e+35,2.53442454668048e+35,2.42111691768915e+35,2.44158342405726e+35,2.50162083715043e+35,3.17574057353413e+33,3.20234579055018e+33,3.28037095300491e+33
202.2,2.45181182294978e+35,2.47253383396372e+35,2.53332042375269e+35,2.42006887587054e+35,2.44052497442695e+35,2.50053172389911e+35,3.17429470792392e+33,3.20088595367775e+33,3.27886998535838e+33
202.3,2.45075049511129e+35,2.47146197097604e+35,2.53221752236211e+35,2.41902199041481e+35,2.43946769336772e+35,2.49944381525277e+35,3.17285046964776e+33,3.19942776083165e+33,3.27737071093426e+33
202.4,2.44969033792497e+35,2.47039129099448e+35,2.5311158404414e+35,2.41797625936568e+35,2.43841157890242e+35,2.49835710917301e+35,3.17140785592899e+33,3.19797120920564e+33,3.27587312683873e+33
202.5,2.44863134941122e+35,2.46932179201821e+35,2.53001537592772e+35,2.41693168077125e+35,2.43735662905821e+35,2.49727160362587e+35,3.16996686399709e+33,3.19651629599971e+33,3.27437723018434e+33
202.6,2.44757352759484e+35,2.46825347205081e+35,2.52891612676269e+35,2.41588825268397e+35,2.43630284186661e+35,2.49618729658179e+35,3.16852749108771e+33,3.19506301842006e+33,3.27288301808995e+33
202.7,2.44651687050513e+35,2.46718632910035e+35,2.52781809089239e+35,2.4148459731607e+35,2.43525021536356e+35,2.49510418601558e+35,3.16708973444265e+33,3.19361137367905e+33,3.27139048768071e+33
202.8,2.44546137617588e+35,2.46612036117939e+35,2.5267212662674e+35,2.41380484026278e+35,2.43419874758944e+35,2.49402226990652e+35,3.16565359130985e+33,3.19216135899523e+33,3.26989963608812e+33
202.9,2.44440704264544e+35,2.46505556630507e+35,2.5256256508428e+35,2.41276485205601e+35,2.43314843658914e+35,2.4929415462383e+35,3.16421905894337e+33,3.19071297159334e+33,3.26841046044994e+33
203,2.44335386795669e+35,2.46399194249908e+35,2.52453124257827e+35,2.41172600661065e+35,2.43209928041203e+35,2.49186201299917e+35,3.16278613460337e+33,3.18926620870424e+33,3.2669229579102e+33
203.1,2.442301850157e+35,2.4629294877877e+35,2.52343803943809e+35,2.41068830200144e+35,2.43105127711206e+35,2.49078366818189e+35,3.16135481555613e+33,3.18782106756497e+33,3.26543712561924e+33
203.2,2.44125098729827e+35,2.46186820020181e+35,2.52234603939122e+35,2.40965173630753e+35,2.43000442474762e+35,2.48970650978388e+35,3.15992509907402e+33,3.18637754541869e+33,3.26395296073362e+33
203.3,2.44020127743679e+35,2.46080807777678e+35,2.52125524041132e+35,2.40861630761244e+35,2.42895872138163e+35,2.48863053580716e+35,3.15849698243547e+33,3.18493563951468e+33,3.26247046041618e+33
203.4,2.43915271863325e+35,2.45974911855249e+35,2.52016564047676e+35,2.407582014004e+35,2.42791416508141e+35,2.4875557442584e+35,3.15707046292498e+33,3.18349534710833e+33,3.26098962183599e+33
203.5,2.43810530895264e+35,2.45869132057325e+35,2.51907723757062e+35,2.40654885357431e+35,2.42687075391863e+35,2.48648213314894e+35,3.15564553783307e+33,3.18205666546113e+33,3.25951044216838e+33
203.6,2.43705904646419e+35,2.45763468188771e+35,2.51799002968066e+35,2.40551682441963e+35,2.4258284859693e+35,2.48540970049471e+35,3.1542222044563e+33,3.18061959184064e+33,3.25803291859488e+33
203.7,2.43601392924134e+35,2.45657920054884e+35,2.51690401479928e+35,2.40448592464036e+35,2.42478735931364e+35,2.48433844431625e+35,3.15280046009721e+33,3.17918412352048e+33,3.25655704830323e+33
203.8,2.43496995536165e+35,2.45552487461385e+35,2.51581919092345e+35,2.403456152341e+35,2.42374737203604e+35,2.48326836263858e+35,3.15138030206435e+33,3.17775025778029e+33,3.25508282848738e+33
203.9,2.43392712290685e+35,2.45447170214412e+35,2.51473555605464e+35,2.40242750563012e+35,2.42270852222506e+35,2.48219945349117e+35,3.1499617276722e+33,3.17631799190577e+33,3.25361025634746e+33
204,2.43288542996275e+35,2.45341968120522e+35,2.51365310819877e+35,2.40139998262034e+35,2.42167080797333e+35,2.48113171490787e+35,3.14854473424119e+33,3.17488732318858e+33,3.25213932908978e+33
204.1,2.43184487461934e+35,2.45236880986687e+35,2.51257184536612e+35,2.40037358142836e+35,2.42063422737761e+35,2.48006514492685e+35,3.14712931909766e+33,3.17345824892638e+33,3.25067004392679e+33
204.2,2.43080545497071e+35,2.45131908620298e+35,2.5114917655713e+35,2.39934830017497e+35,2.41959877853875e+35,2.47899974159053e+35,3.14571547957384e+33,3.17203076642276e+33,3.24920239807708e+33
204.3,2.42976716911517e+35,2.45027050829159e+35,2.51041286683318e+35,2.3983241369851e+35,2.41856445956172e+35,2.47793550294553e+35,3.14430321300784e+33,3.17060487298726e+33,3.24773638876534e+33
204.4,2.42873001515525e+35,2.44922307421501e+35,2.50933514717493e+35,2.39730108998781e+35,2.41753126855566e+35,2.47687242704271e+35,3.1428925167436e+33,3.16918056593533e+33,3.24627201322239e+33
204.5,2.4276939911977e+35,2.44817678205977e+35,2.50825860462394e+35,2.39627915731639e+35,2.41649920363389e+35,2.47581051193709e+35,3.14148338813089e+33,3.16775784258828e+33,3.24480926868509e+33
204.6,2.42665909535359e+35,2.4471316299167e+35,2.50718323721191e+35,2.39525833710834e+35,2.41546826291397e+35,2.47474975568795e+35,3.14007582452528e+33,3.1663367002733e+33,3.24334815239635e+33
204.7,2.42562532573828e+35,2.44608761588094e+35,2.50610904297482e+35,2.3942386275054e+35,2.41443844451771e+35,2.47369015635877e+35,3.13866982328812e+33,3.16491713632343e+33,3.24188866160514e+33
204.8,2.42459268047142e+35,2.44504473805198e+35,2.505036019953e+35,2.39322002665356e+35,2.4134097465712e+35,2.47263171201734e+35,3.13726538178651e+33,3.16349914807751e+33,3.2404307935664e+33
204.9,2.42356115767698e+35,2.44400299453365e+35,2.50396416619119e+35,2.39220253270304e+35,2.41238216720484e+35,2.47157442073578e+35,3.13586249739331e+33,3.16208273288017e+33,3.23897454554108e+33
205,2.42253075548317e+35,2.44296238343411e+35,2.5028934797385e+35,2.3911861438083e+35,2.41135570455329e+35,2.47051828059054e+35,3.13446116748707e+33,3.16066788808184e+33,3.23751991479605e+33
205.1,2.42150147202245e+35,2.44192290286586e+35,2.50182395864852e+35,2.39017085812793e+35,2.41033035675547e+35,2.46946328966248e+35,3.13306138945206e+33,3.15925461103868e+33,3.23606689860416e+33
205.2,2.42047330543146e+35,2.44088455094564e+35,2.5007556009793e+35,2.38915667382468e+35,2.40930612195452e+35,2.46840944603686e+35,3.13166316067824e+33,3.15784289911261e+33,3.23461549424416e+33
205.3,2.41944625385098e+35,2.43984732579447e+35,2.49968840479334e+35,2.38814358906537e+35,2.40828299829776e+35,2.46735674780333e+35,3.13026647856122e+33,3.15643274967126e+33,3.23316569900066e+33
205.4,2.41842031542586e+35,2.43881122553751e+35,2.49862236815757e+35,2.38713160202084e+35,2.40726098393663e+35,2.46630519305593e+35,3.12887134050227e+33,3.15502416008796e+33,3.23171751016419e+33
205.5,2.41739548830499e+35,2.43777624830408e+35,2.49755748914336e+35,2.38612071086591e+35,2.40624007702666e+35,2.46525477989305e+35,3.1274777439083e+33,3.15361712774173e+33,3.23027092503109e+33
205.6,2.41637177064126e+35,2.43674239222755e+35,2.49649376582642e+35,2.38511091377934e+35,2.40522027572738e+35,2.46420550641739e+35,3.12608568619183e+33,3.15221165001726e+33,3.22882594090357e+33
205.7,2.41534916059154e+35,2.43570965544536e+35,2.49543119628679e+35,2.38410220894383e+35,2.40420157820231e+35,2.4631573707359e+35,3.12469516477101e+33,3.15080772430489e+33,3.22738255508961e+33
205.8,2.41432765631663e+35,2.43467803609894e+35,2.49436977860875e+35,2.38309459454594e+35,2.40318398261894e+35,2.46211037095972e+35,3.12330617706954e+33,3.14940534800063e+33,3.22594076490304e+33
205.9,2.41330725598132e+35,2.43364753233371e+35,2.49330951088079e+35,2.38208806877615e+35,2.40216748714865e+35,2.46106450520416e+35,3.12191872051676e+33,3.14800451850608e+33,3.22450056766341e+33
206,2.41228795775433e+35,2.43261814229909e+35,2.49225039119555e+35,2.38108262982886e+35,2.4011520899668e+35,2.46001977158859e+35,3.12053279254752e+33,3.14660523322848e+33,3.2230619606961e+33
206.1,2.4112697598084e+35,2.43158986414848e+35,2.49119241764978e+35,2.38007827590238e+35,2.40013778925267e+35,2.45897616823646e+35,3.11914839060224e+33,3.14520748958065e+33,3.22162494133218e+33
206.2,2.41025266032026e+35,2.4305626960393e+35,2.49013558834433e+35,2.379075005199e+35,2.39912458318949e+35,2.45793369327525e+35,3.1177655121269e+33,3.14381128498102e+33,3.22018950690851e+33
206.3,2.40923665747069e+35,2.42953663613303e+35,2.48907990138412e+35,2.37807281592496e+35,2.39811246996449e+35,2.45689234483644e+35,3.11638415457295e+33,3.14241661685356e+33,3.21875565476763e+33
206.4,2.40822174944454e+35,2.4285116825952e+35,2.48802535487815e+35,2.37707170629056e+35,2.39710144776892e+35,2.45585212105557e+35,3.1150043153974e+33,3.14102348262784e+33,3.21732338225782e+33
206.5,2.40720793443072e+35,2.42748783359543e+35,2.48697194693952e+35,2.37607167451009e+35,2.39609151479804e+35,2.45481302007219e+35,3.11362599206271e+33,3.13963187973893e+33,3.21589268673304e+33
206.6,2.40619521062228e+35,2.42646508730749e+35,2.48591967568545e+35,2.37507271880191e+35,2.39508266925121e+35,2.45377504002992e+35,3.11224918203683e+33,3.13824180562744e+33,3.21446356555293e+33
206.7,2.40518357621635e+35,2.42544344190925e+35,2.48486853923731e+35,2.37407483738841e+35,2.39407490933186e+35,2.45273817907648e+35,3.11087388279316e+33,3.13685325773951e+33,3.21303601608281e+33
206.8,2.40417302941414e+35,2.42442289558276e+35,2.48381853572067e+35,2.37307802849603e+35,2.39306823324749e+35,2.45170243536373e+35,3.10950009181055e+33,3.13546623352674e+33,3.21161003569364e+33
206.9,2.40316356842094e+35,2.42340344651415e+35,2.48276966326528e+35,2.3720822903552e+35,2.39206263920969e+35,2.45066780704766e+35,3.10812780657325e+33,3.13408073044623e+33,3.21018562176204e+33
207,2.40215519144607e+35,2.42238509289371e+35,2.48172192000516e+35,2.37108762120036e+35,2.3910581254341e+35,2.44963429228846e+35,3.10675702457093e+33,3.13269674596053e+33,3.20876277167025e+33
207.1,2.40114789670285e+35,2.42136783291576e+35,2.48067530407854e+35,2.37009401926986e+35,2.39005469014038e+35,2.44860188925047e+35,3.10538774329863e+33,3.13131427753762e+33,3.20734148280611e+33
207.2,2.40014168240853e+35,2.4203516647787e+35,2.4796298136279e+35,2.36910148280597e+35,2.38905233155219e+35,2.44757059610227e+35,3.10401996025677e+33,3.12993332265092e+33,3.20592175256305e+33
207.3,2.39913654678431e+35,2.4193365866849e+35,2.47858544679995e+35,2.3681100100548e+35,2.3880510478971e+35,2.44654041101655e+35,3.10265367295111e+33,3.12855387877926e+33,3.20450357834009e+33
207.4,2.3981324880552e+35,2.41832259684069e+35,2.4775422017456e+35,2.36711959926627e+35,2.38705083740662e+35,2.44551133217018e+35,3.10128887889274e+33,3.12717594340682e+33,3.20308695754181e+33
207.5,2.39712950445007e+35,2.4173096934563e+35,2.47650007661991e+35,2.36613024869409e+35,2.38605169831606e+35,2.44448335774412e+35,3.09992557559806e+33,3.12579951402317e+33,3.20167188757832e+33
207.6,2.39612759420158e+35,2.41629787474582e+35,2.47545906958205e+35,2.36514195659569e+35,2.38505362886459e+35,2.4434564859234e+35,3.09856376058876e+33,3.12442458812325e+33,3.20025836586526e+33
207.7,2.39512675554616e+35,2.4152871389272e+35,2.47441917879528e+35,2.36415472123225e+35,2.38405662729512e+35,2.44243071489705e+35,3.09720343139182e+33,3.12305116320728e+33,3.19884638982377e+33
207.8,2.39412698672404e+35,2.41427748422216e+35,2.47338040242686e+35,2.36316854086865e+35,2.38306069185435e+35,2.44140604285805e+35,3.09584458553945e+33,3.12167923678083e+33,3.1974359568805e+33
207.9,2.3931282859792e+35,2.41326890885627e+35,2.47234273864802e+35,2.36218341377351e+35,2.38206582079272e+35,2.44038246800334e+35,3.09448722056915e+33,3.12030880635477e+33,3.19602706446753e+33
208,2.39213065155939e+35,2.41226141105885e+35,2.47130618563392e+35,2.36119933821915e+35,2.3810720123644e+35,2.43935998853369e+35,3.09313133402362e+33,3.11893986944523e+33,3.19461971002241e+33
208.1,2.39113408171619e+35,2.41125498906308e+35,2.47027074156364e+35,2.36021631248168e+35,2.38007926482734e+35,2.43833860265376e+35,3.09177692345078e+33,3.11757242357362e+33,3.19321389098814e+33
208.2,2.39013857470498e+35,2.41024964110593e+35,2.46923640462013e+35,2.35923433484094e+35,2.37908757644326e+35,2.437318308572e+35,3.09042398640376e+33,3.11620646626659e+33,3.1918096048131e+33
208.3,2.38914412878497e+35,2.40924536542822e+35,2.46820317299024e+35,2.35825340358056e+35,2.37809694547766e+35,2.43629910450073e+35,3.08907252044088e+33,3.11484199505606e+33,3.19040684895109e+33
208.4,2.38815074221925e+35,2.40824216027465e+35,2.46717104486469e+35,2.35727351698799e+35,2.37710737019985e+35,2.43528098865607e+35,3.08772252312564e+33,3.11347900747914e+33,3.18900562086129e+33
208.5,2.38715841327476e+35,2.40724002389378e+35,2.46614001843808e+35,2.35629467335449e+35,2.376118848883e+35,2.434263959258e+35,3.08637399202672e+33,3.11211750107817e+33,3.18760591800824e+33
208.6,2.38616714022232e+35,2.40623895453809e+35,2.46511009190897e+35,2.35531687097514e+35,2.37513137980408e+35,2.43324801453035e+35,3.08502692471794e+33,3.1107574734007e+33,3.18620773786183e+33
208.7,2.38517692133661e+35,2.40523895046395e+35,2.4640812634798e+35,2.35434010814883e+35,2.37414496124396e+35,2.43223315270083e+35,3.08368131877831e+33,3.10939892199948e+33,3.1848110778973e+33
208.8,2.38418775489619e+35,2.40424000993165e+35,2.46305353135703e+35,2.35336438317827e+35,2.37315959148732e+35,2.43121937200107e+35,3.08233717179194e+33,3.10804184443244e+33,3.18341593559521e+33
208.9,2.38319963918344e+35,2.40324213120535e+35,2.46202689375104e+35,2.35238969436996e+35,2.37217526882272e+35,2.43020667066662e+35,3.0809944813481e+33,3.10668623826267e+33,3.18202230844144e+33
209,2.38221257248456e+35,2.4022453125531e+35,2.46100134887623e+35,2.35141604003415e+35,2.37119199154252e+35,2.42919504693696e+35,3.07965324504118e+33,3.10533210105846e+33,3.18063019392718e+33
209.1,2.38122655308951e+35,2.40124955224681e+35,2.459976894951e+35,2.35044341848481e+35,2.37020975794288e+35,2.42818449905551e+35,3.07831346047069e+33,3.10397943039324e+33,3.1792395895489e+33
209.2,2.38024157929202e+35,2.40025484856218e+35,2.45895353019772e+35,2.3494718280396e+35,2.36922856632372e+35,2.42717502526964e+35,3.07697512524125e+33,3.10262822384561e+33,3.17785049280837e+33
209.3,2.37925764938949e+35,2.3992611997787e+35,2.45793125284274e+35,2.34850126701986e+35,2.36824841498871e+35,2.42616662383062e+35,3.07563823696258e+33,3.1012784789993e+33,3.17646290121263e+33
209.4,2.37827476168301e+35,2.39826860417961e+35,2.45691006111637e+35,2.34753173375051e+35,2.36726930224518e+35,2.42515929299363e+35,3.0743027932495e+33,3.09993019344319e+33,3.17507681227402e+33
209.5,2.37729291447731e+35,2.39727706005184e+35,2.45588995325281e+35,2.34656322656009e+35,2.36629122640413e+35,2.42415303101771e+35,3.07296879172189e+33,3.09858336477127e+33,3.17369222351011e+33
209.6,2.37631210608072e+35,2.396286565686e+35,2.45487092749016e+35,2.34559574378067e+35,2.36531418578017e+35,2.42314783616572e+35,3.07163623000472e+33,3.09723799058268e+33,3.17230913244375e+33
209.7,2.37533233480519e+35,2.39529711937633e+35,2.45385298207036e+35,2.34462928374791e+35,2.36433817869152e+35,2.42214370670433e+35,3.07030510572802e+33,3.09589406848164e+33,3.17092753660303e+33
209.8,2.37435359896625e+35,2.39430871942073e+35,2.45283611523914e+35,2.34366384480098e+35,2.36336320345995e+35,2.42114064090392e+35,3.06897541652684e+33,3.09455159607749e+33,3.16954743352131e+33
209.9,2.37337589688302e+35,2.39332136412068e+35,2.45182032524599e+35,2.3426994252826e+35,2.36238925841084e+35,2.42013863703862e+35,3.06764716004131e+33,3.09321057098463e+33,3.16816882073715e+33
210,2.3723992268782e+35,2.39233505178131e+35,2.45080561034416e+35,2.34173602353904e+35,2.36141634187308e+35,2.41913769338621e+35,3.06632033391653e+33,3.09187099082257e+33,3.16679169579436e+33
210.1,2.37142358727814e+35,2.39134978071134e+35,2.44979196879055e+35,2.34077363792011e+35,2.36044445217918e+35,2.41813780822813e+35,3.06499493580263e+33,3.09053285321584e+33,3.16541605624198e+33
210.2,2.37044897641277e+35,2.39036554922313e+35,2.44877939884578e+35,2.33981226677922e+35,2.35947358766519e+35,2.41713897984944e+35,3.06367096335474e+33,3.08919615579406e+33,3.16404189963424e+33
210.3,2.36947539261569e+35,2.38938235563269e+35,2.44776789877416e+35,2.33885190847336e+35,2.35850374667077e+35,2.41614120653885e+35,3.06234841423293e+33,3.08786089619184e+33,3.1626692235306e+33
210.4,2.36850283422415e+35,2.38840019825969e+35,2.44675746684366e+35,2.33789256136313e+35,2.3575349275392e+35,2.4151444865887e+35,3.06102728610225e+33,3.08652707204884e+33,3.16129802549568e+33
210.5,2.36753129957905e+35,2.38741907542749e+35,2.44574810132594e+35,2.33693422381273e+35,2.35656712861739e+35,2.41414881829495e+35,3.05970757663266e+33,3.08519468100969e+33,3.15992830309931e+33
210.6,2.366560787025e+35,2.38643898546312e+35,2.44473980049638e+35,2.33597689419001e+35,2.35560034825588e+35,2.41315419995722e+35,3.05838928349906e+33,3.08386372072401e+33,3.15856005391645e+33
210.7,2.36559129491025e+35,2.38545992669733e+35,2.44373256263407e+35,2.33502057086643e+35,2.35463458480886e+35,2.41216062987879e+35,3.05707240438125e+33,3.0825341888464e+33,3.15719327552724e+33
210.8,2.36462282158674e+35,2.38448189746456e+35,2.44272638602183e+35,2.3340652522171e+35,2.3536698366342e+35,2.41116810636666e+35,3.05575693696388e+33,3.08120608303637e+33,3.15582796551695e+33
210.9,2.36365536541007e+35,2.38350489610298e+35,2.44172126894625e+35,2.3331109366207e+35,2.3527061020934e+35,2.41017662773149e+35,3.05444287893649e+33,3.07987940095838e+33,3.15446412147596e+33
211,2.36268892473947e+35,2.38252892095442e+35,2.4407172096977e+35,2.33215762245953e+35,2.3517433795516e+35,2.40918619228771e+35,3.05313022799346e+33,3.07855414028177e+33,3.15310174099975e+33
211.1,2.36172349793778e+35,2.38155397036439e+35,2.43971420657031e+35,2.33120530811944e+35,2.35078166737758e+35,2.40819679835342e+35,3.05181898183396e+33,3.0772302986808e+33,3.1517408216889e+33
211.2,2.36075908337145e+35,2.38058004268205e+35,2.438712257862e+35,2.33025399198983e+35,2.3498209639437e+35,2.40720844425051e+35,3.050509138162e+33,3.07590787383458e+33,3.15038136114906e+33
211.3,2.35979567941043e+35,2.37960713626017e+35,2.43771136187445e+35,2.32930367246356e+35,2.3488612676259e+35,2.40622112830454e+35,3.04920069468637e+33,3.07458686342705e+33,3.14902335699089e+33
211.4,2.35883328442823e+35,2.37863524945511e+35,2.43671151691311e+35,2.32835434793702e+35,2.34790257680364e+35,2.40523484884481e+35,3.04789364912061e+33,3.07326726514701e+33,3.14766680683013e+33
211.5,2.35787189680184e+35,2.37766438062679e+35,2.43571272128716e+35,2.32740601681001e+35,2.34694488985991e+35,2.40424960420429e+35,3.04658799918302e+33,3.07194907668805e+33,3.14631170828749e+33
211.6,2.35691151491171e+35,2.37669452813863e+35,2.4347149733095e+35,2.32645867748574e+35,2.34598820518114e+35,2.40326539271961e+35,3.04528374259666e+33,3.07063229574857e+33,3.14495805898869e+33
211.7,2.35595213714172e+35,2.37572569035756e+35,2.43371827129668e+35,2.32551232837083e+35,2.34503252115724e+35,2.40228221273103e+35,3.04398087708927e+33,3.06931692003175e+33,3.14360585656441e+33
211.8,2.3549937618792e+35,2.37475786565397e+35,2.43272261356891e+35,2.32456696787527e+35,2.34407783618151e+35,2.40130006258241e+35,3.04267940039335e+33,3.06800294724553e+33,3.14225509865029e+33
211.9,2.35403638751486e+35,2.37379105240171e+35,2.43172799845e+35,2.3236225944124e+35,2.34312414865068e+35,2.40031894062113e+35,3.04137931024604e+33,3.06669037510259e+33,3.1409057828869e+33
212,2.35308001244285e+35,2.37282524897805e+35,2.43073442426733e+35,2.32267920639895e+35,2.34217145696484e+35,2.39933884519813e+35,3.0400806043892e+33,3.06537920132035e+33,3.13955790691973e+33
212.1,2.3521246350607e+35,2.3718604537637e+35,2.42974188935183e+35,2.321736802255e+35,2.3412197595275e+35,2.39835977466784e+35,3.03878328056936e+33,3.06406942362098e+33,3.13821146839918e+33
212.2,2.35117025376937e+35,2.37089666514282e+35,2.42875039203796e+35,2.320795380404e+35,2.34026905474551e+35,2.39738172738815e+35,3.03748733653768e+33,3.06276103973133e+33,3.1368664649805e+33
212.3,2.35021686697326e+35,2.36993388150297e+35,2.42775993066365e+35,2.31985493927276e+35,2.33931934102914e+35,2.39640470172041e+35,3.03619277005001e+33,3.06145404738295e+33,3.13552289432385e+33
212.4,2.34926447308018e+35,2.36897210123518e+35,2.42677050357035e+35,2.31891547729151e+35,2.33837061679206e+35,2.39542869602941e+35,3.03489957886681e+33,3.0601484443121e+33,3.13418075409422e+33
212.5,2.34831307050137e+35,2.36801132273392e+35,2.42578210910299e+35,2.31797699289384e+35,2.33742288045132e+35,2.39445370868338e+35,3.03360776075318e+33,3.05884422825971e+33,3.13284004196146e+33
212.6,2.34736265765156e+35,2.36705154439712e+35,2.42479474561e+35,2.31703948451677e+35,2.3364761304274e+35,2.393479738054e+35,3.03231731347885e+33,3.05754139697138e+33,3.13150075560022e+33
212.7,2.3464132329489e+35,2.36609276462619e+35,2.42380841144329e+35,2.31610295060071e+35,2.33553036514422e+35,2.39250678251639e+35,3.03102823481817e+33,3.05623994819739e+33,3.13016289269001e+33
212.8,2.34546479481499e+35,2.36513498182602e+35,2.42282310495829e+35,2.31516738958949e+35,2.33458558302909e+35,2.39153484044914e+35,3.02974052255007e+33,3.05493987969263e+33,3.12882645091512e+33
212.9,2.34451734167489e+35,2.36417819440496e+35,2.42183882451393e+35,2.31423279993031e+35,2.33364178251279e+35,2.39056391023429e+35,3.02845417445811e+33,3.05364118921669e+33,3.12749142796463e+33
213,2.34357087195711e+35,2.36322240077483e+35,2.42085556847269e+35,2.3132991800738e+35,2.33269896202949e+35,2.38959399025736e+35,3.02716918833041e+33,3.05234387453377e+33,3.12615782153244e+33
213.1,2.34262538409353e+35,2.36226759935093e+35,2.41987333520055e+35,2.31236652847393e+35,2.33175712001681e+35,2.38862507890738e+35,3.02588556195971e+33,3.05104793341269e+33,3.12482562931721e+33
213.2,2.34168087651946e+35,2.361313788552e+35,2.41889212306707e+35,2.31143484358803e+35,2.33081625491573e+35,2.38765717457685e+35,3.02460329314328e+33,3.04975336362692e+33,3.12349484902238e+33
213.3,2.34073734767358e+35,2.36036096680018e+35,2.41791193044533e+35,2.31050412387675e+35,2.32987636517063e+35,2.38669027566177e+35,3.023322379683e+33,3.04846016295453e+33,3.12216547835615e+33
213.4,2.3397947959979e+35,2.35940913252104e+35,2.41693275571192e+35,2.30957436780405e+35,2.32893744922926e+35,2.3857243805616e+35,3.02204281938526e+33,3.0471683291782e+33,3.12083751503147e+33
213.5,2.33885321993776e+35,2.35845828414351e+35,2.41595459724698e+35,2.30864557383715e+35,2.32799950554266e+35,2.38475948767932e+35,3.02076461006103e+33,3.0458778600852e+33,3.11951095676608e+33
213.6,2.33791261794178e+35,2.35750842009986e+35,2.41497745343414e+35,2.30771774044652e+35,2.32706253256519e+35,2.38379559542131e+35,3.01948774952582e+33,3.0445887534674e+33,3.11818580128241e+33
213.7,2.33697298846184e+35,2.35655953882569e+35,2.41400132266049e+35,2.30679086610584e+35,2.32612652875448e+35,2.38283270219742e+35,3.01821223559964e+33,3.04330100712125e+33,3.11686204630767e+33
213.8,2.33603432995305e+35,2.35561163875986e+35,2.41302620331661e+35,2.30586494929198e+35,2.32519149257138e+35,2.38187080642087e+35,3.01693806610705e+33,3.04201461884776e+33,3.11553968957376e+33
213.9,2.33509664087378e+35,2.35466471834453e+35,2.41205209379644e+35,2.30493998848501e+35,2.32425742248e+35,2.38090990650827e+35,3.0156652388771e+33,3.04072958645252e+33,3.11421872881735e+33
214,2.33415991968556e+35,2.35371877602506e+35,2.41107899249736e+35,2.30401598216812e+35,2.32332431694761e+35,2.37995000087956e+35,3.01439375174333e+33,3.03944590774565e+33,3.11289916177978e+33
214.1,2.33322416485315e+35,2.35277381025008e+35,2.41010689782008e+35,2.30309292882771e+35,2.32239217444466e+35,2.378991087958e+35,3.01312360254378e+33,3.03816358054182e+33,3.11158098620711e+33
214.2,2.33228937484449e+35,2.35182981947142e+35,2.40913580816863e+35,2.30217082695328e+35,2.32146099344481e+35,2.37803316617013e+35,3.01185478912097e+33,3.03688260266024e+33,3.1102641998501e+33
214.3,2.33135554813073e+35,2.3508868021441e+35,2.40816572195037e+35,2.30124967503752e+35,2.32053077242486e+35,2.37707623394573e+35,3.01058730932187e+33,3.03560297192463e+33,3.1089488004642e+33
214.4,2.33042268318623e+35,2.3499447567264e+35,2.40719663757593e+35,2.30032947157625e+35,2.31960150986477e+35,2.37612028971783e+35,3.0093211609979e+33,3.03432468616321e+33,3.10763478580953e+33
214.5,2.32949077848852e+35,2.34900368167978e+35,2.40622855345919e+35,2.29941021506847e+35,2.31867320424769e+35,2.37516533192268e+35,3.00805634200494e+33,3.03304774320871e+33,3.10632215365089e+33
214.6,2.32855983251838e+35,2.34806357546893e+35,2.40526146801732e+35,2.29849190401635e+35,2.31774585405995e+35,2.37421135899974e+35,3.00679285020329e+33,3.03177214089835e+33,3.10501090175772e+33
214.7,2.32762984375981e+35,2.34712443656178e+35,2.40429537967071e+35,2.29757453692524e+35,2.31681945779104e+35,2.37325836939167e+35,3.00553068345766e+33,3.03049787707382e+33,3.10370102790413e+33
214.8,2.32670081070005e+35,2.3461862634295e+35,2.40333028684303e+35,2.29665811230368e+35,2.31589401393369e+35,2.37230636154434e+35,3.0042698396372e+33,3.02922494958127e+33,3.10239252986884e+33
214.9,2.32577273182956e+35,2.3452490545465e+35,2.40236618796121e+35,2.2957426286634e+35,2.31496952098378e+35,2.37135533390685e+35,3.00301031661542e+33,3.02795335627131e+33,3.10108540543523e+33
215,2.32484560564205e+35,2.34431280839044e+35,2.40140308145542e+35,2.29482808451935e+35,2.31404597744045e+35,2.37040528493151e+35,3.00175211227024e+33,3.02668309499899e+33,3.09977965239128e+33
215.1,2.32391943063447e+35,2.34337752344227e+35,2.40044096575915e+35,2.29391447838963e+35,2.31312338180603e+35,2.36945621307385e+35,3.00049522448397e+33,3.0254141636238e+33,3.09847526852957e+33
215.2,2.32299420530699e+35,2.34244319818615e+35,2.39947983930914e+35,2.29300180879556e+35,2.31220173258606e+35,2.36850811679266e+35,2.99923965114326e+33,3.02414656000966e+33,3.09717225164728e+33
215.3,2.32206992816303e+35,2.34150983110953e+35,2.39851970054544e+35,2.29209007426164e+35,2.31128102828928e+35,2.36756099454998e+35,2.99798539013914e+33,3.02288028202488e+33,3.09587059954618e+33
215.4,2.32114659770918e+35,2.34057742070308e+35,2.39756054791141e+35,2.29117927331551e+35,2.31036126742766e+35,2.36661484481109e+35,2.996732439367e+33,3.02161532754219e+33,3.09457031003261e+33
215.5,2.32022421245524e+35,2.33964596546072e+35,2.39660237985371e+35,2.29026940448797e+35,2.30944244851633e+35,2.36566966604453e+35,2.99548079672654e+33,3.02035169443873e+33,3.09327138091749e+33
215.6,2.31930277091417e+35,2.33871546387954e+35,2.39564519482229e+35,2.28936046631296e+35,2.30852457007358e+35,2.36472545672213e+35,2.99423046012183e+33,3.019089380596e+33,3.09197381001626e+33
215.7,2.3183822716021e+35,2.33778591445988e+35,2.39468899127041e+35,2.28845245732748e+35,2.30760763062088e+35,2.36378221531892e+35,2.99298142746124e+33,3.01782838389991e+33,3.09067759514893e+33
215.8,2.31746271303824e+35,2.33685731570519e+35,2.39373376765462e+35,2.28754537607167e+35,2.30669162868279e+35,2.36283994031322e+35,2.99173369665746e+33,3.01656870224069e+33,3.08938273414006e+33
215.9,2.31654409374495e+35,2.33592966612213e+35,2.39277952243473e+35,2.28663922108867e+35,2.305776562787e+35,2.36189863018654e+35,2.99048726562749e+33,3.015310333513e+33,3.0880892248187e+33
216,2.31562641224765e+35,2.33500296422043e+35,2.3918262540738e+35,2.28573399092472e+35,2.30486243146427e+35,2.36095828342361e+35,2.98924213229265e+33,3.01405327561579e+33,3.08679706501845e+33
216.1,2.31470966707484e+35,2.33407720851295e+35,2.39087396103812e+35,2.28482968412905e+35,2.30394923324843e+35,2.36001889851235e+35,2.98799829457852e+33,3.0127975264524e+33,3.08550625257741e+33
216.2,2.31379385675805e+35,2.33315239751565e+35,2.38992264179721e+35,2.2839262992539e+35,2.30303696667634e+35,2.35908047394383e+35,2.98675575041499e+33,3.01154308393049e+33,3.08421678533819e+33
216.3,2.31287897983189e+35,2.33222852974753e+35,2.38897229482375e+35,2.28302383485453e+35,2.30212563028791e+35,2.35814300821227e+35,2.98551449773619e+33,3.01028994596205e+33,3.08292866114787e+33
216.4,2.31196503483398e+35,2.33130560373068e+35,2.38802291859358e+35,2.28212228948918e+35,2.30121522262605e+35,2.357206499815e+35,2.98427453448055e+33,3.00903811046339e+33,3.08164187785805e+33
216.5,2.31105202030498e+35,2.33038361799023e+35,2.38707451158569e+35,2.28122166171907e+35,2.30030574223668e+35,2.35627094725244e+35,2.98303585859075e+33,3.00778757535513e+33,3.0803564333248e+33
216.6,2.31013993478858e+35,2.32946257105435e+35,2.38612707228219e+35,2.28032195010844e+35,2.29939718766873e+35,2.3553363490281e+35,2.98179846801369e+33,3.00653833856221e+33,3.07907232540864e+33
216.7,2.30922877683151e+35,2.32854246145426e+35,2.38518059916828e+35,2.27942315322451e+35,2.29848955747412e+35,2.35440270364854e+35,2.98056236070053e+33,3.00529039801383e+33,3.07778955197459e+33
216.8,2.30831854498354e+35,2.32762328772425e+35,2.38423509073228e+35,2.27852526963748e+35,2.29758285020781e+35,2.35347000962336e+35,2.97932753460665e+33,3.00404375164351e+33,3.07650811089209e+33
216.9,2.30740923779748e+35,2.32670504840163e+35,2.38329054546559e+35,2.27762829792057e+35,2.29667706442774e+35,2.35253826546523e+35,2.97809398769163e+33,3.00279839738902e+33,3.07522800003507e+33
217,2.30650085382919e+35,2.32578774202679e+35,2.38234696186266e+35,2.27673223665e+35,2.29577219869486e+35,2.35160746968985e+35,2.97686171791926e+33,3.0015543331924e+33,3.07394921728186e+33
217.1,2.30559339163757e+35,2.32487136714317e+35,2.38140433842109e+35,2.275837084405e+35,2.29486825157317e+35,2.35067762081593e+35,2.97563072325754e+33,3.00031155699994e+33,3.07267176051525e+33
217.2,2.30468684978459e+35,2.32395592229728e+35,2.3804626736415e+35,2.27494283976781e+35,2.29396522162965e+35,2.34974871736528e+35,2.9744010016786e+33,2.99907006676216e+33,3.07139562762242e+33
217.3,2.30378122683525e+35,2.32304140603869e+35,2.37952196602765e+35,2.27404950132367e+35,2.29306310743435e+35,2.3488207578627e+35,2.97317255115877e+33,2.99782986043382e+33,3.070120816495e+33
217.4,2.30287652135761e+35,2.32212781692006e+35,2.37858221408638e+35,2.27315706766083e+35,2.29216190756032e+35,2.34789374083609e+35,2.97194536967854e+33,2.99659093597389e+33,3.068847325029e+33
217.5,2.30197273192275e+35,2.32121515349707e+35,2.37764341632763e+35,2.27226553737052e+35,2.29126162058361e+35,2.34696766481638e+35,2.97071945522249e+33,2.99535329134554e+33,3.06757515112481e+33
217.6,2.30106985710478e+35,2.32030341432849e+35,2.37670557126446e+35,2.27137490904698e+35,2.29036224508333e+35,2.34604252833758e+35,2.96949480577938e+33,2.99411692451613e+33,3.06630429268722e+33
217.7,2.30016789548082e+35,2.31939259797612e+35,2.37576867741302e+35,2.2704851812874e+35,2.28946377964155e+35,2.34511832993677e+35,2.96827141934205e+33,2.9928818334572e+33,3.06503474762538e+33
217.8,2.29926684563097e+35,2.31848270300479e+35,2.3748327332926e+35,2.2695963526919e+35,2.28856622284334e+35,2.34419506815407e+35,2.96704929390743e+33,2.99164801614443e+33,3.0637665138528e+33
217.9,2.29836670613833e+35,2.31757372798234e+35,2.37389773742557e+35,2.26870842186356e+35,2.28766957327676e+35,2.34327274153269e+35,2.96582842747656e+33,2.99041547055767e+33,3.06249958928732e+33
218,2.2974674755889e+35,2.31666567147961e+35,2.3729636883374e+35,2.26782138740836e+35,2.2867738295328e+35,2.34235134861889e+35,2.96460881805454e+33,2.9891841946809e+33,3.06123397185111e+33
218.1,2.29656915257165e+35,2.31575853207039e+35,2.37203058455667e+35,2.26693524793514e+35,2.28587899020536e+35,2.34143088796196e+35,2.96339046365052e+33,2.98795418650222e+33,3.05996965947067e+33
218.2,2.29567173567841e+35,2.31485230833143e+35,2.37109842461499e+35,2.26605000205564e+35,2.28498505389129e+35,2.34051135811423e+35,2.96217336227771e+33,2.98672544401383e+33,3.05870665007678e+33
218.3,2.29477522350394e+35,2.31394699884241e+35,2.37016720704706e+35,2.26516564838441e+35,2.28409201919029e+35,2.33959275763102e+35,2.96095751195335e+33,2.98549796521203e+33,3.05744494160453e+33
218.4,2.29387961464582e+35,2.3130426021859e+35,2.36923693039058e+35,2.26428218553883e+35,2.28319988470493e+35,2.33867508507065e+35,2.9597429106987e+33,2.98427174809721e+33,3.05618453199326e+33
218.5,2.29298490770451e+35,2.31213911694736e+35,2.36830759318627e+35,2.26339961213912e+35,2.28230864904062e+35,2.33775833899441e+35,2.95852955653902e+33,2.98304679067383e+33,3.0549254191866e+33
218.6,2.29209110128327e+35,2.3112365417151e+35,2.36737919397784e+35,2.26251792680823e+35,2.2814183108056e+35,2.33684251796651e+35,2.9573174475036e+33,2.98182309095039e+33,3.05366760113239e+33
218.7,2.2911981939882e+35,2.3103348750803e+35,2.36645173131192e+35,2.26163712817194e+35,2.28052886861091e+35,2.33592762055409e+35,2.95610658162571e+33,2.98060064693947e+33,3.05241107578273e+33
218.8,2.29030618442822e+35,2.30943411563695e+35,2.36552520373812e+35,2.26075721485879e+35,2.27964032107037e+35,2.33501364532718e+35,2.95489695694259e+33,2.97937945665766e+33,3.05115584109393e+33
218.9,2.28941507121504e+35,2.30853426198188e+35,2.36459960980894e+35,2.25987818550008e+35,2.27875266680063e+35,2.33410059085868e+35,2.95368857149547e+33,2.97815951812561e+33,3.0499018950265e+33
219,2.28852485296318e+35,2.30763531271475e+35,2.36367494807978e+35,2.25900003872988e+35,2.27786590442107e+35,2.33318845572433e+35,2.95248142332956e+33,2.97694082936796e+33,3.04864923554515e+33
219.1,2.28763552828998e+35,2.30673726643801e+35,2.36275121710891e+35,2.25812277318504e+35,2.27698003255388e+35,2.33227723850272e+35,2.95127551049401e+33,2.97572338841339e+33,3.04739786061878e+33
219.2,2.28674709581556e+35,2.30584012175696e+35,2.36182841545748e+35,2.25724638750514e+35,2.27609504982402e+35,2.33136693777527e+35,2.95007083104193e+33,2.97450719329458e+33,3.04614776822044e+33
219.3,2.28585955416289e+35,2.30494387727969e+35,2.36090654168948e+35,2.25637088033258e+35,2.27521095485921e+35,2.3304575521262e+35,2.94886738303039e+33,2.9732922420482e+33,3.04489895632736e+33
219.4,2.2849729019577e+35,2.30404853161713e+35,2.35998559437176e+35,2.2554962503125e+35,2.27432774628998e+35,2.32954908014255e+35,2.9476651645204e+33,2.97207853271491e+33,3.04365142292093e+33
219.5,2.28408713782857e+35,2.30315408338301e+35,2.35906557207403e+35,2.2546224960928e+35,2.27344542274962e+35,2.32864152041416e+35,2.94646417357692e+33,2.97086606333939e+33,3.04240516598666e+33
219.6,2.28320226040688e+35,2.3022605311939e+35,2.35814647336882e+35,2.25374961632419e+35,2.2725639828742e+35,2.32773487153368e+35,2.94526440826883e+33,2.96965483197028e+33,3.04116018351421e+33
219.7,2.28231826832682e+35,2.30136787366919e+35,2.35722829683154e+35,2.25287760966013e+35,2.27168342530259e+35,2.32682913209657e+35,2.94406586666897e+33,2.96844483666021e+33,3.03991647349737e+33
219.8,2.28143516022539e+35,2.3004761094311e+35,2.35631104104043e+35,2.25200647475685e+35,2.27080374867644e+35,2.32592430070109e+35,2.94286854685409e+33,2.96723607546578e+33,3.03867403393404e+33
219.9,2.2805529347424e+35,2.29958523710466e+35,2.35539470457659e+35,2.25113621027335e+35,2.26992495164018e+35,2.32502037594833e+35,2.94167244690487e+33,2.96602854644758e+33,3.03743286282625e+33
220,2.27967159052042e+35,2.29869525531771e+35,2.35447928602399e+35,2.25026681487136e+35,2.26904703284101e+35,2.32411735644219e+35,2.94047756490593e+33,2.96482224767016e+33,3.03619295818014e+33
220.1,2.27879112620484e+35,2.29780616270092e+35,2.35356478396944e+35,2.24939828721538e+35,2.2681699909289e+35,2.32321524078938e+35,2.93928389894579e+33,2.96361717720203e+33,3.03495431800596e+33
220.2,2.2779115404438e+35,2.29691795788773e+35,2.35265119700261e+35,2.24853062597263e+35,2.26729382455658e+35,2.32231402759943e+35,2.93809144711691e+33,2.96241333311569e+33,3.03371694031805e+33
220.3,2.27703283188821e+35,2.2960306395144e+35,2.35173852371605e+35,2.24766382981305e+35,2.26641853237952e+35,2.3214137154847e+35,2.93690020751565e+33,2.96121071348757e+33,3.03248082313487e+33
220.4,2.27615499919169e+35,2.29514420621992e+35,2.35082676270512e+35,2.24679789740927e+35,2.26554411305594e+35,2.32051430306033e+35,2.93571017824228e+33,2.96000931639809e+33,3.03124596447896e+33
220.5,2.27527804101061e+35,2.29425865664608e+35,2.34991591256804e+35,2.2459328274366e+35,2.26467056524676e+35,2.31961578894428e+35,2.93452135740099e+33,2.95880913993162e+33,3.03001236237697e+33
220.6,2.27440195600404e+35,2.29337398943736e+35,2.34900597190588e+35,2.24506861857304e+35,2.26379788761559e+35,2.31871817175728e+35,2.93333374309986e+33,2.95761018217645e+33,3.02878001485964e+33
220.7,2.27352674283373e+35,2.292490203241e+35,2.34809693932248e+35,2.24420526949922e+35,2.26292607882876e+35,2.31782145012287e+35,2.93214733345088e+33,2.95641244122487e+33,3.02754891996179e+33
220.8,2.27265240016413e+35,2.29160729670694e+35,2.34718881342453e+35,2.24334277889843e+35,2.26205513755521e+35,2.31692562266731e+35,2.93096212656991e+33,2.95521591517306e+33,3.02631907572234e+33
220.9,2.27177892666233e+35,2.2907252684878e+35,2.34628159282147e+35,2.24248114545657e+35,2.26118506246658e+35,2.31603068801963e+35,2.92977812057673e+33,2.95402060212119e+33,3.02509048018427e+33
221,2.2709063209981e+35,2.28984411723888e+35,2.34537527612553e+35,2.24162036786215e+35,2.26031585223714e+35,2.31513664481158e+35,2.92859531359496e+33,2.95282650017332e+33,3.02386313139469e+33
221.1,2.27003458184383e+35,2.28896384161815e+35,2.34446986195167e+35,2.24076044480631e+35,2.25944750554378e+35,2.31424349167762e+35,2.92741370375213e+33,2.95163360743746e+33,3.02263702740472e+33
221.2,2.26916370787457e+35,2.28808444028626e+35,2.34356534891761e+35,2.23990137498277e+35,2.258580021066e+35,2.31335122725491e+35,2.92623328917959e+33,2.95044192202554e+33,3.02141216626962e+33
221.3,2.26829369776799e+35,2.28720591190646e+35,2.34266173564376e+35,2.23904315708787e+35,2.25771339748593e+35,2.31245985018327e+35,2.92505406801261e+33,2.94925144205339e+33,3.02018854604867e+33
221.4,2.26742455020442e+35,2.2863282551447e+35,2.34175902075326e+35,2.23818578982052e+35,2.2568476334883e+35,2.31156935910521e+35,2.92387603839024e+33,2.94806216564075e+33,3.01896616480525e+33
221.5,2.26655626386679e+35,2.28545146866955e+35,2.34085720287193e+35,2.23732927188224e+35,2.25598272776044e+35,2.31067975266586e+35,2.92269919845542e+33,2.94687409091126e+33,3.01774502060678e+33
221.6,2.26568883744071e+35,2.28457555115222e+35,2.33995628062827e+35,2.23647360197716e+35,2.25511867899229e+35,2.30979102951302e+35,2.9215235463549e+33,2.94568721599246e+33,3.01652511152472e+33
221.7,2.26482226961439e+35,2.28370050126657e+35,2.33905625265346e+35,2.235618778812e+35,2.25425548587641e+35,2.30890318829712e+35,2.92034908023924e+33,2.94450153901575e+33,3.01530643563461e+33
221.8,2.2639565590787e+35,2.28282631768911e+35,2.33815711758137e+35,2.23476480109607e+35,2.25339314710794e+35,2.30801622767121e+35,2.91917579826282e+33,2.94331705811641e+33,3.014088991016e+33
221.9,2.26309170452715e+35,2.281952999099e+35,2.33725887404852e+35,2.23391166754131e+35,2.25253166138466e+35,2.30713014629099e+35,2.91800369858384e+33,2.94213377143357e+33,3.0128727757525e+33
222,2.26222770465589e+35,2.28108054417806e+35,2.33636152069411e+35,2.23305937686225e+35,2.25167102740695e+35,2.30624494281479e+35,2.91683277936425e+33,2.94095167711022e+33,3.0116577879317e+33
222.1,2.26136455816372e+35,2.28020895161074e+35,2.33546505616001e+35,2.23220792777602e+35,2.25081124387781e+35,2.30536061590356e+35,2.91566303876981e+33,2.93977077329318e+33,3.01044402564524e+33
222.2,2.26050226375209e+35,2.27933822008419e+35,2.33456947909079e+35,2.23135731900239e+35,2.24995230950286e+35,2.3044771642209e+35,2.91449447497003e+33,2.93859105813311e+33,3.00923148698876e+33
222.3,2.25964082012507e+35,2.27846834828817e+35,2.33367478813367e+35,2.23050754926369e+35,2.24909422299032e+35,2.30359458643305e+35,2.9133270861382e+33,2.93741252978448e+33,3.00802017006188e+33
222.4,2.25878022598938e+35,2.27759933491511e+35,2.33278098193858e+35,2.22965861728487e+35,2.24823698305106e+35,2.30271288120889e+35,2.91216087045132e+33,2.93623518640557e+33,3.00681007296821e+33
222.5,2.25792048005435e+35,2.2767311786601e+35,2.33188805915812e+35,2.22881052179345e+35,2.24738058839851e+35,2.30183204721997e+35,2.91099582609017e+33,2.93505902615845e+33,3.00560119381533e+33
222.6,2.25706158103193e+35,2.27586387822084e+35,2.3309960184476e+35,2.22796326151954e+35,2.24652503774875e+35,2.30095208314045e+35,2.90983195123922e+33,2.93388404720898e+33,3.00439353071479e+33
222.7,2.25620352763667e+35,2.27499743229769e+35,2.33010485846501e+35,2.2271168351958e+35,2.24567032982042e+35,2.30007298764719e+35,2.90866924408669e+33,2.93271024772681e+33,3.00318708178208e+33
222.8,2.25534631858572e+35,2.2741318395936e+35,2.32921457787102e+35,2.22627124155747e+35,2.24481646333474e+35,2.29919475941965e+35,2.90750770282447e+33,2.93153762588533e+33,3.00198184513664e+33
222.9,2.25448995259878e+35,2.27326709881414e+35,2.32832517532899e+35,2.22542647934229e+35,2.24396343701552e+35,2.29831739713998e+35,2.90634732564819e+33,2.9303661798617e+33,3.00077781890184e+33
223,2.25363442839812e+35,2.27240320866748e+35,2.32743664950497e+35,2.22458254729055e+35,2.24311124958911e+35,2.29744089949292e+35,2.90518811075713e+33,2.92919590783682e+33,2.99957500120495e+33
223.1,2.25277974470855e+35,2.27154016786434e+35,2.32654899906764e+35,2.223739444145e+35,2.24225989978439e+35,2.29656526516587e+35,2.90403005635426e+33,2.92802680799533e+33,2.99837339017717e+33
223.2,2.2519259002574e+35,2.27067797511802e+35,2.32566222268838e+35,2.22289716865094e+35,2.24140938633276e+35,2.29569049284884e+35,2.90287316064624e+33,2.92685887852559e+33,2.99717298395358e+33
223.3,2.25107289377451e+35,2.26981662914433e+35,2.32477631904117e+35,2.22205571955608e+35,2.24055970796814e+35,2.29481658123444e+35,2.90171742184336e+33,2.92569211761968e+33,2.99597378067315e+33
223.4,2.25022072399223e+35,2.26895612866165e+35,2.32389128680265e+35,2.22121509561063e+35,2.23971086342691e+35,2.29394352901786e+35,2.90056283815959e+33,2.92452652347339e+33,2.99477577847871e+33
223.5,2.24936938964535e+35,2.26809647239082e+35,2.32300712465203e+35,2.22037529556723e+35,2.23886285144796e+35,2.29307133489686e+35,2.89940940781253e+33,2.92336209428621e+33,2.99357897551696e+33
223.6,2.24851888947117e+35,2.26723765905522e+35,2.32212383127116e+35,2.21953631818094e+35,2.2380156707726e+35,2.29219999757177e+35,2.89825712902341e+33,2.92219882826131e+33,2.99238336993846e+33
223.7,2.24766922220944e+35,2.26637968738068e+35,2.32124140534442e+35,2.21869816220927e+35,2.23716932014462e+35,2.29132951574545e+35,2.89710600001712e+33,2.92103672360556e+33,2.99118895989762e+33
223.8,2.24682038660236e+35,2.26552255609552e+35,2.32035984555878e+35,2.21786082641214e+35,2.23632379831023e+35,2.29045988812326e+35,2.89595601902213e+33,2.91987577852949e+33,2.98999574355265e+33
223.9,2.24597238139456e+35,2.26466626393054e+35,2.31947915060375e+35,2.21702430955186e+35,2.23547910401807e+35,2.28959111341309e+35,2.89480718427056e+33,2.9187159912473e+33,2.98880371906561e+33
224,2.24512520533315e+35,2.26381080961897e+35,2.31859931917134e+35,2.21618861039317e+35,2.2346352360192e+35,2.28872319032532e+35,2.89365949399812e+33,2.91755735997685e+33,2.98761288460236e+33
224.1,2.24427885716765e+35,2.2629561918965e+35,2.31772034995611e+35,2.21535372770321e+35,2.23379219306711e+35,2.28785611757279e+35,2.89251294644412e+33,2.91639988293965e+33,2.98642323833258e+33
224.2,2.24343333565001e+35,2.2621024095013e+35,2.31684224165513e+35,2.2145196602515e+35,2.23294997391769e+35,2.28698989387083e+35,2.89136753985145e+33,2.91524355836086e+33,2.98523477842973e+33
224.3,2.24258863953466e+35,2.26124946117394e+35,2.31596499296793e+35,2.21368640680999e+35,2.23210857732925e+35,2.28612451793722e+35,2.89022327246662e+33,2.91408838446926e+33,2.98404750307106e+33
224.4,2.24174476757841e+35,2.26039734565748e+35,2.31508860259657e+35,2.21285396615302e+35,2.23126800206251e+35,2.2852599884922e+35,2.88908014253967e+33,2.91293435949729e+33,2.9828614104376e+33
224.5,2.24090171854055e+35,2.25954606169741e+35,2.31421306924559e+35,2.21202233705731e+35,2.2304282468806e+35,2.28439630425845e+35,2.88793814832426e+33,2.91178148168097e+33,2.98167649871416e+33
224.6,2.24005949118278e+35,2.25869560804166e+35,2.313338391622e+35,2.211191518302e+35,2.22958931054906e+35,2.2835334639611e+35,2.88679728807758e+33,2.91062974925997e+33,2.98049276608929e+33
224.7,2.23921808426922e+35,2.25784598344061e+35,2.3124645684353e+35,2.21036150866862e+35,2.22875119183584e+35,2.28267146632775e+35,2.88565756006037e+33,2.90947916047755e+33,2.97931021075531e+33
224.8,2.23837749656645e+35,2.25699718664708e+35,2.31159159839748e+35,2.20953230694108e+35,2.22791388951128e+35,2.2818103100884e+35,2.88451896253695e+33,2.90832971358056e+33,2.9781288309083e+33
224.9,2.23753772684343e+35,2.25614921641634e+35,2.310719480223e+35,2.20870391190568e+35,2.22707740234814e+35,2.28094999397552e+35,2.88338149377516e+33,2.90718140681947e+33,2.97694862474803e+33
225,2.23669877387157e+35,2.25530207150607e+35,2.30984821262882e+35,2.20787632235111e+35,2.22624172912159e+35,2.28009051672404e+35,2.88224515204638e+33,2.9060342384483e+33,2.97576959047804e+33
225.1,2.23586063642467e+35,2.2544557506764e+35,2.30897779433436e+35,2.20704953706841e+35,2.22540686860916e+35,2.2792318770713e+35,2.8811099356255e+33,2.90488820672466e+33,2.97459172630559e+33
225.2,2.23502331327892e+35,2.25361025268989e+35,2.30810822406153e+35,2.20622355485101e+35,2.22457281959079e+35,2.27837407375711e+35,2.87997584279096e+33,2.90374330990976e+33,2.97341503044163e+33
225.3,2.23418680321293e+35,2.25276557631148e+35,2.30723950053472e+35,2.20539837449468e+35,2.2237395808488e+35,2.27751710552371e+35,2.87884287182469e+33,2.90259954626831e+33,2.97223950110083e+33
225.4,2.23335110500764e+35,2.25192172030855e+35,2.30637162248079e+35,2.20457399479752e+35,2.22290715116786e+35,2.27666097111578e+35,2.87771102101213e+33,2.90145691406863e+33,2.97106513650155e+33
225.5,2.23251621744639e+35,2.25107868345084e+35,2.30550458862908e+35,2.20375041455997e+35,2.22207552933502e+35,2.27580566928042e+35,2.87658028864222e+33,2.90031541158256e+33,2.96989193486585e+33
225.6,2.23168213931487e+35,2.2502364645105e+35,2.30463839771137e+35,2.20292763258479e+35,2.22124471413964e+35,2.27495119876717e+35,2.8754506730074e+33,2.89917503708549e+33,2.96871989441947e+33
225.7,2.23084886940107e+35,2.24939506226202e+35,2.3037730484619e+35,2.20210564767704e+35,2.22041470437345e+35,2.27409755832798e+35,2.87432217240358e+33,2.89803578885633e+33,2.96754901339179e+33
225.8,2.23001640649536e+35,2.24855447548226e+35,2.30290853961736e+35,2.20128445864406e+35,2.21958549883048e+35,2.2732447467172e+35,2.87319478513015e+33,2.89689766517754e+33,2.9663792900159e+33
225.9,2.22918474939039e+35,2.24771470295042e+35,2.30204486991687e+35,2.20046406429549e+35,2.21875709630707e+35,2.27239276269158e+35,2.87206850949e+33,2.89576066433507e+33,2.96521072252852e+33
226,2.22835389688112e+35,2.24687574344803e+35,2.30118203810196e+35,2.19964446344322e+35,2.21792949560185e+35,2.27154160501026e+35,2.87094334378945e+33,2.89462478461841e+33,2.96404330917002e+33
226.1,2.2275238477648e+35,2.24603759575894e+35,2.30032004291658e+35,2.19882565490142e+35,2.21710269551573e+35,2.27069127243474e+35,2.86981928633831e+33,2.89349002432054e+33,2.96287704818441e+33
226.2,2.22669460084098e+35,2.24520025866929e+35,2.29945888310706e+35,2.19800763748648e+35,2.21627669485191e+35,2.26984176372886e+35,2.86869633544982e+33,2.89235638173794e+33,2.96171193781934e+33
226.3,2.22586615491148e+35,2.24436373096754e+35,2.2985985574221e+35,2.19719041001707e+35,2.21545149241583e+35,2.26899307765884e+35,2.86757448944069e+33,2.8912238551706e+33,2.96054797632608e+33
226.4,2.22503850878037e+35,2.24352801144443e+35,2.2977390646128e+35,2.19637397131406e+35,2.21462708701521e+35,2.2681452129932e+35,2.86645374663107e+33,2.89009244292198e+33,2.95938516195951e+33
226.5,2.22421166125404e+35,2.24269309889299e+35,2.29688040343258e+35,2.1955583202006e+35,2.21380347746e+35,2.26729816850279e+35,2.86533410534454e+33,2.88896214329904e+33,2.95822349297813e+33
226.6,2.2233856111411e+35,2.24185899210853e+35,2.29602257263721e+35,2.19474345550202e+35,2.21298066256241e+35,2.26645194296077e+35,2.86421556390814e+33,2.88783295461221e+33,2.95706296764403e+33
226.7,2.22256035725246e+35,2.24102568988864e+35,2.29516557098482e+35,2.19392937604593e+35,2.21215864113689e+35,2.26560653514259e+35,2.86309812065233e+33,2.8867048751754e+33,2.95590358422292e+33
226.8,2.22173589840126e+35,2.24019319103318e+35,2.29430939723584e+35,2.19311608066215e+35,2.21133741200012e+35,2.264761943826e+35,2.86198177391099e+33,2.88557790330598e+33,2.95474534098406e+33
226.9,2.22091223340293e+35,2.23936149434429e+35,2.29345405015303e+35,2.19230356818271e+35,2.21051697397104e+35,2.26391816779103e+35,2.86086652202144e+33,2.88445203732481e+33,2.95358823620034e+33
227,2.22008936107516e+35,2.23853059862638e+35,2.29259952850147e+35,2.19149183744192e+35,2.20969732587082e+35,2.26307520581999e+35,2.85975236332441e+33,2.88332727555617e+33,2.95243226814819e+33
227.1,2.21926728023792e+35,2.23770050268616e+35,2.29174583104855e+35,2.19068088727628e+35,2.20887846652288e+35,2.26223305669748e+35,2.85863929616404e+33,2.88220361632784e+33,2.95127743510763e+33
227.2,2.21844598971342e+35,2.23687120533259e+35,2.29089295656398e+35,2.18987071652454e+35,2.20806039475287e+35,2.26139171921036e+35,2.85752731888791e+33,2.88108105797103e+33,2.95012373536224e+33
227.3,2.21762548832616e+35,2.23604270537692e+35,2.29004090381977e+35,2.18906132402769e+35,2.20724310938871e+35,2.26055119214778e+35,2.85641642984698e+33,2.87995959882041e+33,2.94897116719916e+33
227.4,2.2168057749029e+35,2.23521500163268e+35,2.28918967159026e+35,2.18825270862894e+35,2.20642660926054e+35,2.25971147430117e+35,2.85530662739564e+33,2.87883923721408e+33,2.94781972890911e+33
227.5,2.21598684827266e+35,2.23438809291569e+35,2.2883392586521e+35,2.18744486917374e+35,2.20561089320075e+35,2.25887256446424e+35,2.85419790989167e+33,2.87771997149361e+33,2.94666941878632e+33
227.6,2.21516870726673e+35,2.23356197804404e+35,2.28748966378426e+35,2.18663780450977e+35,2.204795960044e+35,2.25803446143297e+35,2.85309027569624e+33,2.87660180000397e+33,2.9455202351286e+33
227.7,2.21435135071865e+35,2.23273665583808e+35,2.28664088576803e+35,2.18583151348691e+35,2.20398180862714e+35,2.25719716400565e+35,2.85198372317393e+33,2.87548472109362e+33,2.9443721762373e+33
227.8,2.21353477746422e+35,2.23191212512046e+35,2.28579292338702e+35,2.18502599495729e+35,2.20316843778932e+35,2.25636067098285e+35,2.85087825069271e+33,2.87436873311439e+33,2.94322524041729e+33
227.9,2.21271898634147e+35,2.23108838471608e+35,2.28494577542717e+35,2.18422124777523e+35,2.20235584637187e+35,2.2555249811674e+35,2.84977385662392e+33,2.87325383442158e+33,2.942079425977e+33
228,2.21190397619067e+35,2.23026543345211e+35,2.28409944067673e+35,2.18341727079725e+35,2.20154403321837e+35,2.25469009336445e+35,2.84867053934229e+33,2.87214002337388e+33,2.94093473122838e+33
228.1,2.21108974585433e+35,2.22944327015796e+35,2.2832539179263e+35,2.18261406288207e+35,2.20073299717463e+35,2.25385600638143e+35,2.84756829722592e+33,2.87102729833344e+33,2.93979115448689e+33
228.2,2.21027629417715e+35,2.22862189366529e+35,2.28240920596875e+35,2.18181162289059e+35,2.19992273708863e+35,2.25302271902803e+35,2.84646712865629e+33,2.86991565766577e+33,2.93864869407155e+33
228.3,2.20946362000605e+35,2.22780130280799e+35,2.2815653035993e+35,2.18100994968587e+35,2.19911325181059e+35,2.25219023011625e+35,2.84536703201822e+33,2.86880509973982e+33,2.93750734830486e+33
228.4,2.20865172219015e+35,2.22698149642218e+35,2.28072220961547e+35,2.18020904213315e+35,2.1983045401929e+35,2.25135853846034e+35,2.84426800569991e+33,2.86769562292792e+33,2.93636711551286e+33
228.5,2.20784059958073e+35,2.22616247334619e+35,2.27987992281708e+35,2.1794088990998e+35,2.19749660109013e+35,2.25052764287683e+35,2.84317004809288e+33,2.86658722560582e+33,2.93522799402508e+33
228.6,2.20703025103125e+35,2.22534423242054e+35,2.27903844200623e+35,2.17860951945533e+35,2.19668943335901e+35,2.24969754218448e+35,2.84207315759202e+33,2.86547990615261e+33,2.93408998217457e+33
228.7,2.20622067539735e+35,2.22452677248794e+35,2.27819776598731e+35,2.17781090207139e+35,2.19588303585843e+35,2.24886823520433e+35,2.84097733259553e+33,2.86437366295081e+33,2.93295307829786e+33
228.8,2.20541187153678e+35,2.22371009239328e+35,2.27735789356698e+35,2.17701304582173e+35,2.19507740744942e+35,2.24803972075963e+35,2.83988257150493e+33,2.86326849438626e+33,2.93181728073498e+33
228.9,2.20460383830946e+35,2.22289419098363e+35,2.27651882355417e+35,2.17621594958221e+35,2.19427254699515e+35,2.24721199767587e+35,2.83878887272508e+33,2.86216439884821e+33,2.93068258782945e+33
229,2.20379657457743e+35,2.2220790671082e+35,2.27568055476002e+35,2.17541961223078e+35,2.19346845336091e+35,2.24638506478074e+35,2.83769623466412e+33,2.86106137472921e+33,2.92954899792824e+33
229.1,2.20299007920485e+35,2.22126471961835e+35,2.27484308599796e+35,2.17462403264752e+35,2.1926651254141e+35,2.24555892090414e+35,2.8366046557335e+33,2.8599594204252e+33,2.92841650938181e+33
229.2,2.20218435105803e+35,2.22045114736758e+35,2.27400641608359e+35,2.17382920971455e+35,2.19186256202423e+35,2.24473356487815e+35,2.83551413434793e+33,2.85885853433542e+33,2.92728512054409e+33
229.3,2.20137938900535e+35,2.21963834921154e+35,2.27317054383477e+35,2.17303514231609e+35,2.19106076206291e+35,2.24390899553704e+35,2.83442466892542e+33,2.85775871486245e+33,2.92615482977244e+33
229.4,2.20057519191732e+35,2.21882632400799e+35,2.27233546807153e+35,2.17224182933845e+35,2.19025972440387e+35,2.24308521171725e+35,2.83333625788723e+33,2.85665996041217e+33,2.92502563542767e+33
229.5,2.19977175866658e+35,2.21801507061683e+35,2.27150118761611e+35,2.17144926967e+35,2.18945944792289e+35,2.24226221225737e+35,2.83224889965788e+33,2.85556226939378e+33,2.92389753587402e+33
229.6,2.19896908812784e+35,2.21720458790007e+35,2.27066770129295e+35,2.17065746220119e+35,2.18865993149787e+35,2.24143999599815e+35,2.83116259266512e+33,2.85446564021973e+33,2.92277052947916e+33
229.7,2.19816717917793e+35,2.21639487472185e+35,2.26983500792864e+35,2.16986640582453e+35,2.18786117400879e+35,2.2406185617825e+35,2.83007733533994e+33,2.85337007130579e+33,2.92164461461416e+33
229.8,2.19736603069577e+35,2.21558592994842e+35,2.26900310635198e+35,2.16907609943461e+35,2.18706317433771e+35,2.23979790845545e+35,2.82899312611653e+33,2.85227556107097e+33,2.92051978965349e+33
229.9,2.19656564156241e+35,2.21477775244817e+35,2.26817199539394e+35,2.16828654192809e+35,2.18626593136879e+35,2.23897803486419e+35,2.82790996343231e+33,2.85118210793755e+33,2.91939605297501e+33
230,2.19576601066098e+35,2.21397034109156e+35,2.26734167388762e+35,2.1674977322037e+35,2.18546944398825e+35,2.23815893985802e+35,2.82682784572789e+33,2.85008971033104e+33,2.91827340295997e+33
230.1,2.19496713687669e+35,2.21316369475121e+35,2.26651214066834e+35,2.16670966916222e+35,2.18467371108441e+35,2.23734062228841e+35,2.82574677144706e+33,2.84899836668019e+33,2.91715183799295e+33
230.2,2.19416901909687e+35,2.21235781230183e+35,2.26568339457355e+35,2.16592235170651e+35,2.18387873154766e+35,2.23652308100893e+35,2.82466673903679e+33,2.84790807541698e+33,2.91603135646191e+33
230.3,2.19337165621095e+35,2.21155269262025e+35,2.26485543444289e+35,2.16513577874148e+35,2.18308450427049e+35,2.23570631487531e+35,2.82358774694721e+33,2.84681883497658e+33,2.91491195675813e+33
230.4,2.19257504711042e+35,2.21074833458541e+35,2.26402825911816e+35,2.1643499491741e+35,2.18229102814744e+35,2.23489032274539e+35,2.82250979363161e+33,2.84573064379736e+33,2.91379363727623e+33
230.5,2.19177919068887e+35,2.20994473707834e+35,2.26320186744331e+35,2.16356486191341e+35,2.18149830207513e+35,2.23407510347917e+35,2.82143287754641e+33,2.84464350032089e+33,2.91267639641412e+33
230.6,2.19098408584197e+35,2.20914189898219e+35,2.26237625826448e+35,2.16278051587045e+35,2.18070632495227e+35,2.23326065593875e+35,2.8203569971512e+33,2.84355740299191e+33,2.91156023257304e+33
230.7,2.19018973146744e+35,2.2083398191822e+35,2.26155143042995e+35,2.16199690995836e+35,2.17991509567961e+35,2.23244697898838e+35,2.81928215090866e+33,2.84247235025833e+33,2.91044514415748e+33
230.8,2.18939612646511e+35,2.20753849656569e+35,2.26072738279018e+35,2.16121404309226e+35,2.17912461315998e+35,2.23163407149443e+35,2.81820833728461e+33,2.84138834057122e+33,2.90933112957523e+33
230.9,2.18860326973681e+35,2.20673793002208e+35,2.25990411419779e+35,2.16043191418933e+35,2.17833487629823e+35,2.23082193232542e+35,2.81713555474798e+33,2.8403053723848e+33,2.90821818723732e+33
231,2.18781116018645e+35,2.20593811844285e+35,2.25908162350753e+35,2.15965052216874e+35,2.17754588400129e+35,2.23001056035195e+35,2.81606380177079e+33,2.83922344415641e+33,2.90710631555806e+33
231.1,2.18701979671999e+35,2.20513906072156e+35,2.25825990957634e+35,2.15886986595171e+35,2.1767576351781e+35,2.22919995444679e+35,2.81499307682818e+33,2.83814255434654e+33,2.90599551295497e+33
231.2,2.18622917824539e+35,2.20434075575383e+35,2.25743897126326e+35,2.1580899444614e+35,2.17597012873964e+35,2.22839011348478e+35,2.81392337839834e+33,2.83706270141882e+33,2.90488577784879e+33
231.3,2.18543930367264e+35,2.20354320243732e+35,2.25661880742952e+35,2.15731075662301e+35,2.17518336359892e+35,2.22758103634288e+35,2.8128547049626e+33,2.83598388383996e+33,2.90377710866352e+33
231.4,2.18465017191376e+35,2.20274639967172e+35,2.25579941693843e+35,2.15653230136371e+35,2.17439733867093e+35,2.22677272190016e+35,2.81178705500532e+33,2.8349061000798e+33,2.90266950382631e+33
231.5,2.18386178188277e+35,2.20195034635879e+35,2.25498079865546e+35,2.15575457761263e+35,2.17361205287268e+35,2.22596516903778e+35,2.81072042701396e+33,2.8338293486113e+33,2.90156296176755e+33
231.6,2.18307413249566e+35,2.20115504140228e+35,2.25416295144818e+35,2.15497758430087e+35,2.17282750512317e+35,2.22515837663897e+35,2.80965481947903e+33,2.83275362791049e+33,2.90045748092078e+33
231.7,2.18228722267045e+35,2.20036048370797e+35,2.25334587418627e+35,2.15420132036151e+35,2.1720436943434e+35,2.22435234358904e+35,2.80859023089412e+33,2.83167893645651e+33,2.89935305972274e+33
231.8,2.18150105132711e+35,2.19956667218364e+35,2.2525295657415e+35,2.15342578472956e+35,2.17126061945633e+35,2.22354706877536e+35,2.80752665975587e+33,2.83060527273157e+33,2.89824969661332e+33
231.9,2.18071561738763e+35,2.19877360573909e+35,2.25171402498774e+35,2.15265097634199e+35,2.17047827938688e+35,2.22274255108738e+35,2.80646410456398e+33,2.82953263522099e+33,2.8971473900356e+33
232,2.17993091977593e+35,2.19798128328611e+35,2.25089925080093e+35,2.15187689413772e+35,2.16969667306198e+35,2.22193878941657e+35,2.80540256382119e+33,2.82846102241314e+33,2.89604613843579e+33
232.1,2.17914695741794e+35,2.19718970373848e+35,2.25008524205908e+35,2.15110353705761e+35,2.16891579941048e+35,2.22113578265644e+35,2.8043420360333e+33,2.82739043279949e+33,2.89494594026325e+33
232.2,2.17836372924154e+35,2.19639886601197e+35,2.24927199764227e+35,2.15033090404445e+35,2.16813565736322e+35,2.22033352970257e+35,2.80328251970915e+33,2.82632086487456e+33,2.89384679397047e+33
232.3,2.1775812341766e+35,2.19560876902434e+35,2.24845951643265e+35,2.14955899404299e+35,2.16735624585298e+35,2.21953202945252e+35,2.80222401336063e+33,2.82525231713595e+33,2.89274869801309e+33
232.4,2.17679947115493e+35,2.19481941169534e+35,2.2476477973144e+35,2.14878780599991e+35,2.1665775638145e+35,2.2187312808059e+35,2.80116651550263e+33,2.82418478808431e+33,2.89165165084989e+33
232.5,2.17601843911034e+35,2.1940307929467e+35,2.24683683917376e+35,2.14801733886381e+35,2.16579961018447e+35,2.21793128266433e+35,2.80011002465312e+33,2.82311827622335e+33,2.89055565094273e+33
232.6,2.17523813697859e+35,2.19324291170216e+35,2.24602664089902e+35,2.14724759158526e+35,2.16502238390156e+35,2.21713203393145e+35,2.79905453933309e+33,2.82205278005985e+33,2.88946069675664e+33
232.7,2.17445856369741e+35,2.1924557668874e+35,2.24521720138051e+35,2.14647856311674e+35,2.16424588390636e+35,2.21633353351291e+35,2.79800005806652e+33,2.82098829810362e+33,2.88836678675972e+33
232.8,2.17367971820651e+35,2.19166935743013e+35,2.24440851951059e+35,2.1457102524127e+35,2.16347010914145e+35,2.21553578031636e+35,2.79694657938044e+33,2.81992482886753e+33,2.88727391942319e+33
232.9,2.17290159944756e+35,2.19088368226002e+35,2.2436005941837e+35,2.14494265842951e+35,2.16269505855135e+35,2.21473877325148e+35,2.79589410180492e+33,2.8188623708675e+33,2.8861820932214e+33
233,2.1721242063642e+35,2.19009874030875e+35,2.24279342429627e+35,2.14417578012547e+35,2.16192073108252e+35,2.21394251122995e+35,2.794842623873e+33,2.81780092262247e+33,2.88509130663176e+33
233.1,2.17134753790204e+35,2.18931453050996e+35,2.24198700874682e+35,2.14340961646084e+35,2.16114712568342e+35,2.21314699316547e+35,2.79379214412075e+33,2.81674048265443e+33,2.88400155813481e+33
233.2,2.17057159300867e+35,2.18853105179931e+35,2.24118134643589e+35,2.14264416639779e+35,2.16037424130442e+35,2.21235221797375e+35,2.79274266108725e+33,2.81568104948839e+33,2.88291284621415e+33
233.3,2.16979637063361e+35,2.18774830311441e+35,2.24037643626608e+35,2.14187942890046e+35,2.15960207689788e+35,2.21155818457252e+35,2.79169417331457e+33,2.81462262165239e+33,2.88182516935649e+33
233.4,2.16902186972836e+35,2.18696628339488e+35,2.23957227714203e+35,2.14111540293489e+35,2.1588306314181e+35,2.21076489188152e+35,2.79064667934779e+33,2.81356519767751e+33,2.88073852605162e+33
233.5,2.16824808924639e+35,2.18618499158231e+35,2.23876886797043e+35,2.14035208746904e+35,2.15805990382133e+35,2.20997233882251e+35,2.78960017773495e+33,2.81250877609781e+33,2.87965291479239e+33
233.6,2.16747502814309e+35,2.18540442662026e+35,2.23796620766002e+35,2.13958948147282e+35,2.15728989306576e+35,2.20918052431928e+35,2.78855466702711e+33,2.81145335545038e+33,2.87856833407474e+33
233.7,2.16670268537581e+35,2.18462458745429e+35,2.23716429512159e+35,2.13882758391803e+35,2.15652059811154e+35,2.20838944729761e+35,2.78751014577829e+33,2.81039893427533e+33,2.87748478239766e+33
233.8,2.16593105990384e+35,2.18384547303189e+35,2.23636312926797e+35,2.13806639377838e+35,2.15575201792073e+35,2.20759910668534e+35,2.78646661254547e+33,2.80934551111574e+33,2.87640225826323e+33
233.9,2.16516015068838e+35,2.18306708230253e+35,2.23556270901404e+35,2.13730591002949e+35,2.15498415145735e+35,2.20680950141228e+35,2.78542406588862e+33,2.80829308451769e+33,2.87532076017656e+33
234,2.16438995669257e+35,2.18228941421763e+35,2.23476303327673e+35,2.13654613164887e+35,2.15421699768733e+35,2.20602063041027e+35,2.78438250437065e+33,2.80724165303027e+33,2.87424028664583e+33
234.1,2.16362047688147e+35,2.18151246773055e+35,2.233964100975e+35,2.1357870576159e+35,2.1534505555785e+35,2.20523249261318e+35,2.78334192655743e+33,2.80619121520552e+33,2.87316083618225e+33
234.2,2.16285171022202e+35,2.1807362417966e+35,2.23316591102984e+35,2.13502868691184e+35,2.15268482410061e+35,2.20444508695684e+35,2.78230233101778e+33,2.80514176959846e+33,2.87208240730008e+33
234.3,2.16208365568307e+35,2.17996073537299e+35,2.23236846236428e+35,2.13427101851983e+35,2.15191980222532e+35,2.20365841237911e+35,2.78126371632345e+33,2.80409331476709e+33,2.8710049985166e+33
234.4,2.16131631223535e+35,2.17918594741889e+35,2.23157175390335e+35,2.13351405142486e+35,2.15115548892617e+35,2.20287246781982e+35,2.78022608104913e+33,2.80304584927236e+33,2.86992860835214e+33
234.5,2.16054967885149e+35,2.17841187689534e+35,2.2307757845741e+35,2.13275778461377e+35,2.15039188317856e+35,2.2020872522208e+35,2.77918942377241e+33,2.80199937167816e+33,2.86885323533002e+33
234.6,2.15978375450597e+35,2.17763852276531e+35,2.2299805533056e+35,2.13200221707523e+35,2.1496289839598e+35,2.20130276452583e+35,2.77815374307383e+33,2.80095388055134e+33,2.8677788779766e+33
234.7,2.15901853817514e+35,2.17686588399366e+35,2.22918605902889e+35,2.13124734779977e+35,2.14886679024905e+35,2.20051900368068e+35,2.77711903753681e+33,2.79990937446168e+33,2.86670553482121e+33
234.8,2.15825402883721e+35,2.17609395954714e+35,2.22839230067702e+35,2.13049317577974e+35,2.14810530102732e+35,2.19973596863306e+35,2.77608530574768e+33,2.79886585198188e+33,2.8656332043962e+33
234.9,2.15749022547226e+35,2.17532274839436e+35,2.227599277185e+35,2.1297397000093e+35,2.14734451527748e+35,2.19895365833263e+35,2.77505254629565e+33,2.79782331168756e+33,2.8645618852369e+33
235,2.15672712706219e+35,2.17455224950583e+35,2.22680698748983e+35,2.12898691948446e+35,2.14658443198426e+35,2.19817207173101e+35,2.77402075777284e+33,2.79678175215726e+33,2.86349157588163e+33
235.1,2.15596473259075e+35,2.17378246185393e+35,2.22601543053045e+35,2.12823483320301e+35,2.1458250501342e+35,2.19739120778173e+35,2.77298993877422e+33,2.79574117197241e+33,2.86242227487166e+33
235.2,2.15520304104355e+35,2.17301338441288e+35,2.22522460524776e+35,2.12748344016458e+35,2.14506636871571e+35,2.19661106544025e+35,2.77196008789764e+33,2.79470156971736e+33,2.86135398075124e+33
235.3,2.15444205140803e+35,2.17224501615879e+35,2.22443451058463e+35,2.12673273937059e+35,2.144308386719e+35,2.19583164366396e+35,2.7709312037438e+33,2.79366294397931e+33,2.86028669206758e+33
235.4,2.15368176267344e+35,2.17147735606962e+35,2.22364514548584e+35,2.12598272982428e+35,2.14355110313613e+35,2.19505294141214e+35,2.76990328491625e+33,2.79262529334836e+33,2.8592204073708e+33
235.5,2.15292217383091e+35,2.17071040312517e+35,2.22285650889813e+35,2.1252334105307e+35,2.14279451696099e+35,2.19427495764599e+35,2.76887633002139e+33,2.79158861641747e+33,2.858155125214e+33
235.6,2.15216328387336e+35,2.16994415630712e+35,2.22206859977014e+35,2.12448478049668e+35,2.1420386271893e+35,2.19349769132861e+35,2.76785033766845e+33,2.79055291178247e+33,2.85709084415317e+33
235.7,2.15140509179557e+35,2.169178614599e+35,2.22128141705248e+35,2.12373683873087e+35,2.14128343281857e+35,2.19272114142501e+35,2.76682530646949e+33,2.78951817804202e+33,2.85602756274724e+33
235.8,2.15064759659412e+35,2.16841377698616e+35,2.22049495969765e+35,2.12298958424373e+35,2.14052893284818e+35,2.19194530690207e+35,2.76580123503936e+33,2.78848441379764e+33,2.85496527955804e+33
235.9,2.14989079726746e+35,2.16764964245584e+35,2.21970922666008e+35,2.1222430160475e+35,2.1397751262793e+35,2.19117018672858e+35,2.76477812199576e+33,2.78745161765367e+33,2.85390399315031e+33
236,2.14913469281583e+35,2.16688620999711e+35,2.21892421689614e+35,2.12149713315623e+35,2.13902201211494e+35,2.19039577987522e+35,2.76375596595914e+33,2.78641978821729e+33,2.85284370209164e+33
236.1,2.14837928224131e+35,2.16612347860089e+35,2.21813992936408e+35,2.12075193458578e+35,2.13826958935991e+35,2.18962208531456e+35,2.76273476555278e+33,2.78538892409847e+33,2.85178440495256e+33
236.2,2.1476245645478e+35,2.16536144725996e+35,2.21735636302411e+35,2.12000741935378e+35,2.13751785702086e+35,2.18884910202104e+35,2.76171451940271e+33,2.78435902391003e+33,2.85072610030641e+33
236.3,2.14687053874104e+35,2.16460011496892e+35,2.21657351683832e+35,2.11926358647966e+35,2.13676681410624e+35,2.18807682897103e+35,2.76069522613776e+33,2.78333008626753e+33,2.84966878672944e+33
236.4,2.14611720382856e+35,2.16383948072423e+35,2.21579138977075e+35,2.11852043498467e+35,2.13601645962634e+35,2.18730526514275e+35,2.7596768843895e+33,2.78230210978936e+33,2.84861246280071e+33
236.5,2.14536455881973e+35,2.1630795435242e+35,2.21500998078733e+35,2.11777796389181e+35,2.13526679259323e+35,2.18653440951631e+35,2.75865949279227e+33,2.78127509309666e+33,2.84755712710215e+33
236.6,2.14461260272571e+35,2.16232030236895e+35,2.21422928885592e+35,2.11703617222588e+35,2.13451781202082e+35,2.18576426107373e+35,2.75764304998313e+33,2.78024903481336e+33,2.8465027782185e+33
236.7,2.14386133455948e+35,2.16156175626047e+35,2.21344931294627e+35,2.11629505901346e+35,2.13376951692481e+35,2.1849948187989e+35,2.75662755460191e+33,2.77922393356613e+33,2.84544941473733e+33
236.8,2.14311075333582e+35,2.16080390420256e+35,2.21267005203008e+35,2.1155546232829e+35,2.13302190632271e+35,2.18422608167759e+35,2.75561300529112e+33,2.77819978798442e+33,2.84439703524904e+33
236.9,2.1423608580713e+35,2.16004674520083e+35,2.21189150508092e+35,2.11481486406434e+35,2.13227497923382e+35,2.18345804869745e+35,2.75459940069604e+33,2.77717659670038e+33,2.84334563834678e+33
237,2.1416116477843e+35,2.15929027826274e+35,2.21111367107429e+35,2.11407578038965e+35,2.13152873467925e+35,2.18269071884803e+35,2.75358673946461e+33,2.77615435834892e+33,2.84229522262654e+33
237.1,2.14086312149497e+35,2.15853450239755e+35,2.2103365489876e+35,2.1133373712925e+35,2.13078317168188e+35,2.18192409112073e+35,2.7525750202475e+33,2.77513307156766e+33,2.84124578668706e+33
237.2,2.14011527822525e+35,2.15777941661635e+35,2.20956013780013e+35,2.11259963580827e+35,2.13003828926638e+35,2.18115816450883e+35,2.75156424169805e+33,2.77411273499692e+33,2.84019732912986e+33
237.3,2.13936811699886e+35,2.157025019932e+35,2.20878443649307e+35,2.11186257297414e+35,2.1292940864592e+35,2.18039293800748e+35,2.75055440247229e+33,2.77309334727975e+33,2.83914984855923e+33
237.4,2.13862163684128e+35,2.15627131135919e+35,2.20800944404952e+35,2.11112618182899e+35,2.12855056228858e+35,2.1796284106137e+35,2.74954550122891e+33,2.77207490706187e+33,2.8381033435822e+33
237.5,2.13787583677977e+35,2.15551828991441e+35,2.20723515945443e+35,2.11039046141348e+35,2.12780771578449e+35,2.17886458132635e+35,2.74853753662926e+33,2.77105741299168e+33,2.83705781280852e+33
237.6,2.13713071584334e+35,2.15476595461591e+35,2.20646158169466e+35,2.10965541076997e+35,2.12706554597871e+35,2.17810144914615e+35,2.74753050733736e+33,2.77004086372027e+33,2.83601325485069e+33
237.7,2.13638627306278e+35,2.15401430448375e+35,2.20568870975893e+35,2.10892102894258e+35,2.12632405190474e+35,2.17733901307569e+35,2.74652441201985e+33,2.76902525790137e+33,2.83496966832393e+33
237.8,2.13564250747061e+35,2.15326333853977e+35,2.20491654263782e+35,2.10818731497715e+35,2.12558323259785e+35,2.17657727211936e+35,2.74551924934601e+33,2.76801059419139e+33,2.83392705184614e+33
237.9,2.13489941810113e+35,2.15251305580758e+35,2.20414507932381e+35,2.10745426792126e+35,2.12484308709508e+35,2.17581622528343e+35,2.74451501798776e+33,2.76699687124936e+33,2.83288540403796e+33
238,2.13415700399038e+35,2.15176345531257e+35,2.20337431881119e+35,2.10672188682418e+35,2.1241036144352e+35,2.17505587157597e+35,2.74351171661962e+33,2.76598408773696e+33,2.83184472352267e+33
238.1,2.13341526417613e+35,2.15101453608191e+35,2.20260426009615e+35,2.10599017073695e+35,2.12336481365873e+35,2.17429621000688e+35,2.74250934391872e+33,2.76497224231848e+33,2.83080500892624e+33
238.2,2.13267419769795e+35,2.15026629714455e+35,2.20183490217669e+35,2.1052591187123e+35,2.12262668380794e+35,2.17353723958792e+35,2.7415078985648e+33,2.76396133366086e+33,2.82976625887733e+33
238.3,2.1319338035971e+35,2.14951873753118e+35,2.20106624405269e+35,2.1045287298047e+35,2.12188922392684e+35,2.17277895933262e+35,2.74050737924016e+33,2.7629513604336e+33,2.82872847200721e+33
238.4,2.13119408091665e+35,2.14877185627429e+35,2.20029828472586e+35,2.10379900307035e+35,2.1211524330612e+35,2.17202136825637e+35,2.73950778462973e+33,2.76194232130884e+33,2.82769164694983e+33
238.5,2.13045502870137e+35,2.14802565240813e+35,2.19953102319976e+35,2.10306993756716e+35,2.12041631025852e+35,2.17126446537634e+35,2.73850911342098e+33,2.7609342149613e+33,2.82665578234175e+33
238.6,2.1297166459978e+35,2.14728012496873e+35,2.19876445847976e+35,2.10234153235476e+35,2.11968085456805e+35,2.17050824971154e+35,2.73751136430396e+33,2.75992704006827e+33,2.82562087682216e+33
238.7,2.12897893185424e+35,2.14653527299389e+35,2.19799858957311e+35,2.10161378649453e+35,2.11894606504079e+35,2.16975272028278e+35,2.7365145359713e+33,2.75892079530964e+33,2.82458692903288e+33
238.8,2.12824188532074e+35,2.14579109552317e+35,2.19723341548887e+35,2.10088669904956e+35,2.1182119407295e+35,2.16899787611269e+35,2.73551862711816e+33,2.75791547936783e+33,2.82355393761831e+33
238.9,2.12750550544909e+35,2.14504759159793e+35,2.19646893523795e+35,2.10016026908467e+35,2.11747848068865e+35,2.1682437162257e+35,2.73452363644226e+33,2.75691109092787e+33,2.82252190122545e+33
239,2.12676979129285e+35,2.14430476026128e+35,2.19570514783312e+35,2.09943449566641e+35,2.11674568397451e+35,2.16749023964808e+35,2.73352956264386e+33,2.75590762867731e+33,2.82149081850391e+33
239.1,2.12603474190731e+35,2.14356260055813e+35,2.19494205228894e+35,2.09870937786305e+35,2.11601354964506e+35,2.16673744540789e+35,2.73253640442576e+33,2.75490509130626e+33,2.82046068810583e+33
239.2,2.12530035634955e+35,2.14282111153514e+35,2.19417964762187e+35,2.09798491474461e+35,2.11528207676006e+35,2.16598533253501e+35,2.73154416049331e+33,2.75390347750736e+33,2.81943150868596e+33
239.3,2.12456663367836e+35,2.14208029224077e+35,2.19341793285017e+35,2.09726110538282e+35,2.11455126438101e+35,2.16523390006116e+35,2.73055282955435e+33,2.75290278597581e+33,2.81840327890159e+33
239.4,2.12383357295433e+35,2.14134014172525e+35,2.19265690699398e+35,2.09653794885113e+35,2.11382111157116e+35,2.16448314701985e+35,2.72956241031926e+33,2.75190301540932e+33,2.81737599741257e+33
239.5,2.12310117323974e+35,2.14060065904059e+35,2.19189656907526e+35,2.09581544422473e+35,2.1130916173955e+35,2.16373307244644e+35,2.72857290150096e+33,2.75090416450813e+33,2.81634966288129e+33
239.6,2.12236943359867e+35,2.13986184324055e+35,2.19113691811782e+35,2.09509359058052e+35,2.1123627809208e+35,2.1629836753781e+35,2.72758430181485e+33,2.749906231975e+33,2.81532427397267e+33
239.7,2.12163835309691e+35,2.1391236933807e+35,2.19037795314735e+35,2.09437238699712e+35,2.11163460121555e+35,2.16223495485381e+35,2.72659660997886e+33,2.74890921651521e+33,2.81429982935418e+33
239.8,2.12090793080201e+35,2.13838620851835e+35,2.18961967319136e+35,2.09365183255487e+35,2.11090707734998e+35,2.1614869099144e+35,2.72560982471341e+33,2.74791311683655e+33,2.81327632769579e+33
239.9,2.12017816578322e+35,2.13764938771258e+35,2.18886207727922e+35,2.09293192633581e+35,2.11018020839608e+35,2.16073953960252e+35,2.72462394474142e+33,2.74691793164931e+33,2.81225376767002e+33
240,2.11944905711156e+35,2.13691323002423e+35,2.18810516444214e+35,2.09221266742368e+35,2.10945399342757e+35,2.15999284296262e+35,2.72363896878834e+33,2.74592365966629e+33,2.81123214795186e+33
240.1,2.11872060385975e+35,2.13617773451592e+35,2.18734893371318e+35,2.09149405490393e+35,2.10872843151989e+35,2.15924681904099e+35,2.72265489558207e+33,2.74493029960278e+33,2.81021146721885e+33
240.2,2.11799280510223e+35,2.13544290025198e+35,2.18659338412725e+35,2.0907760878637e+35,2.10800352175021e+35,2.15850146688574e+35,2.72167172385302e+33,2.74393785017657e+33,2.80919172415099e+33
240.3,2.11726565991515e+35,2.13470872629851e+35,2.1858385147211e+35,2.0900587653918e+35,2.10727926319743e+35,2.15775678554679e+35,2.7206894523341e+33,2.74294631010794e+33,2.80817291743082e+33
240.4,2.11653916737636e+35,2.13397521172335e+35,2.1850843245333e+35,2.08934208657875e+35,2.10655565494215e+35,2.15701277407587e+35,2.71970807976067e+33,2.74195567811967e+33,2.80715504574334e+33
240.5,2.11581332656541e+35,2.13324235559605e+35,2.18433081260429e+35,2.0886260505167e+35,2.10583269606668e+35,2.15626943152653e+35,2.71872760487059e+33,2.74096595293699e+33,2.80613810777605e+33
240.6,2.11508813656355e+35,2.13251015698791e+35,2.18357797797629e+35,2.08791065629951e+35,2.10511038565503e+35,2.1555267569541e+35,2.7177480264042e+33,2.73997713328764e+33,2.80512210221893e+33
240.7,2.11436359645371e+35,2.13177861497192e+35,2.18282581969338e+35,2.08719590302267e+35,2.10438872279291e+35,2.15478474941573e+35,2.71676934310428e+33,2.73898921790182e+33,2.80410702776443e+33
240.8,2.11363970532048e+35,2.13104772862282e+35,2.18207433680142e+35,2.08648178978332e+35,2.1036677065677e+35,2.15404340797034e+35,2.71579155371612e+33,2.73800220551221e+33,2.80309288310751e+33
240.9,2.11291646225015e+35,2.13031749701702e+35,2.18132352834811e+35,2.08576831568027e+35,2.10294733606848e+35,2.15330273167866e+35,2.71481465698743e+33,2.73701609485396e+33,2.80207966694556e+33
241,2.11219386633065e+35,2.12958791923264e+35,2.18057339338294e+35,2.08505547981397e+35,2.10222761038599e+35,2.15256271960315e+35,2.7138386516684e+33,2.73603088466466e+33,2.80106737797847e+33
241.1,2.11147191665159e+35,2.1288589943495e+35,2.17982393095718e+35,2.08434328128647e+35,2.10150852861265e+35,2.15182337080809e+35,2.71286353651165e+33,2.73504657368438e+33,2.80005601490857e+33
241.2,2.11075061230423e+35,2.12813072144909e+35,2.1790751401239e+35,2.0836317192015e+35,2.10079008984254e+35,2.15108468435949e+35,2.71188931027228e+33,2.73406316065563e+33,2.79904557644067e+33
241.3,2.11002995238147e+35,2.12740309961461e+35,2.17832701993795e+35,2.08292079266439e+35,2.10007229317138e+35,2.15034665932513e+35,2.7109159717078e+33,2.73308064432338e+33,2.79803606128202e+33
241.4,2.10930993597788e+35,2.12667612793092e+35,2.17757956945596e+35,2.0822105007821e+35,2.09935513769656e+35,2.14960929477454e+35,2.70994351957816e+33,2.73209902343503e+33,2.79702746814234e+33
241.5,2.10859056218966e+35,2.12594980548453e+35,2.17683278773631e+35,2.0815008426632e+35,2.09863862251713e+35,2.14887258977898e+35,2.70897195264575e+33,2.73111829674042e+33,2.79601979573377e+33
241.6,2.10787183011466e+35,2.12522413136367e+35,2.17608667383916e+35,2.08079181741791e+35,2.09792274673376e+35,2.14813654341145e+35,2.70800126967535e+33,2.73013846299182e+33,2.79501304277092e+33
241.7,2.10715373885236e+35,2.1244991046582e+35,2.1753412268264e+35,2.08008342415802e+35,2.09720750944877e+35,2.14740115474669e+35,2.70703146943418e+33,2.72915952094392e+33,2.79400720797084e+33
241.8,2.10643628750388e+35,2.12377472445966e+35,2.17459644576169e+35,2.07937566199696e+35,2.09649290976612e+35,2.14666642286116e+35,2.70606255069185e+33,2.72818146935382e+33,2.79300229005298e+33
241.9,2.10571947517198e+35,2.12305098986124e+35,2.17385232971043e+35,2.07866853004978e+35,2.09577894679143e+35,2.14593234683304e+35,2.70509451222038e+33,2.72720430698105e+33,2.79199828773925e+33
242,2.10500330096105e+35,2.1223278999578e+35,2.17310887773976e+35,2.07796202743311e+35,2.09506561963192e+35,2.14519892574222e+35,2.70412735279416e+33,2.72622803258751e+33,2.79099519975397e+33
242.1,2.10428776397711e+35,2.12160545384584e+35,2.17236608891857e+35,2.07725615326521e+35,2.09435292739647e+35,2.14446615867033e+35,2.70316107118998e+33,2.72525264493751e+33,2.78999302482388e+33
242.2,2.10357286332782e+35,2.12088365062354e+35,2.17162396231746e+35,2.07655090666595e+35,2.09364086919556e+35,2.14373404470068e+35,2.70219566618697e+33,2.72427814279775e+33,2.78899176167812e+33
242.3,2.10285859812244e+35,2.12016248939072e+35,2.17088249700877e+35,2.07584628675678e+35,2.09292944414134e+35,2.14300258291829e+35,2.70123113656665e+33,2.72330452493727e+33,2.78799140904824e+33
242.4,2.10214496747191e+35,2.11944196924885e+35,2.17014169206659e+35,2.07514229266078e+35,2.09221865134757e+35,2.14227177240991e+35,2.70026748111288e+33,2.72233179012751e+33,2.78699196566817e+33
242.5,2.10143197048873e+35,2.11872208930105e+35,2.16940154656671e+35,2.07443892350261e+35,2.09150848992963e+35,2.14154161226397e+35,2.69930469861184e+33,2.72135993714224e+33,2.78599343027425e+33
242.6,2.10071960628708e+35,2.1180028486521e+35,2.16866205958666e+35,2.07373617840856e+35,2.09079895900453e+35,2.14081210157061e+35,2.69834278785207e+33,2.7203889647576e+33,2.78499580160517e+33
242.7,2.10000787398273e+35,2.11728424640843e+35,2.16792323020568e+35,2.07303405650648e+35,2.09009005769091e+35,2.14008323942166e+35,2.69738174762441e+33,2.71941887175204e+33,2.78399907840202e+33
242.8,2.09929677269307e+35,2.11656628167809e+35,2.16718505750473e+35,2.07233255692585e+35,2.08938178510902e+35,2.13935502491065e+35,2.69642157672202e+33,2.71844965690633e+33,2.78300325940822e+33
242.9,2.09858630153712e+35,2.11584895357079e+35,2.16644754056652e+35,2.07163167879771e+35,2.08867414038076e+35,2.13862745713282e+35,2.69546227394035e+33,2.71748131900358e+33,2.78200834336956e+33
243,2.09787645963551e+35,2.11513226119789e+35,2.16571067847544e+35,2.07093142125473e+35,2.0879671226296e+35,2.13790053518509e+35,2.69450383807713e+33,2.71651385682918e+33,2.78101432903417e+33
243.1,2.09716724611047e+35,2.11441620367238e+35,2.16497447031761e+35,2.07023178343114e+35,2.08726073098067e+35,2.13717425816608e+35,2.69354626793237e+33,2.71554726917081e+33,2.7800212151525e+33
243.2,2.09645866008585e+35,2.11370078010886e+35,2.16423891518086e+35,2.06953276446276e+35,2.08655496456068e+35,2.13644862517609e+35,2.69258956230836e+33,2.71458155481844e+33,2.77902900047731e+33
243.3,2.0957507006871e+35,2.11298598962361e+35,2.16350401215474e+35,2.068834363487e+35,2.08584982249796e+35,2.1357236353171e+35,2.69163372000963e+33,2.7136167125643e+33,2.7780376837637e+33
243.4,2.09504336704127e+35,2.11227183133449e+35,2.1627697603305e+35,2.06813657964284e+35,2.08514530392246e+35,2.13499928769281e+35,2.69067873984295e+33,2.71265274120289e+33,2.77704726376905e+33
243.5,2.09433665827702e+35,2.11155830436102e+35,2.1620361588011e+35,2.06743941207085e+35,2.08444140796571e+35,2.13427558140857e+35,2.68972462061731e+33,2.71168963953093e+33,2.77605773925301e+33
243.6,2.09363057352459e+35,2.11084540782433e+35,2.16130320666118e+35,2.06674285991315e+35,2.08373813376086e+35,2.13355251557141e+35,2.68877136114396e+33,2.7107274063474e+33,2.77506910897754e+33
243.7,2.09292511191582e+35,2.11013314084717e+35,2.16057090300712e+35,2.06604692231345e+35,2.08303548044264e+35,2.13283008929005e+35,2.68781896023632e+33,2.70976604045349e+33,2.77408137170683e+33
243.8,2.09222027258413e+35,2.10942150255391e+35,2.15983924693695e+35,2.06535159841703e+35,2.08233344714738e+35,2.13210830167488e+35,2.68686741671003e+33,2.7088055406526e+33,2.77309452620735e+33
243.9,2.09151605466454e+35,2.10871049207051e+35,2.15910823755042e+35,2.06465688737071e+35,2.081632033013e+35,2.13138715183794e+35,2.68591672938292e+33,2.70784590575035e+33,2.77210857124778e+33
244,2.09081245729365e+35,2.10800010852456e+35,2.15837787394895e+35,2.0639627883229e+35,2.08093123717902e+35,2.13066663889296e+35,2.68496689707499e+33,2.70688713455453e+33,2.77112350559906e+33
244.1,2.09010947960965e+35,2.10729035104526e+35,2.15764815523566e+35,2.06326930042356e+35,2.08023105878651e+35,2.12994676195532e+35,2.68401791860841e+33,2.70592922587511e+33,2.77013932803432e+33
244.2,2.08940712075228e+35,2.10658121876341e+35,2.15691908051535e+35,2.0625764228242e+35,2.07953149697817e+35,2.12922752014206e+35,2.68306979280754e+33,2.70497217852426e+33,2.7691560373289e+33
244.3,2.0887053798629e+35,2.10587271081141e+35,2.15619064889446e+35,2.06188415467791e+35,2.07883255089824e+35,2.12850891257185e+35,2.68212251849884e+33,2.70401599131628e+33,2.76817363226036e+33
244.4,2.08800425608442e+35,2.10516482632325e+35,2.15546285948114e+35,2.06119249513931e+35,2.07813421969257e+35,2.12779093836506e+35,2.68117609451096e+33,2.70306066306763e+33,2.7671921116084e+33
244.5,2.08730374856135e+35,2.10445756443455e+35,2.15473571138521e+35,2.0605014433646e+35,2.07743650250858e+35,2.12707359664366e+35,2.68023051967467e+33,2.70210619259692e+33,2.76621147415493e+33
244.6,2.08660385643975e+35,2.10375092428249e+35,2.15400920371813e+35,2.05981099851152e+35,2.07673939849524e+35,2.12635688653129e+35,2.67928579282286e+33,2.7011525787249e+33,2.765231718684e+33
244.7,2.08590457886729e+35,2.10304490500589e+35,2.15328333559304e+35,2.05912115973938e+35,2.07604290680315e+35,2.12564080715322e+35,2.67834191279054e+33,2.70019982027441e+33,2.76425284398181e+33
244.8,2.08520591499319e+35,2.10233950574514e+35,2.15255810612473e+35,2.05843192620905e+35,2.07534702658444e+35,2.12492535763637e+35,2.67739887841484e+33,2.69924791607046e+33,2.76327484883671e+33
244.9,2.08450786396828e+35,2.10163472564224e+35,2.15183351442968e+35,2.05774329708293e+35,2.07465175699284e+35,2.12421053710929e+35,2.67645668853499e+33,2.69829686494012e+33,2.76229773203917e+33
245,2.08381042494494e+35,2.1009305638408e+35,2.15110955962599e+35,2.05705527152502e+35,2.07395709718367e+35,2.12349634470217e+35,2.67551534199231e+33,2.6973466657126e+33,2.76132149238179e+33
245.1,2.08311359707716e+35,2.100227019486e+35,2.15038624083345e+35,2.05636784870086e+35,2.07326304631381e+35,2.12278277954685e+35,2.67457483763024e+33,2.69639731721918e+33,2.76034612865927e+33
245.2,2.08241737952048e+35,2.09952409172465e+35,2.14966355717348e+35,2.05568102777754e+35,2.07256960354172e+35,2.12206984077679e+35,2.67363517429426e+33,2.69544881829323e+33,2.75937163966842e+33
245.3,2.08172177143206e+35,2.09882177970517e+35,2.14894150776917e+35,2.05499480792374e+35,2.07187676802746e+35,2.12135752752709e+35,2.67269635083197e+33,2.69450116777022e+33,2.75839802420815e+33
245.4,2.08102677197062e+35,2.09812008257755e+35,2.14822009174528e+35,2.05430918830969e+35,2.07118453893267e+35,2.12064583893448e+35,2.67175836609302e+33,2.69355436448768e+33,2.75742528107945e+33
245.5,2.08033238029647e+35,2.09741899949342e+35,2.14749930822821e+35,2.05362416810718e+35,2.07049291542057e+35,2.11993477413736e+35,2.67082121892915e+33,2.69260840728521e+33,2.75645340908537e+33
245.6,2.07963859557151e+35,2.096718529606e+35,2.14677915634604e+35,2.05293974648957e+35,2.06980189665596e+35,2.11922433227573e+35,2.66988490819413e+33,2.69166329500447e+33,2.75548240703108e+33
245.7,2.07894541695924e+35,2.09601867207012e+35,2.14605963522849e+35,2.0522559226318e+35,2.06911148180523e+35,2.11851451249126e+35,2.66894943274381e+33,2.6907190264892e+33,2.75451227372376e+33
245.8,2.07825284362472e+35,2.09531942604222e+35,2.14534074400696e+35,2.05157269571036e+35,2.06842167003637e+35,2.11780531392724e+35,2.6680147914361e+33,2.68977560058516e+33,2.75354300797267e+33
245.9,2.07756087473462e+35,2.09462079068035e+35,2.14462248181451e+35,2.05089006490331e+35,2.06773246051894e+35,2.11709673572861e+35,2.66708098313094e+33,2.68883301614019e+33,2.75257460858913e+33
246,2.07686950945717e+35,2.09392276514415e+35,2.14390484778585e+35,2.05020802939027e+35,2.06704385242411e+35,2.11638877704198e+35,2.66614800669033e+33,2.68789127200416e+33,2.7516070743865e+33
246.1,2.07617874696221e+35,2.0932253485949e+35,2.14318784105738e+35,2.04952658835242e+35,2.06635584492461e+35,2.11568143701558e+35,2.6652158609783e+33,2.68695036702897e+33,2.75064040418017e+33
246.2,2.07548858642114e+35,2.09252854019547e+35,2.14247146076716e+35,2.04884574097253e+35,2.06566843719478e+35,2.11497471479928e+35,2.66428454486091e+33,2.68601030006856e+33,2.74967459678757e+33
246.3,2.07479902700694e+35,2.09183233911032e+35,2.1417557060549e+35,2.04816548643488e+35,2.06498162841053e+35,2.11426860954462e+35,2.66335405720626e+33,2.68507106997891e+33,2.74870965102817e+33
246.4,2.07411006789419e+35,2.09113674450552e+35,2.14104057606201e+35,2.04748582392535e+35,2.06429541774934e+35,2.11356312040478e+35,2.66242439688449e+33,2.68413267561803e+33,2.74774556572345e+33
246.5,2.07342170825901e+35,2.09044175554876e+35,2.14032606993155e+35,2.04680675263134e+35,2.0636098043903e+35,2.11285824653458e+35,2.66149556276772e+33,2.68319511584591e+33,2.74678233969691e+33
246.6,2.07273394727911e+35,2.0897473714093e+35,2.13961218680823e+35,2.04612827174181e+35,2.06292478751406e+35,2.11215398709049e+35,2.66056755373014e+33,2.68225838952462e+33,2.74581997177407e+33
246.7,2.07204678413375e+35,2.08905359125801e+35,2.13889892583846e+35,2.04545038044727e+35,2.06224036630283e+35,2.11145034123063e+35,2.65964036864792e+33,2.68132249551819e+33,2.74485846078248e+33
246.8,2.07136021800375e+35,2.08836041426732e+35,2.13818628617028e+35,2.04477307793975e+35,2.06155653994039e+35,2.11074730811476e+35,2.65871400639925e+33,2.68038743269268e+33,2.74389780555166e+33
246.9,2.07067424807148e+35,2.08766783961128e+35,2.13747426695342e+35,2.04409636341284e+35,2.06087330761211e+35,2.11004488690429e+35,2.65778846586433e+33,2.67945319991617e+33,2.74293800491316e+33
247,2.06998887352088e+35,2.08697586646547e+35,2.13676286733924e+35,2.04342023606162e+35,2.06019066850489e+35,2.10934307676224e+35,2.65686374592536e+33,2.67851979605872e+33,2.74197905770052e+33
247.1,2.0693040935374e+35,2.0862844940071e+35,2.13605208648078e+35,2.04274469508274e+35,2.05950862180718e+35,2.10864187685329e+35,2.65593984546653e+33,2.67758721999239e+33,2.74102096274929e+33
247.2,2.06861990730805e+35,2.0855937214149e+35,2.1353419235327e+35,2.04206973967431e+35,2.05882716670899e+35,2.10794128634373e+35,2.65501676337403e+33,2.67665547059125e+33,2.74006371889699e+33
247.3,2.06793631402135e+35,2.08490354786918e+35,2.13463237765133e+35,2.04139536903599e+35,2.05814630240187e+35,2.1072413044015e+35,2.65409449853604e+33,2.67572454673134e+33,2.73910732498315e+33
247.4,2.06725331286737e+35,2.0842139725518e+35,2.13392344799463e+35,2.04072158236894e+35,2.0574660280789e+35,2.10654193019613e+35,2.65317304984272e+33,2.67479444729069e+33,2.73815177984927e+33
247.5,2.06657090303768e+35,2.08352499464618e+35,2.13321513372217e+35,2.04004837887581e+35,2.05678634293468e+35,2.10584316289879e+35,2.65225241618621e+33,2.67386517114931e+33,2.73719708233884e+33
247.6,2.06588908372536e+35,2.08283661333725e+35,2.13250743399519e+35,2.03937575776075e+35,2.05610724616536e+35,2.10514500168222e+35,2.65133259646064e+33,2.6729367171892e+33,2.73624323129733e+33
247.7,2.06520785412502e+35,2.08214882781152e+35,2.13180034797653e+35,2.0387037182294e+35,2.05542873696857e+35,2.1044474457208e+35,2.65041358956208e+33,2.67200908429431e+33,2.73529022557218e+33
247.8,2.06452721343276e+35,2.08146163725699e+35,2.13109387483062e+35,2.03803225948888e+35,2.05475081454349e+35,2.10375049419049e+35,2.6494953943886e+33,2.67108227135058e+33,2.7343380640128e+33
247.9,2.06384716084618e+35,2.08077504086323e+35,2.13038801372354e+35,2.03736138074778e+35,2.05407347809077e+35,2.10305414626883e+35,2.6485780098402e+33,2.67015627724588e+33,2.73338674547058e+33
248,2.06316769556437e+35,2.0800890378213e+35,2.12968276382294e+35,2.03669108121618e+35,2.0533967268126e+35,2.10235840113495e+35,2.64766143481885e+33,2.66923110087008e+33,2.73243626879887e+33
248.1,2.06248881678791e+35,2.07940362732378e+35,2.12897812429809e+35,2.03602136010562e+35,2.05272055991263e+35,2.10166325796956e+35,2.64674566822848e+33,2.66830674111496e+33,2.73148663285295e+33
248.2,2.06181052371888e+35,2.07871880856477e+35,2.12827409431982e+35,2.03535221662913e+35,2.05204497659603e+35,2.10096871595492e+35,2.64583070897494e+33,2.66738319687429e+33,2.73053783649011e+33
248.3,2.06113281556082e+35,2.07803458073987e+35,2.12757067306057e+35,2.03468365000116e+35,2.05136997606943e+35,2.10027477427487e+35,2.64491655596605e+33,2.66646046704375e+33,2.72958987856956e+33
248.4,2.06045569151878e+35,2.07735094304619e+35,2.12686785969434e+35,2.03401565943766e+35,2.05069555754098e+35,2.09958143211481e+35,2.64400320811153e+33,2.66553855052098e+33,2.72864275795246e+33
248.5,2.05977915079925e+35,2.07666789468233e+35,2.1261656533967e+35,2.03334824415602e+35,2.05002172022027e+35,2.09888868866168e+35,2.64309066432307e+33,2.66461744620554e+33,2.72769647350192e+33
248.6,2.05910319261023e+35,2.0759854348484e+35,2.1254640533448e+35,2.03268140337508e+35,2.04934846331841e+35,2.09819654310397e+35,2.64217892351424e+33,2.66369715299891e+33,2.72675102408299e+33
248.7,2.05842781616115e+35,2.07530356274599e+35,2.12476305871733e+35,2.03201513631515e+35,2.04867578604795e+35,2.0975049946317e+35,2.64126798460056e+33,2.66277766980452e+33,2.72580640856265e+33
248.8,2.05775302066295e+35,2.07462227757819e+35,2.12406266869455e+35,2.03134944219796e+35,2.04800368762291e+35,2.09681404243645e+35,2.64035784649943e+33,2.66185899552769e+33,2.72486262580984e+33
248.9,2.05707880532801e+35,2.07394157854958e+35,2.12336288245827e+35,2.03068432024671e+35,2.04733216725882e+35,2.09612368571131e+35,2.63944850813019e+33,2.66094112907566e+33,2.72391967469538e+33
249,2.05640516937018e+35,2.0732614648662e+35,2.12266369919184e+35,2.03001976968604e+35,2.04666122417263e+35,2.09543392365092e+35,2.63853996841405e+33,2.66002406935757e+33,2.72297755409206e+33
249.1,2.05573211200478e+35,2.07258193573561e+35,2.12196511808016e+35,2.02935578974204e+35,2.04599085758277e+35,2.09474475545141e+35,2.63763222627412e+33,2.65910781528446e+33,2.72203626287456e+33
249.2,2.05505963244858e+35,2.07190299036683e+35,2.12126713830966e+35,2.02869237964222e+35,2.04532106670914e+35,2.09405618031046e+35,2.6367252806354e+33,2.65819236576927e+33,2.72109579991948e+33
249.3,2.0543877299198e+35,2.07122462797036e+35,2.12056975906832e+35,2.02802953861555e+35,2.04465185077309e+35,2.09336819742726e+35,2.63581913042476e+33,2.65727771972682e+33,2.72015616410533e+33
249.4,2.05371640363813e+35,2.07054684775817e+35,2.11987297954563e+35,2.02736726589242e+35,2.04398320899743e+35,2.09268080600251e+35,2.63491377457096e+33,2.65636387607381e+33,2.71921735431252e+33
249.5,2.05304565282472e+35,2.06986964894371e+35,2.11917679893265e+35,2.02670556070468e+35,2.04331514060643e+35,2.09199400523841e+35,2.6340092120046e+33,2.6554508337288e+33,2.71827936942337e+33
249.6,2.05237547670215e+35,2.06919303074191e+35,2.11848121642192e+35,2.02604442228557e+35,2.04264764482579e+35,2.0913077943387e+35,2.63310544165815e+33,2.65453859161224e+33,2.71734220832207e+33
249.7,2.05170587449446e+35,2.06851699236915e+35,2.11778623120753e+35,2.0253838498698e+35,2.04198072088269e+35,2.09062217250858e+35,2.63220246246594e+33,2.65362714864643e+33,2.71640586989473e+33
249.8,2.05103684542714e+35,2.0678415330433e+35,2.11709184248509e+35,2.0247238426935e+35,2.04131436800574e+35,2.08993713895479e+35,2.63130027336413e+33,2.65271650375551e+33,2.7154703530293e+33
249.9,2.05036838872711e+35,2.06716665198366e+35,2.11639804945171e+35,2.0240643999942e+35,2.04064858542501e+35,2.08925269288556e+35,2.63039887329071e+33,2.65180665586547e+33,2.71453565661564e+33
250,2.04970050362274e+35,2.06649234841102e+35,2.11570485130605e+35,2.02340552101088e+35,2.03998337237198e+35,2.0885688335106e+35,2.62949826118551e+33,2.65089760390416e+33,2.71360177954547e+33
250.1,2.04903318934384e+35,2.06581862154762e+35,2.11501224724825e+35,2.02274720498394e+35,2.03931872807961e+35,2.08788556004112e+35,2.62859843599019e+33,2.64998934680124e+33,2.71266872071238e+33
250.2,2.04836644512164e+35,2.06514547061714e+35,2.11432023647996e+35,2.02208945115516e+35,2.03865465178226e+35,2.08720287168985e+35,2.62769939664819e+33,2.64908188348818e+33,2.71173647901179e+33
250.3,2.04770027018883e+35,2.06447289484475e+35,2.11362881820436e+35,2.02143225876779e+35,2.03799114271576e+35,2.08652076767095e+35,2.62680114210479e+33,2.6481752128983e+33,2.710805053341e+33
250.4,2.04703466377952e+35,2.06380089345702e+35,2.11293799162611e+35,2.02077562706645e+35,2.03732820011735e+35,2.08583924720012e+35,2.62590367130704e+33,2.64726933396671e+33,2.70987444259916e+33
250.5,2.04636962512922e+35,2.06312946568199e+35,2.11224775595138e+35,2.02011955529718e+35,2.03666582322569e+35,2.0851583094945e+35,2.62500698320379e+33,2.64636424563031e+33,2.70894464568723e+33
250.6,2.0457051534749e+35,2.06245861074917e+35,2.11155811038781e+35,2.01946404270744e+35,2.03600401128089e+35,2.08447795377273e+35,2.62411107674568e+33,2.6454599468278e+33,2.70801566150801e+33
250.7,2.04504124805494e+35,2.06178832788946e+35,2.11086905414458e+35,2.01880908854609e+35,2.03534276352446e+35,2.08379817925492e+35,2.6232159508851e+33,2.64455643649967e+33,2.70708748896615e+33
250.8,2.04437790810914e+35,2.06111861633523e+35,2.11018058643232e+35,2.01815469206338e+35,2.03468207919935e+35,2.08311898516264e+35,2.62232160457621e+33,2.64365371358819e+33,2.70616012696809e+33
250.9,2.04371513287872e+35,2.06044947532028e+35,2.10949270646315e+35,2.01750085251098e+35,2.03402195754991e+35,2.08244037071893e+35,2.62142803677494e+33,2.64275177703738e+33,2.70523357442208e+33
251,2.04305292160632e+35,2.05978090407985e+35,2.10880541345068e+35,2.01684756914193e+35,2.03336239782192e+35,2.08176233514829e+35,2.62053524643896e+33,2.64185062579302e+33,2.7043078302382e+33
251.1,2.04239127353598e+35,2.05911290185059e+35,2.10811870660998e+35,2.0161948412107e+35,2.03270339926256e+35,2.0810848776767e+35,2.61964323252767e+33,2.64095025880267e+33,2.70338289332829e+33
251.2,2.04173018791316e+35,2.05844546787059e+35,2.10743258515763e+35,2.01554266797314e+35,2.03204496112044e+35,2.08040799753157e+35,2.6187519940022e+33,2.6400506750156e+33,2.702458762606e+33
251.3,2.04106966398475e+35,2.05777860137938e+35,2.10674704831163e+35,2.0148910486865e+35,2.03138708264555e+35,2.07973169394176e+35,2.61786152982542e+33,2.63915187338282e+33,2.70153543698677e+33
251.4,2.04040970099903e+35,2.0571123016179e+35,2.10606209529149e+35,2.01423998260941e+35,2.03072976308933e+35,2.07905596613762e+35,2.61697183896189e+33,2.6382538528571e+33,2.70061291538777e+33
251.5,2.0397502982057e+35,2.05644656782852e+35,2.10537772531817e+35,2.01358946900192e+35,2.03007300170459e+35,2.07838081335089e+35,2.61608292037789e+33,2.63735661239288e+33,2.699691196728e+33
251.6,2.03909145485586e+35,2.05578139925504e+35,2.10469393761408e+35,2.01293950712545e+35,2.02941679774557e+35,2.0777062348148e+35,2.6151947730414e+33,2.63646015094633e+33,2.69877027992816e+33
251.7,2.03843317020204e+35,2.05511679514266e+35,2.1040107314031e+35,2.01229009624281e+35,2.02876115046791e+35,2.077032229764e+35,2.61430739592208e+33,2.63556446747534e+33,2.69785016391072e+33
251.8,2.03777544349815e+35,2.05445275473803e+35,2.10332810591057e+35,2.01164123561824e+35,2.02810605912863e+35,2.07635879743457e+35,2.61342078799129e+33,2.63466956093947e+33,2.6969308475999e+33
251.9,2.03711827399955e+35,2.05378927728921e+35,2.10264606036328e+35,2.01099292451733e+35,2.02745152298621e+35,2.07568593706406e+35,2.61253494822203e+33,2.63377543029999e+33,2.69601232992165e+33
252,2.03646166096297e+35,2.05312636204568e+35,2.10196459398947e+35,2.01034516220708e+35,2.02679754130048e+35,2.07501364789143e+35,2.611649875589e+33,2.63288207451981e+33,2.69509460980363e+33
252.1,2.03580560364657e+35,2.05246400825834e+35,2.10128370601883e+35,2.00969794795589e+35,2.02614411333271e+35,2.07434192915708e+35,2.61076556906855e+33,2.63198949256355e+33,2.69417768617525e+33
252.2,2.03515010130992e+35,2.05180221517953e+35,2.10060339568252e+35,2.00905128103353e+35,2.02549123834556e+35,2.07367078010284e+35,2.60988202763868e+33,2.63109768339748e+33,2.6932615579676e+33
252.3,2.03449515321399e+35,2.05114098206299e+35,2.09992366221313e+35,2.0084051607112e+35,2.02483891560309e+35,2.07300019997199e+35,2.60899925027904e+33,2.63020664598953e+33,2.69234622411349e+33
252.4,2.03384075862117e+35,2.05048030816388e+35,2.09924450484471e+35,2.00775958626146e+35,2.02418714437079e+35,2.07233018800923e+35,2.60811723597092e+33,2.62931637930927e+33,2.69143168354741e+33
252.5,2.03318691679526e+35,2.04982019273881e+35,2.09856592281275e+35,2.00711455695829e+35,2.02353592391553e+35,2.07166074346069e+35,2.60723598369724e+33,2.62842688232793e+33,2.69051793520556e+33
252.6,2.03253362700146e+35,2.04916063504578e+35,2.09788791535419e+35,2.00647007207703e+35,2.02288525350559e+35,2.07099186557393e+35,2.60635549244255e+33,2.62753815401837e+33,2.68960497802581e+33
252.7,2.03188088850638e+35,2.04850163434422e+35,2.09721048170744e+35,2.00582613089445e+35,2.02223513241067e+35,2.07032355359796e+35,2.60547576119301e+33,2.62665019335507e+33,2.6886928109477e+33
252.8,2.03122870057804e+35,2.047843189895e+35,2.09653362111233e+35,2.00518273268867e+35,2.02158555990186e+35,2.06965580678321e+35,2.60459678893643e+33,2.62576299931415e+33,2.68778143291245e+33
252.9,2.03057706248587e+35,2.04718530096039e+35,2.09585733281015e+35,2.00453987673925e+35,2.02093653525166e+35,2.06898862438152e+35,2.60371857466221e+33,2.62487657087336e+33,2.68687084286292e+33
253,2.0299259735007e+35,2.04652796680408e+35,2.09518161604364e+35,2.00389756232709e+35,2.02028805773396e+35,2.06832200564621e+35,2.60284111736135e+33,2.62399090701203e+33,2.68596103974364e+33
253.1,2.02927543289477e+35,2.04587118669118e+35,2.09450647005699e+35,2.0032557887345e+35,2.01964012662407e+35,2.06765594983198e+35,2.60196441602647e+33,2.62310600671115e+33,2.6850520225008e+33
253.2,2.0286254399417e+35,2.04521495988822e+35,2.09383189409583e+35,2.00261455524518e+35,2.01899274119869e+35,2.06699045619501e+35,2.60108846965178e+33,2.62222186895327e+33,2.68414379008221e+33
253.3,2.02797599391652e+35,2.04455928566314e+35,2.09315788740724e+35,2.00197386114419e+35,2.01834590073591e+35,2.06632552399286e+35,2.6002132772331e+33,2.62133849272257e+33,2.68323634143732e+33
253.4,2.02732709409568e+35,2.04390416328528e+35,2.09248444923974e+35,2.001333705718e+35,2.01769960451523e+35,2.06566115248456e+35,2.59933883776782e+33,2.62045587700483e+33,2.68232967551723e+33
253.5,2.02667873975697e+35,2.04324959202541e+35,2.0918115788433e+35,2.00069408825442e+35,2.01705385181753e+35,2.06499734093055e+35,2.59846515025494e+33,2.61957402078741e+33,2.68142379127465e+33
253.6,2.0260309301796e+35,2.04259557115568e+35,2.09113927546933e+35,2.00005500804265e+35,2.01640864192509e+35,2.06433408859269e+35,2.59759221369505e+33,2.61869292305927e+33,2.68051868766393e+33
253.7,2.02538366464415e+35,2.04194209994966e+35,2.09046753837069e+35,1.99941646437325e+35,2.01576397412155e+35,2.06367139473428e+35,2.59672002709029e+33,2.61781258281096e+33,2.67961436364103e+33
253.8,2.0247369424326e+35,2.0412891776823e+35,2.08979636680166e+35,1.99877845653815e+35,2.01511984769195e+35,2.06300925862003e+35,2.59584858944444e+33,2.61693299903461e+33,2.67871081816352e+33
253.9,2.02409076282827e+35,2.04063680362995e+35,2.08912576001797e+35,1.99814098383064e+35,2.01447626192272e+35,2.06234767951607e+35,2.59497789976281e+33,2.61605417072396e+33,2.67780805019061e+33
254,2.02344512511587e+35,2.03998497707036e+35,2.08845571727677e+35,1.99750404554534e+35,2.01383321610162e+35,2.06168665668994e+35,2.59410795705232e+33,2.61517609687432e+33,2.67690605868308e+33
254.1,2.02280002858146e+35,2.03933369728263e+35,2.08778623783663e+35,1.99686764097825e+35,2.01319070951781e+35,2.0610261894106e+35,2.59323876032145e+33,2.61429877648256e+33,2.67600484260336e+33
254.2,2.02215547251248e+35,2.03868296354727e+35,2.08711732095758e+35,1.99623176942667e+35,2.01254874146179e+35,2.06036627694842e+35,2.59237030858027e+33,2.61342220854716e+33,2.67510440091545e+33
254.3,2.02151145619769e+35,2.03803277514613e+35,2.08644896590101e+35,1.99559643018928e+35,2.01190731122545e+35,2.05970691857516e+35,2.59150260084043e+33,2.61254639206817e+33,2.67420473258498e+33
254.4,2.02086797892722e+35,2.03738313136245e+35,2.08578117192978e+35,1.99496162256607e+35,2.01126641810197e+35,2.05904811356399e+35,2.59063563611514e+33,2.61167132604723e+33,2.67330583657917e+33
254.5,2.02022503999254e+35,2.03673403148081e+35,2.08511393830813e+35,1.99432734585835e+35,2.01062606138594e+35,2.05838986118946e+35,2.58976941341918e+33,2.61079700948754e+33,2.67240771186684e+33
254.6,2.01958263868644e+35,2.03608547478717e+35,2.0844472643017e+35,1.99369359936875e+35,2.00998624037323e+35,2.05773216072751e+35,2.58890393176894e+33,2.6099234413939e+33,2.67151035741843e+33
254.7,2.01894077430305e+35,2.03543746056881e+35,2.08378114917752e+35,1.99306038240123e+35,2.00934695436108e+35,2.05707501145546e+35,2.58803919018235e+33,2.60905062077265e+33,2.67061377220596e+33
254.8,2.01829944613783e+35,2.03478998811437e+35,2.08311559220405e+35,1.99242769426104e+35,2.00870820264805e+35,2.05641841265202e+35,2.58717518767891e+33,2.60817854663176e+33,2.66971795520305e+33
254.9,2.01765865348755e+35,2.03414305671381e+35,2.08245059265108e+35,1.99179553425476e+35,2.00806998453401e+35,2.05576236359724e+35,2.58631192327972e+33,2.60730721798073e+33,2.66882290538495e+33
255,2.0170183956503e+35,2.03349666565845e+35,2.08178614978982e+35,1.99116390169023e+35,2.00743229932014e+35,2.05510686357254e+35,2.58544939600744e+33,2.60643663383067e+33,2.66792862172846e+33
255.1,2.01637867192548e+35,2.0328508142409e+35,2.08112226289283e+35,1.99053279587661e+35,2.00679514630896e+35,2.05445191186071e+35,2.58458760488628e+33,2.60556679319424e+33,2.66703510321204e+33
255.2,2.01573948161378e+35,2.03220550175512e+35,2.08045893123404e+35,1.98990221612436e+35,2.00615852480427e+35,2.05379750774588e+35,2.58372654894205e+33,2.60469769508571e+33,2.66614234881571e+33
255.3,2.01510082401721e+35,2.03156072749637e+35,2.07979615408873e+35,1.98927216174519e+35,2.00552243411116e+35,2.05314365051351e+35,2.58286622720211e+33,2.6038293385209e+33,2.6652503575211e+33
255.4,2.01446269843907e+35,2.03091649076122e+35,2.07913393073354e+35,1.98864263205212e+35,2.00488687353605e+35,2.05249033945042e+35,2.5820066386954e+33,2.6029617225172e+33,2.66435912831147e+33
255.5,2.01382510418396e+35,2.03027279084756e+35,2.07847226044645e+35,1.98801362635944e+35,2.00425184238662e+35,2.05183757384474e+35,2.58114778245242e+33,2.6020948460936e+33,2.66346866017165e+33
255.6,2.01318804055775e+35,2.02962962705456e+35,2.0778111425068e+35,1.9873851439827e+35,2.00361733997186e+35,2.05118535298592e+35,2.58028965750522e+33,2.60122870827065e+33,2.6625789520881e+33
255.7,2.01255150686761e+35,2.02898699868271e+35,2.07715057619524e+35,1.98675718423874e+35,2.00298336560201e+35,2.05053367616475e+35,2.57943226288745e+33,2.60036330807048e+33,2.66169000304888e+33
255.8,2.011915502422e+35,2.02834490503379e+35,2.07649056079375e+35,1.98612974644565e+35,2.00234991858862e+35,2.04988254267331e+35,2.5785755976343e+33,2.59949864451678e+33,2.66080181204365e+33
255.9,2.01128002653063e+35,2.02770334541085e+35,2.07583109558565e+35,1.9855028299228e+35,2.0017169982445e+35,2.04923195180501e+35,2.57771966078251e+33,2.59863471663482e+33,2.65991437806368e+33
256,2.01064507850451e+35,2.02706231911826e+35,2.07517217985555e+35,1.98487643399081e+35,2.00108460388374e+35,2.04858190285453e+35,2.57686445137039e+33,2.59777152345145e+33,2.65902770010186e+33
256.1,2.01001065765593e+35,2.02642182546164e+35,2.0745138128894e+35,1.98425055797155e+35,2.00045273482169e+35,2.04793239511788e+35,2.57600996843781e+33,2.59690906399506e+33,2.65814177715269e+33
256.2,2.00937676329843e+35,2.02578186374793e+35,2.07385599397446e+35,1.98362520118817e+35,1.99982139037497e+35,2.04728342789233e+35,2.57515621102618e+33,2.59604733729564e+33,2.65725660821227e+33
256.3,2.00874339474683e+35,2.02514243328531e+35,2.07319872239926e+35,1.98300036296505e+35,1.99919056986146e+35,2.04663500047648e+35,2.57430317817845e+33,2.59518634238471e+33,2.65637219227831e+33
256.4,2.00811055131722e+35,2.02450353338326e+35,2.07254199745366e+35,1.98237604262783e+35,1.9985602726003e+35,2.04598711217016e+35,2.57345086893914e+33,2.59432607829538e+33,2.65548852835014e+33
256.5,2.00747823232694e+35,2.02386516335252e+35,2.07188581842881e+35,1.9817522395034e+35,1.99793049791189e+35,2.04533976227453e+35,2.57259928235429e+33,2.59346654406229e+33,2.65460561542869e+33
256.6,2.00684643709461e+35,2.02322732250511e+35,2.07123018461715e+35,1.98112895291989e+35,1.99730124511789e+35,2.04469295009199e+35,2.57174841747148e+33,2.59260773872166e+33,2.65372345251651e+33
256.7,2.00621516494009e+35,2.02259001015431e+35,2.07057509531241e+35,1.98050618220669e+35,1.9966725135412e+35,2.04404667492623e+35,2.57089827333983e+33,2.59174966131124e+33,2.65284203861775e+33
256.8,2.0055844151845e+35,2.02195322561467e+35,2.0699205498096e+35,1.9798839266944e+35,1.99604430250597e+35,2.04340093608222e+35,2.57004884900999e+33,2.59089231087034e+33,2.65196137273818e+33
256.9,2.00495418715024e+35,2.021316968202e+35,2.06926654740502e+35,1.9792621857149e+35,1.9954166113376e+35,2.04275573286617e+35,2.56920014353412e+33,2.59003568643982e+33,2.65108145388516e+33
257,2.00432448016093e+35,2.02068123723338e+35,2.06861308739624e+35,1.97864095860127e+35,1.99478943936276e+35,2.04211106458557e+35,2.56835215596589e+33,2.58917978706205e+33,2.65020228106767e+33
257.1,2.00369529354145e+35,2.02004603202712e+35,2.06796016908212e+35,1.97802024468784e+35,1.99416278590931e+35,2.04146693054916e+35,2.5675048853605e+33,2.58832461178096e+33,2.64932385329628e+33
257.2,2.00306662661792e+35,2.01941135190282e+35,2.06730779176278e+35,1.97740004331017e+35,1.9935366503064e+35,2.04082333006695e+35,2.56665833077466e+33,2.587470159642e+33,2.64844616958317e+33
257.3,2.00243847871773e+35,2.01877719618131e+35,2.06665595473961e+35,1.97678035380506e+35,1.99291103188439e+35,2.04018026245019e+35,2.56581249126657e+33,2.58661642969214e+33,2.64756922894211e+33
257.4,2.00181084916947e+35,2.01814356418468e+35,2.06600465731528e+35,1.97616117551051e+35,1.99228592997488e+35,2.0395377270114e+35,2.56496736589591e+33,2.58576342097988e+33,2.64669303038847e+33
257.5,2.00118373730301e+35,2.01751045523625e+35,2.06535389879371e+35,1.97554250776577e+35,1.99166134391069e+35,2.03889572306432e+35,2.56412295372388e+33,2.58491113255522e+33,2.64581757293921e+33
257.6,2.00055714244942e+35,2.01687786866059e+35,2.06470367848008e+35,1.97492434991129e+35,1.9910372730259e+35,2.03825424992396e+35,2.56327925381314e+33,2.58405956346967e+33,2.64494285561288e+33
257.7,1.99993106394104e+35,2.01624580378353e+35,2.06405399568085e+35,1.97430670128876e+35,1.99041371665577e+35,2.03761330690655e+35,2.56243626522782e+33,2.58320871277625e+33,2.6440688774296e+33
257.8,1.99930550111139e+35,2.01561425993211e+35,2.06340484970369e+35,1.97368956124106e+35,1.98979067413682e+35,2.03697289332958e+35,2.56159398703355e+33,2.58235857952945e+33,2.64319563741109e+33
257.9,1.99868045329528e+35,2.01498323643463e+35,2.06275623985758e+35,1.9730729291123e+35,1.98916814480678e+35,2.03633300851177e+35,2.5607524182974e+33,2.58150916278529e+33,2.64232313458063e+33
258,1.99805591982868e+35,2.01435273262059e+35,2.06210816545269e+35,1.9724568042478e+35,1.98854612800458e+35,2.03569365177305e+35,2.55991155808788e+33,2.58066046160123e+33,2.64145136796308e+33
258.1,1.99743190004882e+35,2.01372274782075e+35,2.06146062580046e+35,1.97184118599407e+35,1.98792462307039e+35,2.03505482243461e+35,2.55907140547499e+33,2.57981247503623e+33,2.64058033658486e+33
258.2,1.99680839329415e+35,2.01309328136707e+35,2.06081362021359e+35,1.97122607369885e+35,1.98730362934556e+35,2.03441651981885e+35,2.55823195953015e+33,2.57896520215072e+33,2.63971003947394e+33
258.3,1.99618539890431e+35,2.01246433259275e+35,2.06016714800598e+35,1.97061146671105e+35,1.98668314617269e+35,2.03377874324938e+35,2.55739321932622e+33,2.57811864200659e+33,2.63884047565986e+33
258.4,1.99556291622018e+35,2.01183590083221e+35,2.05952120849279e+35,1.96999736438081e+35,1.98606317289553e+35,2.03314149205106e+35,2.55655518393748e+33,2.57727279366718e+33,2.6379716441737e+33
258.5,1.99494094458384e+35,2.01120798542106e+35,2.0588758009904e+35,1.96938376605944e+35,1.98544370885909e+35,2.03250476554992e+35,2.55571785243966e+33,2.57642765619728e+33,2.6371035440481e+33
258.6,1.99431948333856e+35,2.01058058569616e+35,2.05823092481642e+35,1.96877067109946e+35,1.98482475340952e+35,2.03186856307325e+35,2.55488122390988e+33,2.57558322866315e+33,2.63623617431721e+33
258.7,1.99369853182885e+35,2.00995370099555e+35,2.05758657928968e+35,1.96815807885458e+35,1.98420630589422e+35,2.03123288394951e+35,2.5540452974267e+33,2.57473951013246e+33,2.63536953401673e+33
258.8,1.9930780894004e+35,2.0093273306585e+35,2.05694276373023e+35,1.9675459886797e+35,1.98358836566176e+35,2.03059772750839e+35,2.55321007207006e+33,2.57389649967433e+33,2.63450362218388e+33
258.9,1.99245815540011e+35,2.00870147402548e+35,2.05629947745933e+35,1.96693439993089e+35,1.98297093206189e+35,2.02996309308076e+35,2.55237554692133e+33,2.57305419635929e+33,2.63363843785741e+33
259,1.99183872917606e+35,2.00807613043816e+35,2.05565671979948e+35,1.96632331196543e+35,1.98235400444557e+35,2.0293289799987e+35,2.55154172106324e+33,2.57221259925931e+33,2.63277398007758e+33
259.1,1.99121981007756e+35,2.00745129923941e+35,2.05501449007435e+35,1.96571272414176e+35,1.98173758216493e+35,2.02869538759549e+35,2.55070859357994e+33,2.57137170744776e+33,2.63191024788614e+33
259.2,1.99060139745509e+35,2.0068269797733e+35,2.05437278760885e+35,1.96510263581952e+35,1.98112166457331e+35,2.02806231520559e+35,2.54987616355696e+33,2.57053151999945e+33,2.63104724032637e+33
259.3,1.98998349066033e+35,2.0062031713851e+35,2.05373161172908e+35,1.96449304635952e+35,1.9805062510252e+35,2.02742976216465e+35,2.54904443008121e+33,2.56969203599055e+33,2.63018495644302e+33
259.4,1.98936608904615e+35,2.00557987342128e+35,2.05309096176234e+35,1.96388395512374e+35,1.97989134087629e+35,2.02679772780952e+35,2.54821339224095e+33,2.56885325449868e+33,2.62932339528237e+33
259.5,1.98874919196661e+35,2.00495708522948e+35,2.05245083703714e+35,1.96327536147536e+35,1.97927693348345e+35,2.02616621147822e+35,2.54738304912587e+33,2.56801517460282e+33,2.62846255589215e+33
259.6,1.98813279877696e+35,2.00433480615856e+35,2.05181123688317e+35,1.96266726477869e+35,1.97866302820472e+35,2.02553521250995e+35,2.54655339982696e+33,2.56717779538336e+33,2.62760243732159e+33
259.7,1.98751690883363e+35,2.00371303555854e+35,2.05117216063132e+35,1.96205966439926e+35,1.97804962439932e+35,2.02490473024511e+35,2.54572444343664e+33,2.56634111592208e+33,2.6267430386214e+33
259.8,1.98690152149423e+35,2.00309177278066e+35,2.05053360761367e+35,1.96145255970375e+35,1.97743672142763e+35,2.02427476402524e+35,2.54489617904865e+33,2.56550513530212e+33,2.62588435884373e+33
259.9,1.98628663611757e+35,2.00247101717731e+35,2.04989557716351e+35,1.96084595005999e+35,1.97682431865123e+35,2.02364531319308e+35,2.54406860575809e+33,2.56466985260805e+33,2.62502639704224e+33
260,1.98567225206361e+35,2.00185076810208e+35,2.04925806861527e+35,1.96023983483699e+35,1.97621241543282e+35,2.02301637709255e+35,2.54324172266144e+33,2.56383526692577e+33,2.62416915227203e+33
260.1,1.98505836869351e+35,2.00123102490975e+35,2.04862108130461e+35,1.95963421340494e+35,1.97560101113632e+35,2.02238795506871e+35,2.54241552885652e+33,2.56300137734258e+33,2.62331262358966e+33
260.2,1.98444498536959e+35,2.00061178695626e+35,2.04798461456835e+35,1.95902908513516e+35,1.97499010512679e+35,2.02176004646782e+35,2.5415900234425e+33,2.56216818294716e+33,2.62245681005315e+33
260.3,1.98383210145535e+35,1.99999305359873e+35,2.0473486677445e+35,1.95842444940015e+35,1.97437969677044e+35,2.02113265063728e+35,2.54076520551989e+33,2.56133568282953e+33,2.62160171072197e+33
260.4,1.98321971631546e+35,1.99937482419546e+35,2.04671324017224e+35,1.95782030557355e+35,1.97376978543465e+35,2.02050576692567e+35,2.53994107419057e+33,2.56050387608112e+33,2.62074732465704e+33
260.5,1.98260782931574e+35,1.99875709810592e+35,2.04607833119193e+35,1.95721665303016e+35,1.97316037048797e+35,2.01987939468272e+35,2.53911762855776e+33,2.55967276179469e+33,2.61989365092072e+33
260.6,1.9819964398232e+35,1.99813987469073e+35,2.0454439401451e+35,1.95661349114594e+35,1.97255145130009e+35,2.01925353325933e+35,2.53829486772601e+33,2.55884233906438e+33,2.61904068857683e+33
260.7,1.98138554720598e+35,1.9975231533117e+35,2.04481006637446e+35,1.95601081929796e+35,1.97194302724184e+35,2.01862818200755e+35,2.53747279080123e+33,2.55801260698572e+33,2.6181884366906e+33
260.8,1.98077515083338e+35,1.99690693333178e+35,2.04417670922388e+35,1.95540863686448e+35,1.97133509768522e+35,2.01800334028059e+35,2.53665139689066e+33,2.55718356465556e+33,2.61733689432874e+33
260.9,1.98016525007588e+35,1.99629121411509e+35,2.04354386803839e+35,1.95480694322485e+35,1.97072766200337e+35,2.0173790074328e+35,2.53583068510291e+33,2.55635521117213e+33,2.61648606055937e+33
261,1.97955584430507e+35,1.99567599502689e+35,2.04291154216421e+35,1.95420573775959e+35,1.97012071957054e+35,2.01675518281969e+35,2.5350106545479e+33,2.55552754563505e+33,2.61563593445204e+33
261.1,1.9789469328937e+35,1.99506127543361e+35,2.0422797309487e+35,1.95360501985033e+35,1.96951426976216e+35,2.01613186579792e+35,2.53419130433691e+33,2.55470056714526e+33,2.61478651507777e+33
261.2,1.97833851521566e+35,1.99444705470281e+35,2.04164843374037e+35,1.95300478887984e+35,1.96890831195476e+35,2.01550905572528e+35,2.53337263358257e+33,2.55387427480509e+33,2.61393780150898e+33
261.3,1.97773059064596e+35,1.99383333220318e+35,2.0410176498889e+35,1.95240504423198e+35,1.968302845526e+35,2.0148867519607e+35,2.53255464139885e+33,2.55304866771823e+33,2.61308979281955e+33
261.4,1.97712315856076e+35,1.99322010730456e+35,2.04038737874511e+35,1.95180578529175e+35,1.96769786985467e+35,2.01426495386426e+35,2.53173732690104e+33,2.55222374498972e+33,2.61224248808477e+33
261.5,1.97651621833732e+35,1.99260737937793e+35,2.03975761966096e+35,1.95120701144526e+35,1.96709338432067e+35,2.01364366079714e+35,2.53092068920581e+33,2.55139950572598e+33,2.61139588638138e+33
261.6,1.97590976935403e+35,1.99199514779538e+35,2.03912837198956e+35,1.95060872207972e+35,1.96648938830503e+35,2.01302287212169e+35,2.53010472743115e+33,2.55057594903478e+33,2.61054998678755e+33
261.7,1.97530381099039e+35,1.99138341193011e+35,2.03849963508517e+35,1.95001091658343e+35,1.96588588118985e+35,2.01240258720134e+35,2.52928944069641e+33,2.54975307402528e+33,2.60970478838289e+33
261.8,1.97469834262701e+35,1.99077217115645e+35,2.03787140830315e+35,1.94941359434579e+35,1.96528286235837e+35,2.01178280540066e+35,2.52847482812228e+33,2.54893087980797e+33,2.60886029024844e+33
261.9,1.97409336364561e+35,1.99016142484986e+35,2.037243691e+35,1.9488167547573e+35,1.96468033119491e+35,2.01116352608534e+35,2.5276608888308e+33,2.54810936549474e+33,2.60801649146667e+33
262,1.97348887342899e+35,1.98955117238685e+35,2.03661648253336e+35,1.94822039720954e+35,1.96407828708486e+35,2.01054474862214e+35,2.52684762194536e+33,2.54728853019884e+33,2.60717339112152e+33
262.1,1.97288487136105e+35,1.98894141314509e+35,2.03598978226195e+35,1.94762452109515e+35,1.96347672941474e+35,2.00992647237897e+35,2.5260350265907e+33,2.54646837303487e+33,2.60633098829833e+33
262.2,1.97228135682678e+35,1.98833214650329e+35,2.03536358954563e+35,1.94702912580785e+35,1.9628756575721e+35,2.00930869672479e+35,2.52522310189291e+33,2.54564889311884e+33,2.6054892820839e+33
262.3,1.97167832921225e+35,1.98772337184128e+35,2.03473790374536e+35,1.94643421074246e+35,1.9622750709456e+35,2.00869142102969e+35,2.52441184697943e+33,2.54483008956809e+33,2.60464827156647e+33
262.4,1.9710757879046e+35,1.98711508853996e+35,2.03411272422317e+35,1.94583977529481e+35,1.96167496892495e+35,2.00807464466482e+35,2.52360126097906e+33,2.54401196150138e+33,2.60380795583573e+33
262.5,1.97047373229205e+35,1.98650729598132e+35,2.03348805034223e+35,1.94524581886183e+35,1.96107535090093e+35,2.00745836700241e+35,2.52279134302194e+33,2.54319450803881e+33,2.6029683339828e+33
262.6,1.96987216176389e+35,1.98589999354841e+35,2.03286388146677e+35,1.94465234084149e+35,1.96047621626539e+35,2.00684258741577e+35,2.52198209223959e+33,2.54237772830186e+33,2.60212940510027e+33
262.7,1.96927107571046e+35,1.98529318062534e+35,2.03224021696209e+35,1.94405934063281e+35,1.95987756441121e+35,2.00622730527927e+35,2.52117350776486e+33,2.54156162141341e+33,2.60129116828217e+33
262.8,1.96867047352317e+35,1.98468685659731e+35,2.0316170561946e+35,1.94346681763585e+35,1.95927939473233e+35,2.00561251996836e+35,2.52036558873199e+33,2.54074618649771e+33,2.60045362262398e+33
262.9,1.96807035459449e+35,1.98408102085054e+35,2.03099439853174e+35,1.94287477125172e+35,1.95868170662374e+35,2.00499823085951e+35,2.51955833427655e+33,2.53993142268038e+33,2.59961676722264e+33
263,1.96747071831791e+35,1.98347567277235e+35,2.03037224334205e+35,1.94228320088256e+35,1.95808449948147e+35,2.00438443733028e+35,2.51875174353548e+33,2.53911732908845e+33,2.59878060117654e+33
263.1,1.96687156408802e+35,1.98287081175107e+35,2.02975058999511e+35,1.94169210593155e+35,1.95748777270257e+35,2.00377113875925e+35,2.51794581564708e+33,2.5383039048503e+33,2.59794512358553e+33
263.2,1.9662728913004e+35,1.9822664371761e+35,2.02912943786156e+35,1.94110148580289e+35,1.95689152568515e+35,2.00315833452605e+35,2.51714054975101e+33,2.53749114909572e+33,2.59711033355094e+33
263.3,1.96567469935172e+35,1.98166254843787e+35,2.02850878631308e+35,1.94051133990184e+35,1.95629575782832e+35,2.00254602401132e+35,2.51633594498831e+33,2.53667906095587e+33,2.59627623017553e+33
263.4,1.96507698763965e+35,1.98105914492786e+35,2.02788863472241e+35,1.93992166763463e+35,1.95570046853223e+35,2.00193420659677e+35,2.51553200050135e+33,2.53586763956333e+33,2.59544281256356e+33
263.5,1.96447975556291e+35,1.98045622603858e+35,2.02726898246331e+35,1.93933246840857e+35,1.95510565719806e+35,2.0013228816651e+35,2.5147287154339e+33,2.53505688405203e+33,2.59461007982073e+33
263.6,1.96388300252125e+35,1.97985379116357e+35,2.0266498289106e+35,1.93874374163194e+35,1.95451132322799e+35,2.00071204860005e+35,2.51392608893106e+33,2.53424679355731e+33,2.59377803105424e+33
263.7,1.96328672791548e+35,1.9792518396974e+35,2.0260311734401e+35,1.93815548671409e+35,1.95391746602524e+35,2.00010170678638e+35,2.51312412013931e+33,2.5334373672159e+33,2.59294666537273e+33
263.8,1.96269093114739e+35,1.97865037103569e+35,2.0254130154287e+35,1.93756770306532e+35,1.95332408499403e+35,1.99949185560984e+35,2.51232280820651e+33,2.53262860416591e+33,2.59211598188633e+33
263.9,1.96209561161983e+35,1.97804938457506e+35,2.02479535425427e+35,1.93698039009701e+35,1.95273117953959e+35,1.9988824944572e+35,2.51152215228185e+33,2.53182050354685e+33,2.59128597970666e+33
264,1.96150076873667e+35,1.97744887971316e+35,2.02417818929572e+35,1.93639354722151e+35,1.95213874906816e+35,1.99827362271626e+35,2.51072215151592e+33,2.53101306449963e+33,2.59045665794679e+33
264.1,1.9609064019028e+35,1.97684885584867e+35,2.023561519933e+35,1.93580717385219e+35,1.951546792987e+35,1.99766523977578e+35,2.50992280506064e+33,2.53020628616655e+33,2.58962801572129e+33
264.2,1.96031251052412e+35,1.97624931238129e+35,2.02294534554702e+35,1.93522126940343e+35,1.95095531070437e+35,1.99705734502556e+35,2.50912411206931e+33,2.52940016769127e+33,2.58880005214619e+33
264.3,1.95971909400758e+35,1.97565024871172e+35,2.02232966551976e+35,1.93463583329061e+35,1.95036430162953e+35,1.99644993785637e+35,2.5083260716966e+33,2.52859470821889e+33,2.58797276633904e+33
264.4,1.95912615176111e+35,1.97505166424171e+35,2.02171447923418e+35,1.93405086493013e+35,1.94977376517275e+35,1.99584301765999e+35,2.50752868309852e+33,2.52778990689588e+33,2.58714615741883e+33
264.5,1.95853368319369e+35,1.97445355837399e+35,2.02109978607425e+35,1.93346636373937e+35,1.94918370074529e+35,1.99523658382919e+35,2.50673194543247e+33,2.52698576287009e+33,2.58632022450607e+33
264.6,1.9579416877153e+35,1.97385593051232e+35,2.02048558542495e+35,1.93288232913673e+35,1.94859410775941e+35,1.99463063575773e+35,2.50593585785718e+33,2.52618227529078e+33,2.58549496672273e+33
264.7,1.95735016473692e+35,1.97325878006148e+35,2.01987187667228e+35,1.9322987605416e+35,1.94800498562839e+35,1.99402517284035e+35,2.50514041953275e+33,2.52537944330859e+33,2.58467038319228e+33
264.8,1.95675911367057e+35,1.97266210642723e+35,2.0192586592032e+35,1.93171565737436e+35,1.94741633376648e+35,1.99342019447281e+35,2.50434562962065e+33,2.52457726607555e+33,2.58384647303968e+33
264.9,1.95616853392925e+35,1.97206590901637e+35,2.01864593240572e+35,1.93113301905641e+35,1.94682815158892e+35,1.99281570005181e+35,2.50355148728368e+33,2.52377574274508e+33,2.58302323539136e+33
265,1.95557842492698e+35,1.97147018723669e+35,2.01803369566882e+35,1.93055084501012e+35,1.94624043851197e+35,1.99221168897506e+35,2.50275799168602e+33,2.52297487247199e+33,2.58220066937526e+33
265.1,1.95498878607878e+35,1.97087494049698e+35,2.01742194838248e+35,1.92996913465885e+35,1.94565319395286e+35,1.99160816064127e+35,2.50196514199317e+33,2.52217465441247e+33,2.58137877412079e+33
265.2,1.95439961680069e+35,1.97028016820704e+35,2.01681068993768e+35,1.92938788742697e+35,1.9450664173298e+35,1.99100511445009e+35,2.501172937372e+33,2.52137508772409e+33,2.58055754875887e+33
265.3,1.95381091650971e+35,1.96968586977767e+35,2.01619991972639e+35,1.92880710273981e+35,1.94448010806201e+35,1.99040254980217e+35,2.50038137699072e+33,2.52057617156582e+33,2.57973699242188e+33
265.4,1.95322268462389e+35,1.96909204462065e+35,2.01558963714159e+35,1.9282267800237e+35,1.94389426556967e+35,1.98980046609915e+35,2.49959046001889e+33,2.51977790509797e+33,2.5789171042437e+33
265.5,1.95263492056222e+35,1.96849869214877e+35,2.01497984157722e+35,1.92764691870595e+35,1.94330888927394e+35,1.98919886274362e+35,2.49880018562741e+33,2.51898028748227e+33,2.57809788335969e+33
265.6,1.95204762374472e+35,1.96790581177581e+35,2.01437053242824e+35,1.92706751821484e+35,1.94272397859699e+35,1.98859773913917e+35,2.49801055298851e+33,2.51818331788181e+33,2.57727932890671e+33
265.7,1.95146079359239e+35,1.96731340291654e+35,2.01376170909056e+35,1.92648857797963e+35,1.94213953296192e+35,1.98799709469033e+35,2.49722156127576e+33,2.51738699546104e+33,2.57646144002309e+33
265.8,1.9508744295272e+35,1.9667214649867e+35,2.01315337096112e+35,1.92591009743056e+35,1.94155555179285e+35,1.98739692880264e+35,2.49643320966407e+33,2.51659131938579e+33,2.57564421584864e+33
265.9,1.95028853097212e+35,1.96612999740305e+35,2.01254551743781e+35,1.92533207599882e+35,1.94097203451482e+35,1.98679724088257e+35,2.49564549732967e+33,2.51579628882326e+33,2.57482765552467e+33
266,1.94970309735109e+35,1.96553899958329e+35,2.01193814791951e+35,1.92475451311659e+35,1.94038898055387e+35,1.98619803033757e+35,2.4948584234501e+33,2.51500190294201e+33,2.57401175819394e+33
266.1,1.94911812808902e+35,1.96494847094612e+35,2.01133126180606e+35,1.92417740821698e+35,1.939806389337e+35,1.98559929657606e+35,2.49407198720427e+33,2.51420816091196e+33,2.5731965230007e+33
266.2,1.94853362261182e+35,1.9643584109112e+35,2.01072485849831e+35,1.9236007607341e+35,1.93922426029216e+35,1.98500103900741e+35,2.49328618777235e+33,2.51341506190438e+33,2.57238194909069e+33
266.3,1.94794958034634e+35,1.96376881889917e+35,2.01011893739806e+35,1.92302457010298e+35,1.93864259284826e+35,1.98440325704195e+35,2.49250102433588e+33,2.51262260509192e+33,2.57156803561111e+33
266.4,1.9473660007204e+35,1.96317969433165e+35,2.00951349790808e+35,1.92244883575962e+35,1.93806138643516e+35,1.98380595009098e+35,2.49171649607768e+33,2.51183078964854e+33,2.57075478171061e+33
266.5,1.94678288316279e+35,1.96259103663118e+35,2.00890853943211e+35,1.92187355714097e+35,1.93748064048369e+35,1.98320911756672e+35,2.49093260218188e+33,2.51103961474958e+33,2.56994218653933e+33
266.6,1.94620022710326e+35,1.96200284522131e+35,2.00830406137485e+35,1.92129873368492e+35,1.93690035442559e+35,1.98261275888237e+35,2.49014934183392e+33,2.51024907957171e+33,2.56913024924887e+33
266.7,1.94561803197251e+35,1.96141511952652e+35,2.00770006314197e+35,1.9207243648303e+35,1.93632052769359e+35,1.98201687345205e+35,2.48936671422055e+33,2.50945918329295e+33,2.5683189689923e+33
266.8,1.94503629720219e+35,1.96082785897224e+35,2.00709654414009e+35,1.92015045001689e+35,1.93574115972132e+35,1.98142146069085e+35,2.4885847185298e+33,2.50866992509265e+33,2.56750834492412e+33
266.9,1.9444550222249e+35,1.96024106298487e+35,2.00649350377678e+35,1.91957698868539e+35,1.93516224994336e+35,1.98082652001478e+35,2.487803353951e+33,2.50788130415147e+33,2.5666983762003e+33
267,1.94387420647418e+35,1.95965473099173e+35,2.00589094146056e+35,1.91900398027743e+35,1.93458379779522e+35,1.98023205084078e+35,2.48702261967478e+33,2.50709331965145e+33,2.56588906197828e+33
267.1,1.94329384938452e+35,1.95906886242111e+35,2.00528885660092e+35,1.91843142423559e+35,1.93400580271335e+35,1.97963805258676e+35,2.48624251489306e+33,2.50630597077591e+33,2.5650804014169e+33
267.2,1.94271395039134e+35,1.95848345670222e+35,2.00468724860827e+35,1.91785932000335e+35,1.93342826413513e+35,1.97904452467151e+35,2.48546303879901e+33,2.50551925670952e+33,2.56427239367649e+33
267.3,1.942134508931e+35,1.95789851326521e+35,2.00408611689397e+35,1.91728766702513e+35,1.93285118149882e+35,1.97845146651478e+35,2.48468419058712e+33,2.50473317663825e+33,2.5634650379188e+33
267.4,1.94155552444078e+35,1.95731403154115e+35,2.0034854608703e+35,1.91671646474625e+35,1.93227455424366e+35,1.97785887753723e+35,2.48390596945313e+33,2.50394772974939e+33,2.562658333307e+33
267.5,1.94097699635889e+35,1.95673001096207e+35,2.00288527995051e+35,1.91614571261295e+35,1.93169838180975e+35,1.97726675716045e+35,2.48312837459408e+33,2.50316291523155e+33,2.56185227900573e+33
267.6,1.94039892412447e+35,1.95614645096088e+35,2.00228557354875e+35,1.91557541007239e+35,1.93112266363814e+35,1.97667510480694e+35,2.48235140520826e+33,2.50237873227465e+33,2.56104687418102e+33
267.7,1.93982130717757e+35,1.95556335097146e+35,2.0016863410801e+35,1.91500555657262e+35,1.93054739917076e+35,1.9760839199001e+35,2.48157506049523e+33,2.5015951800699e+33,2.56024211800035e+33
267.8,1.93924414495916e+35,1.95498071042857e+35,2.00108758196058e+35,1.9144361515626e+35,1.92997258785047e+35,1.97549320186425e+35,2.48079933965582e+33,2.50081225780982e+33,2.55943800963261e+33
267.9,1.93866743691112e+35,1.9543985287679e+35,2.00048929560712e+35,1.9138671944922e+35,1.92939822912102e+35,1.97490295012464e+35,2.48002424189213e+33,2.50002996468824e+33,2.5586345482481e+33
268,1.93809118247625e+35,1.95381680542605e+35,1.99989148143757e+35,1.91329868481217e+35,1.92882432242705e+35,1.97431316410738e+35,2.47924976640753e+33,2.49924829990028e+33,2.55783173301856e+33
268.1,1.93751538109823e+35,1.95323553984052e+35,1.99929413887067e+35,1.91273062197417e+35,1.92825086721409e+35,1.9737238432395e+35,2.47847591240661e+33,2.49846726264236e+33,2.55702956311711e+33
268.2,1.93694003222167e+35,1.95265473144971e+35,1.99869726732612e+35,1.91216300543072e+35,1.92767786292859e+35,1.97313498694894e+35,2.47770267909528e+33,2.49768685211217e+33,2.55622803771829e+33
268.3,1.93636513529205e+35,1.95207437969295e+35,1.99810086622448e+35,1.91159583463524e+35,1.92710530901786e+35,1.9725465946645e+35,2.47693006568064e+33,2.49690706750874e+33,2.55542715599804e+33
268.4,1.93579068975577e+35,1.95149448401042e+35,1.99750493498723e+35,1.91102910904206e+35,1.9265332049301e+35,1.9719586658159e+35,2.47615807137111e+33,2.49612790803235e+33,2.55462691713371e+33
268.5,1.93521669506009e+35,1.95091504384323e+35,1.99690947303676e+35,1.91046282810633e+35,1.92596155011438e+35,1.97137119983372e+35,2.47538669537632e+33,2.49534937288457e+33,2.55382732030402e+33
268.6,1.9346431506532e+35,1.95033605863335e+35,1.99631447979635e+35,1.90989699128412e+35,1.92539034402067e+35,1.97078419614945e+35,2.47461593690718e+33,2.49457146126828e+33,2.55302836468913e+33
268.7,1.93407005598412e+35,1.94975752782367e+35,1.99571995469015e+35,1.90933159803236e+35,1.92481958609979e+35,1.97019765419545e+35,2.47384579517584e+33,2.49379417238762e+33,2.55223004947054e+33
268.8,1.93349741050278e+35,1.94917945085791e+35,1.99512589714324e+35,1.90876664780882e+35,1.92424927580343e+35,1.96961157340493e+35,2.4730762693957e+33,2.49301750544805e+33,2.55143237383117e+33
268.9,1.93292521365998e+35,1.94860182718072e+35,1.99453230658156e+35,1.90820214007217e+35,1.92367941258416e+35,1.96902595321201e+35,2.47230735878145e+33,2.49224145965629e+33,2.55063533695533e+33
269,1.93235346490739e+35,1.94802465623759e+35,1.99393918243194e+35,1.9076380742819e+35,1.92310999589539e+35,1.96844079305165e+35,2.471539062549e+33,2.49146603422035e+33,2.54983893802869e+33
269.1,1.93178216369754e+35,1.94744793747489e+35,1.99334652412208e+35,1.90707444989839e+35,1.92254102519139e+35,1.9678560923597e+35,2.47077137991553e+33,2.49069122834953e+33,2.54904317623834e+33
269.2,1.93121130948383e+35,1.94687167033984e+35,1.99275433108057e+35,1.90651126638284e+35,1.9219724999273e+35,1.96727185057284e+35,2.47000431009948e+33,2.48991704125442e+33,2.54824805077271e+33
269.3,1.9306409017205e+35,1.94629585428055e+35,1.99216260273686e+35,1.9059485231973e+35,1.92140441955908e+35,1.96668806712865e+35,2.46923785232054e+33,2.48914347214689e+33,2.54745356082165e+33
269.4,1.93007093986267e+35,1.94572048874595e+35,1.99157133852128e+35,1.90538621980468e+35,1.92083678354355e+35,1.96610474146552e+35,2.46847200579967e+33,2.48837052024012e+33,2.54665970557636e+33
269.5,1.9295014233663e+35,1.94514557318586e+35,1.99098053786501e+35,1.90482435566871e+35,1.92026959133838e+35,1.96552187302272e+35,2.4677067697591e+33,2.48759818474854e+33,2.54586648422945e+33
269.6,1.92893235168817e+35,1.94457110705093e+35,1.99039020020009e+35,1.90426293025395e+35,1.91970284240205e+35,1.96493946124034e+35,2.46694214342232e+33,2.48682646488792e+33,2.54507389597488e+33
269.7,1.92836372428595e+35,1.94399708979264e+35,1.98980032495943e+35,1.9037019430258e+35,1.91913653619388e+35,1.96435750555935e+35,2.46617812601406e+33,2.48605535987529e+33,2.544281940008e+33
269.8,1.9277955406181e+35,1.94342352086333e+35,1.98921091157678e+35,1.90314139345049e+35,1.91857067217404e+35,1.96377600542152e+35,2.46541471676037e+33,2.485284868929e+33,2.54349061552556e+33
269.9,1.92722780014394e+35,1.94285039971617e+35,1.98862195948674e+35,1.90258128099505e+35,1.91800524980349e+35,1.96319496026948e+35,2.46465191488853e+33,2.48451499126867e+33,2.54269992172566e+33
270,1.92666050232362e+35,1.94227772580517e+35,1.98803346812475e+35,1.90202160512735e+35,1.91744026854402e+35,1.96261436954668e+35,2.46388971962713e+33,2.48374572611525e+33,2.54190985780781e+33
270.1,1.9260936466181e+35,1.94170549858515e+35,1.98744543692711e+35,1.90146236531604e+35,1.91687572785824e+35,1.96203423269738e+35,2.463128130206e+33,2.48297707269099e+33,2.54112042297287e+33
270.2,1.92552723248918e+35,1.94113371751178e+35,1.98685786533092e+35,1.90090356103062e+35,1.91631162720958e+35,1.96145454916669e+35,2.4623671458563e+33,2.48220903021942e+33,2.54033161642313e+33
270.3,1.92496125939948e+35,1.94056238204152e+35,1.98627075277415e+35,1.90034519174137e+35,1.91574796606227e+35,1.96087531840053e+35,2.46160676581043e+33,2.48144159792542e+33,2.53954343736222e+33
270.4,1.92439572681241e+35,1.93999149163167e+35,1.98568409869557e+35,1.89978725691939e+35,1.91518474388132e+35,1.96029653984562e+35,2.46084698930211e+33,2.48067477503515e+33,2.5387558849952e+33
270.5,1.92383063419221e+35,1.93942104574033e+35,1.98509790253478e+35,1.89922975603655e+35,1.91462196013257e+35,1.9597182129495e+35,2.46008781556633e+33,2.47990856077612e+33,2.53796895852849e+33
270.6,1.92326598100395e+35,1.93885104382643e+35,1.98451216373221e+35,1.89867268856556e+35,1.91405961428266e+35,1.95914033716051e+35,2.45932924383939e+33,2.47914295437713e+33,2.53718265716991e+33
270.7,1.92270176671347e+35,1.93828148534969e+35,1.9839268817291e+35,1.89811605397988e+35,1.91349770579901e+35,1.95856291192781e+35,2.4585712733589e+33,2.47837795506831e+33,2.5363969801287e+33
270.8,1.92213799078744e+35,1.93771236977064e+35,1.98334205596749e+35,1.8975598517538e+35,1.91293623414982e+35,1.95798593670133e+35,2.45781390336374e+33,2.47761356208114e+33,2.53561192661547e+33
270.9,1.92157465269331e+35,1.9371436965506e+35,1.98275768589025e+35,1.89700408136237e+35,1.91237519880412e+35,1.95740941093183e+35,2.45705713309412e+33,2.4768497746484e+33,2.53482749584224e+33
271,1.92101175189936e+35,1.93657546515172e+35,1.98217377094104e+35,1.89644874228145e+35,1.91181459923167e+35,1.95683333407082e+35,2.45630096179155e+33,2.47608659200422e+33,2.53404368702245e+33
271.1,1.92044928787465e+35,1.93600767503691e+35,1.98159031056434e+35,1.89589383398766e+35,1.91125443490307e+35,1.95625770557063e+35,2.45554538869886e+33,2.47532401338408e+33,2.53326049937093e+33
271.2,1.91988726008902e+35,1.9354403256699e+35,1.98100730420541e+35,1.89533935595842e+35,1.91069470528966e+35,1.95568252488437e+35,2.4547904130602e+33,2.47456203802477e+33,2.53247793210393e+33
271.3,1.91932566801315e+35,1.93487341651522e+35,1.9804247513103e+35,1.89478530767194e+35,1.91013540986357e+35,1.95510779146591e+35,2.45403603412102e+33,2.47380066516446e+33,2.53169598443913e+33
271.4,1.91876451111847e+35,1.93430694703816e+35,1.97984265132589e+35,1.89423168860718e+35,1.90957654809774e+35,1.95453350476994e+35,2.45328225112811e+33,2.47303989404264e+33,2.5309146555956e+33
271.5,1.91820378887722e+35,1.93374091670484e+35,1.97926100369983e+35,1.89367849824392e+35,1.90901811946583e+35,1.95395966425189e+35,2.45252906332957e+33,2.47227972390017e+33,2.53013394479385e+33
271.6,1.91764350076243e+35,1.93317532498213e+35,1.97867980788054e+35,1.89312573606268e+35,1.90846012344233e+35,1.95338626936798e+35,2.45177646997483e+33,2.47152015397924e+33,2.52935385125582e+33
271.7,1.91708364624794e+35,1.93261017133771e+35,1.97809906331727e+35,1.89257340154479e+35,1.90790255950248e+35,1.95281331957522e+35,2.45102447031467e+33,2.47076118352344e+33,2.52857437420487e+33
271.8,1.91652422480834e+35,1.93204545524006e+35,1.97751876946002e+35,1.89202149417233e+35,1.90734542712229e+35,1.95224081433136e+35,2.45027306360116e+33,2.47000281177767e+33,2.52779551286581e+33
271.9,1.91596523591905e+35,1.93148117615843e+35,1.97693892575959e+35,1.89147001342817e+35,1.90678872577855e+35,1.95166875309494e+35,2.44952224908776e+33,2.46924503798823e+33,2.52701726646486e+33
272,1.91540667905625e+35,1.93091733356285e+35,1.97635953166758e+35,1.89091895879596e+35,1.90623245494882e+35,1.95109713532528e+35,2.4487720260292e+33,2.46848786140275e+33,2.52623963422971e+33
272.1,1.91484855369693e+35,1.93035392692415e+35,1.97578058663634e+35,1.89036832976011e+35,1.90567661411144e+35,1.95052596048245e+35,2.4480223936816e+33,2.46773128127026e+33,2.52546261538946e+33
272.2,1.91429085931885e+35,1.92979095571394e+35,1.97520209011903e+35,1.88981812580583e+35,1.90512120274553e+35,1.94995522802728e+35,2.44727335130239e+33,2.46697529684114e+33,2.52468620917468e+33
272.3,1.91373359540058e+35,1.92922841940462e+35,1.97462404156958e+35,1.88926834641908e+35,1.90456622033095e+35,1.9493849374214e+35,2.44652489815035e+33,2.46621990736713e+33,2.52391041481739e+33
272.4,1.91317676142147e+35,1.92866631746939e+35,1.9740464404427e+35,1.88871899108661e+35,1.90401166634837e+35,1.94881508812719e+35,2.44577703348558e+33,2.46546511210136e+33,2.52313523155104e+33
272.5,1.91262035686165e+35,1.92810464938219e+35,1.97346928619389e+35,1.88817005929595e+35,1.90345754027921e+35,1.94824567960779e+35,2.44502975656954e+33,2.46471091029832e+33,2.52236065861056e+33
272.6,1.91206438120204e+35,1.92754341461781e+35,1.97289257827943e+35,1.88762155053539e+35,1.90290384160567e+35,1.94767671132711e+35,2.44428306666503e+33,2.46395730121387e+33,2.52158669523231e+33
272.7,1.91150883392437e+35,1.92698261265177e+35,1.97231631615639e+35,1.887073464294e+35,1.90235056981072e+35,1.94710818274985e+35,2.44353696303616e+33,2.46320428410525e+33,2.52081334065412e+33
272.8,1.91095371451112e+35,1.92642224296042e+35,1.9717404992826e+35,1.88652580006164e+35,1.90179772437811e+35,1.94654009334145e+35,2.44279144494842e+33,2.46245185823105e+33,2.52004059411529e+33
272.9,1.91039902244559e+35,1.92586230502085e+35,1.9711651271167e+35,1.88597855732891e+35,1.90124530479234e+35,1.94597244256813e+35,2.44204651166859e+33,2.46170002285127e+33,2.51926845485654e+33
273,1.90984475721187e+35,1.92530279831099e+35,1.97059019911809e+35,1.88543173558722e+35,1.90069331053872e+35,1.94540522989689e+35,2.44130216246483e+33,2.46094877722723e+33,2.51849692212011e+33
273.1,1.90929091829479e+35,1.92474372230951e+35,1.97001571474699e+35,1.88488533432873e+35,1.9001417411033e+35,1.94483845479549e+35,2.4405583966066e+33,2.46019812062167e+33,2.51772599514965e+33
273.2,1.90873750518002e+35,1.92418507649589e+35,1.96944167346437e+35,1.88433935304638e+35,1.89959059597291e+35,1.94427211673247e+35,2.43981521336471e+33,2.45944805229866e+33,2.51695567319029e+33
273.3,1.90818451735399e+35,1.92362686035039e+35,1.968868074732e+35,1.88379379123388e+35,1.89903987463516e+35,1.94370621517712e+35,2.4390726120113e+33,2.45869857152365e+33,2.51618595548863e+33
273.4,1.90763195430391e+35,1.92306907335406e+35,1.96829491801245e+35,1.88324864838571e+35,1.89848957657842e+35,1.94314074959952e+35,2.43833059181983e+33,2.45794967756346e+33,2.51541684129271e+33
273.5,1.90707981551778e+35,1.92251171498871e+35,1.96772220276905e+35,1.88270392399713e+35,1.89793970129184e+35,1.94257571947053e+35,2.4375891520651e+33,2.45720136968626e+33,2.51464832985205e+33
273.6,1.90652810048437e+35,1.92195478473696e+35,1.96714992846595e+35,1.88215961756414e+35,1.89739024826534e+35,1.94201112426177e+35,2.43684829202321e+33,2.4564536471616e+33,2.51388042041763e+33
273.7,1.90597680869325e+35,1.9213982820822e+35,1.96657809456806e+35,1.88161572858353e+35,1.8968412169896e+35,1.94144696344564e+35,2.43610801097161e+33,2.45570650926036e+33,2.51311311224186e+33
273.8,1.90542593963475e+35,1.92084220650861e+35,1.9660067005411e+35,1.88107225655286e+35,1.89629260695606e+35,1.94088323649532e+35,2.43536830818903e+33,2.4549599552548e+33,2.51234640457863e+33
273.9,1.90487549279997e+35,1.92028655750112e+35,1.96543574585157e+35,1.88052920097041e+35,1.89574441765694e+35,1.94031994288474e+35,2.43462918295556e+33,2.45421398441851e+33,2.51158029668328e+33
274,1.9043254676808e+35,1.91973133454548e+35,1.96486522996676e+35,1.87998656133527e+35,1.89519664858522e+35,1.93975708208863e+35,2.43389063455254e+33,2.45346859602645e+33,2.5108147878126e+33
274.1,1.90377586376989e+35,1.91917653712819e+35,1.96429515235474e+35,1.87944433714726e+35,1.89464929923464e+35,1.93919465358249e+35,2.43315266226268e+33,2.45272378935489e+33,2.51004987722483e+33
274.2,1.90322668056065e+35,1.91862216473651e+35,1.96372551248438e+35,1.87890252790695e+35,1.89410236909969e+35,1.93863265684259e+35,2.43241526536995e+33,2.45197956368149e+33,2.50928556417964e+33
274.3,1.90267791754728e+35,1.91806821685849e+35,1.96315630982535e+35,1.87836113311568e+35,1.89355585767564e+35,1.93807109134597e+35,2.43167844315964e+33,2.4512359182852e+33,2.50852184793816e+33
274.4,1.90212957422472e+35,1.91751469298296e+35,1.96258754384807e+35,1.87782015227553e+35,1.8930097644585e+35,1.93750995657044e+35,2.43094219491832e+33,2.45049285244634e+33,2.50775872776296e+33
274.5,1.90158165008866e+35,1.91696159259949e+35,1.96201921402378e+35,1.87727958488932e+35,1.89246408894502e+35,1.9369492519946e+35,2.43020651993386e+33,2.44975036544653e+33,2.50699620291802e+33
274.6,1.90103414463558e+35,1.91640891519841e+35,1.96145131982449e+35,1.87673943046062e+35,1.89191883063272e+35,1.93638897709781e+35,2.42947141749541e+33,2.44900845656872e+33,2.50623427266878e+33
274.7,1.90048705736267e+35,1.91585666027083e+35,1.960883860723e+35,1.87619968849373e+35,1.89137398901986e+35,1.93582913136018e+35,2.42873688689343e+33,2.44826712509721e+33,2.50547293628208e+33
274.8,1.8999403877679e+35,1.91530482730861e+35,1.96031683619287e+35,1.8756603584937e+35,1.89082956360544e+35,1.93526971426261e+35,2.42800292741962e+33,2.44752637031758e+33,2.50471219302621e+33
274.9,1.89939413534997e+35,1.91475341580436e+35,1.95975024570848e+35,1.8751214399663e+35,1.89028555388919e+35,1.93471072528677e+35,2.42726953836699e+33,2.44678619151674e+33,2.50395204217085e+33
275,1.89884829960833e+35,1.91420242525144e+35,1.95918408874494e+35,1.87458293241803e+35,1.88974195937161e+35,1.93415216391506e+35,2.42653671902979e+33,2.44604658798291e+33,2.50319248298709e+33
275.1,1.89830288004315e+35,1.91365185514394e+35,1.95861836477816e+35,1.87404483535611e+35,1.88919877955389e+35,1.93359402963069e+35,2.42580446870356e+33,2.44530755900559e+33,2.50243351474747e+33
275.2,1.89775787615535e+35,1.91310170497672e+35,1.95805307328483e+35,1.8735071482885e+35,1.88865601393797e+35,1.93303632191758e+35,2.4250727866851e+33,2.44456910387562e+33,2.50167513672587e+33
275.3,1.89721328744657e+35,1.91255197424537e+35,1.9574882137424e+35,1.87296987072384e+35,1.88811366202652e+35,1.93247904026043e+35,2.42434167227247e+33,2.4438312218851e+33,2.50091734819762e+33
275.4,1.89666911341918e+35,1.9120026624462e+35,1.95692378562909e+35,1.87243300217153e+35,1.88757172332293e+35,1.93192218414469e+35,2.42361112476498e+33,2.44309391232744e+33,2.5001601484394e+33
275.5,1.89612535357627e+35,1.91145376907626e+35,1.95635978842386e+35,1.87189654214163e+35,1.88703019733129e+35,1.93136575305657e+35,2.42288114346321e+33,2.44235717449733e+33,2.49940353672931e+33
275.6,1.89558200742164e+35,1.91090529363334e+35,1.95579622160647e+35,1.87136049014495e+35,1.88648908355643e+35,1.930809746483e+35,2.42215172766896e+33,2.44162100769075e+33,2.49864751234681e+33
275.7,1.89503907445982e+35,1.91035723561593e+35,1.95523308465742e+35,1.87082484569297e+35,1.88594838150388e+35,1.93025416391169e+35,2.42142287668531e+33,2.44088541120496e+33,2.49789207457274e+33
275.8,1.89449655419604e+35,1.90980959452325e+35,1.95467037705795e+35,1.87028960829787e+35,1.88540809067987e+35,1.92969900483105e+35,2.42069458981657e+33,2.44015038433847e+33,2.49713722268931e+33
275.9,1.89395444613622e+35,1.90926236985524e+35,1.95410809829007e+35,1.86975477747254e+35,1.88486821059133e+35,1.92914426873027e+35,2.41996686636828e+33,2.43941592639111e+33,2.4963829559801e+33
276,1.89341274978702e+35,1.90871556111255e+35,1.95354624783653e+35,1.86922035273055e+35,1.88432874074591e+35,1.92858995509923e+35,2.41923970564723e+33,2.43868203666394e+33,2.49562927373004e+33
276.1,1.89287146465576e+35,1.90816916779653e+35,1.95298482518083e+35,1.86868633358615e+35,1.88378968065194e+35,1.92803606342858e+35,2.41851310696146e+33,2.4379487144593e+33,2.49487617522542e+33
276.2,1.89233059025049e+35,1.90762318940925e+35,1.9524238298072e+35,1.86815271955428e+35,1.88325102981844e+35,1.92748259320966e+35,2.41778706962022e+33,2.43721595908079e+33,2.49412365975389e+33
276.3,1.8917901260799e+35,1.90707762545346e+35,1.95186326120062e+35,1.86761951015056e+35,1.88271278775512e+35,1.92692954393458e+35,2.41706159293401e+33,2.43648376983329e+33,2.49337172660443e+33
276.4,1.89125007165343e+35,1.90653247543262e+35,1.95130311884679e+35,1.86708670489129e+35,1.88217495397239e+35,1.92637691509612e+35,2.41633667621454e+33,2.43575214602292e+33,2.49262037506736e+33
276.5,1.89071042648116e+35,1.90598773885089e+35,1.95074340223215e+35,1.86655430329342e+35,1.88163752798132e+35,1.9258247061878e+35,2.41561231877478e+33,2.43502108695705e+33,2.49186960443435e+33
276.6,1.89017119007387e+35,1.9054434152131e+35,1.95018411084385e+35,1.86602230487458e+35,1.88110050929366e+35,1.92527291670387e+35,2.41488851992889e+33,2.43429059194431e+33,2.49111941399838e+33
276.7,1.88963236194301e+35,1.90489950402479e+35,1.94962524416979e+35,1.86549070915309e+35,1.88056389742184e+35,1.92472154613926e+35,2.41416527899229e+33,2.4335606602946e+33,2.49036980305378e+33
276.8,1.88909394160071e+35,1.90435600479217e+35,1.94906680169857e+35,1.8649595156479e+35,1.88002769187898e+35,1.92417059398961e+35,2.41344259528161e+33,2.43283129131904e+33,2.48962077089618e+33
276.9,1.88855592855977e+35,1.90381291702213e+35,1.94850878291951e+35,1.86442872387862e+35,1.87949189217883e+35,1.92362005975128e+35,2.4127204681147e+33,2.43210248433003e+33,2.48887231682255e+33
277,1.88801832233366e+35,1.90327024022225e+35,1.94795118732263e+35,1.86389833336555e+35,1.87895649783583e+35,1.92306994292132e+35,2.41199889681064e+33,2.43137423864118e+33,2.48812444013115e+33
277.1,1.8874811224365e+35,1.90272797390076e+35,1.9473940143987e+35,1.8633683436296e+35,1.87842150836509e+35,1.92252024299748e+35,2.41127788068974e+33,2.43064655356739e+33,2.48737714012159e+33
277.2,1.88694432838311e+35,1.9021861175666e+35,1.94683726363915e+35,1.86283875419237e+35,1.87788692328235e+35,1.9219709594782e+35,2.41055741907353e+33,2.42991942842478e+33,2.48663041609476e+33
277.3,1.88640793968893e+35,1.90164467072934e+35,1.94628093453614e+35,1.86230956457608e+35,1.87735274210403e+35,1.92142209186261e+35,2.40983751128477e+33,2.42919286253071e+33,2.48588426735285e+33
277.4,1.88587195587008e+35,1.90110363289924e+35,1.94572502658252e+35,1.86178077430361e+35,1.8768189643472e+35,1.92087363965053e+35,2.40911815664742e+33,2.42846685520381e+33,2.48513869319939e+33
277.5,1.88533637644334e+35,1.90056300358722e+35,1.94516953927185e+35,1.86125238289847e+35,1.87628558952958e+35,1.92032560234246e+35,2.4083993544867e+33,2.42774140576393e+33,2.48439369293916e+33
277.6,1.88480120092613e+35,1.90002278230486e+35,1.94461447209837e+35,1.86072438988484e+35,1.87575261716954e+35,1.91977797943958e+35,2.40768110412903e+33,2.42701651353218e+33,2.48364926587829e+33
277.7,1.88426642883654e+35,1.8994829685644e+35,1.94405982455702e+35,1.86019679478752e+35,1.87522004678609e+35,1.91923077044378e+35,2.40696340490207e+33,2.42629217783092e+33,2.48290541132417e+33
277.8,1.88373205969328e+35,1.89894356187873e+35,1.94350559614343e+35,1.85966959713193e+35,1.87468787789889e+35,1.91868397485758e+35,2.40624625613471e+33,2.42556839798374e+33,2.48216212858549e+33
277.9,1.88319809301573e+35,1.89840456176141e+35,1.94295178635392e+35,1.85914279644416e+35,1.87415611002825e+35,1.9181375921842e+35,2.40552965715705e+33,2.42484517331548e+33,2.48141941697227e+33
278,1.88266452832392e+35,1.89786596772664e+35,1.94239839468549e+35,1.85861639225092e+35,1.87362474269511e+35,1.91759162192753e+35,2.40481360730044e+33,2.42412250315224e+33,2.48067727579576e+33
278.1,1.88213136513851e+35,1.89732777928928e+35,1.94184542063582e+35,1.85809038407954e+35,1.87309377542106e+35,1.91704606359214e+35,2.40409810589746e+33,2.42340038682135e+33,2.47993570436855e+33
278.2,1.88159860298081e+35,1.89678999596483e+35,1.94129286370329e+35,1.85756477145799e+35,1.87256320772832e+35,1.91650091668324e+35,2.40338315228191e+33,2.4226788236514e+33,2.47919470200452e+33
278.3,1.88106624137277e+35,1.89625261726946e+35,1.94074072338692e+35,1.85703955391488e+35,1.87203303913974e+35,1.91595618070674e+35,2.40266874578883e+33,2.42195781297224e+33,2.47845426801879e+33
278.4,1.88053427983697e+35,1.89571564271997e+35,1.94018899918646e+35,1.85651473097943e+35,1.87150326917882e+35,1.91541185516918e+35,2.40195488575451e+33,2.42123735411495e+33,2.47771440172784e+33
278.5,1.88000271789665e+35,1.89517907183379e+35,1.93963769060228e+35,1.85599030218149e+35,1.87097389736968e+35,1.91486793957779e+35,2.40124157151645e+33,2.42051744641188e+33,2.47697510244937e+33
278.6,1.87947155507567e+35,1.89464290412904e+35,1.93908679713547e+35,1.85546626705154e+35,1.87044492323707e+35,1.91432443344045e+35,2.40052880241343e+33,2.41979808919663e+33,2.47623636950243e+33
278.7,1.87894079089854e+35,1.89410713912444e+35,1.93853631828776e+35,1.85494262512069e+35,1.8699163463064e+35,1.91378133626569e+35,2.39981657778543e+33,2.41907928180404e+33,2.47549820220731e+33
278.8,1.8784104248904e+35,1.89357177633937e+35,1.93798625356157e+35,1.85441937592067e+35,1.86938816610366e+35,1.91323864756272e+35,2.39910489697369e+33,2.41836102357024e+33,2.47476059988563e+33
278.9,1.87788045657703e+35,1.89303681529385e+35,1.93743660245998e+35,1.85389651898382e+35,1.86886038215552e+35,1.91269636684138e+35,2.39839375932071e+33,2.41764331383258e+33,2.47402356186025e+33
279,1.87735088548483e+35,1.89250225550855e+35,1.93688736448674e+35,1.85337405384313e+35,1.86833299398925e+35,1.91215449361219e+35,2.39768316417022e+33,2.41692615192971e+33,2.47328708745538e+33
279.1,1.87682171114086e+35,1.89196809650477e+35,1.93633853914626e+35,1.85285198003218e+35,1.86780600113275e+35,1.9116130273863e+35,2.39697311086721e+33,2.41620953720152e+33,2.47255117599647e+33
279.2,1.87629293307279e+35,1.89143433780446e+35,1.93579012594364e+35,1.85233029708521e+35,1.86727940311456e+35,1.91107196767554e+35,2.3962635987579e+33,2.41549346898916e+33,2.47181582681029e+33
279.3,1.87576455080896e+35,1.89090097893019e+35,1.93524212438462e+35,1.85180900453706e+35,1.86675319946384e+35,1.91053131399238e+35,2.39555462718979e+33,2.41477794663507e+33,2.4710810392249e+33
279.4,1.8752365638783e+35,1.89036801940521e+35,1.93469453397562e+35,1.85128810192319e+35,1.86622738971038e+35,1.90999106584993e+35,2.39484619551162e+33,2.41406296948293e+33,2.47034681256963e+33
279.5,1.87470897181043e+35,1.88983545875337e+35,1.93414735422372e+35,1.85076758877969e+35,1.86570197338459e+35,1.90945122276197e+35,2.39413830307338e+33,2.41334853687769e+33,2.46961314617513e+33
279.6,1.87418177413555e+35,1.88930329649919e+35,1.93360058463667e+35,1.85024746464328e+35,1.86517695001753e+35,1.90891178424294e+35,2.39343094922633e+33,2.4126346481656e+33,2.46888003937333e+33
279.7,1.87365497038454e+35,1.88877153216782e+35,1.93305422472287e+35,1.84972772905131e+35,1.86465231914087e+35,1.9083727498079e+35,2.39272413332299e+33,2.41192130269415e+33,2.46814749149746e+33
279.8,1.8731285600889e+35,1.88824016528505e+35,1.93250827399141e+35,1.84920838154173e+35,1.86412808028692e+35,1.90783411897259e+35,2.39201785471713e+33,2.41120849981213e+33,2.46741550188206e+33
279.9,1.87260254278077e+35,1.88770919537732e+35,1.93196273195202e+35,1.84868942165313e+35,1.86360423298862e+35,1.90729589125339e+35,2.39131211276377e+33,2.41049623886957e+33,2.46668406986295e+33
280,1.87207691799293e+35,1.88717862197171e+35,1.93141759811512e+35,1.84817084892474e+35,1.86308077677953e+35,1.90675806616735e+35,2.39060690681924e+33,2.40978451921781e+33,2.46595319477724e+33
280.1,1.87155168525882e+35,1.88664844459596e+35,1.93087287199178e+35,1.84765266289641e+35,1.86255771119387e+35,1.90622064323215e+35,2.38990223624107e+33,2.40907334020944e+33,2.46522287596337e+33
280.2,1.87102684411249e+35,1.88611866277844e+35,1.93032855309374e+35,1.84713486310861e+35,1.86203503576646e+35,1.90568362196613e+35,2.3891981003881e+33,2.40836270119835e+33,2.46449311276106e+33
280.3,1.87050239408866e+35,1.88558927604818e+35,1.92978464093342e+35,1.84661744910245e+35,1.86151275003278e+35,1.90514700188831e+35,2.38849449862042e+33,2.4076526015397e+33,2.46376390451132e+33
280.4,1.86997833472268e+35,1.88506028393485e+35,1.9292411350239e+35,1.84610042041968e+35,1.86099085352895e+35,1.90461078251834e+35,2.38779143029938e+33,2.40694304058991e+33,2.4630352505565e+33
280.5,1.86945466555055e+35,1.88453168596878e+35,1.92869803487893e+35,1.84558377660267e+35,1.86046934579171e+35,1.90407496337653e+35,2.38708889478761e+33,2.4062340177067e+33,2.4623071502402e+33
280.6,1.86893138610893e+35,1.88400348168095e+35,1.92815534001294e+35,1.84506751719444e+35,1.85994822635846e+35,1.90353954398387e+35,2.38638689144898e+33,2.40552553224907e+33,2.46157960290738e+33
280.7,1.86840849593512e+35,1.88347567060299e+35,1.92761304994104e+35,1.84455164173864e+35,1.85942749476722e+35,1.903004523862e+35,2.38568541964866e+33,2.40481758357728e+33,2.46085260790425e+33
280.8,1.86788599456707e+35,1.8829482522672e+35,1.927071164179e+35,1.84403614977954e+35,1.85890715055667e+35,1.90246990253322e+35,2.38498447875304e+33,2.4041101710529e+33,2.46012616457836e+33
280.9,1.86736388154339e+35,1.88242122620653e+35,1.92652968224328e+35,1.8435210408621e+35,1.85838719326614e+35,1.9019356795205e+35,2.38428406812982e+33,2.40340329403874e+33,2.45940027227855e+33
281,1.86684215640335e+35,1.88189459195459e+35,1.92598860365103e+35,1.84300631453187e+35,1.8578676224356e+35,1.90140185434748e+35,2.38358418714793e+33,2.40269695189893e+33,2.45867493035495e+33
281.1,1.86632081868684e+35,1.88136834904565e+35,1.92544792792006e+35,1.84249197033507e+35,1.85734843760566e+35,1.90086842653847e+35,2.38288483517758e+33,2.40199114399883e+33,2.45795013815902e+33
281.2,1.86579986793446e+35,1.88084249701466e+35,1.92490765456889e+35,1.84197800781856e+35,1.85682963831761e+35,1.90033539561845e+35,2.38218601159024e+33,2.40128586970512e+33,2.4572258950435e+33
281.3,1.86527930368743e+35,1.88031703539721e+35,1.9243677831167e+35,1.84146442652985e+35,1.85631122411335e+35,1.89980276111308e+35,2.38148771575863e+33,2.40058112838573e+33,2.45650220036244e+33
281.4,1.86475912548765e+35,1.87979196372957e+35,1.9238283130834e+35,1.84095122601709e+35,1.85579319453547e+35,1.89927052254868e+35,2.38078994705673e+33,2.39987691940987e+33,2.4557790534712e+33
281.5,1.86423933287768e+35,1.87926728154869e+35,1.92328924398955e+35,1.84043840582908e+35,1.85527554912721e+35,1.89873867945228e+35,2.38009270485978e+33,2.39917324214801e+33,2.45505645372641e+33
281.6,1.86371992540072e+35,1.87874298839218e+35,1.92275057535644e+35,1.83992596551528e+35,1.85475828743246e+35,1.89820723135158e+35,2.37939598854428e+33,2.39847009597191e+33,2.45433440048603e+33
281.7,1.86320090260066e+35,1.87821908379831e+35,1.92221230670603e+35,1.83941390462579e+35,1.85424140899577e+35,1.89767617777494e+35,2.37869979748796e+33,2.39776748025459e+33,2.45361289310931e+33
281.8,1.86268226402205e+35,1.87769556730605e+35,1.92167443756101e+35,1.83890222271135e+35,1.85372491336234e+35,1.89714551825144e+35,2.37800413106983e+33,2.39706539437033e+33,2.45289193095678e+33
281.9,1.86216400921009e+35,1.87717243845501e+35,1.92113696744474e+35,1.83839091932339e+35,1.85320880007806e+35,1.89661525231084e+35,2.37730898867011e+33,2.39636383769467e+33,2.45217151339027e+33
282,1.86164613771065e+35,1.87664969678551e+35,1.92059989588132e+35,1.83787999401395e+35,1.85269306868946e+35,1.89608537948359e+35,2.37661436967029e+33,2.39566280960442e+33,2.45145163977291e+33
282.1,1.86112864907027e+35,1.87612734183852e+35,1.92006322239553e+35,1.83736944633574e+35,1.85217771874374e+35,1.89555589930084e+35,2.37592027345309e+33,2.39496230947763e+33,2.4507323094691e+33
282.2,1.86061154283615e+35,1.87560537315569e+35,1.91952694651286e+35,1.83685927584213e+35,1.85166274978876e+35,1.89502681129442e+35,2.37522669940247e+33,2.39426233669363e+33,2.45001352184454e+33
282.3,1.86009481855616e+35,1.87508379027937e+35,1.91899106775953e+35,1.83634948208712e+35,1.85114816137304e+35,1.89449811499687e+35,2.3745336469036e+33,2.39356289063297e+33,2.44929527626621e+33
282.4,1.85957847577882e+35,1.87456259275255e+35,1.91845558566246e+35,1.83584006462539e+35,1.85063395304577e+35,1.89396980994144e+35,2.37384111534292e+33,2.39286397067745e+33,2.44857757210237e+33
282.5,1.85906251405332e+35,1.87404178011892e+35,1.91792049974929e+35,1.83533102301224e+35,1.85012012435682e+35,1.89344189566206e+35,2.37314910410805e+33,2.39216557621014e+33,2.44786040872254e+33
282.6,1.85854693292952e+35,1.87352135192283e+35,1.91738580954837e+35,1.83482235680364e+35,1.84960667485668e+35,1.89291437169339e+35,2.37245761258786e+33,2.39146770661531e+33,2.44714378549752e+33
282.7,1.85803173195793e+35,1.87300130770933e+35,1.91685151458877e+35,1.8343140655562e+35,1.84909360409655e+35,1.89238723757077e+35,2.37176664017242e+33,2.39077036127848e+33,2.4464277017994e+33
282.8,1.85751691068971e+35,1.87248164702412e+35,1.91631761440028e+35,1.83380614882718e+35,1.84858091162826e+35,1.89186049283027e+35,2.37107618625302e+33,2.3900735395864e+33,2.4457121570015e+33
282.9,1.85700246867671e+35,1.87196236941358e+35,1.91578410851341e+35,1.83329860617449e+35,1.84806859700431e+35,1.89133413700863e+35,2.37038625022215e+33,2.38937724092704e+33,2.44499715047841e+33
283,1.8564884054714e+35,1.87144347442477e+35,1.91525099645939e+35,1.83279143715666e+35,1.84755665977787e+35,1.89080816964333e+35,2.36969683147349e+33,2.38868146468958e+33,2.44428268160599e+33
283.1,1.85597472062692e+35,1.87092496160541e+35,1.91471827777017e+35,1.8322846413329e+35,1.84704509950276e+35,1.89028259027256e+35,2.36900792940195e+33,2.38798621026443e+33,2.44356874976132e+33
283.2,1.85546141369706e+35,1.87040683050389e+35,1.91418595197842e+35,1.83177821826303e+35,1.84653391573346e+35,1.88975739843519e+35,2.36831954340359e+33,2.38729147704319e+33,2.44285535432274e+33
283.3,1.85494848423626e+35,1.86988908066928e+35,1.91365401861752e+35,1.8312721675075e+35,1.84602310802509e+35,1.88923259367082e+35,2.36763167287568e+33,2.38659726441868e+33,2.44214249466983e+33
283.4,1.8544359317996e+35,1.86937171165129e+35,1.91312247722158e+35,1.83076648862744e+35,1.84551267593344e+35,1.88870817551974e+35,2.36694431721666e+33,2.3859035717849e+33,2.4414301701834e+33
283.5,1.85392375594281e+35,1.86885472300031e+35,1.91259132732543e+35,1.83026118118455e+35,1.84500261901494e+35,1.88818414352297e+35,2.36625747582615e+33,2.38521039853704e+33,2.44071838024549e+33
283.6,1.85341195622226e+35,1.8683381142674e+35,1.91206056846461e+35,1.82975624474121e+35,1.84449293682668e+35,1.88766049722222e+35,2.36557114810493e+33,2.38451774407149e+33,2.44000712423935e+33
283.7,1.85290053219495e+35,1.86782188500425e+35,1.91153020017539e+35,1.8292516788604e+35,1.84398362892639e+35,1.88713723615989e+35,2.36488533345496e+33,2.38382560778582e+33,2.43929640154944e+33
283.8,1.85238948341852e+35,1.86730603476321e+35,1.91100022199473e+35,1.82874748310572e+35,1.84347469487243e+35,1.88661435987912e+35,2.36420003127932e+33,2.38313398907875e+33,2.43858621156146e+33
283.9,1.85187880945124e+35,1.86679056309731e+35,1.91047063346034e+35,1.82824365704142e+35,1.84296613422381e+35,1.88609186792372e+35,2.36351524098229e+33,2.38244288735018e+33,2.43787655366227e+33
284,1.85136850985202e+35,1.8662754695602e+35,1.9099414341106e+35,1.82774020023232e+35,1.84245794654018e+35,1.8855697598382e+35,2.36283096196927e+33,2.38175230200118e+33,2.43716742723996e+33
284.1,1.85085858418037e+35,1.86576075370617e+35,1.90941262348463e+35,1.8272371122439e+35,1.84195013138183e+35,1.8850480351678e+35,2.36214719364679e+33,2.38106223243397e+33,2.43645883168377e+33
284.2,1.85034903199644e+35,1.86524641509018e+35,1.90888420112225e+35,1.82673439264222e+35,1.84144268830966e+35,1.88452669345841e+35,2.36146393542254e+33,2.38037267805191e+33,2.43575076638416e+33
284.3,1.84983985286101e+35,1.8647324532678e+35,1.90835616656397e+35,1.82623204099395e+35,1.84093561688521e+35,1.88400573425664e+35,2.36078118670532e+33,2.3796836382595e+33,2.43504323073275e+33
284.4,1.84933104633544e+35,1.86421886779527e+35,1.90782851935102e+35,1.82573005686639e+35,1.84042891667064e+35,1.8834851571098e+35,2.36009894690506e+33,2.3789951124624e+33,2.4343362241223e+33
284.5,1.84882261198173e+35,1.86370565822942e+35,1.90730125902532e+35,1.8252284398274e+35,1.83992258722875e+35,1.88296496156585e+35,2.35941721543281e+33,2.37830710006738e+33,2.43362974594676e+33
284.6,1.84831454936248e+35,1.86319282412775e+35,1.90677438512948e+35,1.82472718944547e+35,1.83941662812292e+35,1.88244514717347e+35,2.35873599170072e+33,2.37761960048233e+33,2.43292379560123e+33
284.7,1.8478068580409e+35,1.86268036504835e+35,1.90624789720682e+35,1.82422630528968e+35,1.83891103891719e+35,1.881925713482e+35,2.35805527512206e+33,2.37693261311628e+33,2.43221837248195e+33
284.8,1.84729953758079e+35,1.86216828054997e+35,1.90572179480134e+35,1.82372578692968e+35,1.83840581917617e+35,1.88140666004147e+35,2.3573750651112e+33,2.37624613737935e+33,2.43151347598628e+33
284.9,1.84679258754657e+35,1.86165657019194e+35,1.90519607745771e+35,1.82322563393574e+35,1.83790096846512e+35,1.88088798640258e+35,2.3566953610836e+33,2.37556017268279e+33,2.43080910551273e+33
285,1.84628600750325e+35,1.86114523353425e+35,1.90467074472132e+35,1.82272584587869e+35,1.83739648634986e+35,1.88036969211671e+35,2.35601616245583e+33,2.37487471843892e+33,2.43010526046093e+33
285.1,1.84577979701642e+35,1.86063427013747e+35,1.90414579613821e+35,1.82222642232997e+35,1.83689237239686e+35,1.87985177673589e+35,2.35533746864551e+33,2.37418977406118e+33,2.42940194023162e+33
285.2,1.84527395565229e+35,1.8601236795628e+35,1.9036212312551e+35,1.82172736286157e+35,1.83638862617315e+35,1.87933423981284e+35,2.35465927907139e+33,2.3735053389641e+33,2.42869914422664e+33
285.3,1.84476848297763e+35,1.85961346137203e+35,1.90309704961941e+35,1.82122866704609e+35,1.8358852472464e+35,1.87881708090092e+35,2.35398159315325e+33,2.37282141256329e+33,2.42799687184896e+33
285.4,1.84426337855981e+35,1.85910361512758e+35,1.90257325077919e+35,1.82073033445669e+35,1.83538223518483e+35,1.87830029955417e+35,2.35330441031198e+33,2.37213799427542e+33,2.42729512250261e+33
285.5,1.8437586419668e+35,1.85859414039246e+35,1.9020498342832e+35,1.82023236466711e+35,1.83487958955728e+35,1.87778389532727e+35,2.35262772996953e+33,2.37145508351828e+33,2.42659389559273e+33
285.6,1.84325427276714e+35,1.85808503673029e+35,1.90152679968082e+35,1.81973475725165e+35,1.83437730993318e+35,1.87726786777557e+35,2.3519515515489e+33,2.37077267971069e+33,2.42589319052552e+33
285.7,1.84275027052995e+35,1.85757630370528e+35,1.90100414652214e+35,1.81923751178521e+35,1.83387539588256e+35,1.87675221645505e+35,2.35127587447416e+33,2.37009078227254e+33,2.42519300670826e+33
285.8,1.84224663482493e+35,1.85706794088225e+35,1.90048187435786e+35,1.81874062784323e+35,1.833373846976e+35,1.87623694092237e+35,2.35060069817046e+33,2.36940939062481e+33,2.42449334354932e+33
285.9,1.84174336522238e+35,1.85655994782661e+35,1.89995998273938e+35,1.81824410500174e+35,1.83287266278471e+35,1.8757220407348e+35,2.34992602206398e+33,2.36872850418951e+33,2.42379420045809e+33
286,1.84124046129316e+35,1.85605232410435e+35,1.89943847121872e+35,1.81774794283734e+35,1.83237184288046e+35,1.87520751545027e+35,2.34925184558195e+33,2.36804812238972e+33,2.42309557684504e+33
286.1,1.8407379226087e+35,1.85554506928209e+35,1.89891733934857e+35,1.81725214092718e+35,1.8318713868356e+35,1.87469336462736e+35,2.34857816815267e+33,2.36736824464955e+33,2.42239747212168e+33
286.2,1.84023574874104e+35,1.85503818292702e+35,1.89839658668227e+35,1.81675669884898e+35,1.83137129422307e+35,1.87417958782527e+35,2.34790498920547e+33,2.36668887039417e+33,2.42169988570057e+33
286.3,1.83973393926275e+35,1.85453166460691e+35,1.8978762127738e+35,1.81626161618105e+35,1.83087156461641e+35,1.87366618460385e+35,2.34723230817074e+33,2.3660099990498e+33,2.42100281699528e+33
286.4,1.83923249374703e+35,1.85402551389015e+35,1.89735621717778e+35,1.81576689250223e+35,1.83037219758972e+35,1.87315315452358e+35,2.34656012447988e+33,2.36533163004368e+33,2.42030626542045e+33
286.5,1.83873141176761e+35,1.85351973034571e+35,1.89683659944949e+35,1.81527252739195e+35,1.82987319271767e+35,1.87264049714557e+35,2.34588843756538e+33,2.36465376280412e+33,2.41961023039171e+33
286.6,1.83823069289882e+35,1.85301431354314e+35,1.89631735914483e+35,1.81477852043021e+35,1.82937454957554e+35,1.87212821203157e+35,2.34521724686073e+33,2.36397639676043e+33,2.41891471132573e+33
286.7,1.83773033671557e+35,1.8525092630526e+35,1.89579849582037e+35,1.81428487119756e+35,1.82887626773917e+35,1.87161629874396e+35,2.34454655180046e+33,2.36329953134298e+33,2.41821970764019e+33
286.8,1.83723034279333e+35,1.85200457844482e+35,1.89528000903329e+35,1.81379157927513e+35,1.82837834678498e+35,1.87110475684575e+35,2.34387635182016e+33,2.36262316598315e+33,2.41752521875378e+33
286.9,1.83673071070816e+35,1.85150025929113e+35,1.89476189834143e+35,1.8132986442446e+35,1.82788078629e+35,1.87059358590057e+35,2.34320664635643e+33,2.36194730011336e+33,2.4168312440862e+33
287,1.8362314400367e+35,1.85099630516347e+35,1.89424416330327e+35,1.81280606568823e+35,1.8273835858318e+35,1.87008278547269e+35,2.34253743484692e+33,2.36127193316705e+33,2.41613778305815e+33
287.1,1.83573253035616e+35,1.85049271563434e+35,1.8937268034779e+35,1.81231384318886e+35,1.82688674498855e+35,1.86957235512699e+35,2.34186871673031e+33,2.36059706457871e+33,2.41544483509133e+33
287.2,1.83523398124434e+35,1.84998949027685e+35,1.89320981842509e+35,1.81182197632988e+35,1.82639026333901e+35,1.86906229442901e+35,2.3412004914463e+33,2.35992269378382e+33,2.41475239960844e+33
287.3,1.83473579227962e+35,1.8494866286647e+35,1.89269320770521e+35,1.81133046469526e+35,1.82589414046252e+35,1.86855260294488e+35,2.34053275843564e+33,2.35924882021892e+33,2.41406047603317e+33
287.4,1.83423796304095e+35,1.84898413037221e+35,1.89217697087929e+35,1.81083930786955e+35,1.82539837593899e+35,1.86804328024139e+35,2.33986551714011e+33,2.35857544332153e+33,2.4133690637902e+33
287.5,1.83374049310788e+35,1.84848199497425e+35,1.89166110750899e+35,1.81034850543785e+35,1.82490296934895e+35,1.86753432588593e+35,2.3391987670025e+33,2.35790256253023e+33,2.41267816230519e+33
287.6,1.83324338206054e+35,1.84798022204632e+35,1.8911456171566e+35,1.80985805698587e+35,1.82440792027347e+35,1.86702573944655e+35,2.33853250746666e+33,2.35723017728461e+33,2.4119877710048e+33
287.7,1.83274662947964e+35,1.84747881116451e+35,1.89063049938508e+35,1.80936796209987e+35,1.82391322829426e+35,1.86651752049191e+35,2.33786673797747e+33,2.35655828702528e+33,2.41129788931666e+33
287.8,1.8322502349465e+35,1.84697776190552e+35,1.89011575375799e+35,1.80887822036669e+35,1.82341889299358e+35,1.86600966859129e+35,2.33720145798082e+33,2.35588689119387e+33,2.41060851666939e+33
287.9,1.83175419804301e+35,1.84647707384663e+35,1.88960137983956e+35,1.80838883137378e+35,1.8229249139543e+35,1.86550218331463e+35,2.33653666692364e+33,2.35521598923303e+33,2.40991965249257e+33
288,1.83125851835167e+35,1.84597674656574e+35,1.88908737719465e+35,1.80789979470913e+35,1.82243129075987e+35,1.86499506423248e+35,2.33587236425392e+33,2.35454558058644e+33,2.40923129621679e+33
288.1,1.83076319545554e+35,1.84547677964136e+35,1.88857374538877e+35,1.80741110996134e+35,1.82193802299437e+35,1.86448831091603e+35,2.33520854942064e+33,2.35387566469879e+33,2.40854344727358e+33
288.2,1.83026822893833e+35,1.8449771726526e+35,1.88806048398806e+35,1.80692277671959e+35,1.82144511024244e+35,1.86398192293711e+35,2.33454522187384e+33,2.3532062410158e+33,2.40785610509548e+33
288.3,1.82977361838429e+35,1.84447792517918e+35,1.88754759255933e+35,1.80643479457365e+35,1.82095255208933e+35,1.86347589986817e+35,2.3338823810646e+33,2.3525373089842e+33,2.40716926911597e+33
288.4,1.82927936337833e+35,1.84397903680143e+35,1.88703507067002e+35,1.80594716311388e+35,1.82046034812091e+35,1.86297024128232e+35,2.33322002644501e+33,2.35186886805177e+33,2.40648293876952e+33
288.5,1.82878546350592e+35,1.8434805071003e+35,1.88652291788822e+35,1.80545988193124e+35,1.81996849792363e+35,1.86246494675331e+35,2.3325581574682e+33,2.35120091766726e+33,2.40579711349159e+33
288.6,1.82829191835315e+35,1.84298233565736e+35,1.88601113378269e+35,1.80497295061726e+35,1.81947700108456e+35,1.86196001585551e+35,2.33189677358836e+33,2.3505334572805e+33,2.40511179271857e+33
288.7,1.82779872750671e+35,1.84248452205479e+35,1.88549971792282e+35,1.80448636876411e+35,1.81898585719136e+35,1.86145544816394e+35,2.33123587426068e+33,2.3498664863423e+33,2.40442697588787e+33
288.8,1.82730589055392e+35,1.84198706587538e+35,1.88498866987867e+35,1.80400013596451e+35,1.81849506583234e+35,1.86095124325429e+35,2.3305754589414e+33,2.34920000430451e+33,2.40374266243783e+33
288.9,1.82681340708269e+35,1.84148996670258e+35,1.88447798922095e+35,1.80351425181181e+35,1.81800462659638e+35,1.86044740070288e+35,2.3299155270878e+33,2.34853401062e+33,2.40305885180778e+33
289,1.82632127668155e+35,1.84099322412042e+35,1.88396767552104e+35,1.80302871589997e+35,1.817514539073e+35,1.85994392008666e+35,2.32925607815817e+33,2.34786850474265e+33,2.40237554343802e+33
289.1,1.82582949893965e+35,1.84049683771359e+35,1.88345772835098e+35,1.80254352782353e+35,1.81702480285232e+35,1.85944080098328e+35,2.32859711161187e+33,2.34720348612738e+33,2.40169273676982e+33
289.2,1.82533807344675e+35,1.8400008070674e+35,1.88294814728346e+35,1.80205868717766e+35,1.8165354175251e+35,1.858938042971e+35,2.32793862690926e+33,2.34653895423012e+33,2.40101043124542e+33
289.3,1.82484699979325e+35,1.83950513176779e+35,1.88243893189185e+35,1.80157419355813e+35,1.81604638268271e+35,1.85843564562877e+35,2.32728062351175e+33,2.34587490850782e+33,2.40032862630803e+33
289.4,1.82435627757016e+35,1.83900981140134e+35,1.88193008175019e+35,1.80109004656134e+35,1.81555769791715e+35,1.85793360853617e+35,2.32662310088176e+33,2.34521134841846e+33,2.39964732140183e+33
289.5,1.8238659063691e+35,1.83851484555525e+35,1.8814215964332e+35,1.80060624578427e+35,1.81506936282104e+35,1.85743193127348e+35,2.32596605848278e+33,2.34454827342101e+33,2.39896651597196e+33
289.6,1.82337588578234e+35,1.83802023381739e+35,1.88091347551624e+35,1.80012279082455e+35,1.81458137698764e+35,1.8569306134216e+35,2.32530949577929e+33,2.3438856829755e+33,2.39828620946455e+33
289.7,1.82288621540278e+35,1.83752597577625e+35,1.8804057185754e+35,1.79963968128041e+35,1.81409374001082e+35,1.85642965456213e+35,2.3246534122368e+33,2.34322357654295e+33,2.39760640132668e+33
289.8,1.82239689482393e+35,1.83703207102097e+35,1.8798983251874e+35,1.79915691675072e+35,1.81360645148511e+35,1.85592905427733e+35,2.32399780732187e+33,2.34256195358538e+33,2.3969270910064e+33
289.9,1.82190792363996e+35,1.83653851914132e+35,1.87939129492966e+35,1.79867449683494e+35,1.81311951100566e+35,1.85542881215014e+35,2.32334268050206e+33,2.34190081356587e+33,2.39624827795274e+33
290,1.82141930144564e+35,1.83604531972775e+35,1.87888462738031e+35,1.79819242113318e+35,1.81263291816826e+35,1.85492892776415e+35,2.32268803124597e+33,2.34124015594846e+33,2.39556996161569e+33
290.1,1.82093102783641e+35,1.83555247237133e+35,1.87837832211812e+35,1.79771068924618e+35,1.81214667256935e+35,1.85442940070365e+35,2.32203385902318e+33,2.34057998019824e+33,2.3948921414462e+33
290.2,1.82044310240833e+35,1.8350599766638e+35,1.87787237872258e+35,1.79722930077529e+35,1.81166077380598e+35,1.85393023055362e+35,2.32138016330433e+33,2.33992028578128e+33,2.39421481689618e+33
290.3,1.81995552475811e+35,1.83456783219754e+35,1.87736679677386e+35,1.7967482553225e+35,1.81117522147589e+35,1.85343141689968e+35,2.32072694356104e+33,2.33926107216465e+33,2.39353798741852e+33
290.4,1.81946829448309e+35,1.8340760385656e+35,1.87686157585284e+35,1.79626755249043e+35,1.81069001517743e+35,1.85293295932817e+35,2.32007419926596e+33,2.33860233881646e+33,2.39286165246705e+33
290.5,1.81898141118125e+35,1.83358459536167e+35,1.87635671554107e+35,1.79578719188232e+35,1.81020515450961e+35,1.85243485742611e+35,2.31942192989272e+33,2.33794408520576e+33,2.39218581149659e+33
290.6,1.81849487445123e+35,1.83309350218012e+35,1.87585221542083e+35,1.79530717310207e+35,1.80972063907209e+35,1.8519371107812e+35,2.31877013491597e+33,2.33728631080265e+33,2.39151046396288e+33
290.7,1.81800868389231e+35,1.83260275861595e+35,1.87534807507507e+35,1.79482749575419e+35,1.80923646846517e+35,1.85143971898184e+35,2.31811881381135e+33,2.33662901507818e+33,2.39083560932264e+33
290.8,1.81752283910439e+35,1.83211236426485e+35,1.87484429408746e+35,1.79434815944384e+35,1.80875264228981e+35,1.85094268161713e+35,2.31746796605548e+33,2.33597219750439e+33,2.39016124703353e+33
290.9,1.81703733968805e+35,1.83162231872316e+35,1.87434087204238e+35,1.79386916377679e+35,1.80826916014761e+35,1.85044599827684e+35,2.31681759112598e+33,2.33531585755433e+33,2.38948737655417e+33
291,1.8165521852445e+35,1.83113262158787e+35,1.87383780852489e+35,1.79339050835948e+35,1.80778602164085e+35,1.84994966855145e+35,2.31616768850145e+33,2.33465999470199e+33,2.38881399734411e+33
291.1,1.81606737537559e+35,1.83064327245665e+35,1.87333510312079e+35,1.79291219279898e+35,1.80730322637243e+35,1.84945369203216e+35,2.31551825766147e+33,2.33400460842235e+33,2.38814110886386e+33
291.2,1.81558290968384e+35,1.83015427092784e+35,1.87283275541658e+35,1.79243421670297e+35,1.80682077394593e+35,1.84895806831083e+35,2.31486929808656e+33,2.33334969819136e+33,2.38746871057485e+33
291.3,1.81509878777238e+35,1.82966561660042e+35,1.87233076499945e+35,1.7919565796798e+35,1.80633866396556e+35,1.84846279698006e+35,2.31422080925825e+33,2.33269526348592e+33,2.38679680193946e+33
291.4,1.81461500924503e+35,1.82917730907406e+35,1.87182913145733e+35,1.79147928133844e+35,1.80585689603622e+35,1.84796787763312e+35,2.31357279065899e+33,2.33204130378388e+33,2.386125382421e+33
291.5,1.81413157370622e+35,1.82868934794907e+35,1.87132785437886e+35,1.7910023212885e+35,1.80537546976343e+35,1.84747330986402e+35,2.3129252417722e+33,2.33138781856406e+33,2.3854544514837e+33
291.6,1.81364848076104e+35,1.82820173282644e+35,1.87082693335337e+35,1.79052569914022e+35,1.80489438475338e+35,1.84697909326744e+35,2.31227816208225e+33,2.33073480730621e+33,2.38478400859269e+33
291.7,1.81316573001523e+35,1.82771446330783e+35,1.87032636797094e+35,1.79004941450449e+35,1.80441364061292e+35,1.8464852274388e+35,2.31163155107444e+33,2.33008226949101e+33,2.38411405321407e+33
291.8,1.81268332107517e+35,1.82722753899555e+35,1.86982615782233e+35,1.78957346699282e+35,1.80393323694955e+35,1.84599171197419e+35,2.31098540823499e+33,2.32943020460007e+33,2.38344458481478e+33
291.9,1.81220125354788e+35,1.82674095949258e+35,1.86932630249906e+35,1.78909785621737e+35,1.80345317337142e+35,1.84549854647043e+35,2.31033973305106e+33,2.32877861211594e+33,2.38277560286272e+33
292,1.81171952704102e+35,1.82625472440255e+35,1.86882680159333e+35,1.78862258179091e+35,1.80297344948733e+35,1.84500573052506e+35,2.30969452501073e+33,2.32812749152207e+33,2.38210710682667e+33
292.1,1.8112381411629e+35,1.82576883332977e+35,1.86832765469806e+35,1.78814764332687e+35,1.80249406490675e+35,1.8445132637363e+35,2.30904978360298e+33,2.32747684230281e+33,2.38143909617628e+33
292.2,1.81075709552245e+35,1.82528328587921e+35,1.86782886140691e+35,1.78767304043928e+35,1.80201501923977e+35,1.84402114570309e+35,2.30840550831771e+33,2.32682666394343e+33,2.38077157038213e+33
292.3,1.81027638972927e+35,1.82479808165647e+35,1.86733042131423e+35,1.78719877274281e+35,1.80153631209716e+35,1.84352937602508e+35,2.30776169864568e+33,2.32617695593009e+33,2.38010452891562e+33
292.4,1.80979602339356e+35,1.82431322026783e+35,1.86683233401511e+35,1.78672483985277e+35,1.80105794309033e+35,1.84303795430262e+35,2.30711835407858e+33,2.32552771774982e+33,2.37943797124908e+33
292.5,1.80931599612617e+35,1.82382870132023e+35,1.86633459910533e+35,1.78625124138509e+35,1.80057991183132e+35,1.84254688013677e+35,2.30647547410894e+33,2.32487894889053e+33,2.37877189685566e+33
292.6,1.80883630753859e+35,1.82334452442124e+35,1.86583721618139e+35,1.78577797695629e+35,1.80010221793283e+35,1.8420561531293e+35,2.3058330582302e+33,2.32423064884103e+33,2.3781063052094e+33
292.7,1.80835695724293e+35,1.82286068917911e+35,1.86534018484052e+35,1.78530504618356e+35,1.7996248610082e+35,1.84156577288267e+35,2.30519110593664e+33,2.32358281709095e+33,2.37744119578514e+33
292.8,1.80787794485191e+35,1.82237719520272e+35,1.86484350468065e+35,1.78483244868468e+35,1.79914784067141e+35,1.84107573900006e+35,2.3045496167234e+33,2.3229354531308e+33,2.37677656805862e+33
292.9,1.8073992699789e+35,1.82189404210159e+35,1.8643471753004e+35,1.78436018407804e+35,1.79867115653707e+35,1.84058605108534e+35,2.30390859008647e+33,2.32228855645193e+33,2.37611242150637e+33
293,1.80692093223789e+35,1.8214112294859e+35,1.86385119629913e+35,1.78388825198266e+35,1.79819480822044e+35,1.84009670874307e+35,2.30326802552268e+33,2.32164212654652e+33,2.37544875560577e+33
293.1,1.80644293124347e+35,1.82092875696647e+35,1.86335556727688e+35,1.78341665201817e+35,1.7977187953374e+35,1.83960771157853e+35,2.3026279225297e+33,2.32099616290759e+33,2.37478556983499e+33
293.2,1.80596526661087e+35,1.82044662415476e+35,1.86286028783441e+35,1.78294538380481e+35,1.79724311750447e+35,1.83911905919768e+35,2.30198828060603e+33,2.32035066502898e+33,2.37412286367303e+33
293.3,1.80548793795591e+35,1.81996483066285e+35,1.86236535757317e+35,1.7824744469634e+35,1.7967677743388e+35,1.83863075120717e+35,2.30134909925097e+33,2.31970563240534e+33,2.37346063659968e+33
293.4,1.80501094489505e+35,1.81948337610348e+35,1.86187077609532e+35,1.78200384111541e+35,1.79629276545816e+35,1.83814278721436e+35,2.30071037796464e+33,2.31906106453213e+33,2.37279888809552e+33
293.5,1.80453428704534e+35,1.81900226009e+35,1.8613765430037e+35,1.78153356588286e+35,1.79581809048095e+35,1.83765516682728e+35,2.30007211624796e+33,2.3184169609056e+33,2.37213761764193e+33
293.6,1.80405796402444e+35,1.8185214822364e+35,1.86088265790185e+35,1.78106362088841e+35,1.79534374902617e+35,1.83716788965464e+35,2.29943431360266e+33,2.31777332102281e+33,2.37147682472103e+33
293.7,1.80358197545062e+35,1.81804104215729e+35,1.86038912039401e+35,1.7805940057553e+35,1.79486974071348e+35,1.83668095530585e+35,2.29879696953126e+33,2.31713014438158e+33,2.37081650881574e+33
293.8,1.80310632094274e+35,1.81756093946791e+35,1.85989593008509e+35,1.78012472010737e+35,1.7943960651631e+35,1.83619436339099e+35,2.29816008353703e+33,2.31648743048053e+33,2.37015666940971e+33
293.9,1.80263100012028e+35,1.81708117378411e+35,1.8594030865807e+35,1.77965576356904e+35,1.79392272199592e+35,1.83570811352083e+35,2.29752365512405e+33,2.31584517881901e+33,2.36949730598736e+33
294,1.80215601260329e+35,1.81660174472237e+35,1.85891058948712e+35,1.77918713576532e+35,1.7934497108334e+35,1.83522220530678e+35,2.29688768379715e+33,2.31520338889717e+33,2.36883841803382e+33
294.1,1.80168135801244e+35,1.81612265189979e+35,1.85841843841131e+35,1.77871883632182e+35,1.79297703129763e+35,1.83473663836096e+35,2.29625216906194e+33,2.3145620602159e+33,2.368180005035e+33
294.2,1.80120703596898e+35,1.81564389493405e+35,1.85792663296092e+35,1.77825086486473e+35,1.79250468301128e+35,1.83425141229614e+35,2.29561711042477e+33,2.31392119227684e+33,2.36752206647748e+33
294.3,1.80073304609476e+35,1.81516547344348e+35,1.85743517274424e+35,1.77778322102083e+35,1.79203266559766e+35,1.83376652672575e+35,2.29498250739275e+33,2.31328078458235e+33,2.36686460184859e+33
294.4,1.8002593880122e+35,1.81468738704701e+35,1.85694405737026e+35,1.77731590441746e+35,1.79156097868065e+35,1.83328198126389e+35,2.29434835947372e+33,2.31264083663556e+33,2.36620761063635e+33
294.5,1.79978606134433e+35,1.81420963536415e+35,1.85645328644861e+35,1.77684891468257e+35,1.79108962188475e+35,1.83279777552531e+35,2.29371466617628e+33,2.31200134794029e+33,2.3655510923295e+33
294.6,1.79931306571475e+35,1.81373221801505e+35,1.8559628595896e+35,1.77638225144465e+35,1.79061859483504e+35,1.83231390912542e+35,2.29308142700976e+33,2.31136231800112e+33,2.36489504641745e+33
294.7,1.79884040074766e+35,1.81325513462044e+35,1.85547277640419e+35,1.77591591433281e+35,1.7901478971572e+35,1.83183038168029e+35,2.29244864148421e+33,2.31072374632332e+33,2.36423947239029e+33
294.8,1.79836806606782e+35,1.81277838480165e+35,1.85498303650401e+35,1.77544990297672e+35,1.78967752847752e+35,1.83134719280662e+35,2.29181630911039e+33,2.31008563241288e+33,2.36358436973882e+33
294.9,1.7978960613006e+35,1.81230196818063e+35,1.85449363950131e+35,1.7749842170066e+35,1.78920748842287e+35,1.83086434212177e+35,2.29118442939982e+33,2.30944797577649e+33,2.36292973795448e+33
295,1.79742438607193e+35,1.81182588437991e+35,1.85400458500903e+35,1.77451885605328e+35,1.78873777662069e+35,1.83038182924374e+35,2.2905530018647e+33,2.30881077592155e+33,2.36227557652937e+33
295.1,1.79695304000832e+35,1.81135013302262e+35,1.85351587264074e+35,1.77405381974815e+35,1.78826839269906e+35,1.82989965379118e+35,2.28992202601795e+33,2.30817403235614e+33,2.36162188495627e+33
295.2,1.79648202273689e+35,1.81087471373248e+35,1.85302750201064e+35,1.77358910772316e+35,1.78779933628659e+35,1.82941781538336e+35,2.2892915013732e+33,2.30753774458905e+33,2.3609686627286e+33
295.3,1.79601133388531e+35,1.81039962613382e+35,1.8525394727336e+35,1.77312471961086e+35,1.78733060701253e+35,1.8289363136402e+35,2.28866142744479e+33,2.30690191212975e+33,2.36031590934041e+33
295.4,1.79554097308183e+35,1.80992486985156e+35,1.85205178442512e+35,1.77266065504435e+35,1.78686220450668e+35,1.82845514818225e+35,2.28803180374774e+33,2.30626653448838e+33,2.35966362428641e+33
295.5,1.79507093995529e+35,1.8094504445112e+35,1.85156443670132e+35,1.77219691365731e+35,1.78639412839945e+35,1.8279743186307e+35,2.28740262979779e+33,2.30563161117577e+33,2.35901180706192e+33
295.6,1.79460123413511e+35,1.80897634973886e+35,1.85107742917899e+35,1.771733495084e+35,1.78592637832182e+35,1.82749382460736e+35,2.28677390511136e+33,2.30499714170344e+33,2.35836045716291e+33
295.7,1.7941318552513e+35,1.80850258516122e+35,1.85059076147552e+35,1.77127039895925e+35,1.78545895390538e+35,1.82701366573466e+35,2.28614562920556e+33,2.30436312558355e+33,2.35770957408595e+33
295.8,1.79366280293443e+35,1.80802915040557e+35,1.85010443320897e+35,1.77080762491845e+35,1.78499185478228e+35,1.82653384163569e+35,2.28551780159818e+33,2.30372956232895e+33,2.35705915732824e+33
295.9,1.79319407681566e+35,1.80755604509981e+35,1.849618443998e+35,1.77034517259758e+35,1.78452508058528e+35,1.82605435193412e+35,2.28489042180773e+33,2.30309645145316e+33,2.3564092063876e+33
296,1.79272567652674e+35,1.80708326887241e+35,1.84913279346192e+35,1.7698830416332e+35,1.78405863094771e+35,1.82557519625429e+35,2.28426348935337e+33,2.30246379247035e+33,2.35575972076243e+33
296.1,1.79225760169999e+35,1.80661082135245e+35,1.84864748122065e+35,1.76942123166244e+35,1.78359250550349e+35,1.82509637422113e+35,2.28363700375495e+33,2.30183158489535e+33,2.35511069995176e+33
296.2,1.79178985196833e+35,1.80613870216959e+35,1.84816250689476e+35,1.768959742323e+35,1.78312670388715e+35,1.82461788546021e+35,2.283010964533e+33,2.30119982824367e+33,2.35446214345521e+33
296.3,1.79132242696526e+35,1.8056669109541e+35,1.84767787010545e+35,1.76849857325318e+35,1.78266122573379e+35,1.82413972959772e+35,2.28238537120875e+33,2.30056852203145e+33,2.353814050773e+33
296.4,1.79085532632487e+35,1.80519544733686e+35,1.84719357047453e+35,1.76803772409183e+35,1.7821960706791e+35,1.82366190626047e+35,2.28176022330407e+33,2.29993766577551e+33,2.35316642140596e+33
296.5,1.79038854968183e+35,1.80472431094931e+35,1.84670960762444e+35,1.76757719447842e+35,1.78173123835938e+35,1.82318441507589e+35,2.28113552034153e+33,2.2993072589933e+33,2.35251925485547e+33
296.6,1.78992209667142e+35,1.80425350142353e+35,1.84622598117827e+35,1.76711698405297e+35,1.78126672841151e+35,1.82270725567203e+35,2.28051126184438e+33,2.29867730120294e+33,2.35187255062353e+33
296.7,1.78945596692948e+35,1.80378301839219e+35,1.84574269075971e+35,1.76665709245612e+35,1.78080254047296e+35,1.82223042767758e+35,2.27988744733651e+33,2.29804779192319e+33,2.35122630821273e+33
296.8,1.78899016009249e+35,1.80331286148854e+35,1.8452597359931e+35,1.76619751932906e+35,1.78033867418181e+35,1.82175393072183e+35,2.27926407634253e+33,2.29741873067346e+33,2.35058052712623e+33
296.9,1.78852467579747e+35,1.80284303034647e+35,1.84477711650339e+35,1.7657382643136e+35,1.77987512917674e+35,1.82127776443471e+35,2.27864114838769e+33,2.29679011697383e+33,2.34993520686777e+33
297,1.7880595136821e+35,1.80237352460046e+35,1.84429483191618e+35,1.76527932705212e+35,1.77941190509701e+35,1.82080192844677e+35,2.27801866299791e+33,2.29616195034499e+33,2.34929034694168e+33
297.1,1.78759467338462e+35,1.80190434388559e+35,1.8438128818577e+35,1.76482070718762e+35,1.77894900158251e+35,1.82032642238917e+35,2.27739661969979e+33,2.29553423030832e+33,2.34864594685288e+33
297.2,1.78713015454387e+35,1.80143548783758e+35,1.84333126595478e+35,1.76436240436366e+35,1.77848641827372e+35,1.81985124589371e+35,2.27677501802061e+33,2.2949069563858e+33,2.34800200610683e+33
297.3,1.78666595679931e+35,1.80096695609271e+35,1.84284998383493e+35,1.76390441822443e+35,1.77802415481171e+35,1.81937639859283e+35,2.2761538574883e+33,2.2942801281001e+33,2.34735852420961e+33
297.4,1.78620207979102e+35,1.80049874828794e+35,1.84236903512625e+35,1.7634467484147e+35,1.77756221083819e+35,1.81890188011957e+35,2.27553313763146e+33,2.29365374497451e+33,2.34671550066785e+33
297.5,1.78573852315964e+35,1.80003086406079e+35,1.84188841945751e+35,1.76298939457985e+35,1.77710058599546e+35,1.81842769010762e+35,2.27491285797938e+33,2.29302780653296e+33,2.34607293498876e+33
297.6,1.78527528654647e+35,1.79956330304943e+35,1.8414081364581e+35,1.76253235636585e+35,1.77663927992643e+35,1.81795382819129e+35,2.274293018062e+33,2.29240231230004e+33,2.34543082668014e+33
297.7,1.7848123695934e+35,1.79909606489263e+35,1.84092818575804e+35,1.7620756334193e+35,1.77617829227462e+35,1.81748029400553e+35,2.27367361740993e+33,2.29177726180099e+33,2.34478917525034e+33
297.8,1.78434977194292e+35,1.7986291492298e+35,1.84044856698801e+35,1.76161922538738e+35,1.77571762268419e+35,1.81700708718593e+35,2.27305465555444e+33,2.29115265456167e+33,2.34414798020831e+33
297.9,1.78388749323817e+35,1.79816255570097e+35,1.83996927977932e+35,1.7611631319179e+35,1.77525727079988e+35,1.81653420736868e+35,2.27243613202747e+33,2.2905284901086e+33,2.34350724106356e+33
298,1.78342553312287e+35,1.79769628394678e+35,1.83949032376392e+35,1.76070735265926e+35,1.77479723626709e+35,1.81606165419066e+35,2.27181804636164e+33,2.28990476796894e+33,2.34286695732617e+33
298.1,1.78296389124139e+35,1.7972303336085e+35,1.83901169857441e+35,1.76025188726049e+35,1.7743375187318e+35,1.81558942728935e+35,2.27120039809022e+33,2.28928148767048e+33,2.34222712850681e+33
298.2,1.7825025672387e+35,1.79676470432806e+35,1.83853340384404e+35,1.75979673537122e+35,1.77387811784064e+35,1.81511752630288e+35,2.27058318674714e+33,2.28865864874168e+33,2.34158775411671e+33
298.3,1.78204156076039e+35,1.79629939574797e+35,1.8380554392067e+35,1.75934189664172e+35,1.77341903324085e+35,1.81464595087003e+35,2.26996641186702e+33,2.28803625071162e+33,2.34094883366768e+33
298.4,1.78158087145269e+35,1.79583440751141e+35,1.83757780429693e+35,1.75888737072284e+35,1.77296026458031e+35,1.81417470063021e+35,2.26935007298509e+33,2.28741429311001e+33,2.34031036667211e+33
298.5,1.78112049896245e+35,1.79536973926217e+35,1.83710049874993e+35,1.75843315726607e+35,1.7725018115075e+35,1.8137037752235e+35,2.26873416963731e+33,2.28679277546724e+33,2.33967235264295e+33
298.6,1.78066044293713e+35,1.79490539064469e+35,1.83662352220153e+35,1.75797925592352e+35,1.77204367367155e+35,1.81323317429059e+35,2.26811870136024e+33,2.2861716973143e+33,2.33903479109376e+33
298.7,1.78020070302483e+35,1.79444136130405e+35,1.83614687428824e+35,1.75752566634791e+35,1.77158585072222e+35,1.81276289747285e+35,2.26750366769112e+33,2.28555105818284e+33,2.33839768153863e+33
298.8,1.77974127887427e+35,1.79397765088594e+35,1.8356705546472e+35,1.75707238819259e+35,1.77112834230989e+35,1.81229294441228e+35,2.26688906816787e+33,2.28493085760514e+33,2.33776102349225e+33
298.9,1.77928217013482e+35,1.79351425903671e+35,1.83519456291624e+35,1.75661942111153e+35,1.77067114808557e+35,1.81182331475155e+35,2.26627490232903e+33,2.28431109511412e+33,2.3371248164699e+33
299,1.77882337645645e+35,1.79305118540335e+35,1.83471889873382e+35,1.75616676475931e+35,1.77021426770092e+35,1.81135400813395e+35,2.26566116971382e+33,2.28369177024332e+33,2.33648905998741e+33
299.1,1.77836489748977e+35,1.79258842963347e+35,1.83424356173907e+35,1.75571441879115e+35,1.7697577008082e+35,1.81088502420345e+35,2.2650478698621e+33,2.28307288252695e+33,2.33585375356121e+33
299.2,1.77790673288603e+35,1.79212599137533e+35,1.83376855157176e+35,1.75526238286289e+35,1.76930144706034e+35,1.81041636260468e+35,2.26443500231437e+33,2.28245443149982e+33,2.33521889670827e+33
299.3,1.7774488822971e+35,1.79166387027785e+35,1.83329386787235e+35,1.75481065663098e+35,1.76884550611087e+35,1.80994802298289e+35,2.2638225666118e+33,2.28183641669738e+33,2.33458448894619e+33
299.4,1.77699134537548e+35,1.79120206599055e+35,1.83281951028195e+35,1.75435923975252e+35,1.76838987761399e+35,1.80948000498402e+35,2.2632105622962e+33,2.28121883765571e+33,2.3339505297931e+33
299.5,1.77653412177431e+35,1.79074057816362e+35,1.83234547844233e+35,1.75390813188521e+35,1.76793456122451e+35,1.80901230825466e+35,2.26259898891001e+33,2.28060169391151e+33,2.33331701876772e+33
299.6,1.77607721114734e+35,1.79027940644789e+35,1.83187177199593e+35,1.75345733268738e+35,1.76747955659787e+35,1.80854493244203e+35,2.26198784599632e+33,2.27998498500213e+33,2.33268395538936e+33
299.7,1.77562061314898e+35,1.78981855049482e+35,1.83139839058583e+35,1.75300684181799e+35,1.76702486339017e+35,1.80807787719405e+35,2.26137713309886e+33,2.27936871046551e+33,2.33205133917789e+33
299.8,1.77516432743425e+35,1.78935800995653e+35,1.8309253338558e+35,1.75255665893663e+35,1.76657048125812e+35,1.80761114215926e+35,2.26076684976199e+33,2.27875286984023e+33,2.33141916965376e+33
299.9,1.7747083536588e+35,1.78889778448574e+35,1.83045260145026e+35,1.7521067837035e+35,1.76611640985909e+35,1.80714472698688e+35,2.26015699553069e+33,2.27813746266548e+33,2.33078744633798e+33
300,1.77425269147892e+35,1.78843787373585e+35,1.82998019301431e+35,1.75165721577942e+35,1.76566264885104e+35,1.80667863132679e+35,2.25954756995059e+33,2.27752248848107e+33,2.33015616875216e+33
