PhotonEnergy_meV,TotalRaw,OpticalRaw,PiezoelectricRaw
2,0,0,0
2.01,0,0,0
2.02,0,0,0
2.03,0,0,0
2.04,0,0,0
2.05,0,0,0
2.06,0,0,0
2.07,0,0,0
2.08,0,0,0
2.09,0,0,0
2.1,0,0,0
2.11,0,0,0
2.12,0,0,0
2.13,0,0,0
2.14,0,0,0
2.15,0,0,0
2.16,0,0,0
2.17,0,0,0
2.18,0,0,0
2.19,0,0,0
2.2,0,0,0
2.21,0,0,0
2.22,0,0,0
2.23,0,0,0
2.24,0,0,0
2.25,0,0,0
2.26,0,0,0
2.27,0,0,0
2.28,0,0,0
2.29,0,0,0
2.3,0,0,0
2.31,0,0,0
2.32,0,0,0
2.33,0,0,0
2.34,0,0,0
2.35,0,0,0
2.36,0,0,0
2.37,0,0,0
2.38,0,0,0
2.39,0,0,0
2.4,0,0,0
2.41,0,0,0
2.42,0,0,0
2.43,0,0,0
2.44,0,0,0
2.45,0,0,0
2.46,0,0,0
2.47,0,0,0
2.48,0,0,0
2.49,0,0,0
2.5,0,0,0
2.51,0,0,0
2.52,0,0,0
2.53,0,0,0
2.54,0,0,0
2.55,0,0,0
2.56,0,0,0
2.57,0,0,0
2.58,0,0,0
2.59,0,0,0
2.6,0,0,0
2.61,0,0,0
2.62,0,0,0
2.63,0,0,0
2.64,0,0,0
2.65,0,0,0
2.66,0,0,0
2.67,0,0,0
2.68,0,0,0
2.69,0,0,0
2.7,0,0,0
2.71,0,0,0
2.72,0,0,0
2.73,0,0,0
2.74,0,0,0
2.75,0,0,0
2.76,0,0,0
2.77,0,0,0
2.78,0,0,0
2.79,0,0,0
2.8,0,0,0
2.81,0,0,0
2.82,0,0,0
2.83,0,0,0
2.84,0,0,0
2.85,0,0,0
2.86,0,0,0
2.87,0,0,0
2.88,0,0,0
2.89,0,0,0
2.9,0,0,0
2.91,0,0,0
2.92,0,0,0
2.93,0,0,0
2.94,0,0,0
2.95,0,0,0
2.96,0,0,0
2.97,0,0,0
2.98,0,0,0
2.99,0,0,0
3,0,0,0
3.01,0,0,0
3.02,0,0,0
3.03,0,0,0
3.04,0,0,0
3.05,0,0,0
3.06,0,0,0
3.07,0,0,0
3.08,0,0,0
3.09,0,0,0
3.1,0,0,0
3.11,0,0,0
3.12,0,0,0
3.13,0,0,0
3.14,0,0,0
3.15,0,0,0
3.16,0,0,0
3.17,0,0,0
3.18,0,0,0
3.19,0,0,0
3.2,0,0,0
3.21,0,0,0
3.22,0,0,0
3.23,0,0,0
3.24,0,0,0
3.25,0,0,0
3.26,0,0,0
3.27,0,0,0
3.28,0,0,0
3.29,0,0,0
3.3,0,0,0
3.31,0,0,0
3.32,0,0,0
3.33,0,0,0
3.34,0,0,0
3.35,0,0,0
3.36,0,0,0
3.37,0,0,0
3.38,0,0,0
3.39,0,0,0
3.4,0,0,0
3.41,0,0,0
3.42,0,0,0
3.43,0,0,0
3.44,0,0,0
3.45,0,0,0
3.46,0,0,0
3.47,0,0,0
3.48,0,0,0
3.49,0,0,0
3.5,0,0,0
3.51,0,0,0
3.52,0,0,0
3.53,0,0,0
3.54,0,0,0
3.55,0,0,0
3.56,0,0,0
3.57,0,0,0
3.58,0,0,0
3.59,0,0,0
3.6,0,0,0
3.61,0,0,0
3.62,0,0,0
3.63,0,0,0
3.64,0,0,0
3.65,0,0,0
3.66,0,0,0
3.67,0,0,0
3.68,0,0,0
3.69,0,0,0
3.7,0,0,0
3.71,0,0,0
3.72,0,0,0
3.73,0,0,0
3.74,0,0,0
3.75,0,0,0
3.76,0,0,0
3.77,0,0,0
3.78,0,0,0
3.79,0,0,0
3.8,0,0,0
3.81,0,0,0
3.82,0,0,0
3.83,0,0,0
3.84,0,0,0
3.85,0,0,0
3.86,0,0,0
3.87,0,0,0
3.88,0,0,0
3.89,0,0,0
3.9,0,0,0
3.91,0,0,0
3.92,0,0,0
3.93,0,0,0
3.94,0,0,0
3.95,0,0,0
3.96,0,0,0
3.97,0,0,0
3.98,0,0,0
3.99,0,0,0
4,0,0,0
4.01,0,0,0
4.02,0,0,0
4.03,0,0,0
4.04,0,0,0
4.05,0,0,0
4.06,0,0,0
4.07,0,0,0
4.08,0,0,0
4.09,0,0,0
4.1,0,0,0
4.11,0,0,0
4.12,0,0,0
4.13,0,0,0
4.14,0,0,0
4.15,0,0,0
4.16,0,0,0
4.17,0,0,0
4.18,0,0,0
4.19,0,0,0
4.2,0,0,0
4.21,0,0,0
4.22,0,0,0
4.23,0,0,0
4.24,0,0,0
4.25,0,0,0
4.26,0,0,0
4.27,0,0,0
4.28,0,0,0
4.29,0,0,0
4.3,0,0,0
4.31,0,0,0
4.32,0,0,0
4.33,0,0,0
4.34,0,0,0
4.35,0,0,0
4.36,0,0,0
4.37,0,0,0
4.38,0,0,0
4.39,0,0,0
4.4,0,0,0
4.41,0,0,0
4.42,0,0,0
4.43,0,0,0
4.44,0,0,0
4.45,0,0,0
4.46,0,0,0
4.47,0,0,0
4.48,0,0,0
4.49,0,0,0
4.5,0,0,0
4.51,0,0,0
4.52,0,0,0
4.53,0,0,0
4.54,0,0,0
4.55,0,0,0
4.56,0,0,0
4.57,0,0,0
4.58,0,0,0
4.59,0,0,0
4.6,0,0,0
4.61,0,0,0
4.62,0,0,0
4.63,0,0,0
4.64,0,0,0
4.65,0,0,0
4.66,0,0,0
4.67,0,0,0
4.68,0,0,0
4.69,0,0,0
4.7,0,0,0
4.71,0,0,0
4.72,0,0,0
4.73,0,0,0
4.74,0,0,0
4.75,0,0,0
4.76,0,0,0
4.77,0,0,0
4.78,0,0,0
4.79,0,0,0
4.8,0,0,0
4.81,0,0,0
4.82,0,0,0
4.83,0,0,0
4.84,0,0,0
4.85,0,0,0
4.86,0,0,0
4.87,0,0,0
4.88,0,0,0
4.89,0,0,0
4.9,0,0,0
4.91,0,0,0
4.92,0,0,0
4.93,0,0,0
4.94,0,0,0
4.95,0,0,0
4.96,0,0,0
4.97,0,0,0
4.98,0,0,0
4.99,0,0,0
5,0,0,0
5.01,0,0,0
5.02,0,0,0
5.03,0,0,0
5.04,0,0,0
5.05,0,0,0
5.06,0,0,0
5.07,0,0,0
5.08,0,0,0
5.09,0,0,0
5.1,0,0,0
5.11,0,0,0
5.12,0,0,0
5.13,0,0,0
5.14,0,0,0
5.15,0,0,0
5.16,0,0,0
5.17,0,0,0
5.18,0,0,0
5.19,0,0,0
5.2,0,0,0
5.21,0,0,0
5.22,0,0,0
5.23,0,0,0
5.24,0,0,0
5.25,0,0,0
5.26,0,0,0
5.27,0,0,0
5.28,0,0,0
5.29,0,0,0
5.3,0,0,0
5.31,0,0,0
5.32,0,0,0
5.33,0,0,0
5.34,0,0,0
5.35,0,0,0
5.36,0,0,0
5.37,0,0,0
5.38,0,0,0
5.39,0,0,0
5.4,0,0,0
5.41,0,0,0
5.42,0,0,0
5.43,0,0,0
5.44,0,0,0
5.45,0,0,0
5.46,0,0,0
5.47,0,0,0
5.48,0,0,0
5.49,0,0,0
5.5,0,0,0
5.51,0,0,0
5.52,0,0,0
5.53,0,0,0
5.54,0,0,0
5.55,0,0,0
5.56,0,0,0
5.57,0,0,0
5.58,0,0,0
5.59,0,0,0
5.6,0,0,0
5.61,0,0,0
5.62,0,0,0
5.63,0,0,0
5.64,0,0,0
5.65,0,0,0
5.66,0,0,0
5.67,0,0,0
5.68,0,0,0
5.69,0,0,0
5.7,0,0,0
5.71,0,0,0
5.72,0,0,0
5.73,0,0,0
5.74,0,0,0
5.75,0,0,0
5.76,0,0,0
5.77,0,0,0
5.78,0,0,0
5.79,0,0,0
5.8,0,0,0
5.81,0,0,0
5.82,0,0,0
5.83,0,0,0
5.84,0,0,0
5.85,0,0,0
5.86,0,0,0
5.87,0,0,0
5.88,0,0,0
5.89,0,0,0
5.9,0,0,0
5.91,0,0,0
5.92,0,0,0
5.93,0,0,0
5.94,0,0,0
5.95,0,0,0
5.96,0,0,0
5.97,0,0,0
5.98,0,0,0
5.99,0,0,0
6,0,0,0
6.01,0,0,0
6.02,0,0,0
6.03,0,0,0
6.04,0,0,0
6.05,0,0,0
6.06,0,0,0
6.07,0,0,0
6.08,0,0,0
6.09,0,0,0
6.1,0,0,0
6.11,0,0,0
6.12,0,0,0
6.13,0,0,0
6.14,0,0,0
6.15,0,0,0
6.16,0,0,0
6.17,0,0,0
6.18,0,0,0
6.19,0,0,0
6.2,0,0,0
6.21,0,0,0
6.22,0,0,0
6.23,0,0,0
6.24,0,0,0
6.25,0,0,0
6.26,0,0,0
6.27,0,0,0
6.28,0,0,0
6.29,0,0,0
6.3,0,0,0
6.31,0,0,0
6.32,0,0,0
6.33,0,0,0
6.34,0,0,0
6.35,0,0,0
6.36,0,0,0
6.37,0,0,0
6.38,0,0,0
6.39,0,0,0
6.4,0,0,0
6.41,0,0,0
6.42,0,0,0
6.43,0,0,0
6.44,0,0,0
6.45,0,0,0
6.46,0,0,0
6.47,0,0,0
6.48,0,0,0
6.49,0,0,0
6.5,0,0,0
6.51,0,0,0
6.52,0,0,0
6.53,0,0,0
6.54,0,0,0
6.55,0,0,0
6.56,0,0,0
6.57,0,0,0
6.58,0,0,0
6.59,0,0,0
6.6,0,0,0
6.61,0,0,0
6.62,0,0,0
6.63,0,0,0
6.64,0,0,0
6.65,0,0,0
6.66,0,0,0
6.67,0,0,0
6.68,0,0,0
6.69,0,0,0
6.7,0,0,0
6.71,0,0,0
6.72,0,0,0
6.73,0,0,0
6.74,0,0,0
6.75,0,0,0
6.76,0,0,0
6.77,0,0,0
6.78,0,0,0
6.79,0,0,0
6.8,0,0,0
6.81,0,0,0
6.82,0,0,0
6.83,0,0,0
6.84,0,0,0
6.85,0,0,0
6.86,0,0,0
6.87,0,0,0
6.88,1.26939917821782e+33,0,1.26939917821782e+33
6.89,2.36457147589174e+33,0,2.36457147589174e+33
6.9,2.2001949578344e+33,0,2.2001949578344e+33
6.91,6.57613079068156e+33,0,6.57613079068156e+33
6.92,1.03401127789757e+34,0,1.03401127789757e+34
6.93,9.61684781692636e+33,0,9.61684781692636e+33
6.94,1.66271125127114e+34,0,1.66271125127114e+34
6.95,2.26246706001499e+34,0,2.26246706001499e+34
6.96,2.10277943303115e+34,0,2.10277943303115e+34
6.97,3.20721350804607e+34,0,3.20721350804607e+34
6.98,4.14908108997502e+34,0,4.14908108997502e+34
6.99,5.83492581148567e+34,0,5.83492581148567e+34
7,7.26786505417288e+34,0,7.26786505417288e+34
7.01,6.75180291681294e+34,0,6.75180291681294e+34
7.02,9.38373934256497e+34,0,9.38373934256497e+34
7.03,1.14676180245963e+35,0,1.14676180245963e+35
7.04,1.09526927996225e+35,0,1.09526927996225e+35
7.05,1.50156759008994e+35,0,1.50156759008994e+35
7.06,1.87422806538837e+35,0,1.87422806538837e+35
7.07,1.62534141667336e+35,0,1.62534141667336e+35
7.08,2.16879273015206e+35,0,2.16879273015206e+35
7.09,2.65159341606985e+35,0,2.65159341606985e+35
7.1,3.39881155469326e+35,0,3.39881155469326e+35
7.11,4.04994266919673e+35,0,4.04994266919673e+35
7.12,3.78744404838124e+35,0,3.78744404838124e+35
7.13,4.83877895585346e+35,0,4.83877895585346e+35
7.14,5.7907267488868e+35,0,5.7907267488868e+35
7.15,5.31743957588375e+35,0,5.31743957588375e+35
7.16,6.91195173104683e+35,0,6.91195173104683e+35
7.17,8.0259689916637e+35,0,8.0259689916637e+35
7.18,1.01360943662534e+36,0,1.01360943662534e+36
7.19,1.16544703657128e+36,0,1.16544703657128e+36
7.2,1.10307419065436e+36,0,1.10307419065436e+36
7.21,1.38553164227819e+36,0,1.38553164227819e+36
7.22,1.1717839779093e+36,0,1.1717839779093e+36
7.23,1.46488405458829e+36,0,1.46488405458829e+36
7.24,1.8111863277718e+36,0,1.8111863277718e+36
7.25,2.09032424857046e+36,0,2.09032424857046e+36
7.26,2.50974858274044e+36,0,2.50974858274044e+36
7.27,2.87822434340125e+36,0,2.87822434340125e+36
7.28,2.66532259430068e+36,0,2.66532259430068e+36
7.29,3.21431616274909e+36,0,3.21431616274909e+36
7.3,2.77862205795975e+36,0,2.77862205795975e+36
7.31,4.39322191550974e+36,0,4.39322191550974e+36
7.32,3.18712573398028e+36,0,3.18712573398028e+36
7.33,4.71328578573248e+36,0,4.71328578573248e+36
7.34,5.43056291956736e+36,0,5.43056291956736e+36
7.35,6.15338249124205e+36,0,6.15338249124205e+36
7.36,5.77539537985584e+36,0,5.77539537985584e+36
7.37,5.74497137369161e+36,0,5.74497137369161e+36
7.38,5.70877598401504e+36,0,5.70877598401504e+36
7.39,8.58511041108929e+36,0,8.58511041108929e+36
7.4,9.42593106747761e+36,0,9.42593106747761e+36
7.41,8.77760018665485e+36,0,8.77760018665485e+36
7.42,7.37362485279867e+36,0,7.37362485279867e+36
7.43,1.10721046937016e+37,0,1.10721046937016e+37
7.44,1.23648563629788e+37,0,1.23648563629788e+37
7.45,1.18491306818498e+37,0,1.18491306818498e+37
7.46,8.99684573323397e+36,0,8.99684573323397e+36
7.47,1.40209179599091e+37,0,1.40209179599091e+37
7.48,1.28522194258906e+37,0,1.28522194258906e+37
7.49,1.64778884209642e+37,0,1.64778884209642e+37
7.5,1.76227786974337e+37,0,1.76227786974337e+37
7.51,1.24279763125939e+37,0,1.24279763125939e+37
7.52,1.31798569758061e+37,0,1.31798569758061e+37
7.53,1.89083151155433e+37,0,1.89083151155433e+37
7.54,1.76350408763366e+37,0,1.76350408763366e+37
7.55,2.05485989268977e+37,0,2.05485989268977e+37
7.56,1.16293602143203e+37,0,1.16293602143203e+37
7.57,1.73690398502028e+37,0,1.73690398502028e+37
7.58,2.08654774731786e+37,0,2.08654774731786e+37
7.59,2.08569030550495e+37,0,2.08569030550495e+37
7.6,1.9061985343974e+37,0,1.9061985343974e+37
7.61,1.36600284685326e+37,0,1.36600284685326e+37
7.62,1.68153875611901e+37,0,1.68153875611901e+37
7.63,1.71353621047938e+37,0,1.71353621047938e+37
7.64,1.87904450866469e+37,0,1.87904450866469e+37
7.65,1.77425494119221e+37,0,1.77425494119221e+37
7.66,1.18994828430073e+37,0,1.18994828430073e+37
7.67,1.17995541282398e+37,0,1.17995541282398e+37
7.68,1.47609049868363e+37,0,1.47609049868363e+37
7.69,1.17252362141641e+37,0,1.17252362141641e+37
7.7,1.26820003504671e+37,0,1.26820003504671e+37
7.71,1.14995691492178e+37,0,1.14995691492178e+37
7.72,1.04246812841674e+37,0,1.04246812841674e+37
7.73,1.11815006638209e+37,0,1.11815006638209e+37
7.74,1.03306203878593e+37,0,1.03306203878593e+37
7.75,1.31083862139834e+37,0,1.31083862139834e+37
7.76,1.95260847848664e+37,0,1.95260847848664e+37
7.77,2.20865077036104e+37,0,2.20865077036104e+37
7.78,3.25560109271534e+37,0,3.25560109271534e+37
7.79,3.49825291269521e+37,0,3.49825291269521e+37
7.8,4.46563451135633e+37,0,4.46563451135633e+37
7.81,4.23042769274602e+37,0,4.23042769274602e+37
7.82,8.01634610799451e+37,0,8.01634610799451e+37
7.83,1.11670031954806e+38,0,1.11670031954806e+38
7.84,1.32075260714855e+38,0,1.32075260714855e+38
7.85,1.70718879588441e+38,0,1.70718879588441e+38
7.86,1.90393459406435e+38,0,1.90393459406435e+38
7.87,2.19737586939782e+38,0,2.19737586939782e+38
7.88,4.0671257090604e+38,0,4.0671257090604e+38
7.89,3.35467565805724e+38,0,3.35467565805724e+38
7.9,3.27693885091911e+38,0,3.27693885091911e+38
7.91,7.37729277411586e+38,0,7.37729277411586e+38
7.92,4.37701585277814e+38,0,4.37701585277814e+38
7.93,9.05956395420189e+38,0,9.05956395420189e+38
7.94,8.93945074058811e+38,0,8.93945074058811e+38
7.95,9.50722356676787e+38,0,9.50722356676787e+38
7.96,1.53531380784008e+39,0,1.53531380784008e+39
7.97,1.25565001323955e+39,0,1.25565001323955e+39
7.98,1.58172917867309e+39,0,1.58172917867309e+39
7.99,2.28987538742379e+39,0,2.28987538742379e+39
8,1.74209980424836e+39,0,1.74209980424836e+39
8.01,3.34169548046591e+39,0,3.34169548046591e+39
8.02,2.20761281322822e+39,0,2.20761281322822e+39
8.03,3.72175937100816e+39,0,3.72175937100816e+39
8.04,3.47540502746684e+39,0,3.47540502746684e+39
8.05,4.23849005774238e+39,0,4.23849005774238e+39
8.06,4.74438145547845e+39,0,4.74438145547845e+39
8.07,5.09572657045561e+39,0,5.09572657045561e+39
8.08,5.20337449794265e+39,0,5.20337449794265e+39
8.09,6.78288564939494e+39,0,6.78288564939494e+39
8.1,5.76160573605486e+39,0,5.76160573605486e+39
8.11,8.39378925520297e+39,0,8.39378925520297e+39
8.12,6.62453418038173e+39,0,6.62453418038173e+39
8.13,1.04092875052588e+40,0,1.04092875052588e+40
8.14,6.84560796067954e+39,0,6.84560796067954e+39
8.15,1.08106455577019e+40,0,1.08106455577019e+40
8.16,8.41921560038415e+39,0,8.41921560038415e+39
8.17,1.13998455069533e+40,0,1.13998455069533e+40
8.18,1.07392228164223e+40,0,1.07392228164223e+40
8.19,1.04987435276801e+40,0,1.04987435276801e+40
8.2,1.38615712360986e+40,0,1.38615712360986e+40
8.21,8.18260840640989e+39,0,8.18260840640989e+39
8.22,1.32277359848485e+40,0,1.32277359848485e+40
8.23,9.82063657204672e+39,0,9.82063657204672e+39
8.24,1.14281275083177e+40,0,1.14281275083177e+40
8.25,1.26679878090184e+40,0,1.26679878090184e+40
8.26,6.98009520180693e+39,0,6.98009520180693e+39
8.27,1.17769389829175e+40,0,1.17769389829175e+40
8.28,8.80428532617991e+39,0,8.80428532617991e+39
8.29,9.1463736233456e+39,0,9.1463736233456e+39
8.3,1.06494453063327e+40,0,1.06494453063327e+40
8.31,7.97504764953303e+39,0,7.97504764953303e+39
8.32,1.05606217762408e+40,0,1.05606217762408e+40
8.33,1.52944246682001e+40,0,1.52944246682001e+40
8.34,1.92050868461617e+40,0,1.92050868461617e+40
8.35,2.01902697669374e+40,0,2.01902697669374e+40
8.36,2.48583767519901e+40,0,2.48583767519901e+40
8.37,3.77307846854763e+40,0,3.77307846854763e+40
8.38,6.76094826921414e+40,0,6.76094826921414e+40
8.39,5.52006454925047e+40,0,5.52006454925047e+40
8.4,1.0125261293694e+41,0,1.0125261293694e+41
8.41,1.47894953068203e+41,0,1.47894953068203e+41
8.42,1.46588481708405e+41,0,1.46588481708405e+41
8.43,2.15266882510123e+41,0,2.15266882510123e+41
8.44,2.76794395447458e+41,0,2.76794395447458e+41
8.45,3.45773662632275e+41,0,3.45773662632275e+41
8.46,3.89567074908015e+41,0,3.89567074908015e+41
8.47,5.77631752467194e+41,0,5.77631752467194e+41
8.48,7.02133896122081e+41,0,7.02133896122081e+41
8.49,8.5713778424519e+41,0,8.5713778424519e+41
8.5,6.25938987282069e+41,0,6.25938987282069e+41
8.51,8.66288077437164e+41,0,8.66288077437164e+41
8.52,7.65175287127806e+41,0,7.65175287127806e+41
8.53,7.33915314795491e+41,0,7.33915314795491e+41
8.54,7.24681287386292e+41,0,7.24681287386292e+41
8.55,6.53924056213269e+41,0,6.53924056213269e+41
8.56,7.9290776791087e+41,0,7.9290776791087e+41
8.57,5.64908851226419e+41,0,5.64908851226419e+41
8.58,6.93104085820636e+41,0,6.93104085820636e+41
8.59,6.69463792380577e+41,0,6.69463792380577e+41
8.6,5.7533641537822e+41,0,5.7533641537822e+41
8.61,7.02706944499322e+41,0,7.02706944499322e+41
8.62,6.00055755821076e+41,0,6.00055755821076e+41
8.63,5.56964496120129e+41,0,5.56964496120129e+41
8.64,4.72770730252153e+41,0,4.72770730252153e+41
8.65,5.3303268542059e+41,0,5.3303268542059e+41
8.66,4.57002791371302e+41,0,4.57002791371302e+41
8.67,4.76371469900136e+41,0,4.76371469900136e+41
8.68,4.90290698723037e+41,0,4.90290698723037e+41
8.69,4.00686098243472e+41,0,4.00686098243472e+41
8.7,4.23667293249481e+41,0,4.23667293249481e+41
8.71,4.58876795270729e+41,0,4.58876795270729e+41
8.72,4.03861779255661e+41,0,4.03861779255661e+41
8.73,4.41734442371855e+41,0,4.41734442371855e+41
8.74,3.83058611675153e+41,0,3.83058611675153e+41
8.75,3.68891171067523e+41,0,3.68891171067523e+41
8.76,2.94378281216144e+41,0,2.94378281216144e+41
8.77,3.39308877943684e+41,0,3.39308877943684e+41
8.78,3.0339801434479e+41,0,3.0339801434479e+41
8.79,2.96224077398753e+41,0,2.96224077398753e+41
8.8,3.09400066527758e+41,0,3.09400066527758e+41
8.81,2.68067621933097e+41,0,2.68067621933097e+41
8.82,2.86747508995979e+41,0,2.86747508995979e+41
8.83,2.95726020508653e+41,0,2.95726020508653e+41
8.84,2.09824474284814e+41,0,2.09824474284814e+41
8.85,2.93343330825153e+41,0,2.93343330825153e+41
8.86,2.31992623494208e+41,0,2.31992623494208e+41
8.87,2.18931992817363e+41,0,2.18931992817363e+41
8.88,1.90547764276141e+41,0,1.90547764276141e+41
8.89,2.04733299604852e+41,0,2.04733299604852e+41
8.9,2.17557395248745e+41,0,2.17557395248745e+41
8.91,1.44856861352665e+41,0,1.44856861352665e+41
8.92,1.90943962195986e+41,0,1.90943962195986e+41
8.93,1.60502668256064e+41,0,1.60502668256064e+41
8.94,1.78920697474899e+41,0,1.78920697474899e+41
8.95,1.54918441402079e+41,0,1.54918441402079e+41
8.96,1.41452927907945e+41,0,1.41452927907945e+41
8.97,1.57111984917536e+41,0,1.57111984917536e+41
8.98,1.48996388260819e+41,0,1.48996388260819e+41
8.99,1.21881760048727e+41,0,1.21881760048727e+41
9,1.19932858122598e+41,0,1.19932858122598e+41
9.01,1.07630219779107e+41,0,1.07630219779107e+41
9.02,1.14706500521104e+41,0,1.14706500521104e+41
9.03,1.02407069706681e+41,0,1.02407069706681e+41
9.04,9.64038893179895e+40,0,9.64038893179895e+40
9.05,9.05801625198283e+40,0,9.05801625198283e+40
9.06,1.07405791253868e+41,0,1.07405791253868e+41
9.07,6.70788560090229e+40,0,6.70788560090229e+40
9.08,8.50844029515632e+40,0,8.50844029515632e+40
9.09,7.96553012993346e+40,0,7.96553012993346e+40
9.1,8.02260449658723e+40,0,8.02260449658723e+40
9.11,7.56660418946455e+40,0,7.56660418946455e+40
9.12,5.38009183760317e+40,0,5.38009183760317e+40
9.13,6.04543074940726e+40,0,6.04543074940726e+40
9.14,6.07859539765102e+40,0,6.07859539765102e+40
9.15,5.24307497692487e+40,0,5.24307497692487e+40
9.16,5.37982941954202e+40,0,5.37982941954202e+40
9.17,3.75926613126549e+40,0,3.75926613126549e+40
9.18,5.42323899345286e+40,0,5.42323899345286e+40
9.19,3.81335152031636e+40,0,3.81335152031636e+40
9.2,3.75604555490328e+40,0,3.75604555490328e+40
9.21,4.83918094014825e+40,0,4.83918094014825e+40
9.22,3.43856015493807e+40,0,3.43856015493807e+40
9.23,3.39447825322676e+40,0,3.39447825322676e+40
9.24,2.45250918501195e+40,0,2.45250918501195e+40
9.25,2.95433059197106e+40,0,2.95433059197106e+40
9.26,3.16612796223608e+40,0,3.16612796223608e+40
9.27,1.96254229197125e+40,0,1.96254229197125e+40
9.28,2.41186687913553e+40,0,2.41186687913553e+40
9.29,2.07229518619309e+40,0,2.07229518619309e+40
9.3,2.08150728754135e+40,0,2.08150728754135e+40
9.31,2.13625499658606e+40,0,2.13625499658606e+40
9.32,1.18944679626385e+40,0,1.18944679626385e+40
9.33,2.10780582125568e+40,0,2.10780582125568e+40
9.34,1.49169610834437e+40,0,1.49169610834437e+40
9.35,1.34164743868172e+40,0,1.34164743868172e+40
9.36,1.46585123678885e+40,0,1.46585123678885e+40
9.37,9.32285109534414e+39,0,9.32285109534414e+39
9.38,1.07109630862812e+40,0,1.07109630862812e+40
9.39,9.6888944163823e+39,0,9.6888944163823e+39
9.4,8.98520876157067e+39,0,8.98520876157067e+39
9.41,8.08771721687427e+39,0,8.08771721687427e+39
9.42,6.35958401935841e+39,0,6.35958401935841e+39
9.43,7.5360852168828e+39,0,7.5360852168828e+39
9.44,5.88969820229813e+39,0,5.88969820229813e+39
9.45,6.12442021230155e+39,0,6.12442021230155e+39
9.46,6.04472995106309e+39,0,6.04472995106309e+39
9.47,3.81985703790837e+39,0,3.81985703790837e+39
9.48,4.83197407914834e+39,0,4.83197407914834e+39
9.49,3.96779741797036e+39,0,3.96779741797036e+39
9.5,2.39190886636531e+39,0,2.39190886636531e+39
9.51,3.67748458171481e+39,0,3.67748458171481e+39
9.52,2.43512689372636e+39,0,2.43512689372636e+39
9.53,2.29803853897459e+39,0,2.29803853897459e+39
9.54,2.86695305389269e+39,0,2.86695305389269e+39
9.55,1.42683878606861e+39,0,1.42683878606861e+39
9.56,1.77869759679246e+39,0,1.77869759679246e+39
9.57,1.21279381355328e+39,0,1.21279381355328e+39
9.58,1.60796668734775e+39,0,1.60796668734775e+39
9.59,1.6261339589072e+39,0,1.6261339589072e+39
9.6,5.94757238687165e+38,0,5.94757238687165e+38
9.61,1.07797347993702e+39,0,1.07797347993702e+39
9.62,5.06565630271621e+38,0,5.06565630271621e+38
9.63,7.83524767519362e+38,0,7.83524767519362e+38
9.64,8.00342347426277e+38,0,8.00342347426277e+38
9.65,2.48894929621727e+38,0,2.48894929621727e+38
9.66,5.78307050370107e+38,0,5.78307050370107e+38
9.67,3.15471947799428e+38,0,3.15471947799428e+38
9.68,3.02672210875298e+38,0,3.02672210875298e+38
9.69,3.8926052115366e+38,0,3.8926052115366e+38
9.7,1.51364242161672e+38,0,1.51364242161672e+38
9.71,2.60829531225901e+38,0,2.60829531225901e+38
9.72,1.02553159535605e+38,0,1.02553159535605e+38
9.73,1.51750389321863e+38,0,1.51750389321863e+38
9.74,1.47479330216263e+38,0,1.47479330216263e+38
9.75,4.92652571116295e+37,0,4.92652571116295e+37
9.76,9.72491500478243e+37,0,9.72491500478243e+37
9.77,5.15935668270629e+37,0,5.15935668270629e+37
9.78,4.63718749294933e+37,0,4.63718749294933e+37
9.79,5.77878927759814e+37,0,5.77878927759814e+37
9.8,1.43925586557993e+37,0,1.43925586557993e+37
9.81,3.62593905385363e+37,0,3.62593905385363e+37
9.82,1.58800457261751e+37,0,1.58800457261751e+37
9.83,1.97304043934711e+37,0,1.97304043934711e+37
9.84,1.56185361229108e+37,0,1.56185361229108e+37
9.85,5.39097379458763e+36,0,5.39097379458763e+36
9.86,9.09645361027497e+36,0,9.09645361027497e+36
9.87,3.55475735016925e+36,0,3.55475735016925e+36
9.88,4.40460872275496e+36,0,4.40460872275496e+36
9.89,4.23761113772693e+36,0,4.23761113772693e+36
9.9,1.08060075066447e+36,0,1.08060075066447e+36
9.91,2.24973136288633e+36,0,2.24973136288633e+36
9.92,1.02171712754628e+36,0,1.02171712754628e+36
9.93,6.31159063827436e+35,0,6.31159063827436e+35
9.94,7.8294376838511e+35,0,7.8294376838511e+35
9.95,3.22846513606995e+35,0,3.22846513606995e+35
9.96,2.96155433796113e+35,0,2.96155433796113e+35
9.97,1.23758120997248e+35,0,1.23758120997248e+35
9.98,9.90480508447217e+34,0,9.90480508447217e+34
9.99,9.10847432241582e+34,0,9.10847432241582e+34
10,2.33975384125286e+34,0,2.33975384125286e+34
10.01,3.37170430860095e+34,0,3.37170430860095e+34
10.02,1.76194585883029e+34,0,1.76194585883029e+34
10.03,2.45921197292003e+33,0,2.45921197292003e+33
10.04,7.06994632581397e+33,0,7.06994632581397e+33
10.05,1.20308594382343e+33,0,1.20308594382343e+33
10.06,1.97387418169093e+33,0,1.97387418169093e+33
10.07,8.32743861550612e+32,0,8.32743861550612e+32
10.08,7.72529249743334e+31,0,7.72529249743334e+31
10.09,1.50021653316083e+32,0,1.50021653316083e+32
10.1,3.00834346467783e+31,0,3.00834346467783e+31
10.11,2.14637478877355e+31,0,2.14637478877355e+31
10.12,7.44956746465498e+30,0,7.44956746465498e+30
10.13,4.20993049267464e+26,0,4.20993049267464e+26
10.14,9.33405585750554e+29,0,9.33405585750554e+29
10.15,1.49616693394172e+28,0,1.49616693394172e+28
10.16,5.15481776173436e+28,0,5.15481776173436e+28
10.17,1.76609727108489e+27,0,1.76609727108489e+27
10.18,0,0,0
10.19,7.78345868065902e+24,0,7.78345868065902e+24
10.2,8.29406962649493e-05,0,8.29406962649493e-05
10.21,0,0,0
10.22,0,0,0
10.23,0,0,0
10.24,8.35622979148147e-05,0,8.35622979148147e-05
10.25,0,0,0
10.26,7.89723924900854e+24,0,7.89723924900854e+24
10.27,1.8007636348686e+27,0,1.8007636348686e+27
10.28,1.61538059754408,0,1.61538059754408
10.29,5.28861730419846e+28,0,5.28861730419846e+28
10.3,1.5402293484183e+28,0,1.5402293484183e+28
10.31,9.64489947392306e+29,0,9.64489947392306e+29
10.32,3.42492881102481e+30,0,3.42492881102481e+30
10.33,5.45932820460051e+32,0,5.45932820460051e+32
10.34,1.07507311770191e+33,0,1.07507311770191e+33
10.35,1.08479520674805e+31,0,1.08479520674805e+31
10.36,1.22193114293358e+33,0,1.22193114293358e+33
10.37,3.50363774866803e+33,0,3.50363774866803e+33
10.38,4.06866412477685e+33,0,4.06866412477685e+33
10.39,2.86217408837969e+33,0,2.86217408837969e+33
10.4,5.63240552959866e+33,0,5.63240552959866e+33
10.41,1.5012883418344e+34,0,1.5012883418344e+34
10.42,2.1005898064187e+34,0,2.1005898064187e+34
10.43,1.40793604419797e+34,0,1.40793604419797e+34
10.44,4.31347281868869e+34,0,4.31347281868869e+34
10.45,3.65205889111981e+34,0,3.65205889111981e+34
10.46,1.33974460808936e+35,0,1.33974460808936e+35
10.47,2.16639566351766e+35,0,2.16639566351766e+35
10.48,1.26366407509194e+35,0,1.26366407509194e+35
10.49,3.78654630789456e+35,0,3.78654630789456e+35
10.5,2.42226815778476e+35,0,2.42226815778476e+35
10.51,9.61968992349894e+35,0,9.61968992349894e+35
10.52,1.11716911885372e+36,0,1.11716911885372e+36
10.53,1.05963356220338e+36,0,1.05963356220338e+36
10.54,2.24954885547201e+36,0,2.24954885547201e+36
10.55,2.49342682906995e+36,0,2.49342682906995e+36
10.56,3.61738835637692e+36,0,3.61738835637692e+36
10.57,5.28876133219873e+36,0,5.28876133219873e+36
10.58,6.73346703849096e+36,0,6.73346703849096e+36
10.59,1.11671640909748e+37,0,1.11671640909748e+37
10.6,9.25641785878745e+36,0,9.25641785878745e+36
10.61,1.61020692498555e+37,0,1.61020692498555e+37
10.62,2.51989525135985e+37,0,2.51989525135985e+37
10.63,1.73740039499107e+37,0,1.73740039499107e+37
10.64,3.93163900046705e+37,0,3.93163900046705e+37
10.65,2.97179218250255e+37,0,2.97179218250255e+37
10.66,5.42947765177553e+37,0,5.42947765177553e+37
10.67,7.36471832442433e+37,0,7.36471832442433e+37
10.68,5.15331728833209e+37,0,5.15331728833209e+37
10.69,1.15285629065414e+38,0,1.15285629065414e+38
10.7,1.34047977672887e+38,0,1.34047977672887e+38
10.71,1.30865405703676e+38,0,1.30865405703676e+38
10.72,1.80507520644676e+38,0,1.80507520644676e+38
10.73,1.8446229049029e+38,0,1.8446229049029e+38
10.74,3.06090444348289e+38,0,3.06090444348289e+38
10.75,2.64090090845814e+38,0,2.64090090845814e+38
10.76,3.21059537225949e+38,0,3.21059537225949e+38
10.77,5.16827797495116e+38,0,5.16827797495116e+38
10.78,2.88750380134174e+38,0,2.88750380134174e+38
10.79,7.14126026718797e+38,0,7.14126026718797e+38
10.8,6.96927087379908e+38,0,6.96927087379908e+38
10.81,5.85298509988597e+38,0,5.85298509988597e+38
10.82,1.16036800464027e+39,0,1.16036800464027e+39
10.83,7.49154968052115e+38,0,7.49154968052115e+38
10.84,1.6513968485088e+39,0,1.6513968485088e+39
10.85,1.35752632726335e+39,0,1.35752632726335e+39
10.86,1.29764898816668e+39,0,1.29764898816668e+39
10.87,1.88317507257106e+39,0,1.88317507257106e+39
10.88,1.52549120542411e+39,0,1.52549120542411e+39
10.89,2.94628582658078e+39,0,2.94628582658078e+39
10.9,2.33461396656445e+39,0,2.33461396656445e+39
10.91,2.60515786172133e+39,0,2.60515786172133e+39
10.92,3.78024640977455e+39,0,3.78024640977455e+39
10.93,2.40836413924642e+39,0,2.40836413924642e+39
10.94,5.77041902125342e+39,0,5.77041902125342e+39
10.95,5.08864650534305e+39,0,5.08864650534305e+39
10.96,4.70229645771789e+39,0,4.70229645771789e+39
10.97,6.25014044182475e+39,0,6.25014044182475e+39
10.98,4.68797424635594e+39,0,4.68797424635594e+39
10.99,9.11185867317472e+39,0,9.11185867317472e+39
11,7.49988941796399e+39,0,7.49988941796399e+39
11.01,7.38506293233581e+39,0,7.38506293233581e+39
11.02,1.11034775588478e+40,0,1.11034775588478e+40
11.03,7.94307750532271e+39,0,7.94307750532271e+39
11.04,1.32421614115243e+40,0,1.32421614115243e+40
11.05,1.14771988074469e+40,0,1.14771988074469e+40
11.06,1.21675764788515e+40,0,1.21675764788515e+40
11.07,1.92064488608412e+40,0,1.92064488608412e+40
11.08,1.79178407408439e+40,0,1.79178407408439e+40
11.09,1.65471943171903e+40,0,1.65471943171903e+40
11.1,2.24694414853967e+40,0,2.24694414853967e+40
11.11,1.80351834095101e+40,0,1.80351834095101e+40
11.12,2.29842241588606e+40,0,2.29842241588606e+40
11.13,2.47758337024063e+40,0,2.47758337024063e+40
11.14,2.70779558618392e+40,0,2.70779558618392e+40
11.15,2.98670144997996e+40,0,2.98670144997996e+40
11.16,2.81283126650771e+40,0,2.81283126650771e+40
11.17,3.83995647421008e+40,0,3.83995647421008e+40
11.18,3.44086600464006e+40,0,3.44086600464006e+40
11.19,4.19911149033298e+40,0,4.19911149033298e+40
11.2,4.91589977763296e+40,0,4.91589977763296e+40
11.21,3.72849361241411e+40,0,3.72849361241411e+40
11.22,5.64411525319781e+40,0,5.64411525319781e+40
11.23,5.42386037272273e+40,0,5.42386037272273e+40
11.24,4.55081071897098e+40,0,4.55081071897098e+40
11.25,7.55148298762458e+40,0,7.55148298762458e+40
11.26,5.41269616568514e+40,0,5.41269616568514e+40
11.27,6.88166075154571e+40,0,6.88166075154571e+40
11.28,7.20577020208373e+40,0,7.20577020208373e+40
11.29,7.65732673441011e+40,0,7.65732673441011e+40
11.3,8.19775048294756e+40,0,8.19775048294756e+40
11.31,8.87473981007305e+40,0,8.87473981007305e+40
11.32,1.20348679695611e+41,0,1.20348679695611e+41
11.33,9.24513014389838e+40,0,9.24513014389838e+40
11.34,9.86551409291856e+40,0,9.86551409291856e+40
11.35,1.45017134098308e+41,0,1.45017134098308e+41
11.36,8.61799750052966e+40,0,8.61799750052966e+40
11.37,1.43843675951878e+41,0,1.43843675951878e+41
11.38,1.35136428302393e+41,0,1.35136428302393e+41
11.39,1.3737314555844e+41,0,1.3737314555844e+41
11.4,1.48669596166139e+41,0,1.48669596166139e+41
11.41,1.35831657231004e+41,0,1.35831657231004e+41
11.42,1.71435216299949e+41,0,1.71435216299949e+41
11.43,1.94683085382552e+41,0,1.94683085382552e+41
11.44,2.17178840529735e+41,0,2.17178840529735e+41
11.45,2.31764010308546e+41,0,2.31764010308546e+41
11.46,1.43364429852304e+41,0,1.43364429852304e+41
11.47,2.7690457423723e+41,0,2.7690457423723e+41
11.48,2.1316220314538e+41,0,2.1316220314538e+41
11.49,2.2822061567791e+41,0,2.2822061567791e+41
11.5,2.90888307251994e+41,0,2.90888307251994e+41
11.51,2.35248724256987e+41,0,2.35248724256987e+41
11.52,2.79080149117839e+41,0,2.79080149117839e+41
11.53,2.74631594618417e+41,0,2.74631594618417e+41
11.54,3.14995006985114e+41,0,3.14995006985114e+41
11.55,3.42443820540427e+41,0,3.42443820540427e+41
11.56,3.89343592530934e+41,0,3.89343592530934e+41
11.57,3.76677337629628e+41,0,3.76677337629628e+41
11.58,3.69782896252642e+41,0,3.69782896252642e+41
11.59,4.1247106935105e+41,0,4.1247106935105e+41
11.6,3.85403385926761e+41,0,3.85403385926761e+41
11.61,4.28891777569284e+41,0,4.28891777569284e+41
11.62,4.88728770455707e+41,0,4.88728770455707e+41
11.63,4.34162169864899e+41,0,4.34162169864899e+41
11.64,4.67549581863762e+41,0,4.67549581863762e+41
11.65,4.95774375604632e+41,0,4.95774375604632e+41
11.66,5.41040688291232e+41,0,5.41040688291232e+41
11.67,5.77827602250576e+41,0,5.77827602250576e+41
11.68,7.27140278179693e+41,0,7.27140278179693e+41
11.69,5.77271472411616e+41,0,5.77271472411616e+41
11.7,6.18579109731052e+41,0,6.18579109731052e+41
11.71,7.30204042060489e+41,0,7.30204042060489e+41
11.72,6.40867400409135e+41,0,6.40867400409135e+41
11.73,7.453137859028e+41,0,7.453137859028e+41
11.74,7.52165413637105e+41,0,7.52165413637105e+41
11.75,7.4916438554297e+41,0,7.4916438554297e+41
11.76,8.19174142678867e+41,0,8.19174142678867e+41
11.77,7.68290431363684e+41,0,7.68290431363684e+41
11.78,9.70902118362936e+41,0,9.70902118362936e+41
11.79,8.43056052964115e+41,0,8.43056052964115e+41
11.8,1.18011058465483e+42,0,1.18011058465483e+42
11.81,9.95362450119114e+41,0,9.95362450119114e+41
11.82,9.09360274248887e+41,0,9.09360274248887e+41
11.83,1.24373959561564e+42,0,1.24373959561564e+42
11.84,9.35242194557742e+41,0,9.35242194557742e+41
11.85,1.29830207377289e+42,0,1.29830207377289e+42
11.86,1.11130847481221e+42,0,1.11130847481221e+42
11.87,1.22114966935771e+42,0,1.22114966935771e+42
11.88,1.42689061343127e+42,0,1.42689061343127e+42
11.89,1.16232410385998e+42,0,1.16232410385998e+42
11.9,1.42950858002759e+42,0,1.42950858002759e+42
11.91,1.50124463620018e+42,0,1.50124463620018e+42
11.92,1.39478432474441e+42,0,1.39478432474441e+42
11.93,1.77733352671001e+42,0,1.77733352671001e+42
11.94,1.43335131996866e+42,0,1.43335131996866e+42
11.95,1.68499352998806e+42,0,1.68499352998806e+42
11.96,1.16053308490516e+42,0,1.16053308490516e+42
11.97,1.32767143764731e+42,0,1.32767143764731e+42
11.98,9.45471373857537e+41,0,9.45471373857537e+41
11.99,7.57049094197286e+41,0,7.57049094197286e+41
12,6.31456155518033e+41,0,6.31456155518033e+41
12.01,4.7460660573128e+41,0,4.7460660573128e+41
12.02,4.56468414107031e+41,0,4.56468414107031e+41
12.03,3.42789664751836e+41,0,3.42789664751836e+41
12.04,2.2409418005098e+41,0,2.2409418005098e+41
12.05,2.2833800526805e+41,0,2.2833800526805e+41
12.06,1.43530654072547e+41,0,1.43530654072547e+41
12.07,8.76096147662724e+40,0,8.76096147662724e+40
12.08,8.52048441109904e+40,0,8.52048441109904e+40
12.09,6.4554054893045e+40,0,6.4554054893045e+40
12.1,4.00598323535016e+40,0,4.00598323535016e+40
12.11,2.98405772127672e+40,0,2.98405772127672e+40
12.12,3.04566837790845e+40,0,3.04566837790845e+40
12.13,2.87706756500149e+40,0,2.87706756500149e+40
12.14,1.59008630396643e+40,0,1.59008630396643e+40
12.15,2.4529790970496e+40,0,2.4529790970496e+40
12.16,2.16368826024718e+40,0,2.16368826024718e+40
12.17,1.78306989265588e+40,0,1.78306989265588e+40
12.18,3.1524116386779e+40,0,3.1524116386779e+40
12.19,2.0009364025953e+40,0,2.0009364025953e+40
12.2,2.8391773772482e+40,0,2.8391773772482e+40
12.21,2.72561574686523e+40,0,2.72561574686523e+40
12.22,2.03751160575074e+40,0,2.03751160575074e+40
12.23,3.22674784458826e+40,0,3.22674784458826e+40
12.24,2.65629789699361e+40,0,2.65629789699361e+40
12.25,3.27053258673918e+40,0,3.27053258673918e+40
12.26,2.55189259289577e+40,0,2.55189259289577e+40
12.27,2.20606371839529e+40,0,2.20606371839529e+40
12.28,3.14875590407628e+40,0,3.14875590407628e+40
12.29,2.07581635859113e+40,0,2.07581635859113e+40
12.3,3.29272353343323e+40,0,3.29272353343323e+40
12.31,1.77489014187201e+40,0,1.77489014187201e+40
12.32,2.32335201782309e+40,0,2.32335201782309e+40
12.33,2.04417309080795e+40,0,2.04417309080795e+40
12.34,2.11657864779874e+40,0,2.11657864779874e+40
12.35,2.21861958860062e+40,0,2.21861958860062e+40
12.36,1.47840916257018e+40,0,1.47840916257018e+40
12.37,1.56116936728174e+40,0,1.56116936728174e+40
12.38,1.57140799488182e+40,0,1.57140799488182e+40
12.39,1.3377250243046e+40,0,1.3377250243046e+40
12.4,1.15161466529859e+40,0,1.15161466529859e+40
12.41,1.35489552704551e+40,0,1.35489552704551e+40
12.42,7.8460427339867e+39,0,7.8460427339867e+39
12.43,1.40791634089047e+40,0,1.40791634089047e+40
12.44,6.05305866981413e+39,0,6.05305866981413e+39
12.45,9.46905529226932e+39,0,9.46905529226932e+39
12.46,8.13939798982737e+39,0,8.13939798982737e+39
12.47,7.39170792607648e+39,0,7.39170792607648e+39
12.48,7.27223049359391e+39,0,7.27223049359391e+39
12.49,7.20398017443092e+39,0,7.20398017443092e+39
12.5,7.2577494195606e+39,0,7.2577494195606e+39
12.51,6.83977322603465e+39,0,6.83977322603465e+39
12.52,9.6615565808241e+39,0,9.6615565808241e+39
12.53,8.14192854130846e+39,0,8.14192854130846e+39
12.54,1.14966700017261e+40,0,1.14966700017261e+40
12.55,1.15288206340281e+40,0,1.15288206340281e+40
12.56,1.48445805686257e+40,0,1.48445805686257e+40
12.57,1.45694832938425e+40,0,1.45694832938425e+40
12.58,3.18504972444114e+40,0,3.18504972444114e+40
12.59,2.42778969694938e+40,0,2.42778969694938e+40
12.6,2.80276467545759e+40,0,2.80276467545759e+40
12.61,2.91885887001923e+40,0,2.91885887001923e+40
12.62,4.05004867693067e+40,0,4.05004867693067e+40
12.63,5.70010526060315e+40,0,5.70010526060315e+40
12.64,6.30468649221229e+40,0,6.30468649221229e+40
12.65,6.59109008244498e+40,0,6.59109008244498e+40
12.66,9.76866507815153e+40,0,9.76866507815153e+40
12.67,1.22053575069632e+41,0,1.22053575069632e+41
12.68,6.48638031734861e+40,0,6.48638031734861e+40
12.69,1.42914873007081e+41,0,1.42914873007081e+41
12.7,1.70765550651375e+41,0,1.70765550651375e+41
12.71,2.04648030380823e+41,0,2.04648030380823e+41
12.72,1.08739980564971e+41,0,1.08739980564971e+41
12.73,2.23795445752484e+41,0,2.23795445752484e+41
12.74,2.5372932767272e+41,0,2.5372932767272e+41
12.75,1.96447579401289e+41,0,1.96447579401289e+41
12.76,2.23126120759079e+41,0,2.23126120759079e+41
12.77,2.7836636341697e+41,0,2.7836636341697e+41
12.78,2.79564984057086e+41,0,2.79564984057086e+41
12.79,1.76914139427401e+41,0,1.76914139427401e+41
12.8,2.51264026846052e+41,0,2.51264026846052e+41
12.81,2.55733367523587e+41,0,2.55733367523587e+41
12.82,2.39519306664936e+41,0,2.39519306664936e+41
12.83,1.95759053298716e+41,0,1.95759053298716e+41
12.84,2.77928061555306e+41,0,2.77928061555306e+41
12.85,2.20371649790168e+41,0,2.20371649790168e+41
12.86,2.25977572626863e+41,0,2.25977572626863e+41
12.87,2.25645931566251e+41,0,2.25645931566251e+41
12.88,2.07705355469762e+41,0,2.07705355469762e+41
12.89,2.50476653458775e+41,0,2.50476653458775e+41
12.9,1.40298334270207e+41,0,1.40298334270207e+41
12.91,2.3339717998285e+41,0,2.3339717998285e+41
12.92,2.39245472784287e+41,0,2.39245472784287e+41
12.93,1.38088618347554e+41,0,1.38088618347554e+41
12.94,2.13310837689776e+41,0,2.13310837689776e+41
12.95,2.07960893841411e+41,0,2.07960893841411e+41
12.96,2.01543387558626e+41,0,2.01543387558626e+41
12.97,1.35632229818135e+41,0,1.35632229818135e+41
12.98,1.96010687243397e+41,0,1.96010687243397e+41
12.99,2.3098634203796e+41,0,2.3098634203796e+41
13,1.77738072949367e+41,0,1.77738072949367e+41
13.01,1.4331823178916e+41,0,1.4331823178916e+41
13.02,2.08323654168136e+41,0,2.08323654168136e+41
13.03,1.76967694448024e+41,0,1.76967694448024e+41
13.04,1.81757397222067e+41,0,1.81757397222067e+41
13.05,1.62720447681871e+41,0,1.62720447681871e+41
13.06,1.8987400446486e+41,0,1.8987400446486e+41
13.07,1.50114880770127e+41,0,1.50114880770127e+41
13.08,1.31575544615355e+41,0,1.31575544615355e+41
13.09,1.69907556275033e+41,0,1.69907556275033e+41
13.1,1.96923291139111e+41,0,1.96923291139111e+41
13.11,9.52195786787722e+40,0,9.52195786787722e+40
13.12,1.70228174670694e+41,0,1.70228174670694e+41
13.13,1.58818249766453e+41,0,1.58818249766453e+41
13.14,1.78548919813406e+41,0,1.78548919813406e+41
13.15,7.87822230815904e+40,0,7.87822230815904e+40
13.16,1.58559978702254e+41,0,1.58559978702254e+41
13.17,1.71930687322649e+41,0,1.71930687322649e+41
13.18,1.40235827533617e+41,0,1.40235827533617e+41
13.19,1.24091805166477e+41,0,1.24091805166477e+41
13.2,1.32832191353872e+41,0,1.32832191353872e+41
13.21,1.42564376777543e+41,0,1.42564376777543e+41
13.22,1.3263002352852e+41,0,1.3263002352852e+41
13.23,1.11840910525753e+41,0,1.11840910525753e+41
13.24,1.43559411521182e+41,0,1.43559411521182e+41
13.25,1.15366626540541e+41,0,1.15366626540541e+41
13.26,1.15449883420039e+41,0,1.15449883420039e+41
13.27,1.43935625641698e+41,0,1.43935625641698e+41
13.28,1.10124452873275e+41,0,1.10124452873275e+41
13.29,9.12750982274106e+40,0,9.12750982274106e+40
13.3,1.1628865346285e+41,0,1.1628865346285e+41
13.31,1.05559123509424e+41,0,1.05559123509424e+41
13.32,1.48005396192423e+41,0,1.48005396192423e+41
13.33,4.8747797848307e+40,0,4.8747797848307e+40
13.34,1.10834908719565e+41,0,1.10834908719565e+41
13.35,1.44430149357764e+41,0,1.44430149357764e+41
13.36,8.72063894940297e+40,0,8.72063894940297e+40
13.37,9.9232513516843e+40,0,9.9232513516843e+40
13.38,8.78998882818356e+40,0,8.78998882818356e+40
13.39,1.30875388422646e+41,0,1.30875388422646e+41
13.4,6.55989125174365e+40,0,6.55989125174365e+40
13.41,9.91206692547604e+40,0,9.91206692547604e+40
13.42,1.04241078681453e+41,0,1.04241078681453e+41
13.43,7.6671230048289e+40,0,7.6671230048289e+40
13.44,8.82850353094203e+40,0,8.82850353094203e+40
13.45,8.75992880042123e+40,0,8.75992880042123e+40
13.46,7.91534409389739e+40,0,7.91534409389739e+40
13.47,7.69664454554822e+40,0,7.69664454554822e+40
13.48,6.92348845147106e+40,0,6.92348845147106e+40
13.49,8.44353770793285e+40,0,8.44353770793285e+40
13.5,9.66996577285147e+40,0,9.66996577285147e+40
13.51,4.20083311696113e+40,0,4.20083311696113e+40
13.52,9.36205168810323e+40,0,9.36205168810323e+40
13.53,8.18055926484541e+40,0,8.18055926484541e+40
13.54,6.49247327962176e+40,0,6.49247327962176e+40
13.55,6.02382484649748e+40,0,6.02382484649748e+40
13.56,6.54230501192948e+40,0,6.54230501192948e+40
13.57,9.70444001234192e+40,0,9.70444001234192e+40
13.58,3.29604286230277e+40,0,3.29604286230277e+40
13.59,6.94549529179521e+40,0,6.94549529179521e+40
13.6,7.01826451546548e+40,0,7.01826451546548e+40
13.61,5.42808244898463e+40,0,5.42808244898463e+40
13.62,7.19682808001068e+40,0,7.19682808001068e+40
13.63,4.63421728822875e+40,0,4.63421728822875e+40
13.64,6.35132053747106e+40,0,6.35132053747106e+40
13.65,4.42008035586096e+40,0,4.42008035586096e+40
13.66,5.25440258857201e+40,0,5.25440258857201e+40
13.67,6.64590554671659e+40,0,6.64590554671659e+40
13.68,4.90551675344983e+40,0,4.90551675344983e+40
13.69,3.57341388813843e+40,0,3.57341388813843e+40
13.7,6.13874177056398e+40,0,6.13874177056398e+40
13.71,4.56750061472845e+40,0,4.56750061472845e+40
13.72,5.65227475212985e+40,0,5.65227475212985e+40
13.73,2.473979837315e+40,0,2.473979837315e+40
13.74,5.09885290047095e+40,0,5.09885290047095e+40
13.75,5.3868245400382e+40,0,5.3868245400382e+40
13.76,2.90880453191528e+40,0,2.90880453191528e+40
13.77,4.92654481230857e+40,0,4.92654481230857e+40
13.78,4.02959443407371e+40,0,4.02959443407371e+40
13.79,3.88126336176747e+40,0,3.88126336176747e+40
13.8,3.27092865373131e+40,0,3.27092865373131e+40
13.81,3.16836452880199e+40,0,3.16836452880199e+40
13.82,4.96692255923443e+40,0,4.96692255923443e+40
13.83,1.58583194153623e+40,0,1.58583194153623e+40
13.84,4.37958944943316e+40,0,4.37958944943316e+40
13.85,3.11585584443581e+40,0,3.11585584443581e+40
13.86,3.04515340044829e+40,0,3.04515340044829e+40
13.87,3.73606778537146e+40,0,3.73606778537146e+40
13.88,2.31509340801136e+40,0,2.31509340801136e+40
13.89,3.70480271345061e+40,0,3.70480271345061e+40
13.9,1.80722755029909e+40,0,1.80722755029909e+40
13.91,2.244254255073e+40,0,2.244254255073e+40
13.92,3.84782875995726e+40,0,3.84782875995726e+40
13.93,2.18495660264732e+40,0,2.18495660264732e+40
13.94,2.59366055921769e+40,0,2.59366055921769e+40
13.95,1.85320080868431e+40,0,1.85320080868431e+40
13.96,2.66156967412186e+40,0,2.66156967412186e+40
13.97,2.5027018473827e+40,0,2.5027018473827e+40
13.98,1.48199366336765e+40,0,1.48199366336765e+40
13.99,2.99057340929469e+40,0,2.99057340929469e+40
14,1.63710585266874e+40,0,1.63710585266874e+40
14.01,1.5181614015526e+40,0,1.5181614015526e+40
14.02,2.17121097968852e+40,0,2.17121097968852e+40
14.03,1.42096983037881e+40,0,1.42096983037881e+40
14.04,2.53379503178599e+40,0,2.53379503178599e+40
14.05,1.18017926078622e+40,0,1.18017926078622e+40
14.06,1.28248981784276e+40,0,1.28248981784276e+40
14.07,2.09936083990451e+40,0,2.09936083990451e+40
14.08,8.60846709936753e+39,0,8.60846709936753e+39
14.09,2.05693846930698e+40,0,2.05693846930698e+40
14.1,1.05868618024051e+40,0,1.05868618024051e+40
14.11,1.63806774886581e+40,0,1.63806774886581e+40
14.12,9.95760351909097e+39,0,9.95760351909097e+39
14.13,1.18366833405212e+40,0,1.18366833405212e+40
14.14,1.68804120802715e+40,0,1.68804120802715e+40
14.15,6.17544735921795e+39,0,6.17544735921795e+39
14.16,7.97971253196704e+39,0,7.97971253196704e+39
14.17,1.45783230297619e+40,0,1.45783230297619e+40
14.18,7.95957673331105e+39,0,7.95957673331105e+39
14.19,1.12876210972397e+40,0,1.12876210972397e+40
14.2,6.54739323872237e+39,0,6.54739323872237e+39
14.21,8.84979176004496e+39,0,8.84979176004496e+39
14.22,9.1188018865614e+39,0,9.1188018865614e+39
14.23,5.16698847608813e+39,0,5.16698847608813e+39
14.24,1.11249030544617e+40,0,1.11249030544617e+40
14.25,5.22735370302798e+39,0,5.22735370302798e+39
14.26,4.70215455796602e+39,0,4.70215455796602e+39
14.27,7.56394227020636e+39,0,7.56394227020636e+39
14.28,5.39157968857538e+39,0,5.39157968857538e+39
14.29,9.38141489053802e+39,0,9.38141489053802e+39
14.3,3.08780198320044e+39,0,3.08780198320044e+39
14.31,4.21047304485103e+39,0,4.21047304485103e+39
14.32,6.35751901728532e+39,0,6.35751901728532e+39
14.33,3.06206175016198e+39,0,3.06206175016198e+39
14.34,5.3686183435065e+39,0,5.3686183435065e+39
14.35,2.93015693198579e+39,0,2.93015693198579e+39
14.36,4.7477745548154e+39,0,4.7477745548154e+39
14.37,2.7268392815815e+39,0,2.7268392815815e+39
14.38,3.16627597020569e+39,0,3.16627597020569e+39
14.39,4.70933937703399e+39,0,4.70933937703399e+39
14.4,1.63001502176897e+39,0,1.63001502176897e+39
14.41,2.83720179186762e+39,0,2.83720179186762e+39
14.42,2.82773688137803e+39,0,2.82773688137803e+39
14.43,2.19803764185422e+39,0,2.19803764185422e+39
14.44,2.76387542054411e+39,0,2.76387542054411e+39
14.45,1.58125518708095e+39,0,1.58125518708095e+39
14.46,2.45954601923257e+39,0,2.45954601923257e+39
14.47,2.04547577548938e+39,0,2.04547577548938e+39
14.48,1.29660239075233e+39,0,1.29660239075233e+39
14.49,1.80313353222755e+39,0,1.80313353222755e+39
14.5,1.04898810356806e+39,0,1.04898810356806e+39
14.51,1.16357885129942e+39,0,1.16357885129942e+39
14.52,1.4762728570385e+39,0,1.4762728570385e+39
14.53,7.97111104079303e+38,0,7.97111104079303e+38
14.54,1.80424596628609e+39,0,1.80424596628609e+39
14.55,2.63878577375672e+38,0,2.63878577375672e+38
14.56,1.34862535593473e+39,0,1.34862535593473e+39
14.57,7.4739921488521e+38,0,7.4739921488521e+38
14.58,5.36626846423647e+38,0,5.36626846423647e+38
14.59,9.68222428171485e+38,0,9.68222428171485e+38
14.6,4.03968295969351e+38,0,4.03968295969351e+38
14.61,8.00858128613705e+38,0,8.00858128613705e+38
14.62,1.85788002331234e+38,0,1.85788002331234e+38
14.63,5.44803197092512e+38,0,5.44803197092512e+38
14.64,5.54871831481282e+38,0,5.54871831481282e+38
14.65,2.78625199902696e+38,0,2.78625199902696e+38
14.66,3.51695756355484e+38,0,3.51695756355484e+38
14.67,2.87804888931162e+38,0,2.87804888931162e+38
14.68,2.19217659062559e+38,0,2.19217659062559e+38
14.69,3.22348720962313e+38,0,3.22348720962313e+38
14.7,1.29804399686014e+38,0,1.29804399686014e+38
14.71,3.27201523130315e+38,0,3.27201523130315e+38
14.72,7.9274898681581e+37,0,7.9274898681581e+37
14.73,1.50779061813886e+38,0,1.50779061813886e+38
14.74,1.69787553124646e+38,0,1.69787553124646e+38
14.75,8.1401572010344e+37,0,8.1401572010344e+37
14.76,1.40873238484413e+38,0,1.40873238484413e+38
14.77,2.62291657295391e+37,0,2.62291657295391e+37
14.78,7.11220603095691e+37,0,7.11220603095691e+37
14.79,1.01183511323288e+38,0,1.01183511323288e+38
14.8,2.33507706270973e+37,0,2.33507706270973e+37
14.81,9.1729521595786e+37,0,9.1729521595786e+37
14.82,2.11378464769821e+37,0,2.11378464769821e+37
14.83,3.95940565134796e+37,0,3.95940565134796e+37
14.84,3.10995272123871e+37,0,3.10995272123871e+37
14.85,1.94657378515666e+37,0,1.94657378515666e+37
14.86,3.3092534343799e+37,0,3.3092534343799e+37
14.87,8.24207104251167e+36,0,8.24207104251167e+36
14.88,1.15953716095687e+37,0,1.15953716095687e+37
14.89,1.97199899875801e+37,0,1.97199899875801e+37
14.9,1.19537022608453e+36,0,1.19537022608453e+36
14.91,1.78108012727913e+37,0,1.78108012727913e+37
14.92,1.75504750330974e+36,0,1.75504750330974e+36
14.93,5.9353851876814e+36,0,5.9353851876814e+36
14.94,5.71883196146292e+36,0,5.71883196146292e+36
14.95,2.29513576396731e+36,0,2.29513576396731e+36
14.96,5.73881346600939e+36,0,5.73881346600939e+36
14.97,7.33100941873955e+35,0,7.33100941873955e+35
14.98,1.33051358720331e+36,0,1.33051358720331e+36
14.99,1.83278085352818e+36,0,1.83278085352818e+36
15,9.51844533719163e+35,0,9.51844533719163e+35
15.01,1.15517462576769e+36,0,1.15517462576769e+36
15.02,2.19845914966074e+35,0,2.19845914966074e+35
15.03,4.72191839223752e+35,0,4.72191839223752e+35
15.04,4.05512083703299e+35,0,4.05512083703299e+35
15.05,3.23662713505165e+34,0,3.23662713505165e+34
15.06,3.58808295730825e+35,0,3.58808295730825e+35
15.07,3.6225583630728e+34,0,3.6225583630728e+34
15.08,1.03683527393951e+35,0,1.03683527393951e+35
15.09,7.59943381980809e+34,0,7.59943381980809e+34
15.1,1.22902181932988e+34,0,1.22902181932988e+34
15.11,5.09731000512342e+34,0,5.09731000512342e+34
15.12,1.09994803708932e+33,0,1.09994803708932e+33
15.13,1.3152609622198e+34,0,1.3152609622198e+34
15.14,8.59163137943736e+33,0,8.59163137943736e+33
15.15,2.18415722581852e+33,0,2.18415722581852e+33
15.16,4.59664087486032e+33,0,4.59664087486032e+33
15.17,4.39969572332543e+32,0,4.39969572332543e+32
15.18,1.2997653224707e+33,0,1.2997653224707e+33
15.19,1.42279933578564e+30,0,1.42279933578564e+30
15.2,0,0,0
15.21,2.52065182299442e+32,0,2.52065182299442e+32
15.22,1.26412141693359e+31,0,1.26412141693359e+31
15.23,3.20096950811713e+29,0,3.20096950811713e+29
15.24,1.93214998603147e+31,0,1.93214998603147e+31
15.25,593.161546135099,0,593.161546135099
15.26,1.49218735832143e+30,0,1.49218735832143e+30
15.27,0,0,0
15.28,2.63051845160534e+28,0,2.63051845160534e+28
15.29,0,0,0
15.3,0,0,0
15.31,0.280308588848923,0,0.280308588848923
15.32,0,0,0
15.33,0,0,0
15.34,0,0,0
15.35,0,0,0
15.36,0.282409370360852,0,0.282409370360852
15.37,0,0,0
15.38,0,0,0
15.39,2.66897203589959e+28,0,2.66897203589959e+28
15.4,0,0,0
15.41,1.52147720019138e+30,0,1.52147720019138e+30
15.42,606.598149363991,0,606.598149363991
15.43,1.98229996888367e+31,0,1.98229996888367e+31
15.44,3.2852351110851e+29,0,3.2852351110851e+29
15.45,1.30135004467428e+31,0,1.30135004467428e+31
15.46,1.30730069719597e+32,0,1.30730069719597e+32
15.47,1.29770536713935e+32,0,1.29770536713935e+32
15.48,1.47801292374993e+30,0,1.47801292374993e+30
15.49,1.35163496664149e+33,0,1.35163496664149e+33
15.5,4.59547761982998e+32,0,4.59547761982998e+32
15.51,2.86907525661698e+33,0,2.86907525661698e+33
15.52,4.23278142028905e+33,0,4.23278142028905e+33
15.53,9.04341641636918e+33,0,9.04341641636918e+33
15.54,1.38705969523979e+34,0,1.38705969523979e+34
15.55,1.16165760083976e+33,0,1.16165760083976e+33
15.56,5.40223133569075e+34,0,5.40223133569075e+34
15.57,1.30634582573594e+34,0,1.30634582573594e+34
15.58,8.09981535559777e+34,0,8.09981535559777e+34
15.59,5.86762620985472e+34,0,5.86762620985472e+34
15.6,9.08542648350593e+34,0,9.08542648350593e+34
15.61,2.59028610236055e+35,0,2.59028610236055e+35
15.62,1.61132101870253e+35,0,1.61132101870253e+35
15.63,4.37829457250914e+35,0,4.37829457250914e+35
15.64,5.10592747731602e+35,0,5.10592747731602e+35
15.65,2.3844169197193e+35,0,2.3844169197193e+35
15.66,1.25578626323202e+36,0,1.25578626323202e+36
15.67,1.03752976434558e+36,0,1.03752976434558e+36
15.68,1.02830802871509e+36,0,1.02830802871509e+36
15.69,2.43479852538701e+36,0,2.43479852538701e+36
15.7,8.04692208056244e+35,0,8.04692208056244e+35
15.71,6.10515127420661e+36,0,6.10515127420661e+36
15.72,2.75269385308964e+36,0,2.75269385308964e+36
15.73,3.4821178922829e+36,0,3.4821178922829e+36
15.74,8.45500983415587e+36,0,8.45500983415587e+36
15.75,2.9471268461016e+36,0,2.9471268461016e+36
15.76,1.16099360685587e+37,0,1.16099360685587e+37
15.77,9.60906569855537e+36,0,9.60906569855537e+36
15.78,2.08441167890992e+37,0,2.08441167890992e+37
15.79,1.43257398090084e+37,0,1.43257398090084e+37
15.8,9.29199061202397e+36,0,9.29199061202397e+36
15.81,3.73947744372887e+37,0,3.73947744372887e+37
15.82,2.20439214631272e+37,0,2.20439214631272e+37
15.83,3.53656649504818e+37,0,3.53656649504818e+37
15.84,4.50790078860562e+37,0,4.50790078860562e+37
15.85,2.41458779338938e+37,0,2.41458779338938e+37
15.86,9.70616616453431e+37,0,9.70616616453431e+37
15.87,3.48037005624042e+37,0,3.48037005624042e+37
15.88,8.67558416055164e+37,0,8.67558416055164e+37
15.89,8.69513355417314e+37,0,8.69513355417314e+37
15.9,5.52861503436619e+37,0,5.52861503436619e+37
15.91,1.63326259026545e+38,0,1.63326259026545e+38
15.92,9.46032007919294e+37,0,9.46032007919294e+37
15.93,1.97996604478898e+38,0,1.97996604478898e+38
15.94,1.17736030585738e+38,0,1.17736030585738e+38
15.95,1.51375884407935e+38,0,1.51375884407935e+38
15.96,3.52373523358922e+38,0,3.52373523358922e+38
15.97,1.84958876167788e+38,0,1.84958876167788e+38
15.98,3.80899881511239e+38,0,3.80899881511239e+38
15.99,2.59514621274101e+38,0,2.59514621274101e+38
16,2.06514915460382e+38,0,2.06514915460382e+38
16.01,5.5391760496479e+38,0,5.5391760496479e+38
16.02,3.32374616824523e+38,0,3.32374616824523e+38
16.03,4.87363856195338e+38,0,4.87363856195338e+38
16.04,6.3245487294293e+38,0,6.3245487294293e+38
16.05,2.15525909042978e+38,0,2.15525909042978e+38
16.06,1.12471249155505e+39,0,1.12471249155505e+39
16.07,5.34687207226273e+38,0,5.34687207226273e+38
16.08,1.17366083594085e+39,0,1.17366083594085e+39
16.09,5.43178999276157e+38,0,5.43178999276157e+38
16.1,6.94086992444662e+38,0,6.94086992444662e+38
16.11,1.56412608138156e+39,0,1.56412608138156e+39
16.12,7.31674906525351e+38,0,7.31674906525351e+38
16.13,2.215376667552e+39,0,2.215376667552e+39
16.14,9.81308125226965e+38,0,9.81308125226965e+38
16.15,1.33253873209713e+39,0,1.33253873209713e+39
16.16,1.90056125618455e+39,0,1.90056125618455e+39
16.17,1.06900036865334e+39,0,1.06900036865334e+39
16.18,2.50418989662006e+39,0,2.50418989662006e+39
16.19,1.61537271687595e+39,0,1.61537271687595e+39
16.2,1.93400615350797e+39,0,1.93400615350797e+39
16.21,3.69758444673712e+39,0,3.69758444673712e+39
16.22,1.38933955556026e+39,0,1.38933955556026e+39
16.23,4.03595350792125e+39,0,4.03595350792125e+39
16.24,2.82695195367566e+39,0,2.82695195367566e+39
16.25,2.63783321461995e+39,0,2.63783321461995e+39
16.26,4.54700846844797e+39,0,4.54700846844797e+39
16.27,2.07385855883621e+39,0,2.07385855883621e+39
16.28,5.27614292685533e+39,0,5.27614292685533e+39
16.29,4.60822391946864e+39,0,4.60822391946864e+39
16.3,3.67691138633924e+39,0,3.67691138633924e+39
16.31,5.39488587100246e+39,0,5.39488587100246e+39
16.32,3.93609081101246e+39,0,3.93609081101246e+39
16.33,7.49034693633309e+39,0,7.49034693633309e+39
16.34,3.96740509986783e+39,0,3.96740509986783e+39
16.35,6.7414804752549e+39,0,6.7414804752549e+39
16.36,7.00502282875256e+39,0,7.00502282875256e+39
16.37,4.0297589630478e+39,0,4.0297589630478e+39
16.38,1.0263211899204e+40,0,1.0263211899204e+40
16.39,8.0042341143383e+39,0,8.0042341143383e+39
16.4,7.50256087331202e+39,0,7.50256087331202e+39
16.41,9.76038889390522e+39,0,9.76038889390522e+39
16.42,6.91389781104394e+39,0,6.91389781104394e+39
16.43,1.33554756333893e+40,0,1.33554756333893e+40
16.44,5.46224470558562e+39,0,5.46224470558562e+39
16.45,1.42224884156453e+40,0,1.42224884156453e+40
16.46,1.24851511140511e+40,0,1.24851511140511e+40
16.47,8.87117818323864e+39,0,8.87117818323864e+39
16.48,1.51648513296635e+40,0,1.51648513296635e+40
16.49,1.07178243947853e+40,0,1.07178243947853e+40
16.5,1.44207472578713e+40,0,1.44207472578713e+40
16.51,1.60841851222407e+40,0,1.60841851222407e+40
16.52,8.37989342747944e+39,0,8.37989342747944e+39
16.53,2.29674653074355e+40,0,2.29674653074355e+40
16.54,1.19370960382828e+40,0,1.19370960382828e+40
16.55,1.73342408062012e+40,0,1.73342408062012e+40
16.56,2.2966971395044e+40,0,2.2966971395044e+40
16.57,1.18438917750402e+40,0,1.18438917750402e+40
16.58,2.74752158688289e+40,0,2.74752158688289e+40
16.59,1.31227708714816e+40,0,1.31227708714816e+40
16.6,3.04909715841243e+40,0,3.04909715841243e+40
16.61,1.85673653951157e+40,0,1.85673653951157e+40
16.62,1.17717465644488e+40,0,1.17717465644488e+40
16.63,3.45506598573911e+40,0,3.45506598573911e+40
16.64,2.56394925369472e+40,0,2.56394925369472e+40
16.65,3.04930264730914e+40,0,3.04930264730914e+40
16.66,2.13599004209475e+40,0,2.13599004209475e+40
16.67,2.14904758446168e+40,0,2.14904758446168e+40
16.68,4.39060203110651e+40,0,4.39060203110651e+40
16.69,2.1022279497774e+40,0,2.1022279497774e+40
16.7,3.55864680500118e+40,0,3.55864680500118e+40
16.71,3.02186489658826e+40,0,3.02186489658826e+40
16.72,2.92635256124935e+40,0,2.92635256124935e+40
16.73,4.21318196568512e+40,0,4.21318196568512e+40
16.74,2.98675401026864e+40,0,2.98675401026864e+40
16.75,4.30328736495811e+40,0,4.30328736495811e+40
16.76,3.86334869270506e+40,0,3.86334869270506e+40
16.77,2.81433340009973e+40,0,2.81433340009973e+40
16.78,5.95081942883383e+40,0,5.95081942883383e+40
16.79,3.36964505336628e+40,0,3.36964505336628e+40
16.8,4.46740859878529e+40,0,4.46740859878529e+40
16.81,5.32678248536261e+40,0,5.32678248536261e+40
16.82,4.12422342942593e+40,0,4.12422342942593e+40
16.83,6.76370793445877e+40,0,6.76370793445877e+40
16.84,2.57266246933692e+40,0,2.57266246933692e+40
16.85,7.32587038216425e+40,0,7.32587038216425e+40
16.86,4.52981966267869e+40,0,4.52981966267869e+40
16.87,4.51795018506166e+40,0,4.51795018506166e+40
16.88,6.22601206440348e+40,0,6.22601206440348e+40
16.89,6.09252218906758e+40,0,6.09252218906758e+40
16.9,6.75735330845835e+40,0,6.75735330845835e+40
16.91,4.9900698051191e+40,0,4.9900698051191e+40
16.92,5.82390134491237e+40,0,5.82390134491237e+40
16.93,8.74585487661864e+40,0,8.74585487661864e+40
16.94,4.97707997321607e+40,0,4.97707997321607e+40
16.95,8.57086534766896e+40,0,8.57086534766896e+40
16.96,6.94411255446215e+40,0,6.94411255446215e+40
16.97,7.7163708636637e+40,0,7.7163708636637e+40
16.98,5.71601249241878e+40,0,5.71601249241878e+40
16.99,8.90755267068396e+40,0,8.90755267068396e+40
17,1.02116771779837e+41,0,1.02116771779837e+41
17.01,8.04904198200209e+40,0,8.04904198200209e+40
17.02,6.10796702863944e+40,0,6.10796702863944e+40
17.03,1.0546719696002e+41,0,1.0546719696002e+41
17.04,7.24559763375618e+40,0,7.24559763375618e+40
17.05,1.09304000560202e+41,0,1.09304000560202e+41
17.06,7.00342202777164e+40,0,7.00342202777164e+40
17.07,1.10395896626397e+41,0,1.10395896626397e+41
17.08,1.25732579147562e+41,0,1.25732579147562e+41
17.09,5.18039721877935e+40,0,5.18039721877935e+40
17.1,1.20410618689006e+41,0,1.20410618689006e+41
17.11,1.14297635060948e+41,0,1.14297635060948e+41
17.12,1.01247046355146e+41,0,1.01247046355146e+41
17.13,1.19061241338092e+41,0,1.19061241338092e+41
17.14,1.089085427016e+41,0,1.089085427016e+41
17.15,1.46626804414066e+41,0,1.46626804414066e+41
17.16,8.5925001950673e+40,0,8.5925001950673e+40
17.17,1.46854775420684e+41,0,1.46854775420684e+41
17.18,1.49978789858161e+41,0,1.49978789858161e+41
17.19,1.1177274999435e+41,0,1.1177274999435e+41
17.2,1.24485589317391e+41,0,1.24485589317391e+41
17.21,1.28359537799647e+41,0,1.28359537799647e+41
17.22,1.39280006534413e+41,0,1.39280006534413e+41
17.23,1.14700550092638e+41,0,1.14700550092638e+41
17.24,1.5762419497252e+41,0,1.5762419497252e+41
17.25,1.70810884066495e+41,0,1.70810884066495e+41
17.26,1.62818959200922e+41,0,1.62818959200922e+41
17.27,1.08060175931502e+41,0,1.08060175931502e+41
17.28,1.84913690573276e+41,0,1.84913690573276e+41
17.29,1.41575910433855e+41,0,1.41575910433855e+41
17.3,1.9986882661755e+41,0,1.9986882661755e+41
17.31,1.45096948615841e+41,0,1.45096948615841e+41
17.32,2.04694221818971e+41,0,2.04694221818971e+41
17.33,1.64273728488707e+41,0,1.64273728488707e+41
17.34,1.39418615601892e+41,0,1.39418615601892e+41
17.35,2.3145722156681e+41,0,2.3145722156681e+41
17.36,1.95361299451093e+41,0,1.95361299451093e+41
17.37,1.94779618467627e+41,0,1.94779618467627e+41
17.38,1.56003747843547e+41,0,1.56003747843547e+41
17.39,1.8741751819146e+41,0,1.8741751819146e+41
17.4,2.2403219173471e+41,0,2.2403219173471e+41
17.41,1.47565262686635e+41,0,1.47565262686635e+41
17.42,2.59279984531724e+41,0,2.59279984531724e+41
17.43,2.55423708725143e+41,0,2.55423708725143e+41
17.44,1.92479948466288e+41,0,1.92479948466288e+41
17.45,1.85686926052981e+41,0,1.85686926052981e+41
17.46,2.89733029208656e+41,0,2.89733029208656e+41
17.47,1.78624821348837e+41,0,1.78624821348837e+41
17.48,2.67420828966694e+41,0,2.67420828966694e+41
17.49,2.10690072715483e+41,0,2.10690072715483e+41
17.5,3.34397675365817e+41,0,3.34397675365817e+41
17.51,2.60211999149912e+41,0,2.60211999149912e+41
17.52,1.55497834316229e+41,0,1.55497834316229e+41
17.53,3.15010213704136e+41,0,3.15010213704136e+41
17.54,2.72551501041025e+41,0,2.72551501041025e+41
17.55,3.0954716896284e+41,0,3.0954716896284e+41
17.56,1.67613241106e+41,0,1.67613241106e+41
17.57,3.05256512410491e+41,0,3.05256512410491e+41
17.58,3.07384250621135e+41,0,3.07384250621135e+41
17.59,2.09364838442131e+41,0,2.09364838442131e+41
17.6,3.37353092898481e+41,0,3.37353092898481e+41
17.61,3.41135626467871e+41,0,3.41135626467871e+41
17.62,2.93572268215869e+41,0,2.93572268215869e+41
17.63,2.32218799548418e+41,0,2.32218799548418e+41
17.64,4.15844943604061e+41,0,4.15844943604061e+41
17.65,2.46512166467683e+41,0,2.46512166467683e+41
17.66,3.30705395119839e+41,0,3.30705395119839e+41
17.67,3.8772169048999e+41,0,3.8772169048999e+41
17.68,3.8861284037518e+41,0,3.8861284037518e+41
17.69,3.94373122174905e+41,0,3.94373122174905e+41
17.7,2.34075527665074e+41,0,2.34075527665074e+41
17.71,3.87268995725832e+41,0,3.87268995725832e+41
17.72,3.84049688017835e+41,0,3.84049688017835e+41
17.73,3.18522380382096e+41,0,3.18522380382096e+41
17.74,3.29177410717034e+41,0,3.29177410717034e+41
17.75,4.11505698440302e+41,0,4.11505698440302e+41
17.76,4.26176138575694e+41,0,4.26176138575694e+41
17.77,2.85568137829689e+41,0,2.85568137829689e+41
17.78,4.96813229946149e+41,0,4.96813229946149e+41
17.79,3.91173314990254e+41,0,3.91173314990254e+41
17.8,4.26133834061745e+41,0,4.26133834061745e+41
17.81,4.27649744879174e+41,0,4.27649744879174e+41
17.82,4.18202960321701e+41,0,4.18202960321701e+41
17.83,4.33716456045195e+41,0,4.33716456045195e+41
17.84,3.91404499800525e+41,0,3.91404499800525e+41
17.85,4.52689813299904e+41,0,4.52689813299904e+41
17.86,5.73113092708417e+41,0,5.73113092708417e+41
17.87,3.85366416924268e+41,0,3.85366416924268e+41
17.88,4.29772231549497e+41,0,4.29772231549497e+41
17.89,5.45733400636383e+41,0,5.45733400636383e+41
17.9,4.66487992291536e+41,0,4.66487992291536e+41
17.91,4.14820479645672e+41,0,4.14820479645672e+41
17.92,4.39501798946403e+41,0,4.39501798946403e+41
17.93,5.33313866834622e+41,0,5.33313866834622e+41
17.94,3.84165461902938e+41,0,3.84165461902938e+41
17.95,2.67810890326657e+41,0,2.67810890326657e+41
17.96,4.01738160227067e+41,0,4.01738160227067e+41
17.97,3.37643355138911e+41,0,3.37643355138911e+41
17.98,2.82638685539775e+41,0,2.82638685539775e+41
17.99,1.26395102487544e+41,0,1.26395102487544e+41
18,2.43862203149089e+41,0,2.43862203149089e+41
18.01,1.76287790249094e+41,0,1.76287790249094e+41
18.02,1.06220153077614e+41,0,1.06220153077614e+41
18.03,1.57278244468529e+41,0,1.57278244468529e+41
18.04,1.27137260078236e+41,0,1.27137260078236e+41
18.05,7.28251089923095e+40,0,7.28251089923095e+40
18.06,6.67637315407421e+40,0,6.67637315407421e+40
18.07,5.51864072301454e+40,0,5.51864072301454e+40
18.08,4.88203159680689e+40,0,4.88203159680689e+40
18.09,4.13503939632807e+40,0,4.13503939632807e+40
18.1,5.10762154584734e+40,0,5.10762154584734e+40
18.11,2.78904644177327e+40,0,2.78904644177327e+40
18.12,2.22059682854592e+40,0,2.22059682854592e+40
18.13,2.04782811587797e+40,0,2.04782811587797e+40
18.14,1.2653735135665e+40,0,1.2653735135665e+40
18.15,1.43482754728761e+40,0,1.43482754728761e+40
18.16,1.08926153450473e+40,0,1.08926153450473e+40
18.17,8.84583826595581e+39,0,8.84583826595581e+39
18.18,1.19626060802948e+40,0,1.19626060802948e+40
18.19,6.85096812529247e+39,0,6.85096812529247e+39
18.2,8.98838290383428e+39,0,8.98838290383428e+39
18.21,6.01282159298802e+39,0,6.01282159298802e+39
18.22,8.43247737872244e+39,0,8.43247737872244e+39
18.23,6.33454813050912e+39,0,6.33454813050912e+39
18.24,8.05005319479486e+39,0,8.05005319479486e+39
18.25,8.35205869717502e+39,0,8.35205869717502e+39
18.26,4.4955743701594e+39,0,4.4955743701594e+39
18.27,9.3948279517793e+39,0,9.3948279517793e+39
18.28,8.03491034233719e+39,0,8.03491034233719e+39
18.29,7.94591180010472e+39,0,7.94591180010472e+39
18.3,6.35190131180248e+39,0,6.35190131180248e+39
18.31,7.52601516378628e+39,0,7.52601516378628e+39
18.32,1.10819824961723e+40,0,1.10819824961723e+40
18.33,5.11239129732975e+39,0,5.11239129732975e+39
18.34,1.16691334494654e+40,0,1.16691334494654e+40
18.35,7.41379106712702e+39,0,7.41379106712702e+39
18.36,5.3594891551994e+39,0,5.3594891551994e+39
18.37,1.12924471126468e+40,0,1.12924471126468e+40
18.38,6.97629310478809e+39,0,6.97629310478809e+39
18.39,7.28285016810349e+39,0,7.28285016810349e+39
18.4,1.09673057440589e+40,0,1.09673057440589e+40
18.41,4.41094278085141e+39,0,4.41094278085141e+39
18.42,8.99110556548239e+39,0,8.99110556548239e+39
18.43,6.44319305819622e+39,0,6.44319305819622e+39
18.44,5.45464527670542e+39,0,5.45464527670542e+39
18.45,8.06623597767769e+39,0,8.06623597767769e+39
18.46,6.50152311971024e+39,0,6.50152311971024e+39
18.47,7.19057149486117e+39,0,7.19057149486117e+39
18.48,4.92189253013132e+39,0,4.92189253013132e+39
18.49,5.61653092595676e+39,0,5.61653092595676e+39
18.5,6.41898126422191e+39,0,6.41898126422191e+39
18.51,4.19548103982129e+39,0,4.19548103982129e+39
18.52,4.8917888416521e+39,0,4.8917888416521e+39
18.53,5.45252752674358e+39,0,5.45252752674358e+39
18.54,3.65363097111023e+39,0,3.65363097111023e+39
18.55,3.74474389706865e+39,0,3.74474389706865e+39
18.56,4.95879432887253e+39,0,4.95879432887253e+39
18.57,2.67059441251039e+39,0,2.67059441251039e+39
18.58,2.81574720139163e+39,0,2.81574720139163e+39
18.59,3.55737626834468e+39,0,3.55737626834468e+39
18.6,2.67648229425094e+39,0,2.67648229425094e+39
18.61,2.88353209679262e+39,0,2.88353209679262e+39
18.62,2.81516980681475e+39,0,2.81516980681475e+39
18.63,2.13121430931463e+39,0,2.13121430931463e+39
18.64,2.23607891596401e+39,0,2.23607891596401e+39
18.65,2.31464152597057e+39,0,2.31464152597057e+39
18.66,1.5195902784578e+39,0,1.5195902784578e+39
18.67,1.8412895149048e+39,0,1.8412895149048e+39
18.68,1.59261642856567e+39,0,1.59261642856567e+39
18.69,1.31147557413572e+39,0,1.31147557413572e+39
18.7,7.19607913922488e+38,0,7.19607913922488e+38
18.71,1.51105246294251e+39,0,1.51105246294251e+39
18.72,5.84939291619242e+38,0,5.84939291619242e+38
18.73,8.5723966673383e+38,0,8.5723966673383e+38
18.74,9.87934513482842e+38,0,9.87934513482842e+38
18.75,9.0204337120588e+38,0,9.0204337120588e+38
18.76,6.67540474562367e+38,0,6.67540474562367e+38
18.77,6.41752567111774e+38,0,6.41752567111774e+38
18.78,7.05911921573092e+38,0,7.05911921573092e+38
18.79,3.7250050304641e+38,0,3.7250050304641e+38
18.8,5.31711180710269e+38,0,5.31711180710269e+38
18.81,3.92637864632456e+38,0,3.92637864632456e+38
18.82,3.38079372344589e+38,0,3.38079372344589e+38
18.83,2.59642538994639e+38,0,2.59642538994639e+38
18.84,3.9531919281425e+38,0,3.9531919281425e+38
18.85,7.75896540747152e+37,0,7.75896540747152e+37
18.86,2.03843341320293e+38,0,2.03843341320293e+38
18.87,1.85500608875405e+38,0,1.85500608875405e+38
18.88,2.16628014067329e+38,0,2.16628014067329e+38
18.89,8.98587411603934e+37,0,8.98587411603934e+37
18.9,1.52649039669757e+38,0,1.52649039669757e+38
18.91,9.49436806512373e+37,0,9.49436806512373e+37
18.92,3.98447236771988e+37,0,3.98447236771988e+37
18.93,1.02257351335337e+38,0,1.02257351335337e+38
18.94,4.33260784285442e+37,0,4.33260784285442e+37
18.95,6.26866047172012e+37,0,6.26866047172012e+37
18.96,4.35277147385664e+37,0,4.35277147385664e+37
18.97,5.12400717613915e+37,0,5.12400717613915e+37
18.98,3.63074139969646e+37,0,3.63074139969646e+37
18.99,2.65486812616316e+37,0,2.65486812616316e+37
19,1.93070992559611e+37,0,1.93070992559611e+37
19.01,3.05467782637937e+37,0,3.05467782637937e+37
19.02,8.99910979154043e+36,0,8.99910979154043e+36
19.03,2.36890057702108e+37,0,2.36890057702108e+37
19.04,5.71562358726554e+36,0,5.71562358726554e+36
19.05,2.0785242746332e+37,0,2.0785242746332e+37
19.06,9.83558649414443e+36,0,9.83558649414443e+36
19.07,1.13301385589891e+37,0,1.13301385589891e+37
19.08,1.43700897177075e+37,0,1.43700897177075e+37
19.09,1.07407167026355e+37,0,1.07407167026355e+37
19.1,1.32210693052741e+37,0,1.32210693052741e+37
19.11,9.87795585596011e+36,0,9.87795585596011e+36
19.12,1.53911847029852e+37,0,1.53911847029852e+37
19.13,1.11304248269113e+37,0,1.11304248269113e+37
19.14,1.62339408586772e+37,0,1.62339408586772e+37
19.15,1.44251576553436e+37,0,1.44251576553436e+37
19.16,1.32227385128263e+37,0,1.32227385128263e+37
19.17,1.62145683344972e+37,0,1.62145683344972e+37
19.18,1.45968590434404e+37,0,1.45968590434404e+37
19.19,1.78684736018532e+37,0,1.78684736018532e+37
19.2,1.2320191427289e+37,0,1.2320191427289e+37
19.21,2.13418355224412e+37,0,2.13418355224412e+37
19.22,1.23195014650578e+37,0,1.23195014650578e+37
19.23,2.40049665113879e+37,0,2.40049665113879e+37
19.24,6.61911472131807e+36,0,6.61911472131807e+36
19.25,2.54584913212169e+37,0,2.54584913212169e+37
19.26,1.15967085211144e+37,0,1.15967085211144e+37
19.27,2.53515002346956e+37,0,2.53515002346956e+37
19.28,1.65922515935364e+37,0,1.65922515935364e+37
19.29,1.66860915069304e+37,0,1.66860915069304e+37
19.3,2.37690162410147e+37,0,2.37690162410147e+37
19.31,1.10204372259745e+37,0,1.10204372259745e+37
19.32,1.86894065746614e+37,0,1.86894065746614e+37
19.33,1.35460478695984e+37,0,1.35460478695984e+37
19.34,2.35207040554638e+37,0,2.35207040554638e+37
19.35,1.1023081098958e+37,0,1.1023081098958e+37
19.36,2.31598624450153e+37,0,2.31598624450153e+37
19.37,7.86176975593225e+36,0,7.86176975593225e+36
19.38,2.15605286432662e+37,0,2.15605286432662e+37
19.39,1.38963107823377e+37,0,1.38963107823377e+37
19.4,1.8696287303336e+37,0,1.8696287303336e+37
19.41,1.47506464914502e+37,0,1.47506464914502e+37
19.42,1.52599605089603e+37,0,1.52599605089603e+37
19.43,1.41067540579719e+37,0,1.41067540579719e+37
19.44,1.19419231189905e+37,0,1.19419231189905e+37
19.45,1.39551784133426e+37,0,1.39551784133426e+37
19.46,1.26856772656535e+37,0,1.26856772656535e+37
19.47,1.25086970268234e+37,0,1.25086970268234e+37
19.48,9.35369487101476e+36,0,9.35369487101476e+36
19.49,1.34531707554745e+37,0,1.34531707554745e+37
19.5,1.05222058664927e+37,0,1.05222058664927e+37
19.51,1.41348061220184e+37,0,1.41348061220184e+37
19.52,4.14602712193848e+36,0,4.14602712193848e+36
19.53,1.21793188933941e+37,0,1.21793188933941e+37
19.54,7.69879099104288e+36,0,7.69879099104288e+36
19.55,1.2169517708286e+37,0,1.2169517708286e+37
19.56,4.27629981486221e+36,0,4.27629981486221e+36
19.57,1.03222700193001e+37,0,1.03222700193001e+37
19.58,8.22077130975105e+36,0,8.22077130975105e+36
19.59,7.73736084046735e+36,0,7.73736084046735e+36
19.6,3.91201249340957e+36,0,3.91201249340957e+36
19.61,8.53175225040943e+36,0,8.53175225040943e+36
19.62,6.62138848647854e+36,0,6.62138848647854e+36
19.63,6.4120332469249e+36,0,6.4120332469249e+36
19.64,5.84864664675286e+36,0,5.84864664675286e+36
19.65,4.06428553667673e+36,0,4.06428553667673e+36
19.66,4.92308797992123e+36,0,4.92308797992123e+36
19.67,5.67032369967265e+36,0,5.67032369967265e+36
19.68,4.60378715892454e+36,0,4.60378715892454e+36
19.69,2.79915440682262e+36,0,2.79915440682262e+36
19.7,4.36559482747912e+36,0,4.36559482747912e+36
19.71,4.4051690943107e+36,0,4.4051690943107e+36
19.72,3.18196883030479e+36,0,3.18196883030479e+36
19.73,2.45737428594972e+36,0,2.45737428594972e+36
19.74,3.51927050167078e+36,0,3.51927050167078e+36
19.75,2.94657245354764e+36,0,2.94657245354764e+36
19.76,2.85286180064992e+36,0,2.85286180064992e+36
19.77,1.99351987907656e+36,0,1.99351987907656e+36
19.78,3.25751125115006e+36,0,3.25751125115006e+36
19.79,1.68217484159314e+36,0,1.68217484159314e+36
19.8,2.04801214252967e+36,0,2.04801214252967e+36
19.81,1.5924261992947e+36,0,1.5924261992947e+36
19.82,2.48902828014668e+36,0,2.48902828014668e+36
19.83,9.58398116927276e+35,0,9.58398116927276e+35
19.84,1.80071799069628e+36,0,1.80071799069628e+36
19.85,1.18222889683662e+36,0,1.18222889683662e+36
19.86,1.82270961769474e+36,0,1.82270961769474e+36
19.87,7.40284113516219e+35,0,7.40284113516219e+35
19.88,1.30767328208137e+36,0,1.30767328208137e+36
19.89,8.5127934610982e+35,0,8.5127934610982e+35
19.9,1.1444954214486e+36,0,1.1444954214486e+36
19.91,7.31995190022903e+35,0,7.31995190022903e+35
19.92,9.5381838338717e+35,0,9.5381838338717e+35
19.93,4.51073526963177e+35,0,4.51073526963177e+35
19.94,6.33290852608977e+35,0,6.33290852608977e+35
19.95,8.59609772985878e+35,0,8.59609772985878e+35
19.96,5.22390161493641e+35,0,5.22390161493641e+35
19.97,3.9597254062798e+35,0,3.9597254062798e+35
19.98,5.23542865415876e+35,0,5.23542865415876e+35
19.99,4.35851840636761e+35,0,4.35851840636761e+35
20,5.11558512571442e+35,0,5.11558512571442e+35
20.01,2.85310714248004e+35,0,2.85310714248004e+35
20.02,3.58535731299632e+35,0,3.58535731299632e+35
20.03,2.90758281936158e+35,0,2.90758281936158e+35
20.04,3.04570858681628e+35,0,3.04570858681628e+35
20.05,2.49170259553959e+35,0,2.49170259553959e+35
20.06,2.34887360234595e+35,0,2.34887360234595e+35
20.07,1.87910605678564e+35,0,1.87910605678564e+35
20.08,2.16344316361215e+35,0,2.16344316361215e+35
20.09,1.59970971294538e+35,0,1.59970971294538e+35
20.1,1.49870561994533e+35,0,1.49870561994533e+35
20.11,8.83537111915204e+34,0,8.83537111915204e+34
20.12,1.80158292774897e+35,0,1.80158292774897e+35
20.13,9.89978820661467e+34,0,9.89978820661467e+34
20.14,6.15228292499372e+34,0,6.15228292499372e+34
20.15,9.12790056600864e+34,0,9.12790056600864e+34
20.16,1.12349180137302e+35,0,1.12349180137302e+35
20.17,2.74065945704993e+34,0,2.74065945704993e+34
20.18,6.16873062184723e+34,0,6.16873062184723e+34
20.19,6.29903388279675e+34,0,6.29903388279675e+34
20.2,3.06781158325146e+34,0,3.06781158325146e+34
20.21,4.58932344786568e+34,0,4.58932344786568e+34
20.22,4.12219567097851e+34,0,4.12219567097851e+34
20.23,3.42389995758078e+34,0,3.42389995758078e+34
20.24,1.39416063923881e+34,0,1.39416063923881e+34
20.25,2.2191514753567e+34,0,2.2191514753567e+34
20.26,2.64158719948787e+34,0,2.64158719948787e+34
20.27,1.55433343321173e+34,0,1.55433343321173e+34
20.28,0,0,0
20.29,1.63948049551206e+34,0,1.63948049551206e+34
20.3,1.032167995693e+34,0,1.032167995693e+34
20.31,3.5474814429859e+33,0,3.5474814429859e+33
20.32,0,0,0
20.33,3.74052110609132e+33,0,3.74052110609132e+33
20.34,1.97071875152432e+33,0,1.97071875152432e+33
20.35,0,0,0
20.36,0,0,0
20.37,0,0,0
20.38,0,0,0
20.39,0,0,0
20.4,0,0,0
20.41,0,0,0
20.42,0,0,0
20.43,0,0,0
20.44,0,0,0
20.45,0,0,0
20.46,0,0,0
20.47,0,0,0
20.48,0,0,0
20.49,0,0,0
20.5,0,0,0
20.51,0,0,0
20.52,0,0,0
20.53,0,0,0
20.54,0,0,0
20.55,0,0,0
20.56,0,0,0
20.57,0,0,0
20.58,0,0,0
20.59,0,0,0
20.6,0,0,0
20.61,0,0,0
20.62,0,0,0
20.63,0,0,0
20.64,0,0,0
20.65,1.36940484845568e+32,0,1.36940484845568e+32
20.66,0,0,0
20.67,0,0,0
20.68,2.66879633571321e+32,0,2.66879633571321e+32
20.69,0,0,0
20.7,0,0,0
20.71,2.59942822063457e+32,0,2.59942822063457e+32
20.72,0,0,0
20.73,0,0,0
20.74,7.41856370728093e+32,0,7.41856370728093e+32
20.75,0,0,0
20.76,0,0,0
20.77,1.1989504918618e+33,0,1.1989504918618e+33
20.78,0,0,0
20.79,0,0,0
20.8,1.16755566063495e+33,0,1.16755566063495e+33
20.81,0,0,0
20.82,8.29776245199838e+32,0,8.29776245199838e+32
20.83,1.13646435917179e+33,0,1.13646435917179e+33
20.84,0,0,0
20.85,2.49687337754994e+33,0,2.49687337754994e+33
20.86,2.26291155965199e+32,0,2.26291155965199e+32
20.87,0,0,0
20.88,2.65100527267089e+33,0,2.65100527267089e+33
20.89,0,0,0
20.9,1.35367152747654e+33,0,1.35367152747654e+33
20.91,2.57955880430024e+33,0,2.57955880430024e+33
20.92,0,0,0
20.93,2.63900119179306e+33,0,2.63900119179306e+33
20.94,2.50884469294704e+33,0,2.50884469294704e+33
20.95,0,0,0
20.96,2.57125223926304e+33,0,2.57125223926304e+33
20.97,2.43888231075378e+33,0,2.43888231075378e+33
20.98,2.13671683776098e+33,0,2.13671683776098e+33
20.99,2.69863880162884e+33,0,2.69863880162884e+33
21,2.17516707345279e+33,0,2.17516707345279e+33
21.01,4.16603313836878e+33,0,4.16603313836878e+33
21.02,4.73889753440379e+33,0,4.73889753440379e+33
21.03,0,0,0
21.04,4.05954428591507e+33,0,4.05954428591507e+33
21.05,4.6054468182444e+33,0,4.6054468182444e+33
21.06,3.27901476285227e+33,0,3.27901476285227e+33
21.07,4.13045305906893e+33,0,4.13045305906893e+33
21.08,4.29703465365566e+33,0,4.29703465365566e+33
21.09,0,0,0
21.1,1.04139843868315e+34,0,1.04139843868315e+34
21.11,4.17245696295973e+33,0,4.17245696295973e+33
21.12,1.64850627517419e+32,0,1.64850627517419e+32
21.13,1.06290758012564e+34,0,1.06290758012564e+34
21.14,3.39736852072345e+33,0,3.39736852072345e+33
21.15,5.0682731309294e+33,0,5.0682731309294e+33
21.16,1.15258259860739e+34,0,1.15258259860739e+34
21.17,2.26878973864039e+33,0,2.26878973864039e+33
21.18,1.01836630905949e+34,0,1.01836630905949e+34
21.19,1.26496309809182e+34,0,1.26496309809182e+34
21.2,1.48131501612643e+32,0,1.48131501612643e+32
21.21,9.92061307587766e+33,0,9.92061307587766e+33
21.22,1.24356873203738e+34,0,1.24356873203738e+34
21.23,7.75742537515077e+33,0,7.75742537515077e+33
21.24,1.01633446381468e+34,0,1.01633446381468e+34
21.25,1.10049850865349e+34,0,1.10049850865349e+34
21.26,1.45693823366294e+34,0,1.45693823366294e+34
21.27,1.0021933881506e+34,0,1.0021933881506e+34
21.28,1.10840097898736e+34,0,1.10840097898736e+34
21.29,1.37936610231484e+34,0,1.37936610231484e+34
21.3,1.67160632058979e+34,0,1.67160632058979e+34
21.31,1.39711768944786e+34,0,1.39711768944786e+34
21.32,1.44063711000116e+34,0,1.44063711000116e+34
21.33,1.88124052933248e+34,0,1.88124052933248e+34
21.34,2.02354794502765e+34,0,2.02354794502765e+34
21.35,1.39029062247893e+34,0,1.39029062247893e+34
21.36,1.83725757853656e+34,0,1.83725757853656e+34
21.37,2.05147550063146e+34,0,2.05147550063146e+34
21.38,1.48254098264085e+34,0,1.48254098264085e+34
21.39,3.01404293748397e+34,0,3.01404293748397e+34
21.4,2.04186605810308e+34,0,2.04186605810308e+34
21.41,1.39687018258348e+34,0,1.39687018258348e+34
21.42,4.43190245941005e+34,0,4.43190245941005e+34
21.43,2.06624081704619e+34,0,2.06624081704619e+34
21.44,1.46255911004649e+34,0,1.46255911004649e+34
21.45,4.09369113507635e+34,0,4.09369113507635e+34
21.46,1.95975722250662e+34,0,1.95975722250662e+34
21.47,4.71806093000403e+34,0,4.71806093000403e+34
21.48,2.83383424500544e+34,0,2.83383424500544e+34
21.49,2.13394538799582e+34,0,2.13394538799582e+34
21.5,6.17448051678967e+34,0,6.17448051678967e+34
21.51,2.76720099125356e+34,0,2.76720099125356e+34
21.52,2.06381893701808e+34,0,2.06381893701808e+34
21.53,6.14842036973217e+34,0,6.14842036973217e+34
21.54,1.02368207904294e+33,0,1.02368207904294e+33
21.55,7.58839129823531e+34,0,7.58839129823531e+34
21.56,5.67114019511912e+34,0,5.67114019511912e+34
21.57,2.318236423817e+33,0,2.318236423817e+33
21.58,1.00302580481752e+35,0,1.00302580481752e+35
21.59,1.6765417272017e+34,0,1.6765417272017e+34
21.6,3.99054223974216e+34,0,3.99054223974216e+34
21.61,1.0240060715184e+35,0,1.0240060715184e+35
21.62,1.24167037580199e+34,0,1.24167037580199e+34
21.63,7.70760783486749e+34,0,7.70760783486749e+34
21.64,1.07381446402363e+35,0,1.07381446402363e+35
21.65,1.62529066136183e+33,0,1.62529066136183e+33
21.66,1.09316712420931e+35,0,1.09316712420931e+35
21.67,5.62790595372076e+34,0,5.62790595372076e+34
21.68,5.29507386716181e+34,0,5.29507386716181e+34
21.69,1.10845461786969e+35,0,1.10845461786969e+35
21.7,4.68209708362539e+34,0,4.68209708362539e+34
21.71,9.96945710963298e+34,0,9.96945710963298e+34
21.72,4.08425365503718e+34,0,4.08425365503718e+34
21.73,1.1567626982377e+35,0,1.1567626982377e+35
21.74,1.48143363519239e+35,0,1.48143363519239e+35
21.75,6.15949502456498e+34,0,6.15949502456498e+34
21.76,8.49226612187917e+34,0,8.49226612187917e+34
21.77,1.42383359084868e+35,0,1.42383359084868e+35
21.78,7.74102922154358e+34,0,7.74102922154358e+34
21.79,1.26768540651281e+35,0,1.26768540651281e+35
21.8,5.27711597648881e+34,0,5.27711597648881e+34
21.81,1.60785603447485e+35,0,1.60785603447485e+35
21.82,1.89010247904542e+35,0,1.89010247904542e+35
21.83,5.5050884235463e+34,0,5.5050884235463e+34
21.84,1.52469140240086e+35,0,1.52469140240086e+35
21.85,1.82863460697446e+35,0,1.82863460697446e+35
21.86,1.40590497044074e+35,0,1.40590497044074e+35
21.87,1.39053823145274e+35,0,1.39053823145274e+35
21.88,1.82373992829417e+35,0,1.82373992829417e+35
21.89,5.72766048222208e+34,0,5.72766048222208e+34
21.9,2.84184321165728e+35,0,2.84184321165728e+35
21.91,6.58963923762543e+34,0,6.58963923762543e+34
21.92,2.1272086411157e+35,0,2.1272086411157e+35
21.93,2.37999015222069e+35,0,2.37999015222069e+35
21.94,1.71222912779472e+35,0,1.71222912779472e+35
21.95,1.91427609073494e+35,0,1.91427609073494e+35
21.96,2.36238173300821e+35,0,2.36238173300821e+35
21.97,6.60282780556133e+34,0,6.60282780556133e+34
21.98,3.87624292642374e+35,0,3.87624292642374e+35
21.99,1.14292143536136e+34,0,1.14292143536136e+34
22,2.94128803633242e+35,0,2.94128803633242e+35
22.01,3.5534648655051e+35,0,3.5534648655051e+35
22.02,1.32155852488262e+35,0,1.32155852488262e+35
22.03,2.8823911518314e+35,0,2.8823911518314e+35
22.04,2.51479206026695e+35,0,2.51479206026695e+35
22.05,3.45599859088949e+35,0,3.45599859088949e+35
22.06,2.95420153394967e+35,0,2.95420153394967e+35
22.07,5.06546707611723e+34,0,5.06546707611723e+34
22.08,2.92506242443199e+35,0,2.92506242443199e+35
22.09,5.436962542925e+35,0,5.436962542925e+35
22.1,1.52059157172871e+35,0,1.52059157172871e+35
22.11,2.85679918606239e+35,0,2.85679918606239e+35
22.12,4.03837330430214e+35,0,4.03837330430214e+35
22.13,4.27120702714665e+35,0,4.27120702714665e+35
22.14,2.95093400836384e+35,0,2.95093400836384e+35
22.15,1.43649544615232e+35,0,1.43649544615232e+35
22.16,3.68607156250699e+35,0,3.68607156250699e+35
22.17,7.2367878337748e+35,0,7.2367878337748e+35
22.18,1.52388271335685e+35,0,1.52388271335685e+35
22.19,3.63285185194468e+35,0,3.63285185194468e+35
22.2,4.6119636423898e+35,0,4.6119636423898e+35
22.21,5.45389279624802e+35,0,5.45389279624802e+35
22.22,3.47920866386894e+35,0,3.47920866386894e+35
22.23,4.93628769284529e+35,0,4.93628769284529e+35
22.24,5.02373442268241e+35,0,5.02373442268241e+35
22.25,5.57126539181592e+35,0,5.57126539181592e+35
22.26,1.84453277000225e+35,0,1.84453277000225e+35
22.27,4.40700619040636e+35,0,4.40700619040636e+35
22.28,4.58036572486274e+35,0,4.58036572486274e+35
22.29,7.74369204822717e+35,0,7.74369204822717e+35
22.3,4.11475188414669e+35,0,4.11475188414669e+35
22.31,6.02336180305335e+45,6.02336180256963e+45,4.83716284807972e+35
22.32,7.23993451067366e+35,0,7.23993451067366e+35
22.33,6.3611620768127e+35,0,6.3611620768127e+35
22.34,1.65425273904602e+35,0,1.65425273904602e+35
22.35,6.20118212827366e+35,0,6.20118212827366e+35
22.36,9.81514712024154e+35,0,9.81514712024154e+35
22.37,5.00127849969843e+35,0,5.00127849969843e+35
22.38,5.05463152978277e+35,0,5.05463152978277e+35
22.39,5.44138505745336e+35,0,5.44138505745336e+35
22.4,1.13273369979221e+36,0,1.13273369979221e+36
22.41,4.81663962791273e+35,0,4.81663962791273e+35
22.42,5.18810830963949e+35,0,5.18810830963949e+35
22.43,8.76885205983849e+35,0,8.76885205983849e+35
22.44,5.07224653590167e+35,0,5.07224653590167e+35
22.45,6.54613544343229e+35,0,6.54613544343229e+35
22.46,7.21175978145607e+35,0,7.21175978145607e+35
22.47,9.19806811947127e+35,0,9.19806811947127e+35
22.48,8.62880029288868e+35,0,8.62880029288868e+35
22.49,5.2021948673259e+35,0,5.2021948673259e+35
22.5,6.69857499208913e+35,0,6.69857499208913e+35
22.51,1.54199342658605e+36,0,1.54199342658605e+36
22.52,1.4699390539423e+35,0,1.4699390539423e+35
22.53,5.69998114402185e+35,0,5.69998114402185e+35
22.54,1.53829430956319e+36,0,1.53829430956319e+36
22.55,7.75680033037334e+35,0,7.75680033037334e+35
22.56,5.65057422129372e+35,0,5.65057422129372e+35
22.57,7.69393515876822e+35,0,7.69393515876822e+35
22.58,7.40008445312766e+35,0,7.40008445312766e+35
22.59,1.55489337915987e+36,0,1.55489337915987e+36
22.6,7.24912656558859e+35,0,7.24912656558859e+35
22.61,7.05072584897318e+35,0,7.05072584897318e+35
22.62,1.06790937571619e+36,0,1.06790937571619e+36
22.63,1.04992787661568e+36,0,1.04992787661568e+36
22.64,6.4046274582152e+35,0,6.4046274582152e+35
22.65,7.27567661253424e+35,0,7.27567661253424e+35
22.66,1.92474968577868e+36,0,1.92474968577868e+36
22.67,6.86923813185459e+35,0,6.86923813185459e+35
22.68,8.64048009101224e+35,0,8.64048009101224e+35
22.69,7.80511044335428e+35,0,7.80511044335428e+35
22.7,1.82866596601725e+36,0,1.82866596601725e+36
22.71,3.89389200482457e+35,0,3.89389200482457e+35
22.72,7.58574298380181e+35,0,7.58574298380181e+35
22.73,1.1565178330798e+36,0,1.1565178330798e+36
22.74,1.67519739296801e+36,0,1.67519739296801e+36
22.75,7.00247667956713e+35,0,7.00247667956713e+35
22.76,7.96052300154032e+35,0,7.96052300154032e+35
22.77,2.0698573555663e+36,0,2.0698573555663e+36
22.78,7.02138753656139e+35,0,7.02138753656139e+35
22.79,7.55192606173151e+35,0,7.55192606173151e+35
22.8,1.07331211692531e+36,0,1.07331211692531e+36
22.81,1.50812682964724e+36,0,1.50812682964724e+36
22.82,8.8488275109796e+35,0,8.8488275109796e+35
22.83,8.14596215445288e+35,0,8.14596215445288e+35
22.84,1.16426548999914e+36,0,1.16426548999914e+36
22.85,1.74460127086976e+36,0,1.74460127086976e+36
22.86,6.76466123529373e+35,0,6.76466123529373e+35
22.87,8.23713123920618e+35,0,8.23713123920618e+35
22.88,1.78688479386134e+36,0,1.78688479386134e+36
22.89,4.30433711951284e+35,0,4.30433711951284e+35
22.9,1.05836818889267e+36,0,1.05836818889267e+36
22.91,1.5106131622275e+36,0,1.5106131622275e+36
22.92,1.08904818870586e+36,0,1.08904818870586e+36
22.93,1.06934590494827e+36,0,1.06934590494827e+36
22.94,7.07242902791589e+35,0,7.07242902791589e+35
22.95,8.03446428565187e+35,0,8.03446428565187e+35
22.96,2.10704135777876e+36,0,2.10704135777876e+36
22.97,5.47042914645066e+35,0,5.47042914645066e+35
22.98,8.13609668321285e+35,0,8.13609668321285e+35
22.99,1.53332070100165e+36,0,1.53332070100165e+36
23,7.65476889568069e+35,0,7.65476889568069e+35
23.01,8.76040542441267e+35,0,8.76040542441267e+35
23.02,9.78912557051055e+35,0,9.78912557051055e+35
23.03,1.53067653379659e+36,0,1.53067653379659e+36
23.04,7.51194079034662e+35,0,7.51194079034662e+35
23.05,1.11241743574267e+36,0,1.11241743574267e+36
23.06,7.78261291554871e+35,0,7.78261291554871e+35
23.07,1.51180734971666e+36,0,1.51180734971666e+36
23.08,4.64363955404251e+35,0,4.64363955404251e+35
23.09,8.11987644683716e+35,0,8.11987644683716e+35
23.1,1.13034094805461e+36,0,1.13034094805461e+36
23.11,1.20827037179456e+36,0,1.20827037179456e+36
23.12,7.66839337383412e+35,0,7.66839337383412e+35
23.13,1.18314022878231e+36,0,1.18314022878231e+36
23.14,1.0538846457093e+36,0,1.0538846457093e+36
23.15,8.66431844939033e+35,0,8.66431844939033e+35
23.16,1.12839419825992e+36,0,1.12839419825992e+36
23.17,7.34475182651734e+35,0,7.34475182651734e+35
23.18,7.93668541650643e+35,0,7.93668541650643e+35
23.19,1.0453393621516e+36,0,1.0453393621516e+36
23.2,1.051815092594e+36,0,1.051815092594e+36
23.21,9.68337163205867e+35,0,9.68337163205867e+35
23.22,1.08158879058435e+36,0,1.08158879058435e+36
23.23,8.41380655404157e+35,0,8.41380655404157e+35
23.24,1.2264295622977e+36,0,1.2264295622977e+36
23.25,1.28860395765928e+36,0,1.28860395765928e+36
23.26,5.55075847954006e+35,0,5.55075847954006e+35
23.27,1.78532243100309e+36,0,1.78532243100309e+36
23.28,1.14488388085139e+36,0,1.14488388085139e+36
23.29,9.14087097349741e+35,0,9.14087097349741e+35
23.3,1.04818491574648e+36,0,1.04818491574648e+36
23.31,2.0711952940332e+36,0,2.0711952940332e+36
23.32,1.02213984897776e+36,0,1.02213984897776e+36
23.33,1.25724315171785e+36,0,1.25724315171785e+36
23.34,1.93691199547517e+36,0,1.93691199547517e+36
23.35,2.21780184992151e+36,0,2.21780184992151e+36
23.36,1.48568500308325e+36,0,1.48568500308325e+36
23.37,2.50255172158084e+35,0,2.50255172158084e+35
23.38,3.94673704489072e+36,0,3.94673704489072e+36
23.39,1.87842115045014e+36,0,1.87842115045014e+36
23.4,1.19960032730324e+36,0,1.19960032730324e+36
23.41,3.6917332014797e+36,0,3.6917332014797e+36
23.42,3.18443084402407e+36,0,3.18443084402407e+36
23.43,1.92876685559405e+36,0,1.92876685559405e+36
23.44,1.72374104702405e+36,0,1.72374104702405e+36
23.45,5.44855734813302e+36,0,5.44855734813302e+36
23.46,3.29451142962098e+36,0,3.29451142962098e+36
23.47,2.21264198382357e+36,0,2.21264198382357e+36
23.48,5.33022371885869e+36,0,5.33022371885869e+36
23.49,5.67350006500699e+36,0,5.67350006500699e+36
23.5,3.53172824067983e+36,0,3.53172824067983e+36
23.51,2.13422349163626e+36,0,2.13422349163626e+36
23.52,9.53340649519891e+36,0,9.53340649519891e+36
23.53,5.42878177911936e+36,0,5.42878177911936e+36
23.54,1.02449834795803e+37,0,1.02449834795803e+37
23.55,2.17815786921512e+36,0,2.17815786921512e+36
23.56,9.28458730048238e+36,0,9.28458730048238e+36
23.57,5.41315882802709e+36,0,5.41315882802709e+36
23.58,3.23296362734848e+36,0,3.23296362734848e+36
23.59,1.58633470518002e+37,0,1.58633470518002e+37
23.6,8.85221919909942e+36,0,8.85221919909942e+36
23.61,1.61605810843345e+37,0,1.61605810843345e+37
23.62,2.70001003493043e+36,0,2.70001003493043e+36
23.63,1.57244676091999e+37,0,1.57244676091999e+37
23.64,8.8395826391938e+36,0,8.8395826391938e+36
23.65,2.58788453132344e+37,0,2.58788453132344e+37
23.66,4.5071530151193e+36,0,4.5071530151193e+36
23.67,1.39068215576715e+37,0,1.39068215576715e+37
23.68,2.37721768981529e+37,0,2.37721768981529e+37
23.69,2.55741154673118e+37,0,2.55741154673118e+37
23.7,4.39928162399711e+36,0,4.39928162399711e+36
23.71,1.33649887340662e+37,0,1.33649887340662e+37
23.72,3.88736599620172e+37,0,3.88736599620172e+37
23.73,4.6625167866983e+36,0,4.6625167866983e+36
23.74,4.60058254346798e+37,0,4.60058254346798e+37
23.75,1.32292292461038e+37,0,1.32292292461038e+37
23.76,3.77090333117477e+37,0,3.77090333117477e+37
23.77,7.33679649445218e+36,0,7.33679649445218e+36
23.78,6.38519347485808e+37,0,6.38519347485808e+37
23.79,1.26558900084405e+37,0,1.26558900084405e+37
23.8,3.70423248952648e+37,0,3.70423248952648e+37
23.81,3.79541107300696e+37,0,3.79541107300696e+37
23.82,1.94745060978377e+37,0,1.94745060978377e+37
23.83,5.44740152937075e+37,0,5.44740152937075e+37
23.84,7.96416629136092e+36,0,7.96416629136092e+36
23.85,9.40863641769857e+37,0,9.40863641769857e+37
23.86,1.93884696943797e+37,0,1.93884696943797e+37
23.87,9.23538355178494e+37,0,9.23538355178494e+37
23.88,7.64799312650258e+36,0,7.64799312650258e+36
23.89,9.24451961371226e+37,0,9.24451961371226e+37
23.9,1.86218333681451e+37,0,1.86218333681451e+37
23.91,1.29330216648759e+38,0,1.29330216648759e+38
23.92,1.41945497483526e+37,0,1.41945497483526e+37
23.93,1.33823810897346e+38,0,1.33823810897346e+38
23.94,1.84135399585077e+37,0,1.84135399585077e+37
23.95,5.12614373781376e+37,0,5.12614373781376e+37
23.96,8.90449744871474e+37,0,8.90449744871474e+37
23.97,2.71189467431658e+37,0,2.71189467431658e+37
23.98,1.71958484522234e+38,0,1.71958484522234e+38
23.99,7.55726481240675e+37,0,7.55726481240675e+37
24,1.24936839419197e+38,0,1.24936839419197e+38
24.01,2.64745602243516e+37,0,2.64745602243516e+37
24.02,1.68531860745187e+38,0,1.68531860745187e+38
24.03,2.01482185438636e+37,0,2.01482185438636e+37
24.04,2.38415509865428e+38,0,2.38415509865428e+38
24.05,1.03671059893666e+38,0,1.03671059893666e+38
24.06,1.65672541372012e+38,0,1.65672541372012e+38
24.07,2.22301508004892e+37,0,2.22301508004892e+37
24.08,1.59525391709717e+38,0,1.59525391709717e+38
24.09,9.61215405254587e+37,0,9.61215405254587e+37
24.1,2.22877055615122e+38,0,2.22877055615122e+38
24.11,2.05910573711373e+38,0,2.05910573711373e+38
24.12,3.64582868686952e+37,0,3.64582868686952e+37
24.13,2.14712528098872e+38,0,2.14712528098872e+38
24.14,1.80644185235725e+38,0,1.80644185235725e+38
24.15,1.48129439241809e+38,0,1.48129439241809e+38
24.16,2.1793547288122e+38,0,2.1793547288122e+38
24.17,3.18670230746448e+38,0,3.18670230746448e+38
24.18,3.44522828798827e+37,0,3.44522828798827e+37
24.19,2.85779907778387e+38,0,2.85779907778387e+38
24.2,2.13708203118809e+38,0,2.13708203118809e+38
24.21,2.06963841260585e+38,0,2.06963841260585e+38
24.22,2.44487684373527e+38,0,2.44487684373527e+38
24.23,3.14229476924277e+38,0,3.14229476924277e+38
24.24,1.22948920981982e+38,0,1.22948920981982e+38
24.25,2.66272731652499e+38,0,2.66272731652499e+38
24.26,3.50302676998841e+38,0,3.50302676998841e+38
24.27,4.69232474574197e+37,0,4.69232474574197e+37
24.28,5.00307211280394e+38,0,5.00307211280394e+38
24.29,3.5880457960716e+38,0,3.5880457960716e+38
24.3,1.743318910682e+38,0,1.743318910682e+38
24.31,2.5111519505798e+38,0,2.5111519505798e+38
24.32,4.91520209117796e+38,0,4.91520209117796e+38
24.33,4.96568345971104e+37,0,4.96568345971104e+37
24.34,6.02096653517607e+38,0,6.02096653517607e+38
24.35,1.88381202690492e+38,0,1.88381202690492e+38
24.36,4.54041811375185e+38,0,4.54041811375185e+38
24.37,2.74436596725395e+38,0,2.74436596725395e+38
24.38,4.82895218363001e+38,0,4.82895218363001e+38
24.39,4.29810021547791e+38,0,4.29810021547791e+38
24.4,4.83678103107422e+38,0,4.83678103107422e+38
24.41,1.47082865867817e+38,0,1.47082865867817e+38
24.42,2.88217956910419e+38,0,2.88217956910419e+38
24.43,5.64948434260576e+38,0,5.64948434260576e+38
24.44,3.4327212840542e+38,0,3.4327212840542e+38
24.45,6.86300176421386e+38,0,6.86300176421386e+38
24.46,4.19995496264782e+38,0,4.19995496264782e+38
24.47,5.61855576599895e+38,0,5.61855576599895e+38
24.48,6.07155142826835e+37,0,6.07155142826835e+37
24.49,6.61823022269803e+38,0,6.61823022269803e+38
24.5,6.15986225588387e+38,0,6.15986225588387e+38
24.51,4.93948283367865e+38,0,4.93948283367865e+38
24.52,4.58766500444423e+38,0,4.58766500444423e+38
24.53,5.27227225663503e+38,0,5.27227225663503e+38
24.54,4.59934994221364e+38,0,4.59934994221364e+38
24.55,5.82251443274409e+38,0,5.82251443274409e+38
24.56,6.16046529049104e+38,0,6.16046529049104e+38
24.57,3.15868919839169e+38,0,3.15868919839169e+38
24.58,6.22184230358477e+38,0,6.22184230358477e+38
24.59,3.62273449247309e+38,0,3.62273449247309e+38
24.6,7.22345442853456e+38,0,7.22345442853456e+38
24.61,8.71073974624091e+38,0,8.71073974624091e+38
24.62,3.59345845388833e+38,0,3.59345845388833e+38
24.63,3.35960577154891e+38,0,3.35960577154891e+38
24.64,7.04826142458979e+38,0,7.04826142458979e+38
24.65,5.87602509571311e+38,0,5.87602509571311e+38
24.66,9.0736647195169e+38,0,9.0736647195169e+38
24.67,4.45843875162012e+38,0,4.45843875162012e+38
24.68,5.57373519581254e+38,0,5.57373519581254e+38
24.69,4.76462380601624e+38,0,4.76462380601624e+38
24.7,5.93821240622231e+38,0,5.93821240622231e+38
24.71,8.16864530825631e+38,0,8.16864530825631e+38
24.72,3.40293584661047e+38,0,3.40293584661047e+38
24.73,6.72040793366833e+38,0,6.72040793366833e+38
24.74,3.65298645203164e+38,0,3.65298645203164e+38
24.75,7.33044504723327e+38,0,7.33044504723327e+38
24.76,8.93240763840535e+38,0,8.93240763840535e+38
24.77,4.732769857923e+38,0,4.732769857923e+38
24.78,2.87131388045127e+38,0,2.87131388045127e+38
24.79,5.84488211440678e+38,0,5.84488211440678e+38
24.8,6.97003831284349e+38,0,6.97003831284349e+38
24.81,8.78601698856684e+38,0,8.78601698856684e+38
24.82,4.44527468282498e+38,0,4.44527468282498e+38
24.83,3.47832447647496e+38,0,3.47832447647496e+38
24.84,6.96860146343353e+38,0,6.96860146343353e+38
24.85,6.07074195373512e+38,0,6.07074195373512e+38
24.86,6.62289021267921e+38,0,6.62289021267921e+38
24.87,3.58860535277228e+38,0,3.58860535277228e+38
24.88,6.99875520567252e+38,0,6.99875520567252e+38
24.89,3.63293917457434e+38,0,3.63293917457434e+38
24.9,8.53640110463723e+38,0,8.53640110463723e+38
24.91,6.91180436681881e+38,0,6.91180436681881e+38
24.92,5.60129529353197e+38,0,5.60129529353197e+38
24.93,2.41552898040249e+38,0,2.41552898040249e+38
24.94,7.56076949316562e+38,0,7.56076949316562e+38
24.95,8.26459566498841e+38,0,8.26459566498841e+38
24.96,7.53145807143025e+38,0,7.53145807143025e+38
24.97,4.37489433000525e+38,0,4.37489433000525e+38
24.98,7.17196004377325e+38,0,7.17196004377325e+38
24.99,1.05961521322266e+39,0,1.05961521322266e+39
25,7.27662544694067e+38,0,7.27662544694067e+38
25.01,5.14914990353922e+38,0,5.14914990353922e+38
25.02,9.72791215413535e+38,0,9.72791215413535e+38
25.03,1.52278930942293e+39,0,1.52278930942293e+39
25.04,6.00485262196674e+38,0,6.00485262196674e+38
25.05,9.57368582799637e+38,0,9.57368582799637e+38
25.06,1.42501107551613e+39,0,1.42501107551613e+39
25.07,1.82023228882875e+39,0,1.82023228882875e+39
25.08,9.17958888872426e+38,0,9.17958888872426e+38
25.09,9.05614102893667e+38,0,9.05614102893667e+38
25.1,2.12996649447172e+39,0,2.12996649447172e+39
25.11,2.57024623972995e+39,0,2.57024623972995e+39
25.12,4.04212339956181e+38,0,4.04212339956181e+38
25.13,3.48081298829115e+39,0,3.48081298829115e+39
25.14,1.35281832705013e+39,0,1.35281832705013e+39
25.15,3.7595097897323e+39,0,3.7595097897323e+39
25.16,4.81001388167233e+38,0,4.81001388167233e+38
25.17,4.79668947778776e+39,0,4.79668947778776e+39
25.18,2.02630629825988e+39,0,2.02630629825988e+39
25.19,4.68264934775047e+39,0,4.68264934775047e+39
25.2,7.17774892678581e+39,0,7.17774892678581e+39
25.21,4.23906626561789e+38,0,4.23906626561789e+38
25.22,7.36717000487627e+39,0,7.36717000487627e+39
25.23,5.60405054655944e+39,0,5.60405054655944e+39
25.24,4.98157759851916e+39,0,4.98157759851916e+39
25.25,9.55286704968421e+38,0,9.55286704968421e+38
25.26,1.4510273787077e+40,0,1.4510273787077e+40
25.27,2.38538216793089e+39,0,2.38538216793089e+39
25.28,6.30215008414375e+39,0,6.30215008414375e+39
25.29,1.89295296991204e+40,0,1.89295296991204e+40
25.3,6.54659582763259e+38,0,6.54659582763259e+38
25.31,9.61343147936288e+39,0,9.61343147936288e+39
25.32,1.80161613043755e+40,0,1.80161613043755e+40
25.33,5.79208935419253e+39,0,5.79208935419253e+39
25.34,1.66838921862879e+40,0,1.66838921862879e+40
25.35,1.554056456975e+40,0,1.554056456975e+40
25.36,9.47722188090699e+39,0,9.47722188090699e+39
25.37,2.9844171930687e+40,0,2.9844171930687e+40
25.38,6.98880172400827e+39,0,6.98880172400827e+39
25.39,9.08540694099543e+39,0,9.08540694099543e+39
25.4,3.75627594292558e+40,0,3.75627594292558e+40
25.41,7.94138436162225e+39,0,7.94138436162225e+39
25.42,2.37751775665425e+40,0,2.37751775665425e+40
25.43,3.08508043826407e+40,0,3.08508043826407e+40
25.44,1.35350882031466e+40,0,1.35350882031466e+40
25.45,4.06087855322924e+40,0,4.06087855322924e+40
25.46,1.7524731816454e+40,0,1.7524731816454e+40
25.47,2.91091871538791e+40,0,2.91091871538791e+40
25.48,5.66315892685227e+40,0,5.66315892685227e+40
25.49,9.02256086314469e+39,0,9.02256086314469e+39
25.5,3.15205548819222e+40,0,3.15205548819222e+40
25.51,3.74801741442572e+40,0,3.74801741442572e+40
25.52,2.9910303092999e+40,0,2.9910303092999e+40
25.53,1.82525355501755e+40,0,1.82525355501755e+40
25.54,5.8952447555767e+40,0,5.8952447555767e+40
25.55,1.2564715899057e+40,0,1.2564715899057e+40
25.56,4.32666347467299e+40,0,4.32666347467299e+40
25.57,4.23059095178759e+40,0,4.23059095178759e+40
25.58,2.07590586765957e+40,0,2.07590586765957e+40
25.59,3.64361396835091e+40,0,3.64361396835091e+40
25.6,3.96110504846409e+40,0,3.96110504846409e+40
25.61,3.1936783999073e+40,0,3.1936783999073e+40
25.62,4.3370647890999e+40,0,4.3370647890999e+40
25.63,2.21345121384148e+40,0,2.21345121384148e+40
25.64,1.60682684405519e+40,0,1.60682684405519e+40
25.65,5.0720332957361e+40,0,5.0720332957361e+40
25.66,2.29518628760941e+40,0,2.29518628760941e+40
25.67,4.41411276061252e+40,0,4.41411276061252e+40
25.68,3.22335933268987e+40,0,3.22335933268987e+40
25.69,3.48315376754647e+40,0,3.48315376754647e+40
25.7,3.45556287689909e+40,0,3.45556287689909e+40
25.71,3.80793395431892e+40,0,3.80793395431892e+40
25.72,1.08789792914468e+40,0,1.08789792914468e+40
25.73,6.2176481962743e+40,0,6.2176481962743e+40
25.74,1.14563285208781e+40,0,1.14563285208781e+40
25.75,2.77049329578607e+40,0,2.77049329578607e+40
25.76,4.7924961457775e+40,0,4.7924961457775e+40
25.77,2.50406880870976e+40,0,2.50406880870976e+40
25.78,2.96289124155205e+40,0,2.96289124155205e+40
25.79,4.06611150225162e+40,0,4.06611150225162e+40
25.8,2.26490782697562e+40,0,2.26490782697562e+40
25.81,2.74675646636712e+40,0,2.74675646636712e+40
25.82,3.41737397929959e+40,0,3.41737397929959e+40
25.83,3.16080276433509e+40,0,3.16080276433509e+40
25.84,4.57161530069339e+40,0,4.57161530069339e+40
25.85,2.43474032725324e+40,0,2.43474032725324e+40
25.86,2.86080152833635e+40,0,2.86080152833635e+40
25.87,4.64842049969154e+40,0,4.64842049969154e+40
25.88,1.65973465160351e+40,0,1.65973465160351e+40
25.89,1.73027262120862e+40,0,1.73027262120862e+40
25.9,6.21128100895213e+40,0,6.21128100895213e+40
25.91,6.6740027512316e+39,0,6.6740027512316e+39
25.92,3.85460230596229e+40,0,3.85460230596229e+40
25.93,3.65126603582618e+40,0,3.65126603582618e+40
25.94,2.96512540445614e+40,0,2.96512540445614e+40
25.95,2.62547095365355e+40,0,2.62547095365355e+40
25.96,3.95698592573849e+40,0,3.95698592573849e+40
25.97,3.86903966524563e+40,0,3.86903966524563e+40
25.98,2.79923922996197e+40,0,2.79923922996197e+40
25.99,1.8270429725899e+40,0,1.8270429725899e+40
26,2.40211694839449e+40,0,2.40211694839449e+40
26.01,5.71220028177383e+40,0,5.71220028177383e+40
26.02,8.04760735475994e+39,0,8.04760735475994e+39
26.03,3.54217586901776e+40,0,3.54217586901776e+40
26.04,2.87322012445153e+40,0,2.87322012445153e+40
26.05,3.14772265946039e+40,0,3.14772265946039e+40
26.06,3.49141683000073e+40,0,3.49141683000073e+40
26.07,2.93823253241851e+40,0,2.93823253241851e+40
26.08,1.57352844557651e+40,0,1.57352844557651e+40
26.09,5.46289600771881e+40,0,5.46289600771881e+40
26.1,1.882145344903e+40,0,1.882145344903e+40
26.11,1.2944662373016e+40,0,1.2944662373016e+40
26.12,4.54758345965313e+40,0,4.54758345965313e+40
26.13,2.1219224124188e+40,0,2.1219224124188e+40
26.14,2.95404836383163e+40,0,2.95404836383163e+40
26.15,4.55106353706459e+40,0,4.55106353706459e+40
26.16,8.99383238030922e+39,0,8.99383238030922e+39
26.17,3.3624348253155e+40,0,3.3624348253155e+40
26.18,3.93304488869091e+40,0,3.93304488869091e+40
26.19,1.59658413238854e+40,0,1.59658413238854e+40
26.2,4.35153882923744e+40,0,4.35153882923744e+40
26.21,1.94887747415241e+40,0,1.94887747415241e+40
26.22,3.4954425689967e+40,0,3.4954425689967e+40
26.23,3.43160069255109e+40,0,3.43160069255109e+40
26.24,2.70617139566025e+40,0,2.70617139566025e+40
26.25,8.29323725112551e+39,0,8.29323725112551e+39
26.26,5.25263793026442e+40,0,5.25263793026442e+40
26.27,6.11136374305738e+39,0,6.11136374305738e+39
26.28,2.94864988658078e+40,0,2.94864988658078e+40
26.29,3.66559510707862e+40,0,3.66559510707862e+40
26.3,2.81186559018724e+40,0,2.81186559018724e+40
26.31,3.14205211377254e+40,0,3.14205211377254e+40
26.32,2.47013735271056e+40,0,2.47013735271056e+40
26.33,3.40567375197136e+40,0,3.40567375197136e+40
26.34,2.89970717816189e+40,0,2.89970717816189e+40
26.35,1.82907650076863e+40,0,1.82907650076863e+40
26.36,1.63427302183935e+40,0,1.63427302183935e+40
26.37,5.22256073897758e+40,0,5.22256073897758e+40
26.38,7.976892230428e+39,0,7.976892230428e+39
26.39,3.23747624238582e+40,0,3.23747624238582e+40
26.4,3.53621140073773e+40,0,3.53621140073773e+40
26.41,1.79581196241749e+40,0,1.79581196241749e+40
26.42,3.19875520982674e+40,0,3.19875520982674e+40
26.43,3.10681916701685e+40,0,3.10681916701685e+40
26.44,1.33745348782319e+40,0,1.33745348782319e+40
26.45,3.60601593163282e+40,0,3.60601593163282e+40
26.46,2.50616472378716e+40,0,2.50616472378716e+40
26.47,2.1325612172883e+40,0,2.1325612172883e+40
26.48,3.98536969100912e+40,0,3.98536969100912e+40
26.49,1.52632523668658e+40,0,1.52632523668658e+40
26.5,3.43917591640153e+40,0,3.43917591640153e+40
26.51,2.82448157518821e+40,0,2.82448157518821e+40
26.52,6.89713695783744e+39,0,6.89713695783744e+39
26.53,2.98426903485956e+40,0,2.98426903485956e+40
26.54,4.34224428208673e+40,0,4.34224428208673e+40
26.55,1.59545314480266e+40,0,1.59545314480266e+40
26.56,3.5769226557861e+40,0,3.5769226557861e+40
26.57,1.12701657730868e+40,0,1.12701657730868e+40
26.58,3.12075408174843e+40,0,3.12075408174843e+40
26.59,3.47091088865734e+40,0,3.47091088865734e+40
26.6,2.51457185949231e+40,0,2.51457185949231e+40
26.61,2.96262815505973e+39,0,2.96262815505973e+39
26.62,4.60296402328355e+40,0,4.60296402328355e+40
26.63,1.19810659330686e+40,0,1.19810659330686e+40
26.64,2.45233210853359e+40,0,2.45233210853359e+40
26.65,3.29437713515436e+40,0,3.29437713515436e+40
26.66,2.18889303194278e+40,0,2.18889303194278e+40
26.67,2.74734010136728e+40,0,2.74734010136728e+40
26.68,2.38090816376864e+40,0,2.38090816376864e+40
26.69,2.03313658614987e+40,0,2.03313658614987e+40
26.7,4.21506570263776e+40,0,4.21506570263776e+40
26.71,1.95396064579334e+40,0,1.95396064579334e+40
26.72,8.39096796555924e+39,0,8.39096796555924e+39
26.73,4.43704480346679e+40,0,4.43704480346679e+40
26.74,4.8891427086471e+39,0,4.8891427086471e+39
26.75,3.07739764248442e+40,0,3.07739764248442e+40
26.76,3.20654457683694e+40,0,3.20654457683694e+40
26.77,1.22131592844572e+40,0,1.22131592844572e+40
26.78,1.75540827420508e+40,0,1.75540827420508e+40
26.79,3.98562851279027e+40,0,3.98562851279027e+40
26.8,1.31401754408915e+40,0,1.31401754408915e+40
26.81,2.5519860594352e+40,0,2.5519860594352e+40
26.82,2.18033097862613e+40,0,2.18033097862613e+40
26.83,2.67904972916463e+40,0,2.67904972916463e+40
26.84,3.34679292146123e+40,0,3.34679292146123e+40
26.85,2.01456851222003e+40,0,2.01456851222003e+40
26.86,1.55850333102007e+40,0,1.55850333102007e+40
26.87,2.6776556538344e+40,0,2.6776556538344e+40
26.88,1.11506446534751e+40,0,1.11506446534751e+40
26.89,2.94605345823244e+40,0,2.94605345823244e+40
26.9,3.42722640364123e+40,0,3.42722640364123e+40
26.91,7.90083259344451e+39,0,7.90083259344451e+39
26.92,3.12045340762716e+40,0,3.12045340762716e+40
26.93,2.06800102672689e+40,0,2.06800102672689e+40
26.94,2.72129430490546e+40,0,2.72129430490546e+40
26.95,2.71650851118923e+40,0,2.71650851118923e+40
26.96,1.60277189567591e+40,0,1.60277189567591e+40
26.97,6.56989300530388e+39,0,6.56989300530388e+39
26.98,3.92854553088385e+40,0,3.92854553088385e+40
26.99,1.19801202193318e+40,0,1.19801202193318e+40
27,2.5002405824179e+40,0,2.5002405824179e+40
27.01,2.82447143472433e+40,0,2.82447143472433e+40
27.02,8.64777592526075e+39,0,8.64777592526075e+39
27.03,3.07320273515912e+40,0,3.07320273515912e+40
27.04,2.05398807123052e+40,0,2.05398807123052e+40
27.05,1.84192802409479e+40,0,1.84192802409479e+40
27.06,2.88557691317479e+40,0,2.88557691317479e+40
27.07,1.62838748371883e+40,0,1.62838748371883e+40
27.08,8.4663864387954e+39,0,8.4663864387954e+39
27.09,4.48133744141398e+40,0,4.48133744141398e+40
27.1,1.14034083420729e+40,0,1.14034083420729e+40
27.11,1.2495083093351e+40,0,1.2495083093351e+40
27.12,2.76317341776928e+40,0,2.76317341776928e+40
27.13,1.59795066487909e+40,0,1.59795066487909e+40
27.14,2.17444565783311e+40,0,2.17444565783311e+40
27.15,2.56010310387458e+40,0,2.56010310387458e+40
27.16,1.24808817518984e+40,0,1.24808817518984e+40
27.17,2.38467457547971e+40,0,2.38467457547971e+40
27.18,2.08183238142956e+40,0,2.08183238142956e+40
27.19,2.88811391155462e+40,0,2.88811391155462e+40
27.2,1.78318047077898e+40,0,1.78318047077898e+40
27.21,1.25485487915435e+40,0,1.25485487915435e+40
27.22,1.234578935405e+40,0,1.234578935405e+40
27.23,2.78526860459585e+40,0,2.78526860459585e+40
27.24,2.67473964500308e+40,0,2.67473964500308e+40
27.25,9.41405401135631e+39,0,9.41405401135631e+39
27.26,2.96400159442716e+40,0,2.96400159442716e+40
27.27,3.69023295517298e+38,0,3.69023295517298e+38
27.28,2.67975819258544e+40,0,2.67975819258544e+40
27.29,2.97554173659519e+40,0,2.97554173659519e+40
27.3,1.53003650749259e+40,0,1.53003650749259e+40
27.31,1.8072441440723e+40,0,1.8072441440723e+40
27.32,1.32457857172725e+40,0,1.32457857172725e+40
27.33,8.32546730125685e+39,0,8.32546730125685e+39
27.34,4.25749965734514e+40,0,4.25749965734514e+40
27.35,3.78518944914874e+39,0,3.78518944914874e+39
27.36,1.55377502663534e+40,0,1.55377502663534e+40
27.37,2.39339852391736e+40,0,2.39339852391736e+40
27.38,1.31012571534755e+40,0,1.31012571534755e+40
27.39,3.29527510283565e+40,0,3.29527510283565e+40
27.4,8.94969668909457e+39,0,8.94969668909457e+39
27.41,9.88988554166749e+39,0,9.88988554166749e+39
27.42,2.39317147730205e+40,0,2.39317147730205e+40
27.43,1.95909851553749e+40,0,1.95909851553749e+40
27.44,2.30926173804826e+40,0,2.30926173804826e+40
27.45,1.76557362939029e+40,0,1.76557362939029e+40
27.46,1.1076043129239e+40,0,1.1076043129239e+40
27.47,8.7708559934285e+39,0,8.7708559934285e+39
27.48,2.44559391987931e+40,0,2.44559391987931e+40
27.49,2.22854636154283e+40,0,2.22854636154283e+40
27.5,8.84082884832803e+39,0,8.84082884832803e+39
27.51,1.71001999564612e+40,0,1.71001999564612e+40
27.52,1.1151563390081e+40,0,1.1151563390081e+40
27.53,2.31134268268985e+40,0,2.31134268268985e+40
27.54,2.39758214031181e+40,0,2.39758214031181e+40
27.55,1.32375192864707e+40,0,1.32375192864707e+40
27.56,1.66910760160025e+40,0,1.66910760160025e+40
27.57,8.75528968054286e+39,0,8.75528968054286e+39
27.58,1.55248615247626e+40,0,1.55248615247626e+40
27.59,3.25170671654899e+40,0,3.25170671654899e+40
27.6,5.08864398831203e+39,0,5.08864398831203e+39
27.61,8.88304924673593e+39,0,8.88304924673593e+39
27.62,2.43700758799526e+40,0,2.43700758799526e+40
27.63,8.98936071892522e+39,0,8.98936071892522e+39
27.64,2.74777567732131e+40,0,2.74777567732131e+40
27.65,9.00373829490396e+39,0,9.00373829490396e+39
27.66,1.23348205568739e+40,0,1.23348205568739e+40
27.67,2.09035871607808e+40,0,2.09035871607808e+40
27.68,1.20313163776844e+40,0,1.20313163776844e+40
27.69,1.39958295320684e+40,0,1.39958295320684e+40
27.7,2.15303852008665e+40,0,2.15303852008665e+40
27.71,6.89172687486123e+39,0,6.89172687486123e+39
27.72,6.88518225180555e+39,0,6.88518225180555e+39
27.73,2.02562200867811e+40,0,2.02562200867811e+40
27.74,2.18668646269343e+40,0,2.18668646269343e+40
27.75,1.32048717137874e+40,0,1.32048717137874e+40
27.76,9.85324980383932e+39,0,9.85324980383932e+39
27.77,1.06789707952171e+40,0,1.06789707952171e+40
27.78,1.78724375116181e+40,0,1.78724375116181e+40
27.79,2.23803141456558e+40,0,2.23803141456558e+40
27.8,6.95034248074393e+39,0,6.95034248074393e+39
27.81,1.46862859429988e+40,0,1.46862859429988e+40
27.82,9.4278521469518e+39,0,9.4278521469518e+39
27.83,1.3754884038349e+40,0,1.3754884038349e+40
27.84,2.35419727085665e+40,0,2.35419727085665e+40
27.85,5.79517779596307e+39,0,5.79517779596307e+39
27.86,7.86891926581497e+39,0,7.86891926581497e+39
27.87,1.86819010950324e+40,0,1.86819010950324e+40
27.88,9.55348954157107e+39,0,9.55348954157107e+39
27.89,2.39698478307437e+40,0,2.39698478307437e+40
27.9,5.01589586522423e+39,0,5.01589586522423e+39
27.91,1.14232845103931e+40,0,1.14232845103931e+40
27.92,1.76956293464828e+40,0,1.76956293464828e+40
27.93,8.8615837397283e+39,0,8.8615837397283e+39
27.94,1.66349302876115e+40,0,1.66349302876115e+40
27.95,1.13388628545011e+40,0,1.13388628545011e+40
27.96,1.09426388395515e+40,0,1.09426388395515e+40
27.97,2.46751145512885e+39,0,2.46751145512885e+39
27.98,2.03716620840809e+40,0,2.03716620840809e+40
27.99,1.3564425327132e+40,0,1.3564425327132e+40
28,1.25838143865446e+40,0,1.25838143865446e+40
28.01,4.75725629288964e+39,0,4.75725629288964e+39
28.02,1.12522231514217e+40,0,1.12522231514217e+40
28.03,1.7649956709763e+40,0,1.7649956709763e+40
28.04,1.3917943337595e+40,0,1.3917943337595e+40
28.05,7.84033859816579e+39,0,7.84033859816579e+39
28.06,1.14607644735205e+40,0,1.14607644735205e+40
28.07,5.88078397059446e+39,0,5.88078397059446e+39
28.08,1.02833277833451e+40,0,1.02833277833451e+40
28.09,2.27436397554761e+40,0,2.27436397554761e+40
28.1,1.25997114218522e+39,0,1.25997114218522e+39
28.11,1.20551824466384e+40,0,1.20551824466384e+40
28.12,1.19167753982104e+40,0,1.19167753982104e+40
28.13,1.13377627247228e+40,0,1.13377627247228e+40
28.14,1.30109944778862e+40,0,1.30109944778862e+40
28.15,8.08231159407203e+39,0,8.08231159407203e+39
28.16,5.69581571877464e+39,0,5.69581571877464e+39
28.17,1.11111932460025e+40,0,1.11111932460025e+40
28.18,1.27120042376425e+40,0,1.27120042376425e+40
28.19,1.00947655108038e+40,0,1.00947655108038e+40
28.2,9.47246353284913e+39,0,9.47246353284913e+39
28.21,9.47991423301591e+39,0,9.47991423301591e+39
28.22,2.44694240620554e+39,0,2.44694240620554e+39
28.23,1.39170133246375e+40,0,1.39170133246375e+40
28.24,1.22991585440754e+40,0,1.22991585440754e+40
28.25,7.7085035693639e+39,0,7.7085035693639e+39
28.26,6.48828457595314e+39,0,6.48828457595314e+39
28.27,8.05818324289436e+39,0,8.05818324289436e+39
28.28,1.59028760823484e+40,0,1.59028760823484e+40
28.29,8.98241871394838e+39,0,8.98241871394838e+39
28.3,4.54616648572709e+39,0,4.54616648572709e+39
28.31,7.35312284534977e+39,0,7.35312284534977e+39
28.32,8.87356697638746e+39,0,8.87356697638746e+39
28.33,8.43107617331065e+39,0,8.43107617331065e+39
28.34,1.36775780845669e+40,0,1.36775780845669e+40
28.35,2.25432649795998e+39,0,2.25432649795998e+39
28.36,9.41059852913161e+39,0,9.41059852913161e+39
28.37,8.00952899993111e+39,0,8.00952899993111e+39
28.38,1.03526947256753e+40,0,1.03526947256753e+40
28.39,9.33988352686019e+39,0,9.33988352686019e+39
28.4,4.44151976780773e+39,0,4.44151976780773e+39
28.41,6.2323354335661e+39,0,6.2323354335661e+39
28.42,7.42052847842601e+39,0,7.42052847842601e+39
28.43,1.08839651744004e+40,0,1.08839651744004e+40
28.44,5.87314086255365e+39,0,5.87314086255365e+39
28.45,8.86306753342549e+39,0,8.86306753342549e+39
28.46,3.45829735317486e+38,0,3.45829735317486e+38
28.47,9.01126283765607e+39,0,9.01126283765607e+39
28.48,1.3206790186867e+40,0,1.3206790186867e+40
28.49,4.09761358099302e+39,0,4.09761358099302e+39
28.5,5.06092008576636e+39,0,5.06092008576636e+39
28.51,4.13224899791373e+39,0,4.13224899791373e+39
28.52,6.7098011430715e+39,0,6.7098011430715e+39
28.53,1.26734438394694e+40,0,1.26734438394694e+40
28.54,4.37170902588078e+39,0,4.37170902588078e+39
28.55,2.82136830705757e+39,0,2.82136830705757e+39
28.56,7.60875660987419e+39,0,7.60875660987419e+39
28.57,5.6460244451963e+39,0,5.6460244451963e+39
28.58,7.51152886628317e+39,0,7.51152886628317e+39
28.59,8.40237222209724e+39,0,8.40237222209724e+39
28.6,1.7507349372775e+39,0,1.7507349372775e+39
28.61,3.97981500690721e+39,0,3.97981500690721e+39
28.62,8.6181869659075e+39,0,8.6181869659075e+39
28.63,9.03309697770669e+39,0,9.03309697770669e+39
28.64,4.22318814320995e+39,0,4.22318814320995e+39
28.65,1.51462498698e+39,0,1.51462498698e+39
28.66,5.01894134748901e+39,0,5.01894134748901e+39
28.67,4.7606980805105e+39,0,4.7606980805105e+39
28.68,9.75695874986887e+39,0,9.75695874986887e+39
28.69,1.75558235025033e+39,0,1.75558235025033e+39
28.7,5.12981181413557e+39,0,5.12981181413557e+39
28.71,2.39295161299655e+39,0,2.39295161299655e+39
28.72,3.13926261691386e+39,0,3.13926261691386e+39
28.73,1.19378278742093e+40,0,1.19378278742093e+40
28.74,2.02223799394621e+39,0,2.02223799394621e+39
28.75,2.34970532139869e+39,0,2.34970532139869e+39
28.76,3.14844281769241e+39,0,3.14844281769241e+39
28.77,5.35343319402978e+39,0,5.35343319402978e+39
28.78,9.32293552961654e+39,0,9.32293552961654e+39
28.79,2.85180377029516e+38,0,2.85180377029516e+38
28.8,1.94109265795491e+39,0,1.94109265795491e+39
28.81,4.80211092103325e+39,0,4.80211092103325e+39
28.82,4.22717897758094e+39,0,4.22717897758094e+39
28.83,6.26846079481095e+39,0,6.26846079481095e+39
28.84,3.22171661401349e+39,0,3.22171661401349e+39
28.85,1.91963182663682e+39,0,1.91963182663682e+39
28.86,3.03202224243074e+39,0,3.03202224243074e+39
28.87,1.8447471321941e+39,0,1.8447471321941e+39
28.88,7.72151468320573e+39,0,7.72151468320573e+39
28.89,3.43710328049508e+39,0,3.43710328049508e+39
28.9,2.76025276604694e+38,0,2.76025276604694e+38
28.91,3.23902957743967e+39,0,3.23902957743967e+39
28.92,3.93479759983389e+39,0,3.93479759983389e+39
28.93,5.63063367918066e+39,0,5.63063367918066e+39
28.94,0,0,0
28.95,3.54677697020275e+39,0,3.54677697020275e+39
28.96,1.36248095721349e+39,0,1.36248095721349e+39
28.97,3.01601312654941e+39,0,3.01601312654941e+39
28.98,5.73162972927393e+39,0,5.73162972927393e+39
28.99,1.01988335805325e+39,0,1.01988335805325e+39
29,2.99054611192891e+39,0,2.99054611192891e+39
29.01,1.3457423510833e+39,0,1.3457423510833e+39
29.02,1.66155610294089e+39,0,1.66155610294089e+39
29.03,5.79737230985366e+39,0,5.79737230985366e+39
29.04,1.02278360361899e+39,0,1.02278360361899e+39
29.05,4.31241378883629e+37,0,4.31241378883629e+37
29.06,2.87686711172532e+39,0,2.87686711172532e+39
29.07,3.06055184683832e+39,0,3.06055184683832e+39
29.08,3.10294244815269e+39,0,3.10294244815269e+39
29.09,8.78480960011244e+38,0,8.78480960011244e+38
29.1,1.3103983905897e+39,0,1.3103983905897e+39
29.11,2.02164952103876e+39,0,2.02164952103876e+39
29.12,1.65853154871451e+39,0,1.65853154871451e+39
29.13,3.04408277498037e+39,0,3.04408277498037e+39
29.14,2.03781597745503e+39,0,2.03781597745503e+39
29.15,8.8017622421631e+38,0,8.8017622421631e+38
29.16,8.4597143549843e+38,0,8.4597143549843e+38
29.17,1.27069529564886e+39,0,1.27069529564886e+39
29.18,3.67980857166992e+39,0,3.67980857166992e+39
29.19,7.17804735496348e+38,0,7.17804735496348e+38
29.2,6.9644506053521e+38,0,6.9644506053521e+38
29.21,1.05486622068687e+39,0,1.05486622068687e+39
29.22,2.43999075590157e+39,0,2.43999075590157e+39
29.23,1.93801740061909e+39,0,1.93801740061909e+39
29.24,2.33178209396454e+38,0,2.33178209396454e+38
29.25,1.35488234888211e+39,0,1.35488234888211e+39
29.26,9.06156839847598e+38,0,9.06156839847598e+38
29.27,1.36781192559241e+39,0,1.36781192559241e+39
29.28,1.73792554048569e+39,0,1.73792554048569e+39
29.29,8.56361535880508e+38,0,8.56361535880508e+38
29.3,3.66105556285866e+38,0,3.66105556285866e+38
29.31,1.29770082342355e+39,0,1.29770082342355e+39
29.32,7.16454007321069e+38,0,7.16454007321069e+38
29.33,1.71462662166488e+39,0,1.71462662166488e+39
29.34,6.27075906904829e+38,0,6.27075906904829e+38
29.35,1.79043112115709e+38,0,1.79043112115709e+38
29.36,1.04210560244398e+39,0,1.04210560244398e+39
29.37,1.0876204323212e+39,0,1.0876204323212e+39
29.38,1.14788928841916e+39,0,1.14788928841916e+39
29.39,2.13696538813957e+37,0,2.13696538813957e+37
29.4,9.23205716550556e+38,0,9.23205716550556e+38
29.41,2.78877465731499e+38,0,2.78877465731499e+38
29.42,9.6111503980312e+38,0,9.6111503980312e+38
29.43,9.40155098705117e+38,0,9.40155098705117e+38
29.44,4.23240281828587e+38,0,4.23240281828587e+38
29.45,4.6941633555628e+38,0,4.6941633555628e+38
29.46,4.6526734954465e+38,0,4.6526734954465e+38
29.47,2.88455950343185e+38,0,2.88455950343185e+38
29.48,1.24376785873912e+39,0,1.24376785873912e+39
29.49,8.2508639114005e+37,0,8.2508639114005e+37
29.5,2.58869660660904e+38,0,2.58869660660904e+38
29.51,4.76195975955652e+38,0,4.76195975955652e+38
29.52,7.24313549996869e+38,0,7.24313549996869e+38
29.53,4.20125709358625e+38,0,4.20125709358625e+38
29.54,0,0,0
29.55,3.92119385048802e+38,0,3.92119385048802e+38
29.56,3.17903675572924e+38,0,3.17903675572924e+38
29.57,5.24377910081693e+38,0,5.24377910081693e+38
29.58,2.28371654570325e+38,0,2.28371654570325e+38
29.59,3.86043555533478e+38,0,3.86043555533478e+38
29.6,5.24534517685169e+37,0,5.24534517685169e+37
29.61,1.76450563743565e+38,0,1.76450563743565e+38
29.62,2.25181459079428e+38,0,2.25181459079428e+38
29.63,5.61953716572477e+38,0,5.61953716572477e+38
29.64,7.73412310940413e+37,0,7.73412310940413e+37
29.65,2.01712359482017e+37,0,2.01712359482017e+37
29.66,2.16149269157948e+38,0,2.16149269157948e+38
29.67,3.84819551770968e+38,0,3.84819551770968e+38
29.68,1.44489587581125e+38,0,1.44489587581125e+38
29.69,4.55552632757725e+37,0,4.55552632757725e+37
29.7,1.71692478741971e+38,0,1.71692478741971e+38
29.71,1.02194068622878e+38,0,1.02194068622878e+38
29.72,2.23092132625761e+38,0,2.23092132625761e+38
29.73,1.01760738782176e+38,0,1.01760738782176e+38
29.74,1.58176199223621e+38,0,1.58176199223621e+38
29.75,0,0,0
29.76,5.90644388720482e+37,0,5.90644388720482e+37
29.77,1.90329932503665e+38,0,1.90329932503665e+38
29.78,1.59022104982575e+38,0,1.59022104982575e+38
29.79,2.71366588828187e+36,0,2.71366588828187e+36
29.8,2.89912648560213e+37,0,2.89912648560213e+37
29.81,9.90404437834276e+37,0,9.90404437834276e+37
29.82,1.64826700943562e+38,0,1.64826700943562e+38
29.83,0,0,0
29.84,1.69010611271869e+37,0,1.69010611271869e+37
29.85,8.41353719732592e+37,0,8.41353719732592e+37
29.86,3.25648130464918e+37,0,3.25648130464918e+37
29.87,4.2645383606694e+37,0,4.2645383606694e+37
29.88,5.71606206101677e+37,0,5.71606206101677e+37
29.89,4.35038126976786e+37,0,4.35038126976786e+37
29.9,6.07410358105047e+34,0,6.07410358105047e+34
29.91,1.40541645680646e+37,0,1.40541645680646e+37
29.92,5.0989166859528e+37,0,5.0989166859528e+37
29.93,4.71618783278411e+37,0,4.71618783278411e+37
29.94,6.08994561429333e+36,0,6.08994561429333e+36
29.95,9.13863338235667e+36,0,9.13863338235667e+36
29.96,3.63737879599967e+37,0,3.63737879599967e+37
29.97,3.69718900906476e+37,0,3.69718900906476e+37
29.98,88719517.3455205,0,88719517.3455205
29.99,4.03309472557377e+35,0,4.03309472557377e+35
30,2.10501400391682e+37,0,2.10501400391682e+37
30.01,6.38920795687669e+36,0,6.38920795687669e+36
30.02,2.67613730698785e+37,0,2.67613730698785e+37
30.03,1.5636218952659e+36,0,1.5636218952659e+36
30.04,8.31790928975643e+36,0,8.31790928975643e+36
30.05,2.04481453260521e+36,0,2.04481453260521e+36
30.06,4.28691628248565e+36,0,4.28691628248565e+36
30.07,1.53712265693051e+37,0,1.53712265693051e+37
30.08,6.1161849927885e+36,0,6.1161849927885e+36
30.09,2.90621282874266e+34,0,2.90621282874266e+34
30.1,0,0,0
30.11,7.39669793634912e+36,0,7.39669793634912e+36
30.12,6.82238023267508e+36,0,6.82238023267508e+36
30.13,0,0,0
30.14,1.88588706809603e+36,0,1.88588706809603e+36
30.15,2.70854714192504e+36,0,2.70854714192504e+36
30.16,4.88218562057153e+35,0,4.88218562057153e+35
30.17,4.17019337675841e+36,0,4.17019337675841e+36
30.18,1.66439122804266e+34,0,1.66439122804266e+34
30.19,1.39978640077035e+36,0,1.39978640077035e+36
30.2,3.84595825418744e+35,0,3.84595825418744e+35
30.21,14783582.3235182,0,14783582.3235182
30.22,2.85696344108243e+36,0,2.85696344108243e+36
30.23,0,0,0
30.24,0,0,0
30.25,4.54289727031847e+35,0,4.54289727031847e+35
30.26,6.32299080841491e+35,0,6.32299080841491e+35
30.27,5.44556828973063e+35,0,5.44556828973063e+35
30.28,7.91098848079372e+33,0,7.91098848079372e+33
30.29,0,0,0
30.3,2.73393926095147e+35,0,2.73393926095147e+35
30.31,1.03110697911163e+35,0,1.03110697911163e+35
30.32,2.19755974629091e+35,0,2.19755974629091e+35
30.33,9.79050468593904e+34,0,9.79050468593904e+34
30.34,0,0,0
30.35,0,0,0
30.36,2.51658562217086e+34,0,2.51658562217086e+34
30.37,1.31449439796005e+35,0,1.31449439796005e+35
30.38,2.84949960091067e+33,0,2.84949960091067e+33
30.39,0,0,0
30.4,0,0,0
30.41,2.79265011380964e+34,0,2.79265011380964e+34
30.42,1.58426842889833e+34,0,1.58426842889833e+34
30.43,0,0,0
30.44,542070.99321043,0,542070.99321043
30.45,6.32927177862698e+33,0,6.32927177862698e+33
30.46,0,0,0
30.47,4.94062419001505e+33,0,4.94062419001505e+33
30.48,0,0,0
30.49,0,0,0
30.5,131994.375569344,0,131994.375569344
30.51,0,0,0
30.52,7.47116472273482e+32,0,7.47116472273482e+32
30.53,0,0,0
30.54,0,0,0
30.55,0,0,0
30.56,5.26824907034317e+31,0,5.26824907034317e+31
30.57,0,0,0
30.58,0,0,0
30.59,0,0,0
30.6,0,0,0
30.61,561.385707715273,0,561.385707715273
30.62,0,0,0
30.63,0,0,0
30.64,0,0,0
30.65,0,0,0
30.66,0,0,0
30.67,0,0,0
30.68,0,0,0
30.69,0,0,0
30.7,0,0,0
30.71,0,0,0
30.72,0,0,0
30.73,565.593030511454,0,565.593030511454
30.74,0,0,0
30.75,0,0,0
30.76,0,0,0
30.77,0,0,0
30.78,5.34526166821563e+31,0,5.34526166821563e+31
30.79,17993.174333365,0,17993.174333365
30.8,0,0,0
30.81,0,0,0
30.82,7.61781469406241e+32,0,7.61781469406241e+32
30.83,0,0,0
30.84,134984.38067761,0,134984.38067761
30.85,0,0,0
30.86,0,0,0
30.87,5.06909759543317e+33,0,5.06909759543317e+33
30.88,0,0,0
30.89,0,0,0
30.9,6.51567009429489e+33,0,6.51567009429489e+33
30.91,0,0,0
30.92,1.63636603614646e+34,0,1.63636603614646e+34
30.93,2.88774298881356e+34,0,2.88774298881356e+34
30.94,0,0,0
30.95,0,0,0
30.96,1663584.23669193,0,1663584.23669193
30.97,9.35020190073516e+34,0,9.35020190073516e+34
30.98,7.2338813561929e+34,0,7.2338813561929e+34
30.99,0,0,0
31,0,0,0
31.01,1.02261719901546e+35,0,1.02261719901546e+35
31.02,2.29840669533304e+35,0,2.29840669533304e+35
31.03,1.08018113747933e+35,0,1.08018113747933e+35
31.04,2.86782242666413e+35,0,2.86782242666413e+35
31.05,0,0,0
31.06,8.31937277979304e+33,0,8.31937277979304e+33
31.07,5.73242878524809e+35,0,5.73242878524809e+35
31.08,6.66579394259379e+35,0,6.66579394259379e+35
31.09,4.79586662039176e+35,0,4.79586662039176e+35
31.1,0,0,0
31.11,0,0,0
31.12,3.02792296330816e+36,0,3.02792296330816e+36
31.13,15693552.4775612,0,15693552.4775612
31.14,4.08792702643136e+35,0,4.08792702643136e+35
31.15,1.48965002767979e+36,0,1.48965002767979e+36
31.16,1.77203283022197e+34,0,1.77203283022197e+34
31.17,4.44764539576468e+36,0,4.44764539576468e+36
31.18,5.21596287937609e+35,0,5.21596287937609e+35
31.19,2.89614579413752e+36,0,2.89614579413752e+36
31.2,6.98055737245979e+35,0,6.98055737245979e+35
31.21,1.32211650512216e+36,0,1.32211650512216e+36
31.22,4.3803414684874e+36,0,4.3803414684874e+36
31.23,1.08949070963737e+37,0,1.08949070963737e+37
31.24,0,0,0
31.25,3.13268063157856e+34,0,3.13268063157856e+34
31.26,1.37416047488067e+36,0,1.37416047488067e+36
31.27,2.09419259359451e+37,0,2.09419259359451e+37
31.28,5.53221747005016e+36,0,5.53221747005016e+36
31.29,2.21604637121349e+36,0,2.21604637121349e+36
31.3,9.02204866044676e+36,0,9.02204866044676e+36
31.31,66501034.1241799,0,66501034.1241799
31.32,3.07923535925447e+37,0,3.07923535925447e+37
31.33,0,0,0
31.34,2.15748903142217e+37,0,2.15748903142217e+37
31.35,8.38841685996664e+36,0,8.38841685996664e+36
31.36,3.9219906801722e+35,0,3.9219906801722e+35
31.37,4.04529159794332e+37,0,4.04529159794332e+37
31.38,3.65500328611462e+37,0,3.65500328611462e+37
31.39,1.3336937453688e+37,0,1.3336937453688e+37
31.4,0,0,0
31.41,2.89623089297302e+37,0,2.89623089297302e+37
31.42,8.58304373061043e+37,0,8.58304373061043e+37
31.43,1.5500194336008e+37,0,1.5500194336008e+37
31.44,0,0,0
31.45,4.81647064379354e+37,0,4.81647064379354e+37
31.46,2.1798720990477e+37,0,2.1798720990477e+37
31.47,8.87864394810476e+37,0,8.87864394810476e+37
31.48,3.61335739527231e+37,0,3.61335739527231e+37
31.49,8.45117648648743e+37,0,8.45117648648743e+37
31.5,2.78180480608931e+37,0,2.78180480608931e+37
31.51,0,0,0
31.52,1.83868563408728e+38,0,1.83868563408728e+38
31.53,1.10667154012362e+38,0,1.10667154012362e+38
31.54,3.24429047706317e+37,0,3.24429047706317e+37
31.55,6.89507335053323e+35,0,6.89507335053323e+35
31.56,9.31125366269774e+37,0,9.31125366269774e+37
31.57,2.08340613846506e+38,0,2.08340613846506e+38
31.58,9.30882265977361e+37,0,9.30882265977361e+37
31.59,6.64657074335124e+37,0,6.64657074335124e+37
31.6,1.58553782137124e+38,0,1.58553782137124e+38
31.61,1.34708353237327e+38,0,1.34708353237327e+38
31.62,2.52151617418072e+38,0,2.52151617418072e+38
31.63,3.20789357965571e+37,0,3.20789357965571e+37
31.64,2.78190833093657e+38,0,2.78190833093657e+38
31.65,2.78078233808679e+36,0,2.78078233808679e+36
31.66,2.1317185220013e+38,0,2.1317185220013e+38
31.67,4.37791301436024e+38,0,4.37791301436024e+38
31.68,2.46267793625702e+38,0,2.46267793625702e+38
31.69,0,0,0
31.7,1.11305514982737e+38,0,1.11305514982737e+38
31.71,4.57094751069349e+38,0,4.57094751069349e+38
31.72,2.35298342810604e+38,0,2.35298342810604e+38
31.73,4.10637496338044e+38,0,4.10637496338044e+38
31.74,5.71177605317343e+37,0,5.71177605317343e+37
31.75,4.46759454905258e+38,0,4.46759454905258e+38
31.76,2.6291529937616e+38,0,2.6291529937616e+38
31.77,5.88992328176305e+38,0,5.88992328176305e+38
31.78,3.82086918137513e+38,0,3.82086918137513e+38
31.79,3.39917960822285e+38,0,3.39917960822285e+38
31.8,1.13154488367456e+38,0,1.13154488367456e+38
31.81,4.86677893571734e+38,0,4.86677893571734e+38
31.82,8.39879574083917e+38,0,8.39879574083917e+38
31.83,5.53033100000335e+38,0,5.53033100000335e+38
31.84,2.29238212769241e+38,0,2.29238212769241e+38
31.85,1.67805267377334e+38,0,1.67805267377334e+38
31.86,1.45034571203689e+39,0,1.45034571203689e+39
31.87,3.36787721595939e+38,0,3.36787721595939e+38
31.88,5.4361145816015e+38,0,5.4361145816015e+38
31.89,5.49544262405212e+38,0,5.49544262405212e+38
31.9,4.95902120998455e+38,0,4.95902120998455e+38
31.91,1.10344309631192e+39,0,1.10344309631192e+39
31.92,7.29791916937848e+38,0,7.29791916937848e+38
31.93,7.27792037533433e+38,0,7.27792037533433e+38
31.94,7.63138843345846e+38,0,7.63138843345846e+38
31.95,3.49736314072332e+38,0,3.49736314072332e+38
31.96,6.89926927845588e+38,0,6.89926927845588e+38
31.97,1.95202987109939e+39,0,1.95202987109939e+39
31.98,1.23386912594416e+39,0,1.23386912594416e+39
31.99,2.1229362174505e+38,0,2.1229362174505e+38
32,3.68541080258352e+38,0,3.68541080258352e+38
32.01,1.61501958229966e+39,0,1.61501958229966e+39
32.02,1.6519760232197e+39,0,1.6519760232197e+39
32.03,1.54640671445861e+39,0,1.54640671445861e+39
32.04,4.36936009197086e+38,0,4.36936009197086e+38
32.05,1.02311181397057e+39,0,1.02311181397057e+39
32.06,2.0532997406019e+39,0,2.0532997406019e+39
32.07,1.6645177217019e+39,0,1.6645177217019e+39
32.08,1.08687465973807e+39,0,1.08687465973807e+39
32.09,1.62687711794759e+39,0,1.62687711794759e+39
32.1,6.16585089746767e+37,0,6.16585089746767e+37
32.11,2.55271231836043e+39,0,2.55271231836043e+39
32.12,2.94126576940655e+39,0,2.94126576940655e+39
32.13,1.27387870910161e+39,0,1.27387870910161e+39
32.14,8.41895071150022e+38,0,8.41895071150022e+38
32.15,8.68783964041468e+38,0,8.68783964041468e+38
32.16,3.4057821692325e+39,0,3.4057821692325e+39
32.17,1.64233757598773e+39,0,1.64233757598773e+39
32.18,1.98209445315953e+39,0,1.98209445315953e+39
32.19,1.0706847249001e+39,0,1.0706847249001e+39
32.2,2.48161730358439e+39,0,2.48161730358439e+39
32.21,2.52551475608237e+39,0,2.52551475608237e+39
32.22,2.59645124727283e+39,0,2.59645124727283e+39
32.23,3.08957538330757e+39,0,3.08957538330757e+39
32.24,1.08638197123638e+39,0,1.08638197123638e+39
32.25,1.59569019374026e+39,0,1.59569019374026e+39
32.26,3.18689258163194e+39,0,3.18689258163194e+39
32.27,4.19096611926198e+39,0,4.19096611926198e+39
32.28,2.54932490617751e+39,0,2.54932490617751e+39
32.29,1.18471107920438e+39,0,1.18471107920438e+39
32.3,1.3154117133181e+39,0,1.3154117133181e+39
32.31,5.67359062408596e+39,0,5.67359062408596e+39
32.32,3.54425996806153e+39,0,3.54425996806153e+39
32.33,1.66660954949251e+39,0,1.66660954949251e+39
32.34,3.70828906039271e+39,0,3.70828906039271e+39
32.35,1.26646760848634e+39,0,1.26646760848634e+39
32.36,7.12788457905587e+39,0,7.12788457905587e+39
32.37,3.21304063316432e+39,0,3.21304063316432e+39
32.38,2.2416981400617e+39,0,2.2416981400617e+39
32.39,4.4282686102266e+39,0,4.4282686102266e+39
32.4,0,0,0
32.41,7.04769061250625e+39,0,7.04769061250625e+39
32.42,4.92970239750812e+39,0,4.92970239750812e+39
32.43,2.52081669394713e+39,0,2.52081669394713e+39
32.44,1.89046396761103e+39,0,1.89046396761103e+39
32.45,4.32332824953543e+39,0,4.32332824953543e+39
32.46,5.61127041297802e+39,0,5.61127041297802e+39
32.47,5.98088622124016e+39,0,5.98088622124016e+39
32.48,4.29212148752568e+39,0,4.29212148752568e+39
32.49,2.42676589475833e+39,0,2.42676589475833e+39
32.5,4.07935982344593e+39,0,4.07935982344593e+39
32.51,7.94611002684547e+39,0,7.94611002684547e+39
32.52,5.29018715205163e+39,0,5.29018715205163e+39
32.53,6.18102376189686e+39,0,6.18102376189686e+39
32.54,1.81980035962429e+39,0,1.81980035962429e+39
32.55,6.71601094036958e+38,0,6.71601094036958e+38
32.56,1.2237963967235e+40,0,1.2237963967235e+40
32.57,6.83895626208802e+39,0,6.83895626208802e+39
32.58,5.34924250376603e+38,0,5.34924250376603e+38
32.59,6.50442451664359e+39,0,6.50442451664359e+39
32.6,2.59367622995635e+39,0,2.59367622995635e+39
32.61,1.29206637466367e+40,0,1.29206637466367e+40
32.62,3.60851644923226e+39,0,3.60851644923226e+39
32.63,5.04913362718571e+39,0,5.04913362718571e+39
32.64,6.9240788996196e+39,0,6.9240788996196e+39
32.65,2.80644228623011e+39,0,2.80644228623011e+39
32.66,9.47053977105773e+39,0,9.47053977105773e+39
32.67,6.84489677371657e+39,0,6.84489677371657e+39
32.68,8.93749019137187e+39,0,8.93749019137187e+39
32.69,2.01092542531031e+39,0,2.01092542531031e+39
32.7,5.4837619713179e+39,0,5.4837619713179e+39
32.71,1.17492492672148e+40,0,1.17492492672148e+40
32.72,1.09947694407982e+40,0,1.09947694407982e+40
32.73,5.420832673386e+39,0,5.420832673386e+39
32.74,2.28533669346231e+39,0,2.28533669346231e+39
32.75,7.5076277210716e+39,0,7.5076277210716e+39
32.76,1.33159918144987e+40,0,1.33159918144987e+40
32.77,6.52401366288587e+39,0,6.52401366288587e+39
32.78,7.27244675325558e+39,0,7.27244675325558e+39
32.79,7.2573476681591e+39,0,7.2573476681591e+39
32.8,2.02190371755429e+39,0,2.02190371755429e+39
32.81,2.0367331406637e+40,0,2.0367331406637e+40
32.82,5.63016663179134e+39,0,5.63016663179134e+39
32.83,8.79710377375378e+39,0,8.79710377375378e+39
32.84,6.69521765906952e+39,0,6.69521765906952e+39
32.85,1.66998369094995e+39,0,1.66998369094995e+39
32.86,2.12752674858383e+40,0,2.12752674858383e+40
32.87,7.56372717496737e+39,0,7.56372717496737e+39
32.88,4.86450391654803e+39,0,4.86450391654803e+39
32.89,1.09034542768448e+40,0,1.09034542768448e+40
32.9,2.94492474446183e+39,0,2.94492474446183e+39
32.91,1.57277655664365e+40,0,1.57277655664365e+40
32.92,1.45025808127398e+40,0,1.45025808127398e+40
32.93,8.34045290950842e+39,0,8.34045290950842e+39
32.94,2.69094762737579e+39,0,2.69094762737579e+39
32.95,1.14196247491545e+40,0,1.14196247491545e+40
32.96,1.82824101778789e+40,0,1.82824101778789e+40
32.97,1.07737602393553e+40,0,1.07737602393553e+40
32.98,1.26746760218578e+40,0,1.26746760218578e+40
32.99,2.26651533699367e+38,0,2.26651533699367e+38
33,1.10058393050911e+40,0,1.10058393050911e+40
33.01,2.11916724337809e+40,0,2.11916724337809e+40
33.02,1.2509678803149e+40,0,1.2509678803149e+40
33.03,4.6122487210348e+39,0,4.6122487210348e+39
33.04,1.15206814687147e+40,0,1.15206814687147e+40
33.05,7.19180524534415e+39,0,7.19180524534415e+39
33.06,2.66683484703556e+40,0,2.66683484703556e+40
33.07,8.91833160527146e+39,0,8.91833160527146e+39
33.08,1.09202009146571e+40,0,1.09202009146571e+40
33.09,1.01627474341411e+40,0,1.01627474341411e+40
33.1,7.57807798573458e+39,0,7.57807798573458e+39
33.11,2.86949449973107e+40,0,2.86949449973107e+40
33.12,3.35532341164708e+39,0,3.35532341164708e+39
33.13,1.30140829778026e+40,0,1.30140829778026e+40
33.14,1.07108485539391e+40,0,1.07108485539391e+40
33.15,1.16868129117382e+40,0,1.16868129117382e+40
33.16,1.59099729824098e+40,0,1.59099729824098e+40
33.17,2.14857266889647e+40,0,2.14857266889647e+40
33.18,7.87117268025101e+39,0,7.87117268025101e+39
33.19,5.61853703726756e+39,0,5.61853703726756e+39
33.2,2.36009921456866e+40,0,2.36009921456866e+40
33.21,1.57114687783313e+40,0,1.57114687783313e+40
33.22,1.59328464768601e+40,0,1.59328464768601e+40
33.23,1.59424655363892e+40,0,1.59424655363892e+40
33.24,3.21866884073204e+39,0,3.21866884073204e+39
33.25,2.731316089856e+40,0,2.731316089856e+40
33.26,1.45262760307563e+40,0,1.45262760307563e+40
33.27,1.24804369778212e+40,0,1.24804369778212e+40
33.28,1.60440272654027e+40,0,1.60440272654027e+40
33.29,8.75246572922688e+39,0,8.75246572922688e+39
33.3,1.31240831373994e+40,0,1.31240831373994e+40
33.31,3.34618882793752e+40,0,3.34618882793752e+40
33.32,1.58303437848806e+40,0,1.58303437848806e+40
33.33,6.53632292119511e+39,0,6.53632292119511e+39
33.34,1.67291488781862e+40,0,1.67291488781862e+40
33.35,1.3807009872719e+40,0,1.3807009872719e+40
33.36,3.53804715843269e+40,0,3.53804715843269e+40
33.37,3.50822128259859e+39,0,3.50822128259859e+39
33.38,1.5242167561337e+40,0,1.5242167561337e+40
33.39,8.61571649278409e+39,0,8.61571649278409e+39
33.4,2.70280173780211e+40,0,2.70280173780211e+40
33.41,1.34711214389028e+40,0,1.34711214389028e+40
33.42,2.87534238330941e+40,0,2.87534238330941e+40
33.43,1.23842423412056e+40,0,1.23842423412056e+40
33.44,1.109516235119e+40,0,1.109516235119e+40
33.45,3.32685195053773e+40,0,3.32685195053773e+40
33.46,3.6658570861885e+45,3.66584418610515e+45,1.29000833469869e+40
33.47,2.22141181495627e+40,0,2.22141181495627e+40
33.48,1.77050707832504e+40,0,1.77050707832504e+40
33.49,7.32812657722767e+39,0,7.32812657722767e+39
33.5,3.4954057628721e+40,0,3.4954057628721e+40
33.51,1.98371413121759e+40,0,1.98371413121759e+40
33.52,1.32223771874971e+40,0,1.32223771874971e+40
33.53,1.92706253351741e+40,0,1.92706253351741e+40
33.54,1.23090155203473e+40,0,1.23090155203473e+40
33.55,2.47290602501988e+40,0,2.47290602501988e+40
33.56,2.94948047945614e+40,0,2.94948047945614e+40
33.57,1.10384752820705e+40,0,1.10384752820705e+40
33.58,2.31088375900748e+40,0,2.31088375900748e+40
33.59,1.9241031788506e+40,0,1.9241031788506e+40
33.6,1.91135051737859e+40,0,1.91135051737859e+40
33.61,3.39370142589341e+40,0,3.39370142589341e+40
33.62,1.56577082778747e+40,0,1.56577082778747e+40
33.63,1.29769448374411e+40,0,1.29769448374411e+40
33.64,2.11093416789206e+40,0,2.11093416789206e+40
33.65,3.10278278743791e+40,0,3.10278278743791e+40
33.66,1.76887058421089e+40,0,1.76887058421089e+40
33.67,3.02275910675457e+40,0,3.02275910675457e+40
33.68,1.66551010128923e+40,0,1.66551010128923e+40
33.69,1.34222411590953e+40,0,1.34222411590953e+40
33.7,3.78231424634544e+40,0,3.78231424634544e+40
33.71,1.74568993525407e+40,0,1.74568993525407e+40
33.72,3.66925757524778e+40,0,3.66925757524778e+40
33.73,3.16987454868483e+39,0,3.16987454868483e+39
33.74,1.66449888958836e+40,0,1.66449888958836e+40
33.75,4.86150434986052e+40,0,4.86150434986052e+40
33.76,2.381448067288e+40,0,2.381448067288e+40
33.77,1.0741758477202e+40,0,1.0741758477202e+40
33.78,2.70536387565412e+40,0,2.70536387565412e+40
33.79,1.9318839355996e+40,0,1.9318839355996e+40
33.8,3.6564997305509e+40,0,3.6564997305509e+40
33.81,3.46531828517542e+40,0,3.46531828517542e+40
33.82,6.1810495180565e+39,0,6.1810495180565e+39
33.83,2.66986868845521e+40,0,2.66986868845521e+40
33.84,2.28866872321762e+40,0,2.28866872321762e+40
33.85,2.41500267863971e+40,0,2.41500267863971e+40
33.86,3.64610240308223e+40,0,3.64610240308223e+40
33.87,2.31308078700192e+40,0,2.31308078700192e+40
33.88,1.67521843866491e+40,0,1.67521843866491e+40
33.89,2.66377084470014e+40,0,2.66377084470014e+40
33.9,3.46741758023999e+40,0,3.46741758023999e+40
33.91,1.88873343126013e+40,0,1.88873343126013e+40
33.92,3.47612349130587e+40,0,3.47612349130587e+40
33.93,2.39872810389601e+40,0,2.39872810389601e+40
33.94,1.71868290192955e+40,0,1.71868290192955e+40
33.95,5.07727007610549e+40,0,5.07727007610549e+40
33.96,1.26868471861787e+40,0,1.26868471861787e+40
33.97,4.37165453867725e+40,0,4.37165453867725e+40
33.98,1.27203813289671e+40,0,1.27203813289671e+40
33.99,1.71661318452088e+40,0,1.71661318452088e+40
34,4.66392760931847e+40,0,4.66392760931847e+40
34.01,3.13139338857858e+40,0,3.13139338857858e+40
34.02,2.06780807443012e+40,0,2.06780807443012e+40
34.03,2.67676902472581e+40,0,2.67676902472581e+40
34.04,2.47168102961794e+40,0,2.47168102961794e+40
34.05,4.57326272330298e+40,0,4.57326272330298e+40
34.06,4.17796230417761e+40,0,4.17796230417761e+40
34.07,5.77717842581116e+38,0,5.77717842581116e+38
34.08,4.58700846940948e+40,0,4.58700846940948e+40
34.09,1.47758186726062e+40,0,1.47758186726062e+40
34.1,3.29978389647515e+40,0,3.29978389647515e+40
34.11,4.19382232852523e+40,0,4.19382232852523e+40
34.12,2.92075580441864e+40,0,2.92075580441864e+40
34.13,1.16706151199562e+40,0,1.16706151199562e+40
34.14,3.56589484138203e+40,0,3.56589484138203e+40
34.15,4.55324688499447e+40,0,4.55324688499447e+40
34.16,1.46707012361916e+40,0,1.46707012361916e+40
34.17,5.54413678025214e+40,0,5.54413678025214e+40
34.18,1.96104488119418e+40,0,1.96104488119418e+40
34.19,2.24318427635202e+40,0,2.24318427635202e+40
34.2,4.9439261350713e+40,0,4.9439261350713e+40
34.21,2.53633445980954e+40,0,2.53633445980954e+40
34.22,4.62892378485615e+40,0,4.62892378485615e+40
34.23,1.32543673255321e+40,0,1.32543673255321e+40
34.24,1.96081071831455e+40,0,1.96081071831455e+40
34.25,6.25377318958654e+40,0,6.25377318958654e+40
34.26,2.57631074071452e+40,0,2.57631074071452e+40
34.27,1.58403194041021e+40,0,1.58403194041021e+40
34.28,4.48270297205946e+40,0,4.48270297205946e+40
34.29,3.27539183690044e+40,0,3.27539183690044e+40
34.3,3.35552596375369e+40,0,3.35552596375369e+40
34.31,4.74074453988177e+40,0,4.74074453988177e+40
34.32,2.39029988528445e+40,0,2.39029988528445e+40
34.33,4.52825178638558e+40,0,4.52825178638558e+40
34.34,3.0669294654698e+40,0,3.0669294654698e+40
34.35,2.66143298361583e+40,0,2.66143298361583e+40
34.36,6.40429511069024e+40,0,6.40429511069024e+40
34.37,1.18807032520196e+40,0,1.18807032520196e+40
34.38,2.5816380469659e+40,0,2.5816380469659e+40
34.39,3.37030649552279e+40,0,3.37030649552279e+40
34.4,5.42445738002783e+40,0,5.42445738002783e+40
34.41,3.32375603845672e+40,0,3.32375603845672e+40
34.42,5.08664119356041e+40,0,5.08664119356041e+40
34.43,1.24926427240286e+40,0,1.24926427240286e+40
34.44,4.9961262369824e+40,0,4.9961262369824e+40
34.45,4.05304845948019e+40,0,4.05304845948019e+40
34.46,2.44972525350117e+40,0,2.44972525350117e+40
34.47,5.09685796708275e+40,0,5.09685796708275e+40
34.48,2.54630460042211e+40,0,2.54630460042211e+40
34.49,1.77355214677092e+40,0,1.77355214677092e+40
34.5,6.85336210376432e+40,0,6.85336210376432e+40
34.51,4.45916775510508e+40,0,4.45916775510508e+40
34.52,8.5256626335501e+39,0,8.5256626335501e+39
34.53,6.0325432318693e+40,0,6.0325432318693e+40
34.54,3.12535658747737e+40,0,3.12535658747737e+40
34.55,3.99140394806202e+40,0,3.99140394806202e+40
34.56,4.51530481779104e+40,0,4.51530481779104e+40
34.57,3.00819480240532e+40,0,3.00819480240532e+40
34.58,5.3160481476671e+40,0,5.3160481476671e+40
34.59,3.00997961030077e+40,0,3.00997961030077e+40
34.6,2.90372975206226e+40,0,2.90372975206226e+40
34.61,5.83897817344795e+40,0,5.83897817344795e+40
34.62,2.93089294680337e+40,0,2.93089294680337e+40
34.63,3.22085377859318e+40,0,3.22085377859318e+40
34.64,4.92228137104734e+40,0,4.92228137104734e+40
34.65,5.4405907761554e+40,0,5.4405907761554e+40
34.66,2.73971572731595e+40,0,2.73971572731595e+40
34.67,5.944445133416e+40,0,5.944445133416e+40
34.68,1.87925452032512e+40,0,1.87925452032512e+40
34.69,6.00911458672806e+40,0,6.00911458672806e+40
34.7,5.44578447284793e+40,0,5.44578447284793e+40
34.71,2.01356978357438e+40,0,2.01356978357438e+40
34.72,5.88578417348389e+40,0,5.88578417348389e+40
34.73,2.3778793411182e+40,0,2.3778793411182e+40
34.74,4.06956356639439e+40,0,4.06956356639439e+40
34.75,6.04598693869027e+40,0,6.04598693869027e+40
34.76,4.19286313115204e+40,0,4.19286313115204e+40
34.77,1.14032841296319e+40,0,1.14032841296319e+40
34.78,7.93275304083634e+40,0,7.93275304083634e+40
34.79,2.73476214028233e+40,0,2.73476214028233e+40
34.8,4.66536113626943e+40,0,4.66536113626943e+40
34.81,5.11620890088848e+40,0,5.11620890088848e+40
34.82,3.86823293239305e+40,0,3.86823293239305e+40
34.83,4.83567038957726e+40,0,4.83567038957726e+40
34.84,4.41044884013286e+40,0,4.41044884013286e+40
34.85,4.10511921853379e+40,0,4.10511921853379e+40
34.86,5.25641761382671e+40,0,5.25641761382671e+40
34.87,5.23748788307928e+40,0,5.23748788307928e+40
34.88,2.34984856630663e+40,0,2.34984856630663e+40
34.89,8.18291404845236e+40,0,8.18291404845236e+40
34.9,2.31697460093494e+40,0,2.31697460093494e+40
34.91,4.76153863305357e+40,0,4.76153863305357e+40
34.92,5.25412195230278e+40,0,5.25412195230278e+40
34.93,2.77643623214775e+40,0,2.77643623214775e+40
34.94,6.89219971165684e+40,0,6.89219971165684e+40
34.95,6.04727830530013e+40,0,6.04727830530013e+40
34.96,1.05958137209308e+40,0,1.05958137209308e+40
34.97,7.78790102618723e+40,0,7.78790102618723e+40
34.98,2.61242707156961e+40,0,2.61242707156961e+40
34.99,3.82294563979495e+40,0,3.82294563979495e+40
35,6.34491028126654e+40,0,6.34491028126654e+40
35.01,5.90898224114884e+40,0,5.90898224114884e+40
35.02,2.63373275428732e+40,0,2.63373275428732e+40
35.03,7.25552292648272e+40,0,7.25552292648272e+40
35.04,4.9286812437225e+40,0,4.9286812437225e+40
35.05,5.82295876268527e+40,0,5.82295876268527e+40
35.06,4.29826838245362e+40,0,4.29826838245362e+40
35.07,2.44091419723828e+40,0,2.44091419723828e+40
35.08,7.2564876101575e+40,0,7.2564876101575e+40
35.09,3.6628204804816e+40,0,3.6628204804816e+40
35.1,4.78663308800185e+40,0,4.78663308800185e+40
35.11,6.07989434652537e+40,0,6.07989434652537e+40
35.12,6.18728175410568e+40,0,6.18728175410568e+40
35.13,1.35754141897263e+40,0,1.35754141897263e+40
35.14,9.17488680839094e+40,0,9.17488680839094e+40
35.15,2.57916927250617e+40,0,2.57916927250617e+40
35.16,5.7528398052917e+40,0,5.7528398052917e+40
35.17,6.02801439302993e+40,0,6.02801439302993e+40
35.18,3.81912082863783e+40,0,3.81912082863783e+40
35.19,5.89232886546277e+40,0,5.89232886546277e+40
35.2,6.18495071772832e+40,0,6.18495071772832e+40
35.21,5.15479430008916e+40,0,5.15479430008916e+40
35.22,5.66895678120425e+40,0,5.66895678120425e+40
35.23,4.87132032728852e+40,0,4.87132032728852e+40
35.24,3.34456726757129e+40,0,3.34456726757129e+40
35.25,9.89012803931942e+40,0,9.89012803931942e+40
35.26,2.14761272945384e+40,0,2.14761272945384e+40
35.27,6.02198390157161e+40,0,6.02198390157161e+40
35.28,6.3280868037844e+40,0,6.3280868037844e+40
35.29,4.02980783019185e+40,0,4.02980783019185e+40
35.3,6.35042960348964e+40,0,6.35042960348964e+40
35.31,6.97805238158446e+40,0,6.97805238158446e+40
35.32,1.47265695470324e+40,0,1.47265695470324e+40
35.33,1.04367796689811e+41,0,1.04367796689811e+41
35.34,2.01414687504065e+40,0,2.01414687504065e+40
35.35,5.71410099545842e+40,0,5.71410099545842e+40
35.36,4.90922159170286e+40,0,4.90922159170286e+40
35.37,7.30105684823101e+40,0,7.30105684823101e+40
35.38,3.04887427098964e+40,0,3.04887427098964e+40
35.39,9.0399134412586e+40,0,9.0399134412586e+40
35.4,5.4497179149716e+40,0,5.4497179149716e+40
35.41,6.71988586910483e+40,0,6.71988586910483e+40
35.42,7.13564191081808e+40,0,7.13564191081808e+40
35.43,5.03423606373273e+39,0,5.03423606373273e+39
35.44,9.4536396322182e+40,0,9.4536396322182e+40
35.45,4.66636655030111e+40,0,4.66636655030111e+40
35.46,4.38408307944852e+40,0,4.38408307944852e+40
35.47,6.27287098501531e+40,0,6.27287098501531e+40
35.48,7.24034824496224e+40,0,7.24034824496224e+40
35.49,2.6600189632151e+40,0,2.6600189632151e+40
35.5,1.0403726021568e+41,0,1.0403726021568e+41
35.51,3.2185020929074e+40,0,3.2185020929074e+40
35.52,7.03210346962445e+40,0,7.03210346962445e+40
35.53,4.97132921192855e+40,0,4.97132921192855e+40
35.54,5.83318883951625e+40,0,5.83318883951625e+40
35.55,6.31925381531021e+40,0,6.31925381531021e+40
35.56,7.90611700823024e+40,0,7.90611700823024e+40
35.57,4.73458011809079e+40,0,4.73458011809079e+40
35.58,7.40220435200472e+40,0,7.40220435200472e+40
35.59,4.69840869641313e+40,0,4.69840869641313e+40
35.6,4.29329643427635e+40,0,4.29329643427635e+40
35.61,1.06396140534566e+41,0,1.06396140534566e+41
35.62,3.1720142830744e+40,0,3.1720142830744e+40
35.63,4.15913024982937e+40,0,4.15913024982937e+40
35.64,9.62703187456684e+40,0,9.62703187456684e+40
35.65,6.64101569687234e+40,0,6.64101569687234e+40
35.66,5.33949293272047e+40,0,5.33949293272047e+40
35.67,9.17433836181771e+40,0,9.17433836181771e+40
35.68,1.65041997158473e+40,0,1.65041997158473e+40
35.69,1.0353989203494e+41,0,1.0353989203494e+41
35.7,2.42523697467751e+40,0,2.42523697467751e+40
35.71,6.96911971099992e+40,0,6.96911971099992e+40
35.72,5.83253032006177e+40,0,5.83253032006177e+40
35.73,8.59049307759088e+40,0,8.59049307759088e+40
35.74,5.38023758875878e+40,0,5.38023758875878e+40
35.75,8.9641589527291e+40,0,8.9641589527291e+40
35.76,4.33600968287495e+40,0,4.33600968287495e+40
35.77,5.12154100237766e+40,0,5.12154100237766e+40
35.78,1.13854221754859e+41,0,1.13854221754859e+41
35.79,1.52070567068327e+40,0,1.52070567068327e+40
35.8,9.62878584156228e+40,0,9.62878584156228e+40
35.81,5.0670338706155e+40,0,5.0670338706155e+40
35.82,6.93347203962453e+40,0,6.93347203962453e+40
35.83,5.83778823371407e+40,0,5.83778823371407e+40
35.84,7.67862646930856e+40,0,7.67862646930856e+40
35.85,1.76159453261615e+40,0,1.76159453261615e+40
35.86,1.10556871304979e+41,0,1.10556871304979e+41
35.87,2.77462580537705e+40,0,2.77462580537705e+40
35.88,6.29614706710297e+40,0,6.29614706710297e+40
35.89,5.09466894817503e+40,0,5.09466894817503e+40
35.9,5.55982441130889e+40,0,5.55982441130889e+40
35.91,6.08220798524323e+40,0,6.08220798524323e+40
35.92,4.13958758394404e+40,0,4.13958758394404e+40
35.93,2.06279659176608e+40,0,2.06279659176608e+40
35.94,5.78723111573216e+40,0,5.78723111573216e+40
35.95,3.4548078079504e+40,0,3.4548078079504e+40
35.96,1.00497650386089e+40,0,1.00497650386089e+40
35.97,4.79271217866855e+40,0,4.79271217866855e+40
35.98,3.3166464837134e+40,0,3.3166464837134e+40
35.99,9.49580654392666e+39,0,9.49580654392666e+39
36,5.29584627149825e+40,0,5.29584627149825e+40
36.01,1.37443114056467e+40,0,1.37443114056467e+40
36.02,3.59416209310423e+40,0,3.59416209310423e+40
36.03,1.8533358870848e+40,0,1.8533358870848e+40
36.04,1.82259876319009e+39,0,1.82259876319009e+39
36.05,3.76798671409185e+40,0,3.76798671409185e+40
36.06,2.91258132973415e+39,0,2.91258132973415e+39
36.07,1.45264199021453e+40,0,1.45264199021453e+40
36.08,1.61181786200619e+40,0,1.61181786200619e+40
36.09,1.52915987583211e+40,0,1.52915987583211e+40
36.1,1.00315152671395e+40,0,1.00315152671395e+40
36.11,1.0861022968612e+40,0,1.0861022968612e+40
36.12,1.52319586801668e+40,0,1.52319586801668e+40
36.13,9.37778310003792e+38,0,9.37778310003792e+38
36.14,1.45341389085512e+40,0,1.45341389085512e+40
36.15,1.69577818287989e+39,0,1.69577818287989e+39
36.16,1.19144651811484e+40,0,1.19144651811484e+40
36.17,5.96889888503422e+39,0,5.96889888503422e+39
36.18,4.32997622397457e+39,0,4.32997622397457e+39
36.19,7.10341696149515e+39,0,7.10341696149515e+39
36.2,3.75201166819004e+39,0,3.75201166819004e+39
36.21,4.66163508157262e+39,0,4.66163508157262e+39
36.22,3.27625314585525e+39,0,3.27625314585525e+39
36.23,5.19444348238393e+39,0,5.19444348238393e+39
36.24,3.74501764558728e+39,0,3.74501764558728e+39
36.25,2.55283818247119e+39,0,2.55283818247119e+39
36.26,1.88696984952946e+39,0,1.88696984952946e+39
36.27,3.74628270242238e+39,0,3.74628270242238e+39
36.28,2.86544514107143e+39,0,2.86544514107143e+39
36.29,2.04111213255947e+39,0,2.04111213255947e+39
36.3,1.14197425889988e+39,0,1.14197425889988e+39
36.31,3.20430155427751e+39,0,3.20430155427751e+39
36.32,2.02900785643575e+39,0,2.02900785643575e+39
36.33,5.97343266464632e+38,0,5.97343266464632e+38
36.34,1.87464652175841e+39,0,1.87464652175841e+39
36.35,1.90710514419978e+39,0,1.90710514419978e+39
36.36,1.93855106374594e+39,0,1.93855106374594e+39
36.37,9.12527068422922e+38,0,9.12527068422922e+38
36.38,1.57053682704057e+39,0,1.57053682704057e+39
36.39,9.59752833761797e+38,0,9.59752833761797e+38
36.4,2.32877533928937e+39,0,2.32877533928937e+39
36.41,4.17407831482155e+37,0,4.17407831482155e+37
36.42,1.66560624480397e+39,0,1.66560624480397e+39
36.43,1.11622321803582e+39,0,1.11622321803582e+39
36.44,1.97707543695159e+39,0,1.97707543695159e+39
36.45,7.37145732542465e+38,0,7.37145732542465e+38
36.46,1.65863673224224e+39,0,1.65863673224224e+39
36.47,7.61042055828277e+38,0,7.61042055828277e+38
36.48,7.89866703859003e+38,0,7.89866703859003e+38
36.49,1.853164488176e+39,0,1.853164488176e+39
36.5,1.04645225352833e+39,0,1.04645225352833e+39
36.51,1.21405636163254e+39,0,1.21405636163254e+39
36.52,5.47228346100709e+38,0,5.47228346100709e+38
36.53,2.26821577904434e+39,0,2.26821577904434e+39
36.54,6.43842188053506e+38,0,6.43842188053506e+38
36.55,2.0905871327013e+39,0,2.0905871327013e+39
36.56,6.06796928489639e+35,0,6.06796928489639e+35
36.57,1.62596698164804e+39,0,1.62596698164804e+39
36.58,1.46632623269912e+39,0,1.46632623269912e+39
36.59,1.54906477713013e+39,0,1.54906477713013e+39
36.6,1.15076025299479e+39,0,1.15076025299479e+39
36.61,1.55173234419856e+39,0,1.55173234419856e+39
36.62,2.08741926776856e+38,0,2.08741926776856e+38
36.63,2.0386586675028e+39,0,2.0386586675028e+39
36.64,1.52242529077638e+39,0,1.52242529077638e+39
36.65,1.0376511230505e+39,0,1.0376511230505e+39
36.66,1.20234234370957e+39,0,1.20234234370957e+39
36.67,5.42356165006166e+38,0,5.42356165006166e+38
36.68,2.37527997697964e+39,0,2.37527997697964e+39
36.69,7.11507208198546e+38,0,7.11507208198546e+38
36.7,1.54848047861866e+39,0,1.54848047861866e+39
36.71,6.37193402824871e+38,0,6.37193402824871e+38
36.72,1.45301213237399e+39,0,1.45301213237399e+39
36.73,1.35469633943898e+39,0,1.35469633943898e+39
36.74,1.46535225071243e+39,0,1.46535225071243e+39
36.75,1.43281445904163e+39,0,1.43281445904163e+39
36.76,1.38914989059144e+39,0,1.38914989059144e+39
36.77,1.69614574225007e+38,0,1.69614574225007e+38
36.78,1.66709244006536e+39,0,1.66709244006536e+39
36.79,1.49394054142923e+39,0,1.49394054142923e+39
36.8,1.01377823123656e+39,0,1.01377823123656e+39
36.81,1.16342390548447e+39,0,1.16342390548447e+39
36.82,5.83305928004985e+38,0,5.83305928004985e+38
36.83,1.04305765233499e+39,0,1.04305765233499e+39
36.84,1.22961070480421e+39,0,1.22961070480421e+39
36.85,1.49111821062862e+39,0,1.49111821062862e+39
36.86,7.29062927442223e+38,0,7.29062927442223e+38
36.87,1.2396124834434e+39,0,1.2396124834434e+39
36.88,6.32146435092445e+38,0,6.32146435092445e+38
36.89,1.24049902105661e+39,0,1.24049902105661e+39
36.9,1.37049456910996e+39,0,1.37049456910996e+39
36.91,1.26300749442381e+39,0,1.26300749442381e+39
36.92,1.40031076819901e+38,0,1.40031076819901e+38
36.93,8.06390581114185e+38,0,8.06390581114185e+38
36.94,1.1149799789599e+39,0,1.1149799789599e+39
36.95,7.27906457256828e+38,0,7.27906457256828e+38
36.96,1.32445067092814e+39,0,1.32445067092814e+39
36.97,5.71440369115015e+38,0,5.71440369115015e+38
36.98,6.20399233521844e+38,0,6.20399233521844e+38
36.99,5.58168044396846e+38,0,5.58168044396846e+38
37,1.08912376581771e+39,0,1.08912376581771e+39
37.01,7.02982498618358e+38,0,7.02982498618358e+38
37.02,1.11574565961866e+39,0,1.11574565961866e+39
37.03,5.70337805475024e+38,0,5.70337805475024e+38
37.04,2.51560404739317e+38,0,2.51560404739317e+38
37.05,9.55019374080405e+38,0,9.55019374080405e+38
37.06,1.14398735368733e+39,0,1.14398735368733e+39
37.07,1.10563182777779e+38,0,1.10563182777779e+38
37.08,7.54339021232049e+38,0,7.54339021232049e+38
37.09,6.54855823581797e+38,0,6.54855823581797e+38
37.1,8.09762822315926e+37,0,8.09762822315926e+37
37.11,9.22125710882081e+38,0,9.22125710882081e+38
37.12,5.54804641457068e+38,0,5.54804641457068e+38
37.13,4.82831692368886e+38,0,4.82831692368886e+38
37.14,4.91923129625454e+38,0,4.91923129625454e+38
37.15,6.59335314793294e+38,0,6.59335314793294e+38
37.16,7.95099756382111e+37,0,7.95099756382111e+37
37.17,7.36792964936455e+38,0,7.36792964936455e+38
37.18,5.04599529034989e+38,0,5.04599529034989e+38
37.19,2.13203625399888e+38,0,2.13203625399888e+38
37.2,5.49252870515582e+38,0,5.49252870515582e+38
37.21,2.20603478597021e+38,0,2.20603478597021e+38
37.22,3.63603598473547e+38,0,3.63603598473547e+38
37.23,2.38042663797212e+38,0,2.38042663797212e+38
37.24,7.59845160481235e+38,0,7.59845160481235e+38
37.25,6.05483040434592e+37,0,6.05483040434592e+37
37.26,5.39150136367311e+38,0,5.39150136367311e+38
37.27,5.20703441504917e+37,0,5.20703441504917e+37
37.28,3.88216228534269e+38,0,3.88216228534269e+38
37.29,2.43558637115046e+38,0,2.43558637115046e+38
37.3,5.52260664913619e+38,0,5.52260664913619e+38
37.31,5.58299464397344e+37,0,5.58299464397344e+37
37.32,3.97311639470176e+38,0,3.97311639470176e+38
37.33,6.22064372438393e+37,0,6.22064372438393e+37
37.34,1.84630899770368e+38,0,1.84630899770368e+38
37.35,2.89435860721229e+38,0,2.89435860721229e+38
37.36,1.72807628335125e+38,0,1.72807628335125e+38
37.37,2.99585238668426e+38,0,2.99585238668426e+38
37.38,3.02057853552849e+37,0,3.02057853552849e+37
37.39,3.030735467366e+38,0,3.030735467366e+38
37.4,4.38351716033428e+37,0,4.38351716033428e+37
37.41,3.19345638131585e+38,0,3.19345638131585e+38
37.42,3.38995051189974e+37,0,3.38995051189974e+37
37.43,3.08964984364272e+38,0,3.08964984364272e+38
37.44,4.47123243364172e+37,0,4.47123243364172e+37
37.45,1.37578191247435e+38,0,1.37578191247435e+38
37.46,1.02308131806085e+38,0,1.02308131806085e+38
37.47,2.22136574546024e+38,0,2.22136574546024e+38
37.48,4.63717963563383e+37,0,4.63717963563383e+37
37.49,1.58179457572571e+38,0,1.58179457572571e+38
37.5,8.80168237600477e+37,0,8.80168237600477e+37
37.51,3.05040707093978e+37,0,3.05040707093978e+37
37.52,1.48331624720156e+38,0,1.48331624720156e+38
37.53,1.99512073480643e+37,0,1.99512073480643e+37
37.54,1.61673502831695e+38,0,1.61673502831695e+38
37.55,3.05902190942115e+37,0,3.05902190942115e+37
37.56,1.52778970685339e+38,0,1.52778970685339e+38
37.57,2.03479345362656e+37,0,2.03479345362656e+37
37.58,9.21611220139791e+37,0,9.21611220139791e+37
37.59,3.22954631992983e+37,0,3.22954631992983e+37
37.6,5.78300700694814e+37,0,5.78300700694814e+37
37.61,6.59453782093246e+37,0,6.59453782093246e+37
37.62,9.53564560772669e+37,0,9.53564560772669e+37
37.63,3.27910775549466e+37,0,3.27910775549466e+37
37.64,1.03291960025816e+37,0,1.03291960025816e+37
37.65,6.33574790119458e+37,0,6.33574790119458e+37
37.66,2.03070389520003e+37,0,2.03070389520003e+37
37.67,7.24992619088791e+37,0,7.24992619088791e+37
37.68,1.08930535220379e+37,0,1.08930535220379e+37
37.69,6.42654201375955e+37,0,6.42654201375955e+37
37.7,2.12724487519894e+37,0,2.12724487519894e+37
37.71,3.6178893082235e+37,0,3.6178893082235e+37
37.72,1.00725111404968e+37,0,1.00725111404968e+37
37.73,4.01974520057776e+37,0,4.01974520057776e+37
37.74,2.20247948736526e+37,0,2.20247948736526e+37
37.75,4.86072658035373e+36,0,4.86072658035373e+36
37.76,4.27699720882543e+37,0,4.27699720882543e+37
37.77,1.31773765578025e+37,0,1.31773765578025e+37
37.78,2.2202091893144e+37,0,2.2202091893144e+37
37.79,6.82258574068605e+36,0,6.82258574068605e+36
37.8,2.54526886042399e+37,0,2.54526886042399e+37
37.81,1.32394845938994e+37,0,1.32394845938994e+37
37.82,2.43160707145445e+37,0,2.43160707145445e+37
37.83,5.65029203622573e+36,0,5.65029203622573e+36
37.84,8.43956004804164e+36,0,8.43956004804164e+36
37.85,1.47817032321248e+37,0,1.47817032321248e+37
37.86,1.15612031984207e+37,0,1.15612031984207e+37
37.87,7.49435482876953e+36,0,7.49435482876953e+36
37.88,7.87752136571649e+36,0,7.87752136571649e+36
37.89,1.43114589445665e+37,0,1.43114589445665e+37
37.9,4.37172231487749e+36,0,4.37172231487749e+36
37.91,4.57039039858574e+36,0,4.57039039858574e+36
37.92,7.84988798007614e+36,0,7.84988798007614e+36
37.93,1.00060880154388e+37,0,1.00060880154388e+37
37.94,2.42971241817702e+36,0,2.42971241817702e+36
37.95,5.14139227530908e+36,0,5.14139227530908e+36
37.96,9.36420392211251e+36,0,9.36420392211251e+36
37.97,1.11559339612579e+36,0,1.11559339612579e+36
37.98,4.34034547670106e+36,0,4.34034547670106e+36
37.99,4.95621109431784e+36,0,4.95621109431784e+36
38,5.76951074376755e+36,0,5.76951074376755e+36
38.01,2.55758441787107e+36,0,2.55758441787107e+36
38.02,3.31917379490168e+36,0,3.31917379490168e+36
38.03,5.32218170468944e+36,0,5.32218170468944e+36
38.04,2.73824745983849e+36,0,2.73824745983849e+36
38.05,1.90150951793031e+36,0,1.90150951793031e+36
38.06,3.26478769965086e+36,0,3.26478769965086e+36
38.07,4.04643269061365e+36,0,4.04643269061365e+36
38.08,1.88302025424616e+36,0,1.88302025424616e+36
38.09,2.62475307620021e+36,0,2.62475307620021e+36
38.1,4.16529124088157e+36,0,4.16529124088157e+36
38.11,1.9939057355863e+36,0,1.9939057355863e+36
38.12,2.60626989062584e+36,0,2.60626989062584e+36
38.13,3.02916432541189e+36,0,3.02916432541189e+36
38.14,2.76229512474469e+36,0,2.76229512474469e+36
38.15,1.14832384720264e+36,0,1.14832384720264e+36
38.16,3.68126781394311e+36,0,3.68126781394311e+36
38.17,1.92900724501538e+36,0,1.92900724501538e+36
38.18,2.97377278501588e+36,0,2.97377278501588e+36
38.19,1.98804637022612e+36,0,1.98804637022612e+36
38.2,3.07947165104438e+36,0,3.07947165104438e+36
38.21,2.72846614419063e+36,0,2.72846614419063e+36
38.22,2.42914076575855e+36,0,2.42914076575855e+36
38.23,1.15830771567646e+36,0,1.15830771567646e+36
38.24,4.16781789762375e+36,0,4.16781789762375e+36
38.25,2.10553496554672e+36,0,2.10553496554672e+36
38.26,1.41208556091631e+36,0,1.41208556091631e+36
38.27,4.78404968502549e+36,0,4.78404968502549e+36
38.28,2.07627177751998e+36,0,2.07627177751998e+36
38.29,2.94333009145481e+36,0,2.94333009145481e+36
38.3,2.03430738326116e+36,0,2.03430738326116e+36
38.31,3.20304256191474e+36,0,3.20304256191474e+36
38.32,3.46715818691442e+36,0,3.46715818691442e+36
38.33,2.41171573605819e+36,0,2.41171573605819e+36
38.34,8.90491603840527e+35,0,8.90491603840527e+35
38.35,5.04281003827362e+36,0,5.04281003827362e+36
38.36,2.4448544999982e+36,0,2.4448544999982e+36
38.37,1.0410369355211e+36,0,1.0410369355211e+36
38.38,5.13712405571757e+36,0,5.13712405571757e+36
38.39,2.31378611373877e+36,0,2.31378611373877e+36
38.4,2.75068732710923e+36,0,2.75068732710923e+36
38.41,2.19303851283942e+36,0,2.19303851283942e+36
38.42,3.68747734717064e+36,0,3.68747734717064e+36
38.43,2.98304162989983e+36,0,2.98304162989983e+36
38.44,2.16136227364044e+36,0,2.16136227364044e+36
38.45,2.05383055987808e+36,0,2.05383055987808e+36
38.46,5.56617763445965e+36,0,5.56617763445965e+36
38.47,2.33470911189046e+36,0,2.33470911189046e+36
38.48,2.04818142746134e+36,0,2.04818142746134e+36
38.49,4.45019808306671e+36,0,4.45019808306671e+36
38.5,3.5254268254147e+36,0,3.5254268254147e+36
38.51,2.23855939758438e+36,0,2.23855939758438e+36
38.52,1.24875517275785e+36,0,1.24875517275785e+36
38.53,5.28217815833271e+36,0,5.28217815833271e+36
38.54,2.24185664548413e+36,0,2.24185664548413e+36
38.55,2.69821470337955e+36,0,2.69821470337955e+36
38.56,2.06966766329096e+36,0,2.06966766329096e+36
38.57,5.76149402706268e+36,0,5.76149402706268e+36
38.58,2.17635511153786e+36,0,2.17635511153786e+36
38.59,1.9859568692119e+36,0,1.9859568692119e+36
38.6,2.4405729184192e+36,0,2.4405729184192e+36
38.61,4.25343288328835e+36,0,4.25343288328835e+36
38.62,2.06475295554043e+36,0,2.06475295554043e+36
38.63,2.32233954549877e+36,0,2.32233954549877e+36
38.64,5.06046046258685e+36,0,5.06046046258685e+36
38.65,2.18894973326794e+36,0,2.18894973326794e+36
38.66,2.46588315395881e+36,0,2.46588315395881e+36
38.67,1.76375808163568e+36,0,1.76375808163568e+36
38.68,2.84383827532283e+36,0,2.84383827532283e+36
38.69,4.73956165632439e+36,0,4.73956165632439e+36
38.7,1.83334318151646e+36,0,1.83334318151646e+36
38.71,4.67358495256373e+35,0,4.67358495256373e+35
38.72,5.37085906556415e+36,0,5.37085906556415e+36
38.73,2.10015656197207e+36,0,2.10015656197207e+36
38.74,1.67725978691437e+36,0,1.67725978691437e+36
38.75,3.42268061792857e+36,0,3.42268061792857e+36
38.76,2.75525133508111e+36,0,2.75525133508111e+36
38.77,2.76676282986092e+36,0,2.76676282986092e+36
38.78,1.74475783050803e+36,0,1.74475783050803e+36
38.79,2.23731696185475e+36,0,2.23731696185475e+36
38.8,3.27670067984263e+36,0,3.27670067984263e+36
38.81,1.8220273407907e+36,0,1.8220273407907e+36
38.82,9.89033958885303e+35,0,9.89033958885303e+35
38.83,4.76606998588357e+36,0,4.76606998588357e+36
38.84,1.31436775503239e+36,0,1.31436775503239e+36
38.85,1.92023710904031e+36,0,1.92023710904031e+36
38.86,2.18602119980746e+36,0,2.18602119980746e+36
38.87,3.11394186280302e+36,0,3.11394186280302e+36
38.88,2.08318760595774e+36,0,2.08318760595774e+36
38.89,5.96645354389445e+35,0,5.96645354389445e+35
38.9,2.76181665956526e+36,0,2.76181665956526e+36
38.91,2.40534120291084e+36,0,2.40534120291084e+36
38.92,1.63688955001673e+36,0,1.63688955001673e+36
38.93,1.39693164565219e+36,0,1.39693164565219e+36
38.94,3.29077268698459e+36,0,3.29077268698459e+36
38.95,1.54425392078096e+36,0,1.54425392078096e+36
38.96,1.51030045998123e+36,0,1.51030045998123e+36
38.97,1.36021384277837e+36,0,1.36021384277837e+36
38.98,1.82524879856198e+36,0,1.82524879856198e+36
38.99,1.7018193139345e+36,0,1.7018193139345e+36
39,1.73535575828576e+36,0,1.73535575828576e+36
39.01,1.21947942612763e+36,0,1.21947942612763e+36
39.02,2.72218204430281e+36,0,2.72218204430281e+36
39.03,1.39805941898589e+36,0,1.39805941898589e+36
39.04,1.25409737975511e+36,0,1.25409737975511e+36
39.05,1.17797595559565e+36,0,1.17797595559565e+36
39.06,2.48394679406936e+36,0,2.48394679406936e+36
39.07,1.30209266428922e+36,0,1.30209266428922e+36
39.08,5.43035001280788e+35,0,5.43035001280788e+35
39.09,1.65186474884223e+36,0,1.65186474884223e+36
39.1,1.489413202031e+36,0,1.489413202031e+36
39.11,1.465627740469e+36,0,1.465627740469e+36
39.12,1.03424532903336e+36,0,1.03424532903336e+36
39.13,1.49776299590271e+36,0,1.49776299590271e+36
39.14,1.50104715017856e+36,0,1.50104715017856e+36
39.15,1.06348812422121e+36,0,1.06348812422121e+36
39.16,2.00105548050891e+35,0,2.00105548050891e+35
39.17,1.61481975324121e+36,0,1.61481975324121e+36
39.18,1.23697817056182e+36,0,1.23697817056182e+36
39.19,9.28791580136052e+35,0,9.28791580136052e+35
39.2,1.08384773205449e+36,0,1.08384773205449e+36
39.21,8.99015866300662e+35,0,8.99015866300662e+35
39.22,1.51563894454704e+36,0,1.51563894454704e+36
39.23,9.07863089350256e+35,0,9.07863089350256e+35
39.24,4.72067537849157e+34,0,4.72067537849157e+34
39.25,2.0961153261145e+36,0,2.0961153261145e+36
39.26,3.46454899247069e+35,0,3.46454899247069e+35
39.27,5.91185087966627e+35,0,5.91185087966627e+35
39.28,7.37700416678676e+35,0,7.37700416678676e+35
39.29,1.00150619994303e+36,0,1.00150619994303e+36
39.3,1.00425341040473e+36,0,1.00425341040473e+36
39.31,7.2419755512916e+35,0,7.2419755512916e+35
39.32,6.27565328740377e+35,0,6.27565328740377e+35
39.33,1.08365626334278e+36,0,1.08365626334278e+36
39.34,6.69852608394965e+35,0,6.69852608394965e+35
39.35,2.66775543884524e+35,0,2.66775543884524e+35
39.36,5.99694189639408e+35,0,5.99694189639408e+35
39.37,7.91711659136683e+35,0,7.91711659136683e+35
39.38,7.06859573160246e+35,0,7.06859573160246e+35
39.39,6.07925617175429e+35,0,6.07925617175429e+35
39.4,5.26671256391405e+35,0,5.26671256391405e+35
39.41,7.35805065490484e+35,0,7.35805065490484e+35
39.42,6.45556963479822e+35,0,6.45556963479822e+35
39.43,2.16012222073418e+35,0,2.16012222073418e+35
39.44,7.33286750298994e+35,0,7.33286750298994e+35
39.45,3.25103689269663e+35,0,3.25103689269663e+35
39.46,5.66247478501865e+35,0,5.66247478501865e+35
39.47,4.325800645001e+35,0,4.325800645001e+35
39.48,4.37711331081547e+35,0,4.37711331081547e+35
39.49,5.70060044399234e+35,0,5.70060044399234e+35
39.5,4.75833799714633e+35,0,4.75833799714633e+35
39.51,1.71447956935825e+35,0,1.71447956935825e+35
39.52,5.92852789202639e+35,0,5.92852789202639e+35
39.53,1.95625980089907e+35,0,1.95625980089907e+35
39.54,4.59059762299878e+35,0,4.59059762299878e+35
39.55,2.18903799817817e+35,0,2.18903799817817e+35
39.56,4.38322190377594e+35,0,4.38322190377594e+35
39.57,4.48532793086666e+35,0,4.48532793086666e+35
39.58,2.25495263970075e+35,0,2.25495263970075e+35
39.59,2.37067374388677e+35,0,2.37067374388677e+35
39.6,4.68610112585623e+35,0,4.68610112585623e+35
39.61,5.60568150033087e+34,0,5.60568150033087e+34
39.62,4.33728580511493e+35,0,4.33728580511493e+35
39.63,1.70748226170338e+35,0,1.70748226170338e+35
39.64,2.27466980812534e+35,0,2.27466980812534e+35
39.65,4.26495211339993e+35,0,4.26495211339993e+35
39.66,1.15386290559471e+34,0,1.15386290559471e+34
39.67,2.64055736473182e+35,0,2.64055736473182e+35
39.68,4.22307524175092e+35,0,4.22307524175092e+35
39.69,5.20101537412216e+33,0,5.20101537412216e+33
39.7,2.68637210040697e+35,0,2.68637210040697e+35
39.71,3.22691133540435e+35,0,3.22691133540435e+35
39.72,7.78539729308093e+33,0,7.78539729308093e+33
39.73,2.81529387836084e+35,0,2.81529387836084e+35
39.74,8.46289299550437e+34,0,8.46289299550437e+34
39.75,1.57353637781079e+35,0,1.57353637781079e+35
39.76,2.64225870509966e+35,0,2.64225870509966e+35
39.77,8.77675430738599e+34,0,8.77675430738599e+34
39.78,1.83542005888369e+35,0,1.83542005888369e+35
39.79,1.55650021390347e+35,0,1.55650021390347e+35
39.8,9.36954279220243e+34,0,9.36954279220243e+34
39.81,1.9978076975059e+35,0,1.9978076975059e+35
39.82,6.36510840650258e+34,0,6.36510840650258e+34
39.83,9.35940077908658e+34,0,9.35940077908658e+34
39.84,2.01424358910039e+35,0,2.01424358910039e+35
39.85,6.96731095778778e+34,0,6.96731095778778e+34
39.86,9.26544086637054e+34,0,9.26544086637054e+34
39.87,1.5451432681719e+35,0,1.5451432681719e+35
39.88,6.42406491403219e+34,0,6.42406491403219e+34
39.89,9.23047038854953e+34,0,9.23047038854953e+34
39.9,9.01935278891253e+34,0,9.01935278891253e+34
39.91,6.76723624270879e+34,0,6.76723624270879e+34
39.92,1.37292663159987e+35,0,1.37292663159987e+35
39.93,5.48972584913671e+34,0,5.48972584913671e+34
39.94,6.49337338527248e+34,0,6.49337338527248e+34
39.95,1.02630751464293e+35,0,1.02630751464293e+35
39.96,4.9111839185647e+34,0,4.9111839185647e+34
39.97,6.80544548659622e+34,0,6.80544548659622e+34
39.98,5.53991627223431e+34,0,5.53991627223431e+34
39.99,5.18736327622328e+34,0,5.18736327622328e+34
40,6.74017413172726e+34,0,6.74017413172726e+34
40.01,6.2725296731693e+34,0,6.2725296731693e+34
40.02,4.76936591274336e+34,0,4.76936591274336e+34
40.03,3.6609404912776e+34,0,3.6609404912776e+34
40.04,6.31216623061573e+34,0,6.31216623061573e+34
40.05,4.95984376768483e+34,0,4.95984376768483e+34
40.06,1.26681682188433e+34,0,1.26681682188433e+34
40.07,5.82336364492628e+34,0,5.82336364492628e+34
40.08,4.903773209949e+34,0,4.903773209949e+34
40.09,1.77667401523708e+34,0,1.77667401523708e+34
40.1,5.36164091626058e+34,0,5.36164091626058e+34
40.11,1.92179297347316e+33,0,1.92179297347316e+33
40.12,4.6898876465715e+34,0,4.6898876465715e+34
40.13,5.30717340249737e+34,0,5.30717340249737e+34
40.14,5.02505729871788e+32,0,5.02505729871788e+32
40.15,2.28774069842094e+34,0,2.28774069842094e+34
40.16,5.47125929136199e+34,0,5.47125929136199e+34
40.17,5.22746739130215e+32,0,5.22746739130215e+32
40.18,2.5796138736419e+34,0,2.5796138736419e+34
40.19,2.1243635743183e+34,0,2.1243635743183e+34
40.2,2.42115631341184e+34,0,2.42115631341184e+34
40.21,1.92107021760044e+34,0,1.92107021760044e+34
40.22,2.18984675124565e+34,0,2.18984675124565e+34
40.23,1.20062765607353e+34,0,1.20062765607353e+34
40.24,1.61147928278132e+34,0,1.61147928278132e+34
40.25,2.19777230192947e+34,0,2.19777230192947e+34
40.26,1.47993938201957e+34,0,1.47993938201957e+34
40.27,1.42365857565464e+34,0,1.42365857565464e+34
40.28,1.13159024796378e+34,0,1.13159024796378e+34
40.29,1.52894921209076e+34,0,1.52894921209076e+34
40.3,1.46775005793507e+34,0,1.46775005793507e+34
40.31,0,0,0
40.32,1.64424098577336e+34,0,1.64424098577336e+34
40.33,1.44716869448361e+34,0,1.44716869448361e+34
40.34,0,0,0
40.35,1.69736682916719e+34,0,1.69736682916719e+34
40.36,7.45180446232245e+33,0,7.45180446232245e+33
40.37,7.82084191640746e+33,0,7.82084191640746e+33
40.38,9.69336960035893e+33,0,9.69336960035893e+33
40.39,0,0,0
40.4,8.79926898861651e+33,0,8.79926898861651e+33
40.41,9.26476389185295e+33,0,9.26476389185295e+33
40.42,0,0,0
40.43,9.08107483674952e+33,0,9.08107483674952e+33
40.44,4.7710246794629e+33,0,4.7710246794629e+33
40.45,0,0,0
40.46,9.36775979138411e+33,0,9.36775979138411e+33
40.47,0,0,0
40.48,0,0,0
40.49,9.65932036557376e+33,0,9.65932036557376e+33
40.5,0,0,0
40.51,8.28529926249067e+32,0,8.28529926249067e+32
40.52,6.1715375834779e+33,0,6.1715375834779e+33
40.53,0,0,0
40.54,8.55352908736791e+32,0,8.55352908736791e+32
40.55,3.31535396238342e+33,0,3.31535396238342e+33
40.56,0,0,0
40.57,8.82648416675563e+32,0,8.82648416675563e+32
40.58,3.41650635356885e+33,0,3.41650635356885e+33
40.59,0,0,0
40.6,9.10416278728584e+32,0,9.10416278728584e+32
40.61,1.75965412945412e+33,0,1.75965412945412e+33
40.62,0,0,0
40.63,9.38656244758222e+32,0,9.38656244758222e+32
40.64,0,0,0
40.65,0,0,0
40.66,9.67367988779899e+32,0,9.67367988779899e+32
40.67,0,0,0
40.68,0,0,0
40.69,4.98275555940964e+32,0,4.98275555940964e+32
40.7,0,0,0
40.71,0,0,0
40.72,0,0,0
40.73,0,0,0
40.74,0,0,0
40.75,0,0,0
40.76,0,0,0
40.77,0,0,0
40.78,0,0,0
40.79,0,0,0
40.8,0,0,0
40.81,0,0,0
40.82,0,0,0
40.83,0,0,0
40.84,0,0,0
40.85,0,0,0
40.86,0,0,0
40.87,0,0,0
40.88,0,0,0
40.89,0,0,0
40.9,0,0,0
40.91,0,0,0
40.92,0,0,0
40.93,0,0,0
40.94,0,0,0
40.95,0,0,0
40.96,0,0,0
40.97,0,0,0
40.98,0,0,0
40.99,0,0,0
41,0,0,0
41.01,0,0,0
41.02,0,0,0
41.03,0,0,0
41.04,0,0,0
41.05,0,0,0
41.06,0,0,0
41.07,0,0,0
41.08,0,0,0
41.09,0,0,0
41.1,0,0,0
41.11,0,0,0
41.12,0,0,0
41.13,0,0,0
41.14,0,0,0
41.15,0,0,0
41.16,0,0,0
41.17,0,0,0
41.18,0,0,0
41.19,0,0,0
41.2,0,0,0
41.21,0,0,0
41.22,0,0,0
41.23,0,0,0
41.24,0,0,0
41.25,0,0,0
41.26,0,0,0
41.27,0,0,0
41.28,0,0,0
41.29,0,0,0
41.3,0,0,0
41.31,0,0,0
41.32,0,0,0
41.33,0,0,0
41.34,0,0,0
41.35,0,0,0
41.36,0,0,0
41.37,0,0,0
41.38,0,0,0
41.39,0,0,0
41.4,0,0,0
41.41,0,0,0
41.42,0,0,0
41.43,0,0,0
41.44,0,0,0
41.45,0,0,0
41.46,0,0,0
41.47,0,0,0
41.48,0,0,0
41.49,0,0,0
41.5,0,0,0
41.51,0,0,0
41.52,0,0,0
41.53,0,0,0
41.54,0,0,0
41.55,0,0,0
41.56,0,0,0
41.57,0,0,0
41.58,0,0,0
41.59,0,0,0
41.6,0,0,0
41.61,0,0,0
41.62,0,0,0
41.63,0,0,0
41.64,0,0,0
41.65,0,0,0
41.66,0,0,0
41.67,0,0,0
41.68,0,0,0
41.69,0,0,0
41.7,0,0,0
41.71,0,0,0
41.72,0,0,0
41.73,0,0,0
41.74,0,0,0
41.75,0,0,0
41.76,0,0,0
41.77,0,0,0
41.78,0,0,0
41.79,0,0,0
41.8,0,0,0
41.81,0,0,0
41.82,0,0,0
41.83,0,0,0
41.84,0,0,0
41.85,0,0,0
41.86,0,0,0
41.87,0,0,0
41.88,0,0,0
41.89,0,0,0
41.9,0,0,0
41.91,0,0,0
41.92,0,0,0
41.93,0,0,0
41.94,0,0,0
41.95,0,0,0
41.96,0,0,0
41.97,0,0,0
41.98,0,0,0
41.99,0,0,0
42,0,0,0
42.01,0,0,0
42.02,0,0,0
42.03,0,0,0
42.04,0,0,0
42.05,0,0,0
42.06,0,0,0
42.07,0,0,0
42.08,0,0,0
42.09,0,0,0
42.1,0,0,0
42.11,0,0,0
42.12,0,0,0
42.13,0,0,0
42.14,0,0,0
42.15,0,0,0
42.16,0,0,0
42.17,0,0,0
42.18,0,0,0
42.19,0,0,0
42.2,0,0,0
42.21,0,0,0
42.22,0,0,0
42.23,0,0,0
42.24,0,0,0
42.25,0,0,0
42.26,0,0,0
42.27,0,0,0
42.28,0,0,0
42.29,0,0,0
42.3,0,0,0
42.31,0,0,0
42.32,0,0,0
42.33,0,0,0
42.34,0,0,0
42.35,0,0,0
42.36,0,0,0
42.37,0,0,0
42.38,0,0,0
42.39,0,0,0
42.4,0,0,0
42.41,0,0,0
42.42,0,0,0
42.43,0,0,0
42.44,0,0,0
42.45,0,0,0
42.46,0,0,0
42.47,0,0,0
42.48,0,0,0
42.49,0,0,0
42.5,0,0,0
42.51,0,0,0
42.52,0,0,0
42.53,0,0,0
42.54,0,0,0
42.55,0,0,0
42.56,0,0,0
42.57,0,0,0
42.58,0,0,0
42.59,0,0,0
42.6,0,0,0
42.61,0,0,0
42.62,0,0,0
42.63,0,0,0
42.64,0,0,0
42.65,0,0,0
42.66,0,0,0
42.67,0,0,0
42.68,0,0,0
42.69,0,0,0
42.7,0,0,0
42.71,0,0,0
42.72,0,0,0
42.73,0,0,0
42.74,0,0,0
42.75,0,0,0
42.76,0,0,0
42.77,0,0,0
42.78,0,0,0
42.79,0,0,0
42.8,0,0,0
42.81,0,0,0
42.82,0,0,0
42.83,0,0,0
42.84,0,0,0
42.85,0,0,0
42.86,0,0,0
42.87,0,0,0
42.88,0,0,0
42.89,0,0,0
42.9,0,0,0
42.91,0,0,0
42.92,0,0,0
42.93,0,0,0
42.94,0,0,0
42.95,0,0,0
42.96,0,0,0
42.97,0,0,0
42.98,0,0,0
42.99,0,0,0
43,0,0,0
43.01,0,0,0
43.02,0,0,0
43.03,0,0,0
43.04,0,0,0
43.05,0,0,0
43.06,0,0,0
43.07,0,0,0
43.08,0,0,0
43.09,0,0,0
43.1,0,0,0
43.11,0,0,0
43.12,0,0,0
43.13,0,0,0
43.14,0,0,0
43.15,0,0,0
43.16,0,0,0
43.17,0,0,0
43.18,0,0,0
43.19,0,0,0
43.2,0,0,0
43.21,0,0,0
43.22,0,0,0
43.23,0,0,0
43.24,0,0,0
43.25,0,0,0
43.26,0,0,0
43.27,0,0,0
43.28,0,0,0
43.29,0,0,0
43.3,0,0,0
43.31,0,0,0
43.32,0,0,0
43.33,0,0,0
43.34,0,0,0
43.35,0,0,0
43.36,0,0,0
43.37,0,0,0
43.38,0,0,0
43.39,0,0,0
43.4,0,0,0
43.41,0,0,0
43.42,0,0,0
43.43,0,0,0
43.44,0,0,0
43.45,0,0,0
43.46,0,0,0
43.47,0,0,0
43.48,0,0,0
43.49,0,0,0
43.5,0,0,0
43.51,0,0,0
43.52,0,0,0
43.53,0,0,0
43.54,0,0,0
43.55,0,0,0
43.56,0,0,0
43.57,0,0,0
43.58,0,0,0
43.59,0,0,0
43.6,0,0,0
43.61,0,0,0
43.62,0,0,0
43.63,0,0,0
43.64,0,0,0
43.65,0,0,0
43.66,0,0,0
43.67,0,0,0
43.68,0,0,0
43.69,0,0,0
43.7,0,0,0
43.71,0,0,0
43.72,0,0,0
43.73,0,0,0
43.74,0,0,0
43.75,0,0,0
43.76,0,0,0
43.77,0,0,0
43.78,0,0,0
43.79,0,0,0
43.8,0,0,0
43.81,0,0,0
43.82,0,0,0
43.83,0,0,0
43.84,0,0,0
43.85,0,0,0
43.86,0,0,0
43.87,0,0,0
43.88,0,0,0
43.89,0,0,0
43.9,0,0,0
43.91,0,0,0
43.92,0,0,0
43.93,0,0,0
43.94,0,0,0
43.95,0,0,0
43.96,0,0,0
43.97,0,0,0
43.98,0,0,0
43.99,0,0,0
44,0,0,0
44.01,0,0,0
44.02,0,0,0
44.03,0,0,0
44.04,0,0,0
44.05,0,0,0
44.06,0,0,0
44.07,0,0,0
44.08,0,0,0
44.09,0,0,0
44.1,0,0,0
44.11,0,0,0
44.12,0,0,0
44.13,0,0,0
44.14,0,0,0
44.15,0,0,0
44.16,0,0,0
44.17,0,0,0
44.18,0,0,0
44.19,0,0,0
44.2,0,0,0
44.21,0,0,0
44.22,0,0,0
44.23,0,0,0
44.24,0,0,0
44.25,0,0,0
44.26,0,0,0
44.27,0,0,0
44.28,0,0,0
44.29,0,0,0
44.3,0,0,0
44.31,0,0,0
44.32,0,0,0
44.33,0,0,0
44.34,0,0,0
44.35,0,0,0
44.36,0,0,0
44.37,0,0,0
44.38,0,0,0
44.39,0,0,0
44.4,0,0,0
44.41,0,0,0
44.42,0,0,0
44.43,0,0,0
44.44,0,0,0
44.45,0,0,0
44.46,0,0,0
44.47,0,0,0
44.48,0,0,0
44.49,0,0,0
44.5,0,0,0
44.51,0,0,0
44.52,0,0,0
44.53,0,0,0
44.54,0,0,0
44.55,0,0,0
44.56,0,0,0
44.57,0,0,0
44.58,0,0,0
44.59,0,0,0
44.6,0,0,0
44.61,0,0,0
44.62,0,0,0
44.63,0,0,0
44.64,0,0,0
44.65,0,0,0
44.66,0,0,0
44.67,0,0,0
44.68,0,0,0
44.69,0,0,0
44.7,0,0,0
44.71,0,0,0
44.72,0,0,0
44.73,0,0,0
44.74,0,0,0
44.75,0,0,0
44.76,0,0,0
44.77,0,0,0
44.78,0,0,0
44.79,0,0,0
44.8,0,0,0
44.81,0,0,0
44.82,0,0,0
44.83,0,0,0
44.84,0,0,0
44.85,0,0,0
44.86,0,0,0
44.87,0,0,0
44.88,0,0,0
44.89,0,0,0
44.9,0,0,0
44.91,0,0,0
44.92,0,0,0
44.93,0,0,0
44.94,0,0,0
44.95,0,0,0
44.96,0,0,0
44.97,0,0,0
44.98,0,0,0
44.99,0,0,0
45,0,0,0
45.01,0,0,0
45.02,0,0,0
45.03,0,0,0
45.04,0,0,0
45.05,0,0,0
45.06,0,0,0
45.07,0,0,0
45.08,0,0,0
45.09,0,0,0
45.1,0,0,0
45.11,0,0,0
45.12,0,0,0
45.13,0,0,0
45.14,0,0,0
45.15,0,0,0
45.16,0,0,0
45.17,0,0,0
45.18,0,0,0
45.19,0,0,0
45.2,0,0,0
45.21,0,0,0
45.22,0,0,0
45.23,0,0,0
45.24,0,0,0
45.25,0,0,0
45.26,0,0,0
45.27,0,0,0
45.28,0,0,0
45.29,0,0,0
45.3,0,0,0
45.31,0,0,0
45.32,0,0,0
45.33,0,0,0
45.34,0,0,0
45.35,0,0,0
45.36,0,0,0
45.37,0,0,0
45.38,0,0,0
45.39,0,0,0
45.4,0,0,0
45.41,0,0,0
45.42,0,0,0
45.43,0,0,0
45.44,0,0,0
45.45,0,0,0
45.46,0,0,0
45.47,0,0,0
45.48,0,0,0
45.49,0,0,0
45.5,0,0,0
45.51,0,0,0
45.52,0,0,0
45.53,0,0,0
45.54,0,0,0
45.55,0,0,0
45.56,0,0,0
45.57,0,0,0
45.58,0,0,0
45.59,0,0,0
45.6,0,0,0
45.61,0,0,0
45.62,0,0,0
45.63,0,0,0
45.64,0,0,0
45.65,0,0,0
45.66,0,0,0
45.67,0,0,0
45.68,0,0,0
45.69,0,0,0
45.7,0,0,0
45.71,0,0,0
45.72,0,0,0
45.73,0,0,0
45.74,0,0,0
45.75,0,0,0
45.76,0,0,0
45.77,0,0,0
45.78,0,0,0
45.79,0,0,0
45.8,0,0,0
45.81,0,0,0
45.82,0,0,0
45.83,0,0,0
45.84,0,0,0
45.85,0,0,0
45.86,0,0,0
45.87,0,0,0
45.88,0,0,0
45.89,0,0,0
45.9,0,0,0
45.91,0,0,0
45.92,0,0,0
45.93,0,0,0
45.94,0,0,0
45.95,0,0,0
45.96,0,0,0
45.97,0,0,0
45.98,0,0,0
45.99,0,0,0
46,0,0,0
46.01,0,0,0
46.02,0,0,0
46.03,0,0,0
46.04,0,0,0
46.05,0,0,0
46.06,0,0,0
46.07,0,0,0
46.08,0,0,0
46.09,0,0,0
46.1,0,0,0
46.11,0,0,0
46.12,0,0,0
46.13,0,0,0
46.14,0,0,0
46.15,0,0,0
46.16,0,0,0
46.17,0,0,0
46.18,0,0,0
46.19,0,0,0
46.2,0,0,0
46.21,0,0,0
46.22,0,0,0
46.23,0,0,0
46.24,0,0,0
46.25,0,0,0
46.26,0,0,0
46.27,0,0,0
46.28,0,0,0
46.29,0,0,0
46.3,0,0,0
46.31,0,0,0
46.32,0,0,0
46.33,0,0,0
46.34,0,0,0
46.35,0,0,0
46.36,0,0,0
46.37,0,0,0
46.38,0,0,0
46.39,0,0,0
46.4,0,0,0
46.41,0,0,0
46.42,0,0,0
46.43,0,0,0
46.44,0,0,0
46.45,0,0,0
46.46,0,0,0
46.47,0,0,0
46.48,0,0,0
46.49,0,0,0
46.5,0,0,0
46.51,0,0,0
46.52,0,0,0
46.53,0,0,0
46.54,0,0,0
46.55,0,0,0
46.56,0,0,0
46.57,0,0,0
46.58,0,0,0
46.59,0,0,0
46.6,0,0,0
46.61,0,0,0
46.62,0,0,0
46.63,0,0,0
46.64,0,0,0
46.65,0,0,0
46.66,0,0,0
46.67,0,0,0
46.68,0,0,0
46.69,0,0,0
46.7,0,0,0
46.71,0,0,0
46.72,0,0,0
46.73,0,0,0
46.74,0,0,0
46.75,0,0,0
46.76,0,0,0
46.77,0,0,0
46.78,0,0,0
46.79,0,0,0
46.8,0,0,0
46.81,0,0,0
46.82,0,0,0
46.83,0,0,0
46.84,0,0,0
46.85,0,0,0
46.86,0,0,0
46.87,0,0,0
46.88,0,0,0
46.89,0,0,0
46.9,0,0,0
46.91,0,0,0
46.92,0,0,0
46.93,0,0,0
46.94,0,0,0
46.95,0,0,0
46.96,0,0,0
46.97,0,0,0
46.98,0,0,0
46.99,0,0,0
47,0,0,0
47.01,0,0,0
47.02,0,0,0
47.03,0,0,0
47.04,0,0,0
47.05,0,0,0
47.06,0,0,0
47.07,0,0,0
47.08,0,0,0
47.09,0,0,0
47.1,0,0,0
47.11,0,0,0
47.12,0,0,0
47.13,0,0,0
47.14,0,0,0
47.15,0,0,0
47.16,0,0,0
47.17,0,0,0
47.18,0,0,0
47.19,0,0,0
47.2,0,0,0
47.21,0,0,0
47.22,0,0,0
47.23,0,0,0
47.24,0,0,0
47.25,0,0,0
47.26,0,0,0
47.27,0,0,0
47.28,0,0,0
47.29,0,0,0
47.3,0,0,0
47.31,0,0,0
47.32,0,0,0
47.33,0,0,0
47.34,0,0,0
47.35,0,0,0
47.36,0,0,0
47.37,0,0,0
47.38,0,0,0
47.39,0,0,0
47.4,0,0,0
47.41,0,0,0
47.42,0,0,0
47.43,0,0,0
47.44,0,0,0
47.45,0,0,0
47.46,0,0,0
47.47,0,0,0
47.48,0,0,0
47.49,0,0,0
47.5,0,0,0
47.51,0,0,0
47.52,0,0,0
47.53,0,0,0
47.54,0,0,0
47.55,0,0,0
47.56,0,0,0
47.57,0,0,0
47.58,0,0,0
47.59,0,0,0
47.6,0,0,0
47.61,0,0,0
47.62,0,0,0
47.63,0,0,0
47.64,0,0,0
47.65,0,0,0
47.66,0,0,0
47.67,0,0,0
47.68,0,0,0
47.69,0,0,0
47.7,0,0,0
47.71,0,0,0
47.72,0,0,0
47.73,0,0,0
47.74,0,0,0
47.75,0,0,0
47.76,0,0,0
47.77,0,0,0
47.78,0,0,0
47.79,0,0,0
47.8,0,0,0
47.81,0,0,0
47.82,0,0,0
47.83,0,0,0
47.84,0,0,0
47.85,0,0,0
47.86,0,0,0
47.87,0,0,0
47.88,0,0,0
47.89,0,0,0
47.9,0,0,0
47.91,0,0,0
47.92,0,0,0
47.93,0,0,0
47.94,0,0,0
47.95,0,0,0
47.96,0,0,0
47.97,0,0,0
47.98,0,0,0
47.99,0,0,0
48,0,0,0
48.01,0,0,0
48.02,0,0,0
48.03,0,0,0
48.04,0,0,0
48.05,0,0,0
48.06,0,0,0
48.07,0,0,0
48.08,0,0,0
48.09,0,0,0
48.1,0,0,0
48.11,0,0,0
48.12,0,0,0
48.13,0,0,0
48.14,0,0,0
48.15,0,0,0
48.16,0,0,0
48.17,0,0,0
48.18,0,0,0
48.19,0,0,0
48.2,0,0,0
48.21,0,0,0
48.22,0,0,0
48.23,0,0,0
48.24,0,0,0
48.25,0,0,0
48.26,0,0,0
48.27,0,0,0
48.28,0,0,0
48.29,0,0,0
48.3,0,0,0
48.31,0,0,0
48.32,0,0,0
48.33,0,0,0
48.34,0,0,0
48.35,0,0,0
48.36,0,0,0
48.37,0,0,0
48.38,0,0,0
48.39,0,0,0
48.4,0,0,0
48.41,0,0,0
48.42,0,0,0
48.43,0,0,0
48.44,0,0,0
48.45,0,0,0
48.46,0,0,0
48.47,0,0,0
48.48,0,0,0
48.49,0,0,0
48.5,0,0,0
48.51,0,0,0
48.52,0,0,0
48.53,0,0,0
48.54,0,0,0
48.55,0,0,0
48.56,0,0,0
48.57,0,0,0
48.58,0,0,0
48.59,0,0,0
48.6,0,0,0
48.61,0,0,0
48.62,0,0,0
48.63,0,0,0
48.64,0,0,0
48.65,0,0,0
48.66,0,0,0
48.67,0,0,0
48.68,0,0,0
48.69,0,0,0
48.7,0,0,0
48.71,0,0,0
48.72,0,0,0
48.73,0,0,0
48.74,0,0,0
48.75,0,0,0
48.76,0,0,0
48.77,0,0,0
48.78,0,0,0
48.79,0,0,0
48.8,0,0,0
48.81,0,0,0
48.82,0,0,0
48.83,0,0,0
48.84,0,0,0
48.85,0,0,0
48.86,0,0,0
48.87,0,0,0
48.88,0,0,0
48.89,0,0,0
48.9,0,0,0
48.91,0,0,0
48.92,0,0,0
48.93,0,0,0
48.94,0,0,0
48.95,0,0,0
48.96,0,0,0
48.97,0,0,0
48.98,0,0,0
48.99,0,0,0
49,0,0,0
49.01,0,0,0
49.02,0,0,0
49.03,0,0,0
49.04,0,0,0
49.05,0,0,0
49.06,0,0,0
49.07,0,0,0
49.08,0,0,0
49.09,0,0,0
49.1,0,0,0
49.11,0,0,0
49.12,0,0,0
49.13,0,0,0
49.14,0,0,0
49.15,0,0,0
49.16,0,0,0
49.17,0,0,0
49.18,0,0,0
49.19,0,0,0
49.2,0,0,0
49.21,0,0,0
49.22,0,0,0
49.23,0,0,0
49.24,0,0,0
49.25,0,0,0
49.26,0,0,0
49.27,0,0,0
49.28,0,0,0
49.29,0,0,0
49.3,0,0,0
49.31,0,0,0
49.32,0,0,0
49.33,0,0,0
49.34,0,0,0
49.35,0,0,0
49.36,0,0,0
49.37,0,0,0
49.38,0,0,0
49.39,0,0,0
49.4,0,0,0
49.41,0,0,0
49.42,0,0,0
49.43,0,0,0
49.44,0,0,0
49.45,0,0,0
49.46,0,0,0
49.47,0,0,0
49.48,0,0,0
49.49,0,0,0
49.5,0,0,0
49.51,0,0,0
49.52,0,0,0
49.53,0,0,0
49.54,0,0,0
49.55,0,0,0
49.56,0,0,0
49.57,0,0,0
49.58,0,0,0
49.59,0,0,0
49.6,0,0,0
49.61,0,0,0
49.62,0,0,0
49.63,0,0,0
49.64,0,0,0
49.65,0,0,0
49.66,0,0,0
49.67,0,0,0
49.68,0,0,0
49.69,0,0,0
49.7,0,0,0
49.71,0,0,0
49.72,0,0,0
49.73,0,0,0
49.74,0,0,0
49.75,0,0,0
49.76,0,0,0
49.77,0,0,0
49.78,0,0,0
49.79,0,0,0
49.8,0,0,0
49.81,0,0,0
49.82,0,0,0
49.83,0,0,0
49.84,0,0,0
49.85,0,0,0
49.86,0,0,0
49.87,0,0,0
49.88,0,0,0
49.89,0,0,0
49.9,0,0,0
49.91,0,0,0
49.92,0,0,0
49.93,0,0,0
49.94,0,0,0
49.95,0,0,0
49.96,0,0,0
49.97,0,0,0
49.98,0,0,0
49.99,0,0,0
50,0,0,0
50.01,0,0,0
50.02,0,0,0
50.03,0,0,0
50.04,0,0,0
50.05,0,0,0
50.06,0,0,0
50.07,0,0,0
50.08,0,0,0
50.09,0,0,0
50.1,0,0,0
50.11,0,0,0
50.12,0,0,0
50.13,0,0,0
50.14,0,0,0
50.15,0,0,0
50.16,0,0,0
50.17,0,0,0
50.18,0,0,0
50.19,0,0,0
50.2,0,0,0
50.21,0,0,0
50.22,0,0,0
50.23,0,0,0
50.24,0,0,0
50.25,0,0,0
50.26,0,0,0
50.27,0,0,0
50.28,0,0,0
50.29,0,0,0
50.3,0,0,0
50.31,0,0,0
50.32,0,0,0
50.33,0,0,0
50.34,0,0,0
50.35,0,0,0
50.36,0,0,0
50.37,0,0,0
50.38,0,0,0
50.39,0,0,0
50.4,0,0,0
50.41,0,0,0
50.42,0,0,0
50.43,0,0,0
50.44,0,0,0
50.45,0,0,0
50.46,0,0,0
50.47,0,0,0
50.48,0,0,0
50.49,0,0,0
50.5,0,0,0
50.51,0,0,0
50.52,0,0,0
50.53,0,0,0
50.54,0,0,0
50.55,0,0,0
50.56,0,0,0
50.57,0,0,0
50.58,0,0,0
50.59,0,0,0
50.6,0,0,0
50.61,0,0,0
50.62,0,0,0
50.63,0,0,0
50.64,0,0,0
50.65,0,0,0
50.66,0,0,0
50.67,0,0,0
50.68,0,0,0
50.69,0,0,0
50.7,0,0,0
50.71,0,0,0
50.72,0,0,0
50.73,0,0,0
50.74,0,0,0
50.75,0,0,0
50.76,0,0,0
50.77,0,0,0
50.78,0,0,0
50.79,0,0,0
50.8,0,0,0
50.81,0,0,0
50.82,0,0,0
50.83,0,0,0
50.84,0,0,0
50.85,0,0,0
50.86,0,0,0
50.87,0,0,0
50.88,0,0,0
50.89,0,0,0
50.9,0,0,0
50.91,0,0,0
50.92,0,0,0
50.93,0,0,0
50.94,0,0,0
50.95,0,0,0
50.96,0,0,0
50.97,0,0,0
50.98,0,0,0
50.99,0,0,0
51,0,0,0
51.01,0,0,0
51.02,0,0,0
51.03,0,0,0
51.04,0,0,0
51.05,0,0,0
51.06,0,0,0
51.07,0,0,0
51.08,0,0,0
51.09,0,0,0
51.1,0,0,0
51.11,0,0,0
51.12,0,0,0
51.13,0,0,0
51.14,0,0,0
51.15,0,0,0
51.16,0,0,0
51.17,0,0,0
51.18,0,0,0
51.19,0,0,0
51.2,0,0,0
51.21,0,0,0
51.22,0,0,0
51.23,0,0,0
51.24,0,0,0
51.25,0,0,0
51.26,0,0,0
51.27,0,0,0
51.28,0,0,0
51.29,0,0,0
51.3,0,0,0
51.31,0,0,0
51.32,0,0,0
51.33,0,0,0
51.34,0,0,0
51.35,0,0,0
51.36,0,0,0
51.37,0,0,0
51.38,0,0,0
51.39,0,0,0
51.4,0,0,0
51.41,0,0,0
51.42,0,0,0
51.43,0,0,0
51.44,0,0,0
51.45,0,0,0
51.46,0,0,0
51.47,0,0,0
51.48,0,0,0
51.49,0,0,0
51.5,0,0,0
51.51,0,0,0
51.52,0,0,0
51.53,0,0,0
51.54,0,0,0
51.55,0,0,0
51.56,0,0,0
51.57,0,0,0
51.58,0,0,0
51.59,0,0,0
51.6,0,0,0
51.61,0,0,0
51.62,0,0,0
51.63,0,0,0
51.64,0,0,0
51.65,0,0,0
51.66,0,0,0
51.67,0,0,0
51.68,0,0,0
51.69,0,0,0
51.7,0,0,0
51.71,0,0,0
51.72,0,0,0
51.73,0,0,0
51.74,0,0,0
51.75,0,0,0
51.76,0,0,0
51.77,0,0,0
51.78,0,0,0
51.79,0,0,0
51.8,0,0,0
51.81,0,0,0
51.82,0,0,0
51.83,0,0,0
51.84,0,0,0
51.85,0,0,0
51.86,0,0,0
51.87,0,0,0
51.88,0,0,0
51.89,0,0,0
51.9,0,0,0
51.91,0,0,0
51.92,0,0,0
51.93,0,0,0
51.94,0,0,0
51.95,0,0,0
51.96,0,0,0
51.97,0,0,0
51.98,0,0,0
51.99,0,0,0
52,0,0,0
52.01,0,0,0
52.02,0,0,0
52.03,0,0,0
52.04,0,0,0
52.05,0,0,0
52.06,0,0,0
52.07,0,0,0
52.08,0,0,0
52.09,0,0,0
52.1,0,0,0
52.11,0,0,0
52.12,0,0,0
52.13,0,0,0
52.14,0,0,0
52.15,0,0,0
52.16,0,0,0
52.17,0,0,0
52.18,0,0,0
52.19,0,0,0
52.2,0,0,0
52.21,0,0,0
52.22,0,0,0
52.23,0,0,0
52.24,0,0,0
52.25,0,0,0
52.26,0,0,0
52.27,0,0,0
52.28,0,0,0
52.29,0,0,0
52.3,0,0,0
52.31,0,0,0
52.32,0,0,0
52.33,0,0,0
52.34,0,0,0
52.35,0,0,0
52.36,0,0,0
52.37,0,0,0
52.38,0,0,0
52.39,0,0,0
52.4,0,0,0
52.41,0,0,0
52.42,0,0,0
52.43,0,0,0
52.44,0,0,0
52.45,0,0,0
52.46,0,0,0
52.47,0,0,0
52.48,0,0,0
52.49,0,0,0
52.5,0,0,0
52.51,0,0,0
52.52,0,0,0
52.53,0,0,0
52.54,0,0,0
52.55,0,0,0
52.56,0,0,0
52.57,0,0,0
52.58,0,0,0
52.59,0,0,0
52.6,0,0,0
52.61,0,0,0
52.62,0,0,0
52.63,0,0,0
52.64,0,0,0
52.65,0,0,0
52.66,0,0,0
52.67,0,0,0
52.68,0,0,0
52.69,0,0,0
52.7,0,0,0
52.71,0,0,0
52.72,0,0,0
52.73,0,0,0
52.74,0,0,0
52.75,0,0,0
52.76,0,0,0
52.77,0,0,0
52.78,0,0,0
52.79,0,0,0
52.8,0,0,0
52.81,0,0,0
52.82,0,0,0
52.83,0,0,0
52.84,0,0,0
52.85,0,0,0
52.86,0,0,0
52.87,0,0,0
52.88,0,0,0
52.89,0,0,0
52.9,0,0,0
52.91,0,0,0
52.92,0,0,0
52.93,0,0,0
52.94,0,0,0
52.95,0,0,0
52.96,0,0,0
52.97,0,0,0
52.98,0,0,0
52.99,0,0,0
53,0,0,0
53.01,0,0,0
53.02,0,0,0
53.03,0,0,0
53.04,0,0,0
53.05,0,0,0
53.06,0,0,0
53.07,0,0,0
53.08,0,0,0
53.09,0,0,0
53.1,0,0,0
53.11,0,0,0
53.12,0,0,0
53.13,0,0,0
53.14,0,0,0
53.15,0,0,0
53.16,0,0,0
53.17,0,0,0
53.18,0,0,0
53.19,0,0,0
53.2,0,0,0
53.21,0,0,0
53.22,0,0,0
53.23,0,0,0
53.24,0,0,0
53.25,0,0,0
53.26,0,0,0
53.27,0,0,0
53.28,0,0,0
53.29,0,0,0
53.3,0,0,0
53.31,0,0,0
53.32,0,0,0
53.33,0,0,0
53.34,0,0,0
53.35,0,0,0
53.36,0,0,0
53.37,0,0,0
53.38,0,0,0
53.39,0,0,0
53.4,0,0,0
53.41,0,0,0
53.42,0,0,0
53.43,0,0,0
53.44,0,0,0
53.45,0,0,0
53.46,0,0,0
53.47,0,0,0
53.48,0,0,0
53.49,0,0,0
53.5,0,0,0
53.51,0,0,0
53.52,0,0,0
53.53,0,0,0
53.54,0,0,0
53.55,0,0,0
53.56,0,0,0
53.57,0,0,0
53.58,0,0,0
53.59,0,0,0
53.6,0,0,0
53.61,0,0,0
53.62,0,0,0
53.63,0,0,0
53.64,0,0,0
53.65,0,0,0
53.66,0,0,0
53.67,0,0,0
53.68,0,0,0
53.69,0,0,0
53.7,0,0,0
53.71,0,0,0
53.72,0,0,0
53.73,0,0,0
53.74,0,0,0
53.75,0,0,0
53.76,0,0,0
53.77,0,0,0
53.78,0,0,0
53.79,0,0,0
53.8,0,0,0
53.81,0,0,0
53.82,0,0,0
53.83,0,0,0
53.84,0,0,0
53.85,0,0,0
53.86,0,0,0
53.87,0,0,0
53.88,0,0,0
53.89,0,0,0
53.9,0,0,0
53.91,0,0,0
53.92,0,0,0
53.93,0,0,0
53.94,0,0,0
53.95,0,0,0
53.96,0,0,0
53.97,0,0,0
53.98,0,0,0
53.99,0,0,0
54,0,0,0
54.01,0,0,0
54.02,0,0,0
54.03,0,0,0
54.04,0,0,0
54.05,0,0,0
54.06,0,0,0
54.07,0,0,0
54.08,0,0,0
54.09,0,0,0
54.1,0,0,0
54.11,0,0,0
54.12,0,0,0
54.13,0,0,0
54.14,0,0,0
54.15,0,0,0
54.16,0,0,0
54.17,0,0,0
54.18,0,0,0
54.19,0,0,0
54.2,0,0,0
54.21,0,0,0
54.22,0,0,0
54.23,0,0,0
54.24,0,0,0
54.25,0,0,0
54.26,0,0,0
54.27,0,0,0
54.28,0,0,0
54.29,0,0,0
54.3,0,0,0
54.31,0,0,0
54.32,0,0,0
54.33,0,0,0
54.34,0,0,0
54.35,0,0,0
54.36,0,0,0
54.37,0,0,0
54.38,0,0,0
54.39,0,0,0
54.4,0,0,0
54.41,0,0,0
54.42,0,0,0
54.43,0,0,0
54.44,0,0,0
54.45,0,0,0
54.46,0,0,0
54.47,0,0,0
54.48,0,0,0
54.49,0,0,0
54.5,0,0,0
54.51,0,0,0
54.52,0,0,0
54.53,0,0,0
54.54,0,0,0
54.55,0,0,0
54.56,0,0,0
54.57,0,0,0
54.58,0,0,0
54.59,0,0,0
54.6,0,0,0
54.61,0,0,0
54.62,0,0,0
54.63,0,0,0
54.64,0,0,0
54.65,0,0,0
54.66,0,0,0
54.67,0,0,0
54.68,0,0,0
54.69,0,0,0
54.7,0,0,0
54.71,0,0,0
54.72,0,0,0
54.73,0,0,0
54.74,0,0,0
54.75,0,0,0
54.76,0,0,0
54.77,0,0,0
54.78,0,0,0
54.79,0,0,0
54.8,0,0,0
54.81,0,0,0
54.82,0,0,0
54.83,0,0,0
54.84,0,0,0
54.85,0,0,0
54.86,0,0,0
54.87,0,0,0
54.88,0,0,0
54.89,0,0,0
54.9,0,0,0
54.91,0,0,0
54.92,0,0,0
54.93,0,0,0
54.94,0,0,0
54.95,0,0,0
54.96,0,0,0
54.97,0,0,0
54.98,0,0,0
54.99,0,0,0
55,0,0,0
55.01,0,0,0
55.02,0,0,0
55.03,0,0,0
55.04,0,0,0
55.05,0,0,0
55.06,0,0,0
55.07,0,0,0
55.08,0,0,0
55.09,0,0,0
55.1,0,0,0
55.11,0,0,0
55.12,0,0,0
55.13,0,0,0
55.14,0,0,0
55.15,0,0,0
55.16,0,0,0
55.17,0,0,0
55.18,0,0,0
55.19,0,0,0
55.2,0,0,0
55.21,0,0,0
55.22,0,0,0
55.23,0,0,0
55.24,0,0,0
55.25,0,0,0
55.26,0,0,0
55.27,0,0,0
55.28,0,0,0
55.29,0,0,0
55.3,0,0,0
55.31,0,0,0
55.32,0,0,0
55.33,0,0,0
55.34,0,0,0
55.35,0,0,0
55.36,0,0,0
55.37,0,0,0
55.38,0,0,0
55.39,0,0,0
55.4,0,0,0
55.41,0,0,0
55.42,0,0,0
55.43,0,0,0
55.44,0,0,0
55.45,0,0,0
55.46,0,0,0
55.47,0,0,0
55.48,0,0,0
55.49,0,0,0
55.5,0,0,0
55.51,0,0,0
55.52,0,0,0
55.53,0,0,0
55.54,0,0,0
55.55,0,0,0
55.56,0,0,0
55.57,0,0,0
55.58,0,0,0
55.59,0,0,0
55.6,0,0,0
55.61,0,0,0
55.62,0,0,0
55.63,0,0,0
55.64,0,0,0
55.65,0,0,0
55.66,0,0,0
55.67,0,0,0
55.68,0,0,0
55.69,0,0,0
55.7,0,0,0
55.71,0,0,0
55.72,0,0,0
55.73,0,0,0
55.74,0,0,0
55.75,0,0,0
55.76,0,0,0
55.77,0,0,0
55.78,0,0,0
55.79,0,0,0
55.8,0,0,0
55.81,0,0,0
55.82,0,0,0
55.83,0,0,0
55.84,0,0,0
55.85,0,0,0
55.86,0,0,0
55.87,0,0,0
55.88,0,0,0
55.89,0,0,0
55.9,0,0,0
55.91,0,0,0
55.92,0,0,0
55.93,0,0,0
55.94,0,0,0
55.95,0,0,0
55.96,0,0,0
55.97,0,0,0
55.98,0,0,0
55.99,0,0,0
56,0,0,0
56.01,0,0,0
56.02,0,0,0
56.03,0,0,0
56.04,0,0,0
56.05,0,0,0
56.06,0,0,0
56.07,0,0,0
56.08,0,0,0
56.09,0,0,0
56.1,0,0,0
56.11,0,0,0
56.12,0,0,0
56.13,0,0,0
56.14,0,0,0
56.15,0,0,0
56.16,0,0,0
56.17,0,0,0
56.18,0,0,0
56.19,0,0,0
56.2,0,0,0
56.21,0,0,0
56.22,0,0,0
56.23,0,0,0
56.24,0,0,0
56.25,0,0,0
56.26,0,0,0
56.27,0,0,0
56.28,0,0,0
56.29,0,0,0
56.3,0,0,0
56.31,0,0,0
56.32,0,0,0
56.33,0,0,0
56.34,0,0,0
56.35,0,0,0
56.36,0,0,0
56.37,0,0,0
56.38,0,0,0
56.39,0,0,0
56.4,0,0,0
56.41,0,0,0
56.42,0,0,0
56.43,0,0,0
56.44,0,0,0
56.45,0,0,0
56.46,0,0,0
56.47,0,0,0
56.48,0,0,0
56.49,0,0,0
56.5,0,0,0
56.51,0,0,0
56.52,0,0,0
56.53,0,0,0
56.54,0,0,0
56.55,0,0,0
56.56,0,0,0
56.57,0,0,0
56.58,0,0,0
56.59,0,0,0
56.6,0,0,0
56.61,0,0,0
56.62,0,0,0
56.63,0,0,0
56.64,0,0,0
56.65,0,0,0
56.66,0,0,0
56.67,0,0,0
56.68,0,0,0
56.69,0,0,0
56.7,0,0,0
56.71,0,0,0
56.72,0,0,0
56.73,0,0,0
56.74,0,0,0
56.75,0,0,0
56.76,0,0,0
56.77,0,0,0
56.78,0,0,0
56.79,0,0,0
56.8,0,0,0
56.81,0,0,0
56.82,0,0,0
56.83,0,0,0
56.84,0,0,0
56.85,0,0,0
56.86,0,0,0
56.87,0,0,0
56.88,0,0,0
56.89,0,0,0
56.9,0,0,0
56.91,0,0,0
56.92,0,0,0
56.93,0,0,0
56.94,0,0,0
56.95,0,0,0
56.96,0,0,0
56.97,0,0,0
56.98,0,0,0
56.99,0,0,0
57,0,0,0
57.01,0,0,0
57.02,0,0,0
57.03,0,0,0
57.04,0,0,0
57.05,0,0,0
57.06,0,0,0
57.07,0,0,0
57.08,0,0,0
57.09,0,0,0
57.1,0,0,0
57.11,0,0,0
57.12,0,0,0
57.13,0,0,0
57.14,0,0,0
57.15,0,0,0
57.16,0,0,0
57.17,0,0,0
57.18,0,0,0
57.19,0,0,0
57.2,0,0,0
57.21,0,0,0
57.22,0,0,0
57.23,0,0,0
57.24,0,0,0
57.25,0,0,0
57.26,0,0,0
57.27,0,0,0
57.28,0,0,0
57.29,0,0,0
57.3,0,0,0
57.31,0,0,0
57.32,0,0,0
57.33,0,0,0
57.34,0,0,0
57.35,0,0,0
57.36,0,0,0
57.37,0,0,0
57.38,0,0,0
57.39,0,0,0
57.4,0,0,0
57.41,0,0,0
57.42,0,0,0
57.43,0,0,0
57.44,0,0,0
57.45,0,0,0
57.46,0,0,0
57.47,0,0,0
57.48,0,0,0
57.49,0,0,0
57.5,0,0,0
57.51,0,0,0
57.52,0,0,0
57.53,0,0,0
57.54,0,0,0
57.55,0,0,0
57.56,0,0,0
57.57,0,0,0
57.58,0,0,0
57.59,0,0,0
57.6,0,0,0
57.61,0,0,0
57.62,0,0,0
57.63,0,0,0
57.64,0,0,0
57.65,0,0,0
57.66,0,0,0
57.67,0,0,0
57.68,0,0,0
57.69,0,0,0
57.7,0,0,0
57.71,0,0,0
57.72,0,0,0
57.73,0,0,0
57.74,0,0,0
57.75,0,0,0
57.76,0,0,0
57.77,0,0,0
57.78,0,0,0
57.79,0,0,0
57.8,0,0,0
57.81,0,0,0
57.82,0,0,0
57.83,0,0,0
57.84,0,0,0
57.85,0,0,0
57.86,0,0,0
57.87,0,0,0
57.88,0,0,0
57.89,0,0,0
57.9,0,0,0
57.91,0,0,0
57.92,0,0,0
57.93,0,0,0
57.94,0,0,0
57.95,0,0,0
57.96,0,0,0
57.97,0,0,0
57.98,0,0,0
57.99,0,0,0
58,0,0,0
58.01,0,0,0
58.02,0,0,0
58.03,0,0,0
58.04,0,0,0
58.05,0,0,0
58.06,0,0,0
58.07,0,0,0
58.08,0,0,0
58.09,0,0,0
58.1,0,0,0
58.11,0,0,0
58.12,0,0,0
58.13,0,0,0
58.14,0,0,0
58.15,0,0,0
58.16,0,0,0
58.17,0,0,0
58.18,0,0,0
58.19,0,0,0
58.2,0,0,0
58.21,0,0,0
58.22,0,0,0
58.23,0,0,0
58.24,0,0,0
58.25,0,0,0
58.26,0,0,0
58.27,0,0,0
58.28,0,0,0
58.29,0,0,0
58.3,0,0,0
58.31,0,0,0
58.32,0,0,0
58.33,0,0,0
58.34,0,0,0
58.35,0,0,0
58.36,0,0,0
58.37,0,0,0
58.38,0,0,0
58.39,0,0,0
58.4,0,0,0
58.41,0,0,0
58.42,0,0,0
58.43,0,0,0
58.44,0,0,0
58.45,0,0,0
58.46,0,0,0
58.47,0,0,0
58.48,0,0,0
58.49,0,0,0
58.5,0,0,0
58.51,0,0,0
58.52,0,0,0
58.53,0,0,0
58.54,0,0,0
58.55,0,0,0
58.56,0,0,0
58.57,0,0,0
58.58,0,0,0
58.59,0,0,0
58.6,0,0,0
58.61,0,0,0
58.62,0,0,0
58.63,0,0,0
58.64,0,0,0
58.65,0,0,0
58.66,0,0,0
58.67,0,0,0
58.68,0,0,0
58.69,0,0,0
58.7,0,0,0
58.71,0,0,0
58.72,0,0,0
58.73,0,0,0
58.74,0,0,0
58.75,0,0,0
58.76,0,0,0
58.77,0,0,0
58.78,0,0,0
58.79,0,0,0
58.8,0,0,0
58.81,0,0,0
58.82,0,0,0
58.83,0,0,0
58.84,0,0,0
58.85,0,0,0
58.86,0,0,0
58.87,0,0,0
58.88,0,0,0
58.89,0,0,0
58.9,0,0,0
58.91,0,0,0
58.92,0,0,0
58.93,0,0,0
58.94,0,0,0
58.95,0,0,0
58.96,0,0,0
58.97,0,0,0
58.98,0,0,0
58.99,0,0,0
59,0,0,0
59.01,0,0,0
59.02,0,0,0
59.03,0,0,0
59.04,0,0,0
59.05,0,0,0
59.06,0,0,0
59.07,0,0,0
59.08,0,0,0
59.09,0,0,0
59.1,0,0,0
59.11,0,0,0
59.12,0,0,0
59.13,0,0,0
59.14,0,0,0
59.15,0,0,0
59.16,0,0,0
59.17,0,0,0
59.18,0,0,0
59.19,0,0,0
59.2,0,0,0
59.21,0,0,0
59.22,0,0,0
59.23,0,0,0
59.24,0,0,0
59.25,0,0,0
59.26,0,0,0
59.27,0,0,0
59.28,0,0,0
59.29,0,0,0
59.3,0,0,0
59.31,0,0,0
59.32,0,0,0
59.33,0,0,0
59.34,0,0,0
59.35,0,0,0
59.36,0,0,0
59.37,0,0,0
59.38,0,0,0
59.39,0,0,0
59.4,0,0,0
59.41,0,0,0
59.42,0,0,0
59.43,0,0,0
59.44,0,0,0
59.45,0,0,0
59.46,0,0,0
59.47,0,0,0
59.48,0,0,0
59.49,0,0,0
59.5,0,0,0
59.51,0,0,0
59.52,0,0,0
59.53,0,0,0
59.54,0,0,0
59.55,0,0,0
59.56,0,0,0
59.57,0,0,0
59.58,0,0,0
59.59,0,0,0
59.6,0,0,0
59.61,0,0,0
59.62,0,0,0
59.63,0,0,0
59.64,0,0,0
59.65,0,0,0
59.66,0,0,0
59.67,0,0,0
59.68,0,0,0
59.69,0,0,0
59.7,0,0,0
59.71,0,0,0
59.72,0,0,0
59.73,0,0,0
59.74,0,0,0
59.75,0,0,0
59.76,0,0,0
59.77,0,0,0
59.78,0,0,0
59.79,0,0,0
59.8,0,0,0
59.81,0,0,0
59.82,0,0,0
59.83,0,0,0
59.84,0,0,0
59.85,0,0,0
59.86,0,0,0
59.87,0,0,0
59.88,0,0,0
59.89,0,0,0
59.9,0,0,0
59.91,0,0,0
59.92,0,0,0
59.93,0,0,0
59.94,0,0,0
59.95,0,0,0
59.96,0,0,0
59.97,0,0,0
59.98,0,0,0
59.99,0,0,0
60,0,0,0
60.01,0,0,0
60.02,0,0,0
60.03,0,0,0
60.04,0,0,0
60.05,0,0,0
60.06,0,0,0
60.07,0,0,0
60.08,0,0,0
60.09,0,0,0
60.1,0,0,0
60.11,0,0,0
60.12,0,0,0
60.13,0,0,0
60.14,0,0,0
60.15,0,0,0
60.16,0,0,0
60.17,0,0,0
60.18,0,0,0
60.19,0,0,0
60.2,0,0,0
60.21,0,0,0
60.22,0,0,0
60.23,0,0,0
60.24,0,0,0
60.25,0,0,0
60.26,0,0,0
60.27,0,0,0
60.28,0,0,0
60.29,0,0,0
60.3,0,0,0
60.31,0,0,0
60.32,0,0,0
60.33,0,0,0
60.34,0,0,0
60.35,0,0,0
60.36,0,0,0
60.37,0,0,0
60.38,0,0,0
60.39,0,0,0
60.4,0,0,0
60.41,0,0,0
60.42,0,0,0
60.43,0,0,0
60.44,0,0,0
60.45,0,0,0
60.46,0,0,0
60.47,0,0,0
60.48,0,0,0
60.49,0,0,0
60.5,0,0,0
60.51,0,0,0
60.52,0,0,0
60.53,0,0,0
60.54,0,0,0
60.55,0,0,0
60.56,0,0,0
60.57,0,0,0
60.58,0,0,0
60.59,0,0,0
60.6,0,0,0
60.61,0,0,0
60.62,0,0,0
60.63,0,0,0
60.64,0,0,0
60.65,0,0,0
60.66,0,0,0
60.67,0,0,0
60.68,0,0,0
60.69,0,0,0
60.7,0,0,0
60.71,0,0,0
60.72,0,0,0
60.73,0,0,0
60.74,0,0,0
60.75,0,0,0
60.76,0,0,0
60.77,0,0,0
60.78,0,0,0
60.79,0,0,0
60.8,0,0,0
60.81,0,0,0
60.82,0,0,0
60.83,0,0,0
60.84,0,0,0
60.85,0,0,0
60.86,0,0,0
60.87,0,0,0
60.88,0,0,0
60.89,0,0,0
60.9,0,0,0
60.91,0,0,0
60.92,0,0,0
60.93,0,0,0
60.94,0,0,0
60.95,0,0,0
60.96,0,0,0
60.97,0,0,0
60.98,0,0,0
60.99,0,0,0
61,0,0,0
61.01,0,0,0
61.02,0,0,0
61.03,0,0,0
61.04,0,0,0
61.05,0,0,0
61.06,0,0,0
61.07,0,0,0
61.08,0,0,0
61.09,0,0,0
61.1,0,0,0
61.11,0,0,0
61.12,0,0,0
61.13,0,0,0
61.14,0,0,0
61.15,0,0,0
61.16,0,0,0
61.17,0,0,0
61.18,0,0,0
61.19,0,0,0
61.2,0,0,0
61.21,0,0,0
61.22,0,0,0
61.23,0,0,0
61.24,0,0,0
61.25,0,0,0
61.26,0,0,0
61.27,0,0,0
61.28,0,0,0
61.29,0,0,0
61.3,0,0,0
61.31,0,0,0
61.32,0,0,0
61.33,0,0,0
61.34,0,0,0
61.35,0,0,0
61.36,0,0,0
61.37,0,0,0
61.38,0,0,0
61.39,0,0,0
61.4,0,0,0
61.41,0,0,0
61.42,0,0,0
61.43,0,0,0
61.44,0,0,0
61.45,0,0,0
61.46,0,0,0
61.47,0,0,0
61.48,0,0,0
61.49,0,0,0
61.5,0,0,0
61.51,0,0,0
61.52,0,0,0
61.53,0,0,0
61.54,0,0,0
61.55,0,0,0
61.56,0,0,0
61.57,0,0,0
61.58,0,0,0
61.59,0,0,0
61.6,0,0,0
61.61,0,0,0
61.62,0,0,0
61.63,0,0,0
61.64,0,0,0
61.65,0,0,0
61.66,0,0,0
61.67,0,0,0
61.68,0,0,0
61.69,0,0,0
61.7,0,0,0
61.71,0,0,0
61.72,0,0,0
61.73,0,0,0
61.74,0,0,0
61.75,0,0,0
61.76,0,0,0
61.77,0,0,0
61.78,0,0,0
61.79,0,0,0
61.8,0,0,0
61.81,0,0,0
61.82,0,0,0
61.83,0,0,0
61.84,0,0,0
61.85,0,0,0
61.86,0,0,0
61.87,0,0,0
61.88,0,0,0
61.89,0,0,0
61.9,0,0,0
61.91,0,0,0
61.92,0,0,0
61.93,0,0,0
61.94,0,0,0
61.95,0,0,0
61.96,0,0,0
61.97,0,0,0
61.98,0,0,0
61.99,0,0,0
62,0,0,0
62.01,0,0,0
62.02,0,0,0
62.03,0,0,0
62.04,0,0,0
62.05,0,0,0
62.06,0,0,0
62.07,0,0,0
62.08,0,0,0
62.09,0,0,0
62.1,0,0,0
62.11,0,0,0
62.12,0,0,0
62.13,0,0,0
62.14,0,0,0
62.15,0,0,0
62.16,0,0,0
62.17,0,0,0
62.18,0,0,0
62.19,0,0,0
62.2,0,0,0
62.21,0,0,0
62.22,0,0,0
62.23,0,0,0
62.24,0,0,0
62.25,0,0,0
62.26,0,0,0
62.27,0,0,0
62.28,0,0,0
62.29,0,0,0
62.3,0,0,0
62.31,0,0,0
62.32,0,0,0
62.33,0,0,0
62.34,0,0,0
62.35,0,0,0
62.36,0,0,0
62.37,0,0,0
62.38,0,0,0
62.39,0,0,0
62.4,0,0,0
62.41,0,0,0
62.42,0,0,0
62.43,0,0,0
62.44,0,0,0
62.45,0,0,0
62.46,0,0,0
62.47,0,0,0
62.48,0,0,0
62.49,0,0,0
62.5,0,0,0
62.51,0,0,0
62.52,0,0,0
62.53,0,0,0
62.54,0,0,0
62.55,0,0,0
62.56,0,0,0
62.57,0,0,0
62.58,0,0,0
62.59,0,0,0
62.6,0,0,0
62.61,0,0,0
62.62,0,0,0
62.63,0,0,0
62.64,0,0,0
62.65,0,0,0
62.66,0,0,0
62.67,0,0,0
62.68,0,0,0
62.69,0,0,0
62.7,0,0,0
62.71,0,0,0
62.72,0,0,0
62.73,0,0,0
62.74,0,0,0
62.75,0,0,0
62.76,0,0,0
62.77,0,0,0
62.78,0,0,0
62.79,0,0,0
62.8,0,0,0
62.81,0,0,0
62.82,0,0,0
62.83,0,0,0
62.84,0,0,0
62.85,0,0,0
62.86,0,0,0
62.87,0,0,0
62.88,0,0,0
62.89,0,0,0
62.9,0,0,0
62.91,0,0,0
62.92,0,0,0
62.93,0,0,0
62.94,0,0,0
62.95,0,0,0
62.96,0,0,0
62.97,0,0,0
62.98,0,0,0
62.99,0,0,0
63,0,0,0
63.01,0,0,0
63.02,0,0,0
63.03,0,0,0
63.04,0,0,0
63.05,0,0,0
63.06,0,0,0
63.07,0,0,0
63.08,0,0,0
63.09,0,0,0
63.1,0,0,0
63.11,0,0,0
63.12,0,0,0
63.13,0,0,0
63.14,0,0,0
63.15,0,0,0
63.16,0,0,0
63.17,0,0,0
63.18,0,0,0
63.19,0,0,0
63.2,0,0,0
63.21,0,0,0
63.22,0,0,0
63.23,0,0,0
63.24,0,0,0
63.25,0,0,0
63.26,0,0,0
63.27,0,0,0
63.28,0,0,0
63.29,0,0,0
63.3,0,0,0
63.31,0,0,0
63.32,0,0,0
63.33,0,0,0
63.34,0,0,0
63.35,0,0,0
63.36,0,0,0
63.37,0,0,0
63.38,0,0,0
63.39,0,0,0
63.4,0,0,0
63.41,0,0,0
63.42,0,0,0
63.43,0,0,0
63.44,0,0,0
63.45,0,0,0
63.46,0,0,0
63.47,0,0,0
63.48,0,0,0
63.49,0,0,0
63.5,0,0,0
63.51,0,0,0
63.52,0,0,0
63.53,0,0,0
63.54,0,0,0
63.55,0,0,0
63.56,0,0,0
63.57,0,0,0
63.58,0,0,0
63.59,0,0,0
63.6,0,0,0
63.61,0,0,0
63.62,0,0,0
63.63,0,0,0
63.64,0,0,0
63.65,0,0,0
63.66,0,0,0
63.67,0,0,0
63.68,0,0,0
63.69,0,0,0
63.7,0,0,0
63.71,0,0,0
63.72,0,0,0
63.73,0,0,0
63.74,0,0,0
63.75,0,0,0
63.76,0,0,0
63.77,0,0,0
63.78,0,0,0
63.79,0,0,0
63.8,0,0,0
63.81,0,0,0
63.82,0,0,0
63.83,0,0,0
63.84,0,0,0
63.85,0,0,0
63.86,0,0,0
63.87,0,0,0
63.88,0,0,0
63.89,0,0,0
63.9,0,0,0
63.91,0,0,0
63.92,0,0,0
63.93,0,0,0
63.94,0,0,0
63.95,0,0,0
63.96,0,0,0
63.97,0,0,0
63.98,0,0,0
63.99,0,0,0
64,0,0,0
64.01,0,0,0
64.02,0,0,0
64.03,0,0,0
64.04,0,0,0
64.05,0,0,0
64.06,0,0,0
64.07,0,0,0
64.08,0,0,0
64.09,0,0,0
64.1,0,0,0
64.11,0,0,0
64.12,0,0,0
64.13,0,0,0
64.14,0,0,0
64.15,0,0,0
64.16,0,0,0
64.17,0,0,0
64.18,0,0,0
64.19,0,0,0
64.2,0,0,0
64.21,0,0,0
64.22,0,0,0
64.23,0,0,0
64.24,0,0,0
64.25,0,0,0
64.26,0,0,0
64.27,0,0,0
64.28,0,0,0
64.29,0,0,0
64.3,0,0,0
64.31,0,0,0
64.32,0,0,0
64.33,0,0,0
64.34,0,0,0
64.35,0,0,0
64.36,0,0,0
64.37,0,0,0
64.38,0,0,0
64.39,0,0,0
64.4,0,0,0
64.41,0,0,0
64.42,0,0,0
64.43,0,0,0
64.44,0,0,0
64.45,0,0,0
64.46,0,0,0
64.47,0,0,0
64.48,0,0,0
64.49,0,0,0
64.5,0,0,0
64.51,0,0,0
64.52,0,0,0
64.53,0,0,0
64.54,0,0,0
64.55,0,0,0
64.56,0,0,0
64.57,0,0,0
64.58,0,0,0
64.59,0,0,0
64.6,0,0,0
64.61,0,0,0
64.62,0,0,0
64.63,0,0,0
64.64,0,0,0
64.65,0,0,0
64.66,0,0,0
64.67,0,0,0
64.68,0,0,0
64.69,0,0,0
64.7,0,0,0
64.71,0,0,0
64.72,0,0,0
64.73,0,0,0
64.74,0,0,0
64.75,0,0,0
64.76,0,0,0
64.77,0,0,0
64.78,0,0,0
64.79,0,0,0
64.8,0,0,0
64.81,0,0,0
64.82,0,0,0
64.83,0,0,0
64.84,0,0,0
64.85,0,0,0
64.86,0,0,0
64.87,0,0,0
64.88,0,0,0
64.89,0,0,0
64.9,0,0,0
64.91,0,0,0
64.92,0,0,0
64.93,0,0,0
64.94,0,0,0
64.95,0,0,0
64.96,0,0,0
64.97,0,0,0
64.98,0,0,0
64.99,0,0,0
65,0,0,0
65.01,0,0,0
65.02,0,0,0
65.03,0,0,0
65.04,0,0,0
65.05,0,0,0
65.06,0,0,0
65.07,0,0,0
65.08,0,0,0
65.09,0,0,0
65.1,0,0,0
65.11,0,0,0
65.12,0,0,0
65.13,0,0,0
65.14,0,0,0
65.15,0,0,0
65.16,0,0,0
65.17,0,0,0
65.18,0,0,0
65.19,0,0,0
65.2,0,0,0
65.21,0,0,0
65.22,0,0,0
65.23,0,0,0
65.24,0,0,0
65.25,0,0,0
65.26,0,0,0
65.27,0,0,0
65.28,0,0,0
65.29,0,0,0
65.3,0,0,0
65.31,0,0,0
65.32,0,0,0
65.33,0,0,0
65.34,0,0,0
65.35,0,0,0
65.36,0,0,0
65.37,0,0,0
65.38,0,0,0
65.39,0,0,0
65.4,0,0,0
65.41,0,0,0
65.42,0,0,0
65.43,0,0,0
65.44,0,0,0
65.45,0,0,0
65.46,0,0,0
65.47,0,0,0
65.48,0,0,0
65.49,0,0,0
65.5,0,0,0
65.51,0,0,0
65.52,0,0,0
65.53,0,0,0
65.54,0,0,0
65.55,0,0,0
65.56,0,0,0
65.57,0,0,0
65.58,0,0,0
65.59,0,0,0
65.6,0,0,0
65.61,0,0,0
65.62,0,0,0
65.63,0,0,0
65.64,0,0,0
65.65,0,0,0
65.66,0,0,0
65.67,0,0,0
65.68,0,0,0
65.69,0,0,0
65.7,0,0,0
65.71,0,0,0
65.72,0,0,0
65.73,0,0,0
65.74,0,0,0
65.75,0,0,0
65.76,0,0,0
65.77,0,0,0
65.78,0,0,0
65.79,0,0,0
65.8,0,0,0
65.81,0,0,0
65.82,0,0,0
65.83,0,0,0
65.84,0,0,0
65.85,0,0,0
65.86,0,0,0
65.87,0,0,0
65.88,0,0,0
65.89,0,0,0
65.9,0,0,0
65.91,0,0,0
65.92,0,0,0
65.93,0,0,0
65.94,0,0,0
65.95,0,0,0
65.96,0,0,0
65.97,0,0,0
65.98,0,0,0
65.99,0,0,0
66,0,0,0
66.01,0,0,0
66.02,0,0,0
66.03,0,0,0
66.04,0,0,0
66.05,0,0,0
66.06,0,0,0
66.07,0,0,0
66.08,0,0,0
66.09,0,0,0
66.1,0,0,0
66.11,0,0,0
66.12,0,0,0
66.13,0,0,0
66.14,0,0,0
66.15,0,0,0
66.16,0,0,0
66.17,0,0,0
66.18,0,0,0
66.19,0,0,0
66.2,0,0,0
66.21,0,0,0
66.22,0,0,0
66.23,0,0,0
66.24,0,0,0
66.25,0,0,0
66.26,0,0,0
66.27,0,0,0
66.28,0,0,0
66.29,0,0,0
66.3,0,0,0
66.31,0,0,0
66.32,0,0,0
66.33,0,0,0
66.34,0,0,0
66.35,0,0,0
66.36,0,0,0
66.37,0,0,0
66.38,0,0,0
66.39,0,0,0
66.4,0,0,0
66.41,0,0,0
66.42,0,0,0
66.43,0,0,0
66.44,0,0,0
66.45,0,0,0
66.46,0,0,0
66.47,0,0,0
66.48,0,0,0
66.49,0,0,0
66.5,0,0,0
66.51,0,0,0
66.52,0,0,0
66.53,0,0,0
66.54,0,0,0
66.55,0,0,0
66.56,0,0,0
66.57,0,0,0
66.58,0,0,0
66.59,0,0,0
66.6,0,0,0
66.61,0,0,0
66.62,0,0,0
66.63,0,0,0
66.64,0,0,0
66.65,0,0,0
66.66,0,0,0
66.67,0,0,0
66.68,0,0,0
66.69,0,0,0
66.7,0,0,0
66.71,0,0,0
66.72,0,0,0
66.73,0,0,0
66.74,0,0,0
66.75,0,0,0
66.76,0,0,0
66.77,0,0,0
66.78,0,0,0
66.79,0,0,0
66.8,0,0,0
66.81,0,0,0
66.82,0,0,0
66.83,0,0,0
66.84,0,0,0
66.85,0,0,0
66.86,0,0,0
66.87,0,0,0
66.88,0,0,0
66.89,0,0,0
66.9,0,0,0
66.91,0,0,0
66.92,1.5742999508992e+45,1.5742999508992e+45,0
66.93,0,0,0
66.94,0,0,0
66.95,0,0,0
66.96,0,0,0
66.97,0,0,0
66.98,0,0,0
66.99,0,0,0
67,0,0,0
67.01,0,0,0
67.02,0,0,0
67.03,0,0,0
67.04,0,0,0
67.05,0,0,0
67.06,0,0,0
67.07,0,0,0
67.08,0,0,0
67.09,0,0,0
67.1,0,0,0
67.11,0,0,0
67.12,0,0,0
67.13,0,0,0
67.14,0,0,0
67.15,0,0,0
67.16,0,0,0
67.17,0,0,0
67.18,0,0,0
67.19,0,0,0
67.2,0,0,0
67.21,0,0,0
67.22,0,0,0
67.23,0,0,0
67.24,0,0,0
67.25,0,0,0
67.26,0,0,0
67.27,0,0,0
67.28,0,0,0
67.29,0,0,0
67.3,0,0,0
67.31,0,0,0
67.32,0,0,0
67.33,0,0,0
67.34,0,0,0
67.35,0,0,0
67.36,0,0,0
67.37,0,0,0
67.38,0,0,0
67.39,0,0,0
67.4,0,0,0
67.41,0,0,0
67.42,0,0,0
67.43,0,0,0
67.44,0,0,0
67.45,0,0,0
67.46,0,0,0
67.47,0,0,0
67.48,0,0,0
67.49,0,0,0
67.5,0,0,0
67.51,0,0,0
67.52,0,0,0
67.53,0,0,0
67.54,0,0,0
67.55,0,0,0
67.56,0,0,0
67.57,0,0,0
67.58,0,0,0
67.59,0,0,0
67.6,0,0,0
67.61,0,0,0
67.62,0,0,0
67.63,0,0,0
67.64,0,0,0
67.65,0,0,0
67.66,0,0,0
67.67,0,0,0
67.68,0,0,0
67.69,0,0,0
67.7,0,0,0
67.71,0,0,0
67.72,0,0,0
67.73,0,0,0
67.74,0,0,0
67.75,0,0,0
67.76,0,0,0
67.77,0,0,0
67.78,0,0,0
67.79,0,0,0
67.8,0,0,0
67.81,0,0,0
67.82,0,0,0
67.83,0,0,0
67.84,0,0,0
67.85,0,0,0
67.86,0,0,0
67.87,0,0,0
67.88,0,0,0
67.89,0,0,0
67.9,0,0,0
67.91,0,0,0
67.92,0,0,0
67.93,0,0,0
67.94,0,0,0
67.95,0,0,0
67.96,0,0,0
67.97,0,0,0
67.98,0,0,0
67.99,0,0,0
68,0,0,0
68.01,0,0,0
68.02,0,0,0
68.03,0,0,0
68.04,0,0,0
68.05,0,0,0
68.06,0,0,0
68.07,0,0,0
68.08,0,0,0
68.09,0,0,0
68.1,0,0,0
68.11,0,0,0
68.12,0,0,0
68.13,0,0,0
68.14,0,0,0
68.15,0,0,0
68.16,0,0,0
68.17,0,0,0
68.18,0,0,0
68.19,0,0,0
68.2,0,0,0
68.21,0,0,0
68.22,0,0,0
68.23,0,0,0
68.24,0,0,0
68.25,0,0,0
68.26,0,0,0
68.27,0,0,0
68.28,0,0,0
68.29,0,0,0
68.3,0,0,0
68.31,0,0,0
68.32,0,0,0
68.33,0,0,0
68.34,0,0,0
68.35,0,0,0
68.36,0,0,0
68.37,0,0,0
68.38,0,0,0
68.39,0,0,0
68.4,0,0,0
68.41,0,0,0
68.42,0,0,0
68.43,0,0,0
68.44,0,0,0
68.45,0,0,0
68.46,0,0,0
68.47,0,0,0
68.48,0,0,0
68.49,0,0,0
68.5,0,0,0
68.51,0,0,0
68.52,0,0,0
68.53,0,0,0
68.54,0,0,0
68.55,0,0,0
68.56,0,0,0
68.57,0,0,0
68.58,0,0,0
68.59,0,0,0
68.6,0,0,0
68.61,0,0,0
68.62,0,0,0
68.63,0,0,0
68.64,0,0,0
68.65,0,0,0
68.66,0,0,0
68.67,0,0,0
68.68,0,0,0
68.69,0,0,0
68.7,0,0,0
68.71,0,0,0
68.72,0,0,0
68.73,0,0,0
68.74,0,0,0
68.75,0,0,0
68.76,0,0,0
68.77,0,0,0
68.78,0,0,0
68.79,0,0,0
68.8,0,0,0
68.81,0,0,0
68.82,0,0,0
68.83,0,0,0
68.84,0,0,0
68.85,0,0,0
68.86,0,0,0
68.87,0,0,0
68.88,0,0,0
68.89,0,0,0
68.9,0,0,0
68.91,0,0,0
68.92,0,0,0
68.93,0,0,0
68.94,0,0,0
68.95,0,0,0
68.96,0,0,0
68.97,0,0,0
68.98,0,0,0
68.99,0,0,0
69,0,0,0
69.01,0,0,0
69.02,0,0,0
69.03,0,0,0
69.04,0,0,0
69.05,0,0,0
69.06,0,0,0
69.07,0,0,0
69.08,0,0,0
69.09,0,0,0
69.1,0,0,0
69.11,0,0,0
69.12,0,0,0
69.13,0,0,0
69.14,0,0,0
69.15,0,0,0
69.16,0,0,0
69.17,0,0,0
69.18,0,0,0
69.19,0,0,0
69.2,0,0,0
69.21,0,0,0
69.22,0,0,0
69.23,0,0,0
69.24,0,0,0
69.25,0,0,0
69.26,0,0,0
69.27,0,0,0
69.28,0,0,0
69.29,0,0,0
69.3,0,0,0
69.31,0,0,0
69.32,0,0,0
69.33,0,0,0
69.34,0,0,0
69.35,0,0,0
69.36,0,0,0
69.37,0,0,0
69.38,0,0,0
69.39,0,0,0
69.4,0,0,0
69.41,0,0,0
69.42,0,0,0
69.43,0,0,0
69.44,0,0,0
69.45,0,0,0
69.46,0,0,0
69.47,0,0,0
69.48,0,0,0
69.49,0,0,0
69.5,0,0,0
69.51,0,0,0
69.52,0,0,0
69.53,0,0,0
69.54,0,0,0
69.55,0,0,0
69.56,0,0,0
69.57,0,0,0
69.58,0,0,0
69.59,0,0,0
69.6,0,0,0
69.61,0,0,0
69.62,0,0,0
69.63,0,0,0
69.64,0,0,0
69.65,0,0,0
69.66,0,0,0
69.67,0,0,0
69.68,0,0,0
69.69,0,0,0
69.7,0,0,0
69.71,0,0,0
69.72,0,0,0
69.73,0,0,0
69.74,0,0,0
69.75,0,0,0
69.76,0,0,0
69.77,0,0,0
69.78,0,0,0
69.79,0,0,0
69.8,0,0,0
69.81,0,0,0
69.82,0,0,0
69.83,0,0,0
69.84,0,0,0
69.85,0,0,0
69.86,0,0,0
69.87,0,0,0
69.88,0,0,0
69.89,0,0,0
69.9,0,0,0
69.91,0,0,0
69.92,0,0,0
69.93,0,0,0
69.94,0,0,0
69.95,0,0,0
69.96,0,0,0
69.97,0,0,0
69.98,0,0,0
69.99,0,0,0
70,0,0,0
70.01,0,0,0
70.02,0,0,0
70.03,0,0,0
70.04,0,0,0
70.05,0,0,0
70.06,0,0,0
70.07,0,0,0
70.08,0,0,0
70.09,0,0,0
70.1,0,0,0
70.11,0,0,0
70.12,0,0,0
70.13,0,0,0
70.14,0,0,0
70.15,0,0,0
70.16,0,0,0
70.17,0,0,0
70.18,0,0,0
70.19,0,0,0
70.2,0,0,0
70.21,0,0,0
70.22,0,0,0
70.23,0,0,0
70.24,0,0,0
70.25,0,0,0
70.26,0,0,0
70.27,0,0,0
70.28,0,0,0
70.29,0,0,0
70.3,0,0,0
70.31,0,0,0
70.32,0,0,0
70.33,0,0,0
70.34,0,0,0
70.35,0,0,0
70.36,0,0,0
70.37,0,0,0
70.38,0,0,0
70.39,0,0,0
70.4,0,0,0
70.41,0,0,0
70.42,0,0,0
70.43,0,0,0
70.44,0,0,0
70.45,0,0,0
70.46,0,0,0
70.47,0,0,0
70.48,0,0,0
70.49,0,0,0
70.5,0,0,0
70.51,0,0,0
70.52,0,0,0
70.53,0,0,0
70.54,0,0,0
70.55,0,0,0
70.56,0,0,0
70.57,0,0,0
70.58,0,0,0
70.59,0,0,0
70.6,0,0,0
70.61,0,0,0
70.62,0,0,0
70.63,0,0,0
70.64,0,0,0
70.65,0,0,0
70.66,0,0,0
70.67,0,0,0
70.68,0,0,0
70.69,0,0,0
70.7,0,0,0
70.71,0,0,0
70.72,0,0,0
70.73,0,0,0
70.74,0,0,0
70.75,0,0,0
70.76,0,0,0
70.77,0,0,0
70.78,0,0,0
70.79,0,0,0
70.8,0,0,0
70.81,0,0,0
70.82,0,0,0
70.83,0,0,0
70.84,0,0,0
70.85,0,0,0
70.86,0,0,0
70.87,0,0,0
70.88,0,0,0
70.89,0,0,0
70.9,0,0,0
70.91,0,0,0
70.92,0,0,0
70.93,0,0,0
70.94,0,0,0
70.95,0,0,0
70.96,0,0,0
70.97,0,0,0
70.98,0,0,0
70.99,0,0,0
71,0,0,0
71.01,0,0,0
71.02,0,0,0
71.03,0,0,0
71.04,0,0,0
71.05,0,0,0
71.06,0,0,0
71.07,0,0,0
71.08,0,0,0
71.09,0,0,0
71.1,0,0,0
71.11,0,0,0
71.12,0,0,0
71.13,0,0,0
71.14,0,0,0
71.15,0,0,0
71.16,0,0,0
71.17,0,0,0
71.18,0,0,0
71.19,0,0,0
71.2,0,0,0
71.21,0,0,0
71.22,0,0,0
71.23,0,0,0
71.24,0,0,0
71.25,0,0,0
71.26,0,0,0
71.27,0,0,0
71.28,0,0,0
71.29,0,0,0
71.3,0,0,0
71.31,0,0,0
71.32,0,0,0
71.33,0,0,0
71.34,0,0,0
71.35,0,0,0
71.36,0,0,0
71.37,0,0,0
71.38,0,0,0
71.39,0,0,0
71.4,0,0,0
71.41,0,0,0
71.42,0,0,0
71.43,0,0,0
71.44,0,0,0
71.45,0,0,0
71.46,0,0,0
71.47,0,0,0
71.48,0,0,0
71.49,0,0,0
71.5,0,0,0
71.51,0,0,0
71.52,0,0,0
71.53,0,0,0
71.54,0,0,0
71.55,0,0,0
71.56,0,0,0
71.57,0,0,0
71.58,0,0,0
71.59,0,0,0
71.6,0,0,0
71.61,0,0,0
71.62,0,0,0
71.63,0,0,0
71.64,0,0,0
71.65,0,0,0
71.66,0,0,0
71.67,0,0,0
71.68,0,0,0
71.69,0,0,0
71.7,0,0,0
71.71,0,0,0
71.72,0,0,0
71.73,0,0,0
71.74,0,0,0
71.75,0,0,0
71.76,0,0,0
71.77,0,0,0
71.78,0,0,0
71.79,0,0,0
71.8,0,0,0
71.81,0,0,0
71.82,0,0,0
71.83,0,0,0
71.84,0,0,0
71.85,0,0,0
71.86,0,0,0
71.87,0,0,0
71.88,0,0,0
71.89,0,0,0
71.9,0,0,0
71.91,0,0,0
71.92,0,0,0
71.93,0,0,0
71.94,0,0,0
71.95,0,0,0
71.96,0,0,0
71.97,0,0,0
71.98,0,0,0
71.99,0,0,0
72,0,0,0
72.01,0,0,0
72.02,0,0,0
72.03,0,0,0
72.04,0,0,0
72.05,0,0,0
72.06,0,0,0
72.07,0,0,0
72.08,0,0,0
72.09,0,0,0
72.1,0,0,0
72.11,0,0,0
72.12,0,0,0
72.13,0,0,0
72.14,0,0,0
72.15,0,0,0
72.16,0,0,0
72.17,0,0,0
72.18,0,0,0
72.19,0,0,0
72.2,0,0,0
72.21,0,0,0
72.22,0,0,0
72.23,0,0,0
72.24,0,0,0
72.25,0,0,0
72.26,0,0,0
72.27,0,0,0
72.28,0,0,0
72.29,0,0,0
72.3,0,0,0
72.31,0,0,0
72.32,0,0,0
72.33,0,0,0
72.34,0,0,0
72.35,0,0,0
72.36,0,0,0
72.37,0,0,0
72.38,0,0,0
72.39,0,0,0
72.4,0,0,0
72.41,0,0,0
72.42,0,0,0
72.43,0,0,0
72.44,0,0,0
72.45,0,0,0
72.46,0,0,0
72.47,0,0,0
72.48,0,0,0
72.49,0,0,0
72.5,0,0,0
72.51,0,0,0
72.52,0,0,0
72.53,0,0,0
72.54,0,0,0
72.55,0,0,0
72.56,0,0,0
72.57,0,0,0
72.58,0,0,0
72.59,0,0,0
72.6,0,0,0
72.61,0,0,0
72.62,0,0,0
72.63,0,0,0
72.64,0,0,0
72.65,0,0,0
72.66,0,0,0
72.67,0,0,0
72.68,0,0,0
72.69,0,0,0
72.7,0,0,0
72.71,0,0,0
72.72,0,0,0
72.73,0,0,0
72.74,0,0,0
72.75,0,0,0
72.76,0,0,0
72.77,0,0,0
72.78,0,0,0
72.79,0,0,0
72.8,0,0,0
72.81,0,0,0
72.82,0,0,0
72.83,0,0,0
72.84,0,0,0
72.85,0,0,0
72.86,0,0,0
72.87,0,0,0
72.88,0,0,0
72.89,0,0,0
72.9,0,0,0
72.91,0,0,0
72.92,0,0,0
72.93,0,0,0
72.94,0,0,0
72.95,0,0,0
72.96,0,0,0
72.97,0,0,0
72.98,0,0,0
72.99,0,0,0
73,0,0,0
73.01,0,0,0
73.02,0,0,0
73.03,0,0,0
73.04,0,0,0
73.05,0,0,0
73.06,0,0,0
73.07,0,0,0
73.08,0,0,0
73.09,0,0,0
73.1,0,0,0
73.11,0,0,0
73.12,0,0,0
73.13,0,0,0
73.14,0,0,0
73.15,0,0,0
73.16,0,0,0
73.17,0,0,0
73.18,0,0,0
73.19,0,0,0
73.2,0,0,0
73.21,0,0,0
73.22,0,0,0
73.23,0,0,0
73.24,0,0,0
73.25,0,0,0
73.26,0,0,0
73.27,0,0,0
73.28,0,0,0
73.29,0,0,0
73.3,0,0,0
73.31,0,0,0
73.32,0,0,0
73.33,0,0,0
73.34,0,0,0
73.35,0,0,0
73.36,0,0,0
73.37,0,0,0
73.38,0,0,0
73.39,0,0,0
73.4,0,0,0
73.41,0,0,0
73.42,0,0,0
73.43,0,0,0
73.44,0,0,0
73.45,0,0,0
73.46,0,0,0
73.47,0,0,0
73.48,0,0,0
73.49,0,0,0
73.5,0,0,0
73.51,0,0,0
73.52,0,0,0
73.53,0,0,0
73.54,0,0,0
73.55,0,0,0
73.56,0,0,0
73.57,0,0,0
73.58,0,0,0
73.59,0,0,0
73.6,0,0,0
73.61,0,0,0
73.62,0,0,0
73.63,0,0,0
73.64,0,0,0
73.65,0,0,0
73.66,0,0,0
73.67,0,0,0
73.68,0,0,0
73.69,0,0,0
73.7,0,0,0
73.71,0,0,0
73.72,0,0,0
73.73,0,0,0
73.74,0,0,0
73.75,0,0,0
73.76,0,0,0
73.77,0,0,0
73.78,0,0,0
73.79,0,0,0
73.8,0,0,0
73.81,0,0,0
73.82,0,0,0
73.83,0,0,0
73.84,0,0,0
73.85,0,0,0
73.86,0,0,0
73.87,0,0,0
73.88,0,0,0
73.89,0,0,0
73.9,0,0,0
73.91,0,0,0
73.92,0,0,0
73.93,0,0,0
73.94,0,0,0
73.95,0,0,0
73.96,0,0,0
73.97,0,0,0
73.98,0,0,0
73.99,0,0,0
74,0,0,0
74.01,0,0,0
74.02,0,0,0
74.03,0,0,0
74.04,0,0,0
74.05,0,0,0
74.06,0,0,0
74.07,0,0,0
74.08,0,0,0
74.09,0,0,0
74.1,0,0,0
74.11,0,0,0
74.12,0,0,0
74.13,0,0,0
74.14,0,0,0
74.15,0,0,0
74.16,0,0,0
74.17,0,0,0
74.18,0,0,0
74.19,0,0,0
74.2,0,0,0
74.21,0,0,0
74.22,0,0,0
74.23,0,0,0
74.24,0,0,0
74.25,0,0,0
74.26,0,0,0
74.27,0,0,0
74.28,0,0,0
74.29,0,0,0
74.3,0,0,0
74.31,0,0,0
74.32,0,0,0
74.33,0,0,0
74.34,0,0,0
74.35,0,0,0
74.36,0,0,0
74.37,0,0,0
74.38,0,0,0
74.39,0,0,0
74.4,0,0,0
74.41,0,0,0
74.42,0,0,0
74.43,0,0,0
74.44,0,0,0
74.45,0,0,0
74.46,0,0,0
74.47,0,0,0
74.48,0,0,0
74.49,0,0,0
74.5,0,0,0
74.51,0,0,0
74.52,0,0,0
74.53,0,0,0
74.54,0,0,0
74.55,0,0,0
74.56,0,0,0
74.57,0,0,0
74.58,0,0,0
74.59,0,0,0
74.6,0,0,0
74.61,0,0,0
74.62,0,0,0
74.63,0,0,0
74.64,0,0,0
74.65,0,0,0
74.66,0,0,0
74.67,0,0,0
74.68,0,0,0
74.69,0,0,0
74.7,0,0,0
74.71,0,0,0
74.72,0,0,0
74.73,0,0,0
74.74,0,0,0
74.75,0,0,0
74.76,0,0,0
74.77,0,0,0
74.78,0,0,0
74.79,0,0,0
74.8,0,0,0
74.81,0,0,0
74.82,0,0,0
74.83,0,0,0
74.84,0,0,0
74.85,0,0,0
74.86,0,0,0
74.87,0,0,0
74.88,0,0,0
74.89,0,0,0
74.9,0,0,0
74.91,0,0,0
74.92,0,0,0
74.93,0,0,0
74.94,0,0,0
74.95,0,0,0
74.96,0,0,0
74.97,0,0,0
74.98,0,0,0
74.99,0,0,0
75,0,0,0
75.01,0,0,0
75.02,0,0,0
75.03,0,0,0
75.04,0,0,0
75.05,0,0,0
75.06,0,0,0
75.07,0,0,0
75.08,0,0,0
75.09,0,0,0
75.1,0,0,0
75.11,0,0,0
75.12,0,0,0
75.13,0,0,0
75.14,0,0,0
75.15,0,0,0
75.16,0,0,0
75.17,0,0,0
75.18,0,0,0
75.19,0,0,0
75.2,0,0,0
75.21,0,0,0
75.22,0,0,0
75.23,0,0,0
75.24,0,0,0
75.25,0,0,0
75.26,0,0,0
75.27,0,0,0
75.28,0,0,0
75.29,0,0,0
75.3,0,0,0
75.31,0,0,0
75.32,0,0,0
75.33,0,0,0
75.34,0,0,0
75.35,0,0,0
75.36,0,0,0
75.37,0,0,0
75.38,0,0,0
75.39,0,0,0
75.4,0,0,0
75.41,0,0,0
75.42,0,0,0
75.43,0,0,0
75.44,0,0,0
75.45,0,0,0
75.46,0,0,0
75.47,0,0,0
75.48,0,0,0
75.49,0,0,0
75.5,0,0,0
75.51,0,0,0
75.52,0,0,0
75.53,0,0,0
75.54,0,0,0
75.55,0,0,0
75.56,0,0,0
75.57,0,0,0
75.58,0,0,0
75.59,0,0,0
75.6,0,0,0
75.61,0,0,0
75.62,0,0,0
75.63,0,0,0
75.64,0,0,0
75.65,0,0,0
75.66,0,0,0
75.67,0,0,0
75.68,0,0,0
75.69,0,0,0
75.7,0,0,0
75.71,0,0,0
75.72,0,0,0
75.73,0,0,0
75.74,0,0,0
75.75,0,0,0
75.76,0,0,0
75.77,0,0,0
75.78,0,0,0
75.79,0,0,0
75.8,0,0,0
75.81,0,0,0
75.82,0,0,0
75.83,0,0,0
75.84,0,0,0
75.85,0,0,0
75.86,0,0,0
75.87,0,0,0
75.88,0,0,0
75.89,0,0,0
75.9,0,0,0
75.91,0,0,0
75.92,0,0,0
75.93,0,0,0
75.94,0,0,0
75.95,0,0,0
75.96,0,0,0
75.97,0,0,0
75.98,0,0,0
75.99,0,0,0
76,0,0,0
76.01,0,0,0
76.02,0,0,0
76.03,0,0,0
76.04,0,0,0
76.05,0,0,0
76.06,0,0,0
76.07,0,0,0
76.08,0,0,0
76.09,0,0,0
76.1,0,0,0
76.11,0,0,0
76.12,0,0,0
76.13,0,0,0
76.14,0,0,0
76.15,0,0,0
76.16,0,0,0
76.17,0,0,0
76.18,0,0,0
76.19,0,0,0
76.2,0,0,0
76.21,0,0,0
76.22,0,0,0
76.23,0,0,0
76.24,0,0,0
76.25,0,0,0
76.26,0,0,0
76.27,0,0,0
76.28,0,0,0
76.29,0,0,0
76.3,0,0,0
76.31,0,0,0
76.32,0,0,0
76.33,0,0,0
76.34,0,0,0
76.35,0,0,0
76.36,0,0,0
76.37,0,0,0
76.38,0,0,0
76.39,0,0,0
76.4,0,0,0
76.41,0,0,0
76.42,0,0,0
76.43,0,0,0
76.44,0,0,0
76.45,0,0,0
76.46,0,0,0
76.47,0,0,0
76.48,0,0,0
76.49,0,0,0
76.5,0,0,0
76.51,0,0,0
76.52,0,0,0
76.53,0,0,0
76.54,0,0,0
76.55,0,0,0
76.56,0,0,0
76.57,0,0,0
76.58,0,0,0
76.59,0,0,0
76.6,0,0,0
76.61,0,0,0
76.62,0,0,0
76.63,0,0,0
76.64,0,0,0
76.65,0,0,0
76.66,0,0,0
76.67,0,0,0
76.68,0,0,0
76.69,0,0,0
76.7,0,0,0
76.71,0,0,0
76.72,0,0,0
76.73,0,0,0
76.74,0,0,0
76.75,0,0,0
76.76,0,0,0
76.77,0,0,0
76.78,0,0,0
76.79,0,0,0
76.8,0,0,0
76.81,0,0,0
76.82,0,0,0
76.83,0,0,0
76.84,0,0,0
76.85,0,0,0
76.86,0,0,0
76.87,0,0,0
76.88,0,0,0
76.89,0,0,0
76.9,0,0,0
76.91,0,0,0
76.92,0,0,0
76.93,0,0,0
76.94,0,0,0
76.95,0,0,0
76.96,0,0,0
76.97,0,0,0
76.98,0,0,0
76.99,0,0,0
77,0,0,0
77.01,0,0,0
77.02,0,0,0
77.03,0,0,0
77.04,0,0,0
77.05,0,0,0
77.06,0,0,0
77.07,0,0,0
77.08,0,0,0
77.09,0,0,0
77.1,0,0,0
77.11,0,0,0
77.12,0,0,0
77.13,0,0,0
77.14,0,0,0
77.15,0,0,0
77.16,0,0,0
77.17,0,0,0
77.18,0,0,0
77.19,0,0,0
77.2,0,0,0
77.21,0,0,0
77.22,0,0,0
77.23,0,0,0
77.24,0,0,0
77.25,0,0,0
77.26,0,0,0
77.27,0,0,0
77.28,0,0,0
77.29,0,0,0
77.3,0,0,0
77.31,0,0,0
77.32,0,0,0
77.33,0,0,0
77.34,0,0,0
77.35,0,0,0
77.36,0,0,0
77.37,0,0,0
77.38,0,0,0
77.39,0,0,0
77.4,0,0,0
77.41,0,0,0
77.42,0,0,0
77.43,0,0,0
77.44,0,0,0
77.45,0,0,0
77.46,0,0,0
77.47,0,0,0
77.48,0,0,0
77.49,0,0,0
77.5,0,0,0
77.51,0,0,0
77.52,0,0,0
77.53,0,0,0
77.54,0,0,0
77.55,0,0,0
77.56,0,0,0
77.57,0,0,0
77.58,0,0,0
77.59,0,0,0
77.6,0,0,0
77.61,0,0,0
77.62,0,0,0
77.63,0,0,0
77.64,0,0,0
77.65,0,0,0
77.66,0,0,0
77.67,0,0,0
77.68,0,0,0
77.69,0,0,0
77.7,0,0,0
77.71,0,0,0
77.72,0,0,0
77.73,0,0,0
77.74,0,0,0
77.75,0,0,0
77.76,0,0,0
77.77,0,0,0
77.78,0,0,0
77.79,0,0,0
77.8,0,0,0
77.81,0,0,0
77.82,0,0,0
77.83,0,0,0
77.84,0,0,0
77.85,0,0,0
77.86,0,0,0
77.87,0,0,0
77.88,0,0,0
77.89,0,0,0
77.9,0,0,0
77.91,0,0,0
77.92,0,0,0
77.93,0,0,0
77.94,0,0,0
77.95,0,0,0
77.96,0,0,0
77.97,0,0,0
77.98,0,0,0
77.99,0,0,0
78,0,0,0
78.01,0,0,0
78.02,0,0,0
78.03,0,0,0
78.04,0,0,0
78.05,0,0,0
78.06,0,0,0
78.07,0,0,0
78.08,0,0,0
78.09,0,0,0
78.1,0,0,0
78.11,0,0,0
78.12,0,0,0
78.13,0,0,0
78.14,0,0,0
78.15,0,0,0
78.16,0,0,0
78.17,0,0,0
78.18,0,0,0
78.19,0,0,0
78.2,0,0,0
78.21,0,0,0
78.22,0,0,0
78.23,0,0,0
78.24,0,0,0
78.25,0,0,0
78.26,0,0,0
78.27,0,0,0
78.28,0,0,0
78.29,0,0,0
78.3,0,0,0
78.31,0,0,0
78.32,0,0,0
78.33,0,0,0
78.34,0,0,0
78.35,0,0,0
78.36,0,0,0
78.37,0,0,0
78.38,0,0,0
78.39,0,0,0
78.4,0,0,0
78.41,0,0,0
78.42,0,0,0
78.43,0,0,0
78.44,0,0,0
78.45,0,0,0
78.46,0,0,0
78.47,0,0,0
78.48,0,0,0
78.49,0,0,0
78.5,0,0,0
78.51,0,0,0
78.52,0,0,0
78.53,0,0,0
78.54,0,0,0
78.55,0,0,0
78.56,0,0,0
78.57,0,0,0
78.58,0,0,0
78.59,0,0,0
78.6,0,0,0
78.61,0,0,0
78.62,0,0,0
78.63,0,0,0
78.64,0,0,0
78.65,0,0,0
78.66,0,0,0
78.67,0,0,0
78.68,0,0,0
78.69,0,0,0
78.7,0,0,0
78.71,0,0,0
78.72,0,0,0
78.73,0,0,0
78.74,0,0,0
78.75,0,0,0
78.76,0,0,0
78.77,0,0,0
78.78,0,0,0
78.79,0,0,0
78.8,0,0,0
78.81,0,0,0
78.82,0,0,0
78.83,0,0,0
78.84,0,0,0
78.85,0,0,0
78.86,0,0,0
78.87,0,0,0
78.88,0,0,0
78.89,0,0,0
78.9,0,0,0
78.91,0,0,0
78.92,0,0,0
78.93,0,0,0
78.94,0,0,0
78.95,0,0,0
78.96,0,0,0
78.97,0,0,0
78.98,0,0,0
78.99,0,0,0
79,0,0,0
79.01,0,0,0
79.02,0,0,0
79.03,0,0,0
79.04,0,0,0
79.05,0,0,0
79.06,0,0,0
79.07,0,0,0
79.08,0,0,0
79.09,0,0,0
79.1,0,0,0
79.11,0,0,0
79.12,0,0,0
79.13,0,0,0
79.14,0,0,0
79.15,0,0,0
79.16,0,0,0
79.17,0,0,0
79.18,0,0,0
79.19,0,0,0
79.2,0,0,0
79.21,0,0,0
79.22,0,0,0
79.23,0,0,0
79.24,0,0,0
79.25,0,0,0
79.26,0,0,0
79.27,0,0,0
79.28,0,0,0
79.29,0,0,0
79.3,0,0,0
79.31,0,0,0
79.32,0,0,0
79.33,0,0,0
79.34,0,0,0
79.35,0,0,0
79.36,0,0,0
79.37,0,0,0
79.38,0,0,0
79.39,0,0,0
79.4,0,0,0
79.41,0,0,0
79.42,0,0,0
79.43,0,0,0
79.44,0,0,0
79.45,0,0,0
79.46,0,0,0
79.47,0,0,0
79.48,0,0,0
79.49,0,0,0
79.5,0,0,0
79.51,0,0,0
79.52,0,0,0
79.53,0,0,0
79.54,0,0,0
79.55,0,0,0
79.56,0,0,0
79.57,0,0,0
79.58,0,0,0
79.59,0,0,0
79.6,0,0,0
79.61,0,0,0
79.62,0,0,0
79.63,0,0,0
79.64,0,0,0
79.65,0,0,0
79.66,0,0,0
79.67,0,0,0
79.68,0,0,0
79.69,0,0,0
79.7,0,0,0
79.71,0,0,0
79.72,0,0,0
79.73,0,0,0
79.74,0,0,0
79.75,0,0,0
79.76,0,0,0
79.77,0,0,0
79.78,0,0,0
79.79,0,0,0
79.8,0,0,0
79.81,0,0,0
79.82,0,0,0
79.83,0,0,0
79.84,0,0,0
79.85,0,0,0
79.86,0,0,0
79.87,0,0,0
79.88,0,0,0
79.89,0,0,0
79.9,0,0,0
79.91,0,0,0
79.92,0,0,0
79.93,0,0,0
79.94,0,0,0
79.95,0,0,0
79.96,0,0,0
79.97,0,0,0
79.98,0,0,0
79.99,0,0,0
80,0,0,0
80.01,0,0,0
80.02,0,0,0
80.03,0,0,0
80.04,0,0,0
80.05,0,0,0
80.06,0,0,0
80.07,0,0,0
80.08,0,0,0
80.09,0,0,0
80.1,0,0,0
80.11,0,0,0
80.12,0,0,0
80.13,0,0,0
80.14,0,0,0
80.15,0,0,0
80.16,0,0,0
80.17,0,0,0
80.18,0,0,0
80.19,0,0,0
80.2,0,0,0
80.21,0,0,0
80.22,0,0,0
80.23,0,0,0
80.24,0,0,0
80.25,0,0,0
80.26,0,0,0
80.27,0,0,0
80.28,0,0,0
80.29,0,0,0
80.3,0,0,0
80.31,0,0,0
80.32,0,0,0
80.33,0,0,0
80.34,0,0,0
80.35,0,0,0
80.36,0,0,0
80.37,0,0,0
80.38,0,0,0
80.39,0,0,0
80.4,0,0,0
80.41,0,0,0
80.42,0,0,0
80.43,0,0,0
80.44,0,0,0
80.45,0,0,0
80.46,0,0,0
80.47,0,0,0
80.48,0,0,0
80.49,0,0,0
80.5,0,0,0
80.51,0,0,0
80.52,0,0,0
80.53,0,0,0
80.54,0,0,0
80.55,0,0,0
80.56,0,0,0
80.57,0,0,0
80.58,0,0,0
80.59,0,0,0
80.6,0,0,0
80.61,0,0,0
80.62,0,0,0
80.63,0,0,0
80.64,0,0,0
80.65,0,0,0
80.66,0,0,0
80.67,0,0,0
80.68,0,0,0
80.69,0,0,0
80.7,0,0,0
80.71,0,0,0
80.72,0,0,0
80.73,0,0,0
80.74,0,0,0
80.75,0,0,0
80.76,0,0,0
80.77,0,0,0
80.78,0,0,0
80.79,0,0,0
80.8,0,0,0
80.81,0,0,0
80.82,0,0,0
80.83,0,0,0
80.84,0,0,0
80.85,0,0,0
80.86,0,0,0
80.87,0,0,0
80.88,0,0,0
80.89,0,0,0
80.9,0,0,0
80.91,0,0,0
80.92,0,0,0
80.93,0,0,0
80.94,0,0,0
80.95,0,0,0
80.96,0,0,0
80.97,0,0,0
80.98,0,0,0
80.99,0,0,0
81,0,0,0
81.01,0,0,0
81.02,0,0,0
81.03,0,0,0
81.04,0,0,0
81.05,0,0,0
81.06,0,0,0
81.07,0,0,0
81.08,0,0,0
81.09,0,0,0
81.1,0,0,0
81.11,0,0,0
81.12,0,0,0
81.13,0,0,0
81.14,0,0,0
81.15,0,0,0
81.16,0,0,0
81.17,0,0,0
81.18,0,0,0
81.19,0,0,0
81.2,0,0,0
81.21,0,0,0
81.22,0,0,0
81.23,0,0,0
81.24,0,0,0
81.25,0,0,0
81.26,0,0,0
81.27,0,0,0
81.28,0,0,0
81.29,0,0,0
81.3,0,0,0
81.31,0,0,0
81.32,0,0,0
81.33,0,0,0
81.34,0,0,0
81.35,0,0,0
81.36,0,0,0
81.37,0,0,0
81.38,0,0,0
81.39,0,0,0
81.4,0,0,0
81.41,0,0,0
81.42,0,0,0
81.43,0,0,0
81.44,0,0,0
81.45,0,0,0
81.46,0,0,0
81.47,0,0,0
81.48,0,0,0
81.49,0,0,0
81.5,0,0,0
81.51,0,0,0
81.52,0,0,0
81.53,0,0,0
81.54,0,0,0
81.55,0,0,0
81.56,0,0,0
81.57,0,0,0
81.58,0,0,0
81.59,0,0,0
81.6,0,0,0
81.61,0,0,0
81.62,0,0,0
81.63,0,0,0
81.64,0,0,0
81.65,0,0,0
81.66,0,0,0
81.67,0,0,0
81.68,0,0,0
81.69,0,0,0
81.7,0,0,0
81.71,0,0,0
81.72,0,0,0
81.73,0,0,0
81.74,0,0,0
81.75,0,0,0
81.76,0,0,0
81.77,0,0,0
81.78,0,0,0
81.79,0,0,0
81.8,0,0,0
81.81,0,0,0
81.82,0,0,0
81.83,0,0,0
81.84,0,0,0
81.85,0,0,0
81.86,0,0,0
81.87,0,0,0
81.88,0,0,0
81.89,0,0,0
81.9,0,0,0
81.91,0,0,0
81.92,0,0,0
81.93,0,0,0
81.94,0,0,0
81.95,0,0,0
81.96,0,0,0
81.97,0,0,0
81.98,0,0,0
81.99,0,0,0
82,0,0,0
82.01,0,0,0
82.02,0,0,0
82.03,0,0,0
82.04,0,0,0
82.05,0,0,0
82.06,0,0,0
82.07,0,0,0
82.08,0,0,0
82.09,0,0,0
82.1,0,0,0
82.11,0,0,0
82.12,0,0,0
82.13,0,0,0
82.14,0,0,0
82.15,0,0,0
82.16,0,0,0
82.17,0,0,0
82.18,0,0,0
82.19,0,0,0
82.2,0,0,0
82.21,0,0,0
82.22,0,0,0
82.23,0,0,0
82.24,0,0,0
82.25,0,0,0
82.26,0,0,0
82.27,0,0,0
82.28,0,0,0
82.29,0,0,0
82.3,0,0,0
82.31,0,0,0
82.32,0,0,0
82.33,0,0,0
82.34,0,0,0
82.35,0,0,0
82.36,0,0,0
82.37,0,0,0
82.38,0,0,0
82.39,0,0,0
82.4,0,0,0
82.41,0,0,0
82.42,0,0,0
82.43,0,0,0
82.44,0,0,0
82.45,0,0,0
82.46,0,0,0
82.47,0,0,0
82.48,0,0,0
82.49,0,0,0
82.5,0,0,0
82.51,0,0,0
82.52,0,0,0
82.53,0,0,0
82.54,0,0,0
82.55,0,0,0
82.56,0,0,0
82.57,0,0,0
82.58,0,0,0
82.59,0,0,0
82.6,0,0,0
82.61,0,0,0
82.62,0,0,0
82.63,0,0,0
82.64,0,0,0
82.65,0,0,0
82.66,0,0,0
82.67,0,0,0
82.68,0,0,0
82.69,0,0,0
82.7,0,0,0
82.71,0,0,0
82.72,0,0,0
82.73,0,0,0
82.74,0,0,0
82.75,0,0,0
82.76,0,0,0
82.77,0,0,0
82.78,0,0,0
82.79,0,0,0
82.8,0,0,0
82.81,0,0,0
82.82,0,0,0
82.83,0,0,0
82.84,0,0,0
82.85,0,0,0
82.86,0,0,0
82.87,0,0,0
82.88,0,0,0
82.89,0,0,0
82.9,0,0,0
82.91,0,0,0
82.92,0,0,0
82.93,0,0,0
82.94,0,0,0
82.95,0,0,0
82.96,0,0,0
82.97,0,0,0
82.98,0,0,0
82.99,0,0,0
83,0,0,0
83.01,0,0,0
83.02,0,0,0
83.03,0,0,0
83.04,0,0,0
83.05,0,0,0
83.06,0,0,0
83.07,0,0,0
83.08,0,0,0
83.09,0,0,0
83.1,0,0,0
83.11,0,0,0
83.12,0,0,0
83.13,0,0,0
83.14,0,0,0
83.15,0,0,0
83.16,0,0,0
83.17,0,0,0
83.18,0,0,0
83.19,0,0,0
83.2,0,0,0
83.21,0,0,0
83.22,0,0,0
83.23,0,0,0
83.24,0,0,0
83.25,0,0,0
83.26,0,0,0
83.27,0,0,0
83.28,0,0,0
83.29,0,0,0
83.3,0,0,0
83.31,0,0,0
83.32,0,0,0
83.33,0,0,0
83.34,0,0,0
83.35,0,0,0
83.36,0,0,0
83.37,0,0,0
83.38,0,0,0
83.39,0,0,0
83.4,0,0,0
83.41,0,0,0
83.42,0,0,0
83.43,0,0,0
83.44,0,0,0
83.45,0,0,0
83.46,0,0,0
83.47,0,0,0
83.48,0,0,0
83.49,0,0,0
83.5,0,0,0
83.51,0,0,0
83.52,0,0,0
83.53,0,0,0
83.54,0,0,0
83.55,0,0,0
83.56,0,0,0
83.57,0,0,0
83.58,0,0,0
83.59,0,0,0
83.6,0,0,0
83.61,0,0,0
83.62,0,0,0
83.63,0,0,0
83.64,0,0,0
83.65,0,0,0
83.66,0,0,0
83.67,0,0,0
83.68,0,0,0
83.69,0,0,0
83.7,0,0,0
83.71,0,0,0
83.72,0,0,0
83.73,0,0,0
83.74,0,0,0
83.75,0,0,0
83.76,0,0,0
83.77,0,0,0
83.78,0,0,0
83.79,0,0,0
83.8,0,0,0
83.81,0,0,0
83.82,0,0,0
83.83,0,0,0
83.84,0,0,0
83.85,0,0,0
83.86,0,0,0
83.87,0,0,0
83.88,0,0,0
83.89,0,0,0
83.9,0,0,0
83.91,0,0,0
83.92,0,0,0
83.93,0,0,0
83.94,0,0,0
83.95,0,0,0
83.96,0,0,0
83.97,0,0,0
83.98,0,0,0
83.99,0,0,0
84,0,0,0
84.01,0,0,0
84.02,0,0,0
84.03,0,0,0
84.04,0,0,0
84.05,0,0,0
84.06,0,0,0
84.07,0,0,0
84.08,0,0,0
84.09,0,0,0
84.1,0,0,0
84.11,0,0,0
84.12,0,0,0
84.13,0,0,0
84.14,0,0,0
84.15,0,0,0
84.16,0,0,0
84.17,0,0,0
84.18,0,0,0
84.19,0,0,0
84.2,0,0,0
84.21,0,0,0
84.22,0,0,0
84.23,0,0,0
84.24,0,0,0
84.25,0,0,0
84.26,0,0,0
84.27,0,0,0
84.28,0,0,0
84.29,0,0,0
84.3,0,0,0
84.31,0,0,0
84.32,0,0,0
84.33,0,0,0
84.34,0,0,0
84.35,0,0,0
84.36,0,0,0
84.37,0,0,0
84.38,0,0,0
84.39,0,0,0
84.4,0,0,0
84.41,0,0,0
84.42,0,0,0
84.43,0,0,0
84.44,0,0,0
84.45,0,0,0
84.46,0,0,0
84.47,0,0,0
84.48,0,0,0
84.49,0,0,0
84.5,0,0,0
84.51,0,0,0
84.52,0,0,0
84.53,0,0,0
84.54,0,0,0
84.55,0,0,0
84.56,0,0,0
84.57,0,0,0
84.58,0,0,0
84.59,0,0,0
84.6,0,0,0
84.61,0,0,0
84.62,0,0,0
84.63,0,0,0
84.64,0,0,0
84.65,0,0,0
84.66,0,0,0
84.67,0,0,0
84.68,0,0,0
84.69,0,0,0
84.7,0,0,0
84.71,0,0,0
84.72,0,0,0
84.73,0,0,0
84.74,0,0,0
84.75,0,0,0
84.76,0,0,0
84.77,0,0,0
84.78,0,0,0
84.79,0,0,0
84.8,0,0,0
84.81,0,0,0
84.82,0,0,0
84.83,0,0,0
84.84,0,0,0
84.85,0,0,0
84.86,0,0,0
84.87,0,0,0
84.88,0,0,0
84.89,0,0,0
84.9,0,0,0
84.91,0,0,0
84.92,0,0,0
84.93,0,0,0
84.94,0,0,0
84.95,0,0,0
84.96,0,0,0
84.97,0,0,0
84.98,0,0,0
84.99,0,0,0
85,0,0,0
85.01,0,0,0
85.02,0,0,0
85.03,0,0,0
85.04,0,0,0
85.05,0,0,0
85.06,0,0,0
85.07,0,0,0
85.08,0,0,0
85.09,0,0,0
85.1,0,0,0
85.11,0,0,0
85.12,0,0,0
85.13,0,0,0
85.14,0,0,0
85.15,0,0,0
85.16,0,0,0
85.17,0,0,0
85.18,0,0,0
85.19,0,0,0
85.2,0,0,0
85.21,0,0,0
85.22,0,0,0
85.23,0,0,0
85.24,0,0,0
85.25,0,0,0
85.26,0,0,0
85.27,0,0,0
85.28,0,0,0
85.29,0,0,0
85.3,0,0,0
85.31,0,0,0
85.32,0,0,0
85.33,0,0,0
85.34,0,0,0
85.35,0,0,0
85.36,0,0,0
85.37,0,0,0
85.38,0,0,0
85.39,0,0,0
85.4,0,0,0
85.41,0,0,0
85.42,0,0,0
85.43,0,0,0
85.44,0,0,0
85.45,0,0,0
85.46,0,0,0
85.47,0,0,0
85.48,0,0,0
85.49,0,0,0
85.5,0,0,0
85.51,0,0,0
85.52,0,0,0
85.53,0,0,0
85.54,0,0,0
85.55,0,0,0
85.56,0,0,0
85.57,0,0,0
85.58,0,0,0
85.59,0,0,0
85.6,0,0,0
85.61,0,0,0
85.62,0,0,0
85.63,0,0,0
85.64,0,0,0
85.65,0,0,0
85.66,0,0,0
85.67,0,0,0
85.68,0,0,0
85.69,0,0,0
85.7,0,0,0
85.71,0,0,0
85.72,0,0,0
85.73,0,0,0
85.74,0,0,0
85.75,0,0,0
85.76,0,0,0
85.77,0,0,0
85.78,0,0,0
85.79,0,0,0
85.8,0,0,0
85.81,0,0,0
85.82,0,0,0
85.83,0,0,0
85.84,0,0,0
85.85,0,0,0
85.86,0,0,0
85.87,0,0,0
85.88,0,0,0
85.89,0,0,0
85.9,0,0,0
85.91,0,0,0
85.92,0,0,0
85.93,0,0,0
85.94,0,0,0
85.95,0,0,0
85.96,0,0,0
85.97,0,0,0
85.98,0,0,0
85.99,0,0,0
86,0,0,0
86.01,0,0,0
86.02,0,0,0
86.03,0,0,0
86.04,0,0,0
86.05,0,0,0
86.06,0,0,0
86.07,0,0,0
86.08,0,0,0
86.09,0,0,0
86.1,0,0,0
86.11,0,0,0
86.12,0,0,0
86.13,0,0,0
86.14,0,0,0
86.15,0,0,0
86.16,0,0,0
86.17,0,0,0
86.18,0,0,0
86.19,0,0,0
86.2,0,0,0
86.21,0,0,0
86.22,0,0,0
86.23,0,0,0
86.24,0,0,0
86.25,0,0,0
86.26,0,0,0
86.27,0,0,0
86.28,0,0,0
86.29,0,0,0
86.3,0,0,0
86.31,0,0,0
86.32,0,0,0
86.33,0,0,0
86.34,0,0,0
86.35,0,0,0
86.36,0,0,0
86.37,0,0,0
86.38,0,0,0
86.39,0,0,0
86.4,0,0,0
86.41,0,0,0
86.42,0,0,0
86.43,0,0,0
86.44,0,0,0
86.45,0,0,0
86.46,0,0,0
86.47,0,0,0
86.48,0,0,0
86.49,0,0,0
86.5,0,0,0
86.51,0,0,0
86.52,0,0,0
86.53,0,0,0
86.54,0,0,0
86.55,0,0,0
86.56,0,0,0
86.57,0,0,0
86.58,0,0,0
86.59,0,0,0
86.6,0,0,0
86.61,0,0,0
86.62,0,0,0
86.63,0,0,0
86.64,0,0,0
86.65,0,0,0
86.66,0,0,0
86.67,0,0,0
86.68,0,0,0
86.69,0,0,0
86.7,0,0,0
86.71,0,0,0
86.72,0,0,0
86.73,0,0,0
86.74,0,0,0
86.75,0,0,0
86.76,0,0,0
86.77,0,0,0
86.78,0,0,0
86.79,0,0,0
86.8,0,0,0
86.81,0,0,0
86.82,0,0,0
86.83,0,0,0
86.84,0,0,0
86.85,0,0,0
86.86,0,0,0
86.87,0,0,0
86.88,0,0,0
86.89,0,0,0
86.9,0,0,0
86.91,0,0,0
86.92,0,0,0
86.93,0,0,0
86.94,0,0,0
86.95,0,0,0
86.96,0,0,0
86.97,0,0,0
86.98,0,0,0
86.99,0,0,0
87,0,0,0
87.01,0,0,0
87.02,0,0,0
87.03,0,0,0
87.04,0,0,0
87.05,0,0,0
87.06,0,0,0
87.07,0,0,0
87.08,0,0,0
87.09,0,0,0
87.1,0,0,0
87.11,0,0,0
87.12,0,0,0
87.13,0,0,0
87.14,0,0,0
87.15,0,0,0
87.16,0,0,0
87.17,0,0,0
87.18,0,0,0
87.19,0,0,0
87.2,0,0,0
87.21,0,0,0
87.22,0,0,0
87.23,0,0,0
87.24,0,0,0
87.25,0,0,0
87.26,0,0,0
87.27,0,0,0
87.28,0,0,0
87.29,0,0,0
87.3,0,0,0
87.31,0,0,0
87.32,0,0,0
87.33,0,0,0
87.34,0,0,0
87.35,0,0,0
87.36,0,0,0
87.37,0,0,0
87.38,0,0,0
87.39,0,0,0
87.4,0,0,0
87.41,0,0,0
87.42,0,0,0
87.43,0,0,0
87.44,0,0,0
87.45,0,0,0
87.46,0,0,0
87.47,0,0,0
87.48,0,0,0
87.49,0,0,0
87.5,0,0,0
87.51,0,0,0
87.52,0,0,0
87.53,0,0,0
87.54,0,0,0
87.55,0,0,0
87.56,0,0,0
87.57,0,0,0
87.58,0,0,0
87.59,0,0,0
87.6,0,0,0
87.61,0,0,0
87.62,0,0,0
87.63,0,0,0
87.64,0,0,0
87.65,0,0,0
87.66,0,0,0
87.67,0,0,0
87.68,0,0,0
87.69,0,0,0
87.7,0,0,0
87.71,0,0,0
87.72,0,0,0
87.73,0,0,0
87.74,0,0,0
87.75,0,0,0
87.76,0,0,0
87.77,0,0,0
87.78,0,0,0
87.79,0,0,0
87.8,0,0,0
87.81,0,0,0
87.82,0,0,0
87.83,0,0,0
87.84,0,0,0
87.85,0,0,0
87.86,0,0,0
87.87,0,0,0
87.88,0,0,0
87.89,0,0,0
87.9,0,0,0
87.91,0,0,0
87.92,0,0,0
87.93,0,0,0
87.94,0,0,0
87.95,0,0,0
87.96,0,0,0
87.97,0,0,0
87.98,0,0,0
87.99,0,0,0
88,0,0,0
88.01,0,0,0
88.02,0,0,0
88.03,0,0,0
88.04,0,0,0
88.05,0,0,0
88.06,0,0,0
88.07,0,0,0
88.08,0,0,0
88.09,0,0,0
88.1,0,0,0
88.11,0,0,0
88.12,0,0,0
88.13,0,0,0
88.14,0,0,0
88.15,0,0,0
88.16,0,0,0
88.17,0,0,0
88.18,0,0,0
88.19,0,0,0
88.2,0,0,0
88.21,0,0,0
88.22,0,0,0
88.23,0,0,0
88.24,0,0,0
88.25,0,0,0
88.26,0,0,0
88.27,0,0,0
88.28,0,0,0
88.29,0,0,0
88.3,0,0,0
88.31,0,0,0
88.32,0,0,0
88.33,0,0,0
88.34,0,0,0
88.35,0,0,0
88.36,0,0,0
88.37,0,0,0
88.38,0,0,0
88.39,0,0,0
88.4,0,0,0
88.41,0,0,0
88.42,0,0,0
88.43,0,0,0
88.44,0,0,0
88.45,0,0,0
88.46,0,0,0
88.47,0,0,0
88.48,0,0,0
88.49,0,0,0
88.5,0,0,0
88.51,0,0,0
88.52,0,0,0
88.53,0,0,0
88.54,0,0,0
88.55,0,0,0
88.56,0,0,0
88.57,0,0,0
88.58,0,0,0
88.59,0,0,0
88.6,0,0,0
88.61,0,0,0
88.62,0,0,0
88.63,0,0,0
88.64,0,0,0
88.65,0,0,0
88.66,0,0,0
88.67,0,0,0
88.68,0,0,0
88.69,0,0,0
88.7,0,0,0
88.71,0,0,0
88.72,0,0,0
88.73,0,0,0
88.74,0,0,0
88.75,0,0,0
88.76,0,0,0
88.77,0,0,0
88.78,0,0,0
88.79,0,0,0
88.8,0,0,0
88.81,0,0,0
88.82,0,0,0
88.83,0,0,0
88.84,0,0,0
88.85,0,0,0
88.86,0,0,0
88.87,0,0,0
88.88,0,0,0
88.89,0,0,0
88.9,0,0,0
88.91,0,0,0
88.92,0,0,0
88.93,0,0,0
88.94,0,0,0
88.95,0,0,0
88.96,0,0,0
88.97,0,0,0
88.98,0,0,0
88.99,0,0,0
89,0,0,0
89.01,0,0,0
89.02,0,0,0
89.03,0,0,0
89.04,0,0,0
89.05,0,0,0
89.06,0,0,0
89.07,0,0,0
89.08,0,0,0
89.09,0,0,0
89.1,0,0,0
89.11,0,0,0
89.12,0,0,0
89.13,0,0,0
89.14,0,0,0
89.15,0,0,0
89.16,0,0,0
89.17,0,0,0
89.18,0,0,0
89.19,0,0,0
89.2,0,0,0
89.21,0,0,0
89.22,0,0,0
89.23,0,0,0
89.24,0,0,0
89.25,0,0,0
89.26,0,0,0
89.27,0,0,0
89.28,0,0,0
89.29,0,0,0
89.3,0,0,0
89.31,0,0,0
89.32,0,0,0
89.33,0,0,0
89.34,0,0,0
89.35,0,0,0
89.36,0,0,0
89.37,0,0,0
89.38,0,0,0
89.39,0,0,0
89.4,0,0,0
89.41,0,0,0
89.42,0,0,0
89.43,0,0,0
89.44,0,0,0
89.45,0,0,0
89.46,0,0,0
89.47,0,0,0
89.48,0,0,0
89.49,0,0,0
89.5,0,0,0
89.51,0,0,0
89.52,0,0,0
89.53,0,0,0
89.54,0,0,0
89.55,0,0,0
89.56,0,0,0
89.57,0,0,0
89.58,0,0,0
89.59,0,0,0
89.6,0,0,0
89.61,0,0,0
89.62,0,0,0
89.63,0,0,0
89.64,0,0,0
89.65,0,0,0
89.66,0,0,0
89.67,0,0,0
89.68,0,0,0
89.69,0,0,0
89.7,0,0,0
89.71,0,0,0
89.72,0,0,0
89.73,0,0,0
89.74,0,0,0
89.75,0,0,0
89.76,0,0,0
89.77,0,0,0
89.78,0,0,0
89.79,0,0,0
89.8,0,0,0
89.81,0,0,0
89.82,0,0,0
89.83,0,0,0
89.84,0,0,0
89.85,0,0,0
89.86,0,0,0
89.87,0,0,0
89.88,0,0,0
89.89,0,0,0
89.9,0,0,0
89.91,0,0,0
89.92,0,0,0
89.93,0,0,0
89.94,0,0,0
89.95,0,0,0
89.96,0,0,0
89.97,0,0,0
89.98,0,0,0
89.99,0,0,0
90,0,0,0
90.01,0,0,0
90.02,0,0,0
90.03,0,0,0
90.04,0,0,0
90.05,0,0,0
90.06,0,0,0
90.07,0,0,0
90.08,0,0,0
90.09,0,0,0
90.1,0,0,0
90.11,0,0,0
90.12,0,0,0
90.13,0,0,0
90.14,0,0,0
90.15,0,0,0
90.16,0,0,0
90.17,0,0,0
90.18,0,0,0
90.19,0,0,0
90.2,0,0,0
90.21,0,0,0
90.22,0,0,0
90.23,0,0,0
90.24,0,0,0
90.25,0,0,0
90.26,0,0,0
90.27,0,0,0
90.28,0,0,0
90.29,0,0,0
90.3,0,0,0
90.31,0,0,0
90.32,0,0,0
90.33,0,0,0
90.34,0,0,0
90.35,0,0,0
90.36,0,0,0
90.37,0,0,0
90.38,0,0,0
90.39,0,0,0
90.4,0,0,0
90.41,0,0,0
90.42,0,0,0
90.43,0,0,0
90.44,0,0,0
90.45,0,0,0
90.46,0,0,0
90.47,0,0,0
90.48,0,0,0
90.49,0,0,0
90.5,0,0,0
90.51,0,0,0
90.52,0,0,0
90.53,0,0,0
90.54,0,0,0
90.55,0,0,0
90.56,0,0,0
90.57,0,0,0
90.58,0,0,0
90.59,0,0,0
90.6,0,0,0
90.61,0,0,0
90.62,0,0,0
90.63,0,0,0
90.64,0,0,0
90.65,0,0,0
90.66,0,0,0
90.67,0,0,0
90.68,0,0,0
90.69,0,0,0
90.7,0,0,0
90.71,0,0,0
90.72,0,0,0
90.73,0,0,0
90.74,0,0,0
90.75,0,0,0
90.76,0,0,0
90.77,0,0,0
90.78,0,0,0
90.79,0,0,0
90.8,0,0,0
90.81,0,0,0
90.82,0,0,0
90.83,0,0,0
90.84,0,0,0
90.85,0,0,0
90.86,0,0,0
90.87,0,0,0
90.88,0,0,0
90.89,0,0,0
90.9,0,0,0
90.91,0,0,0
90.92,0,0,0
90.93,0,0,0
90.94,0,0,0
90.95,0,0,0
90.96,0,0,0
90.97,0,0,0
90.98,0,0,0
90.99,0,0,0
91,0,0,0
91.01,0,0,0
91.02,0,0,0
91.03,0,0,0
91.04,0,0,0
91.05,0,0,0
91.06,0,0,0
91.07,0,0,0
91.08,0,0,0
91.09,0,0,0
91.1,0,0,0
91.11,0,0,0
91.12,0,0,0
91.13,0,0,0
91.14,0,0,0
91.15,0,0,0
91.16,0,0,0
91.17,0,0,0
91.18,0,0,0
91.19,0,0,0
91.2,0,0,0
91.21,0,0,0
91.22,0,0,0
91.23,0,0,0
91.24,0,0,0
91.25,0,0,0
91.26,0,0,0
91.27,0,0,0
91.28,0,0,0
91.29,0,0,0
91.3,0,0,0
91.31,0,0,0
91.32,0,0,0
91.33,0,0,0
91.34,0,0,0
91.35,0,0,0
91.36,0,0,0
91.37,0,0,0
91.38,0,0,0
91.39,0,0,0
91.4,0,0,0
91.41,0,0,0
91.42,0,0,0
91.43,0,0,0
91.44,0,0,0
91.45,0,0,0
91.46,0,0,0
91.47,0,0,0
91.48,0,0,0
91.49,0,0,0
91.5,0,0,0
91.51,0,0,0
91.52,0,0,0
91.53,0,0,0
91.54,0,0,0
91.55,0,0,0
91.56,0,0,0
91.57,0,0,0
91.58,0,0,0
91.59,0,0,0
91.6,0,0,0
91.61,0,0,0
91.62,0,0,0
91.63,0,0,0
91.64,0,0,0
91.65,0,0,0
91.66,0,0,0
91.67,0,0,0
91.68,0,0,0
91.69,0,0,0
91.7,0,0,0
91.71,0,0,0
91.72,0,0,0
91.73,0,0,0
91.74,0,0,0
91.75,0,0,0
91.76,0,0,0
91.77,0,0,0
91.78,0,0,0
91.79,0,0,0
91.8,0,0,0
91.81,0,0,0
91.82,0,0,0
91.83,0,0,0
91.84,0,0,0
91.85,0,0,0
91.86,0,0,0
91.87,0,0,0
91.88,0,0,0
91.89,0,0,0
91.9,0,0,0
91.91,0,0,0
91.92,0,0,0
91.93,0,0,0
91.94,0,0,0
91.95,0,0,0
91.96,0,0,0
91.97,0,0,0
91.98,0,0,0
91.99,0,0,0
92,0,0,0
92.01,0,0,0
92.02,0,0,0
92.03,0,0,0
92.04,0,0,0
92.05,0,0,0
92.06,0,0,0
92.07,0,0,0
92.08,0,0,0
92.09,0,0,0
92.1,0,0,0
92.11,0,0,0
92.12,0,0,0
92.13,0,0,0
92.14,0,0,0
92.15,0,0,0
92.16,0,0,0
92.17,0,0,0
92.18,0,0,0
92.19,0,0,0
92.2,0,0,0
92.21,0,0,0
92.22,0,0,0
92.23,0,0,0
92.24,0,0,0
92.25,0,0,0
92.26,0,0,0
92.27,0,0,0
92.28,0,0,0
92.29,0,0,0
92.3,0,0,0
92.31,0,0,0
92.32,0,0,0
92.33,0,0,0
92.34,0,0,0
92.35,0,0,0
92.36,0,0,0
92.37,0,0,0
92.38,0,0,0
92.39,0,0,0
92.4,0,0,0
92.41,0,0,0
92.42,0,0,0
92.43,0,0,0
92.44,0,0,0
92.45,0,0,0
92.46,0,0,0
92.47,0,0,0
92.48,0,0,0
92.49,0,0,0
92.5,0,0,0
92.51,0,0,0
92.52,0,0,0
92.53,0,0,0
92.54,0,0,0
92.55,0,0,0
92.56,0,0,0
92.57,0,0,0
92.58,0,0,0
92.59,0,0,0
92.6,0,0,0
92.61,0,0,0
92.62,0,0,0
92.63,0,0,0
92.64,0,0,0
92.65,0,0,0
92.66,0,0,0
92.67,0,0,0
92.68,0,0,0
92.69,0,0,0
92.7,0,0,0
92.71,0,0,0
92.72,0,0,0
92.73,0,0,0
92.74,0,0,0
92.75,0,0,0
92.76,0,0,0
92.77,0,0,0
92.78,0,0,0
92.79,0,0,0
92.8,0,0,0
92.81,0,0,0
92.82,0,0,0
92.83,0,0,0
92.84,0,0,0
92.85,0,0,0
92.86,0,0,0
92.87,0,0,0
92.88,0,0,0
92.89,0,0,0
92.9,0,0,0
92.91,0,0,0
92.92,0,0,0
92.93,0,0,0
92.94,0,0,0
92.95,0,0,0
92.96,0,0,0
92.97,0,0,0
92.98,0,0,0
92.99,0,0,0
93,0,0,0
93.01,0,0,0
93.02,0,0,0
93.03,0,0,0
93.04,0,0,0
93.05,0,0,0
93.06,0,0,0
93.07,0,0,0
93.08,0,0,0
93.09,0,0,0
93.1,0,0,0
93.11,0,0,0
93.12,0,0,0
93.13,0,0,0
93.14,0,0,0
93.15,0,0,0
93.16,0,0,0
93.17,0,0,0
93.18,0,0,0
93.19,0,0,0
93.2,0,0,0
93.21,0,0,0
93.22,0,0,0
93.23,0,0,0
93.24,0,0,0
93.25,0,0,0
93.26,0,0,0
93.27,0,0,0
93.28,0,0,0
93.29,0,0,0
93.3,0,0,0
93.31,0,0,0
93.32,0,0,0
93.33,0,0,0
93.34,0,0,0
93.35,0,0,0
93.36,0,0,0
93.37,0,0,0
93.38,0,0,0
93.39,0,0,0
93.4,0,0,0
93.41,0,0,0
93.42,0,0,0
93.43,0,0,0
93.44,0,0,0
93.45,0,0,0
93.46,0,0,0
93.47,0,0,0
93.48,0,0,0
93.49,0,0,0
93.5,0,0,0
93.51,0,0,0
93.52,0,0,0
93.53,0,0,0
93.54,0,0,0
93.55,0,0,0
93.56,0,0,0
93.57,0,0,0
93.58,0,0,0
93.59,0,0,0
93.6,0,0,0
93.61,0,0,0
93.62,0,0,0
93.63,0,0,0
93.64,0,0,0
93.65,0,0,0
93.66,0,0,0
93.67,0,0,0
93.68,0,0,0
93.69,0,0,0
93.7,0,0,0
93.71,0,0,0
93.72,0,0,0
93.73,0,0,0
93.74,0,0,0
93.75,0,0,0
93.76,0,0,0
93.77,0,0,0
93.78,0,0,0
93.79,0,0,0
93.8,0,0,0
93.81,0,0,0
93.82,0,0,0
93.83,0,0,0
93.84,0,0,0
93.85,0,0,0
93.86,0,0,0
93.87,0,0,0
93.88,0,0,0
93.89,0,0,0
93.9,0,0,0
93.91,0,0,0
93.92,0,0,0
93.93,0,0,0
93.94,0,0,0
93.95,0,0,0
93.96,0,0,0
93.97,0,0,0
93.98,0,0,0
93.99,0,0,0
94,0,0,0
94.01,0,0,0
94.02,0,0,0
94.03,0,0,0
94.04,0,0,0
94.05,0,0,0
94.06,0,0,0
94.07,0,0,0
94.08,0,0,0
94.09,0,0,0
94.1,0,0,0
94.11,0,0,0
94.12,0,0,0
94.13,0,0,0
94.14,0,0,0
94.15,0,0,0
94.16,0,0,0
94.17,0,0,0
94.18,0,0,0
94.19,0,0,0
94.2,0,0,0
94.21,0,0,0
94.22,0,0,0
94.23,0,0,0
94.24,0,0,0
94.25,0,0,0
94.26,0,0,0
94.27,0,0,0
94.28,0,0,0
94.29,0,0,0
94.3,0,0,0
94.31,0,0,0
94.32,0,0,0
94.33,0,0,0
94.34,0,0,0
94.35,0,0,0
94.36,0,0,0
94.37,0,0,0
94.38,0,0,0
94.39,0,0,0
94.4,0,0,0
94.41,0,0,0
94.42,0,0,0
94.43,0,0,0
94.44,0,0,0
94.45,0,0,0
94.46,0,0,0
94.47,0,0,0
94.48,0,0,0
94.49,0,0,0
94.5,0,0,0
94.51,0,0,0
94.52,0,0,0
94.53,0,0,0
94.54,0,0,0
94.55,0,0,0
94.56,0,0,0
94.57,0,0,0
94.58,0,0,0
94.59,0,0,0
94.6,0,0,0
94.61,0,0,0
94.62,0,0,0
94.63,0,0,0
94.64,0,0,0
94.65,0,0,0
94.66,0,0,0
94.67,0,0,0
94.68,0,0,0
94.69,0,0,0
94.7,0,0,0
94.71,0,0,0
94.72,0,0,0
94.73,0,0,0
94.74,0,0,0
94.75,0,0,0
94.76,0,0,0
94.77,0,0,0
94.78,0,0,0
94.79,0,0,0
94.8,0,0,0
94.81,0,0,0
94.82,0,0,0
94.83,0,0,0
94.84,0,0,0
94.85,0,0,0
94.86,0,0,0
94.87,0,0,0
94.88,0,0,0
94.89,0,0,0
94.9,0,0,0
94.91,0,0,0
94.92,0,0,0
94.93,0,0,0
94.94,0,0,0
94.95,0,0,0
94.96,0,0,0
94.97,0,0,0
94.98,0,0,0
94.99,0,0,0
95,0,0,0
95.01,0,0,0
95.02,0,0,0
95.03,0,0,0
95.04,0,0,0
95.05,0,0,0
95.06,0,0,0
95.07,0,0,0
95.08,0,0,0
95.09,0,0,0
95.1,0,0,0
95.11,0,0,0
95.12,0,0,0
95.13,0,0,0
95.14,0,0,0
95.15,0,0,0
95.16,0,0,0
95.17,0,0,0
95.18,0,0,0
95.19,0,0,0
95.2,0,0,0
95.21,0,0,0
95.22,0,0,0
95.23,0,0,0
95.24,0,0,0
95.25,0,0,0
95.26,0,0,0
95.27,0,0,0
95.28,0,0,0
95.29,0,0,0
95.3,0,0,0
95.31,0,0,0
95.32,0,0,0
95.33,0,0,0
95.34,0,0,0
95.35,0,0,0
95.36,0,0,0
95.37,0,0,0
95.38,0,0,0
95.39,0,0,0
95.4,0,0,0
95.41,0,0,0
95.42,0,0,0
95.43,0,0,0
95.44,0,0,0
95.45,0,0,0
95.46,0,0,0
95.47,0,0,0
95.48,0,0,0
95.49,0,0,0
95.5,0,0,0
95.51,0,0,0
95.52,0,0,0
95.53,0,0,0
95.54,0,0,0
95.55,0,0,0
95.56,0,0,0
95.57,0,0,0
95.58,0,0,0
95.59,0,0,0
95.6,0,0,0
95.61,0,0,0
95.62,0,0,0
95.63,0,0,0
95.64,0,0,0
95.65,0,0,0
95.66,0,0,0
95.67,0,0,0
95.68,0,0,0
95.69,0,0,0
95.7,0,0,0
95.71,0,0,0
95.72,0,0,0
95.73,0,0,0
95.74,0,0,0
95.75,0,0,0
95.76,0,0,0
95.77,0,0,0
95.78,0,0,0
95.79,0,0,0
95.8,0,0,0
95.81,0,0,0
95.82,0,0,0
95.83,0,0,0
95.84,0,0,0
95.85,0,0,0
95.86,0,0,0
95.87,0,0,0
95.88,0,0,0
95.89,0,0,0
95.9,0,0,0
95.91,0,0,0
95.92,0,0,0
95.93,0,0,0
95.94,0,0,0
95.95,0,0,0
95.96,0,0,0
95.97,0,0,0
95.98,0,0,0
95.99,0,0,0
96,0,0,0
96.01,0,0,0
96.02,0,0,0
96.03,0,0,0
96.04,0,0,0
96.05,0,0,0
96.06,0,0,0
96.07,0,0,0
96.08,0,0,0
96.09,0,0,0
96.1,0,0,0
96.11,0,0,0
96.12,0,0,0
96.13,0,0,0
96.14,0,0,0
96.15,0,0,0
96.16,0,0,0
96.17,0,0,0
96.18,0,0,0
96.19,0,0,0
96.2,0,0,0
96.21,0,0,0
96.22,0,0,0
96.23,0,0,0
96.24,0,0,0
96.25,0,0,0
96.26,0,0,0
96.27,0,0,0
96.28,0,0,0
96.29,0,0,0
96.3,0,0,0
96.31,0,0,0
96.32,0,0,0
96.33,0,0,0
96.34,0,0,0
96.35,0,0,0
96.36,0,0,0
96.37,0,0,0
96.38,0,0,0
96.39,0,0,0
96.4,0,0,0
96.41,0,0,0
96.42,0,0,0
96.43,0,0,0
96.44,0,0,0
96.45,0,0,0
96.46,0,0,0
96.47,0,0,0
96.48,0,0,0
96.49,0,0,0
96.5,0,0,0
96.51,0,0,0
96.52,0,0,0
96.53,0,0,0
96.54,0,0,0
96.55,0,0,0
96.56,0,0,0
96.57,0,0,0
96.58,0,0,0
96.59,0,0,0
96.6,0,0,0
96.61,0,0,0
96.62,0,0,0
96.63,0,0,0
96.64,0,0,0
96.65,0,0,0
96.66,0,0,0
96.67,0,0,0
96.68,0,0,0
96.69,0,0,0
96.7,0,0,0
96.71,0,0,0
96.72,0,0,0
96.73,0,0,0
96.74,0,0,0
96.75,0,0,0
96.76,0,0,0
96.77,0,0,0
96.78,0,0,0
96.79,0,0,0
96.8,0,0,0
96.81,0,0,0
96.82,0,0,0
96.83,0,0,0
96.84,0,0,0
96.85,0,0,0
96.86,0,0,0
96.87,0,0,0
96.88,0,0,0
96.89,0,0,0
96.9,0,0,0
96.91,0,0,0
96.92,0,0,0
96.93,0,0,0
96.94,0,0,0
96.95,0,0,0
96.96,0,0,0
96.97,0,0,0
96.98,0,0,0
96.99,0,0,0
97,0,0,0
97.01,0,0,0
97.02,0,0,0
97.03,0,0,0
97.04,0,0,0
97.05,0,0,0
97.06,0,0,0
97.07,0,0,0
97.08,0,0,0
97.09,0,0,0
97.1,0,0,0
97.11,0,0,0
97.12,0,0,0
97.13,0,0,0
97.14,0,0,0
97.15,0,0,0
97.16,0,0,0
97.17,0,0,0
97.18,0,0,0
97.19,0,0,0
97.2,0,0,0
97.21,0,0,0
97.22,0,0,0
97.23,0,0,0
97.24,0,0,0
97.25,0,0,0
97.26,0,0,0
97.27,0,0,0
97.28,0,0,0
97.29,0,0,0
97.3,0,0,0
97.31,0,0,0
97.32,0,0,0
97.33,0,0,0
97.34,0,0,0
97.35,0,0,0
97.36,0,0,0
97.37,0,0,0
97.38,0,0,0
97.39,0,0,0
97.4,0,0,0
97.41,0,0,0
97.42,0,0,0
97.43,0,0,0
97.44,0,0,0
97.45,0,0,0
97.46,0,0,0
97.47,0,0,0
97.48,0,0,0
97.49,0,0,0
97.5,0,0,0
97.51,0,0,0
97.52,0,0,0
97.53,0,0,0
97.54,0,0,0
97.55,0,0,0
97.56,0,0,0
97.57,0,0,0
97.58,0,0,0
97.59,0,0,0
97.6,0,0,0
97.61,0,0,0
97.62,0,0,0
97.63,0,0,0
97.64,0,0,0
97.65,0,0,0
97.66,0,0,0
97.67,0,0,0
97.68,0,0,0
97.69,0,0,0
97.7,0,0,0
97.71,0,0,0
97.72,0,0,0
97.73,0,0,0
97.74,0,0,0
97.75,0,0,0
97.76,0,0,0
97.77,0,0,0
97.78,0,0,0
97.79,0,0,0
97.8,0,0,0
97.81,0,0,0
97.82,0,0,0
97.83,0,0,0
97.84,0,0,0
97.85,0,0,0
97.86,0,0,0
97.87,0,0,0
97.88,0,0,0
97.89,0,0,0
97.9,0,0,0
97.91,0,0,0
97.92,0,0,0
97.93,0,0,0
97.94,0,0,0
97.95,0,0,0
97.96,0,0,0
97.97,0,0,0
97.98,0,0,0
97.99,0,0,0
98,0,0,0
98.01,0,0,0
98.02,0,0,0
98.03,0,0,0
98.04,0,0,0
98.05,0,0,0
98.06,0,0,0
98.07,0,0,0
98.08,0,0,0
98.09,0,0,0
98.1,0,0,0
98.11,0,0,0
98.12,0,0,0
98.13,0,0,0
98.14,0,0,0
98.15,0,0,0
98.16,0,0,0
98.17,0,0,0
98.18,0,0,0
98.19,0,0,0
98.2,0,0,0
98.21,0,0,0
98.22,0,0,0
98.23,0,0,0
98.24,0,0,0
98.25,0,0,0
98.26,0,0,0
98.27,0,0,0
98.28,0,0,0
98.29,0,0,0
98.3,0,0,0
98.31,0,0,0
98.32,0,0,0
98.33,0,0,0
98.34,0,0,0
98.35,0,0,0
98.36,0,0,0
98.37,0,0,0
98.38,0,0,0
98.39,0,0,0
98.4,0,0,0
98.41,0,0,0
98.42,0,0,0
98.43,0,0,0
98.44,0,0,0
98.45,0,0,0
98.46,0,0,0
98.47,0,0,0
98.48,0,0,0
98.49,0,0,0
98.5,0,0,0
98.51,0,0,0
98.52,0,0,0
98.53,0,0,0
98.54,0,0,0
98.55,0,0,0
98.56,0,0,0
98.57,0,0,0
98.58,0,0,0
98.59,0,0,0
98.6,0,0,0
98.61,0,0,0
98.62,0,0,0
98.63,0,0,0
98.64,0,0,0
98.65,0,0,0
98.66,0,0,0
98.67,0,0,0
98.68,0,0,0
98.69,0,0,0
98.7,0,0,0
98.71,0,0,0
98.72,0,0,0
98.73,0,0,0
98.74,0,0,0
98.75,0,0,0
98.76,0,0,0
98.77,0,0,0
98.78,0,0,0
98.79,0,0,0
98.8,0,0,0
98.81,0,0,0
98.82,0,0,0
98.83,0,0,0
98.84,0,0,0
98.85,0,0,0
98.86,0,0,0
98.87,0,0,0
98.88,0,0,0
98.89,0,0,0
98.9,0,0,0
98.91,0,0,0
98.92,0,0,0
98.93,0,0,0
98.94,0,0,0
98.95,0,0,0
98.96,0,0,0
98.97,0,0,0
98.98,0,0,0
98.99,0,0,0
99,0,0,0
99.01,0,0,0
99.02,0,0,0
99.03,0,0,0
99.04,0,0,0
99.05,0,0,0
99.06,0,0,0
99.07,0,0,0
99.08,0,0,0
99.09,0,0,0
99.1,0,0,0
99.11,0,0,0
99.12,0,0,0
99.13,0,0,0
99.14,0,0,0
99.15,0,0,0
99.16,0,0,0
99.17,0,0,0
99.18,0,0,0
99.19,0,0,0
99.2,0,0,0
99.21,0,0,0
99.22,0,0,0
99.23,0,0,0
99.24,0,0,0
99.25,0,0,0
99.26,0,0,0
99.27,0,0,0
99.28,0,0,0
99.29,0,0,0
99.3,0,0,0
99.31,0,0,0
99.32,0,0,0
99.33,0,0,0
99.34,0,0,0
99.35,0,0,0
99.36,0,0,0
99.37,0,0,0
99.38,0,0,0
99.39,0,0,0
99.4,0,0,0
99.41,0,0,0
99.42,0,0,0
99.43,0,0,0
99.44,0,0,0
99.45,0,0,0
99.46,0,0,0
99.47,0,0,0
99.48,0,0,0
99.49,0,0,0
99.5,0,0,0
99.51,0,0,0
99.52,0,0,0
99.53,0,0,0
99.54,0,0,0
99.55,0,0,0
99.56,0,0,0
99.57,0,0,0
99.58,0,0,0
99.59,0,0,0
99.6,0,0,0
99.61,0,0,0
99.62,0,0,0
99.63,0,0,0
99.64,0,0,0
99.65,0,0,0
99.66,0,0,0
99.67,0,0,0
99.68,0,0,0
99.69,0,0,0
99.7,0,0,0
99.71,0,0,0
99.72,0,0,0
99.73,0,0,0
99.74,0,0,0
99.75,0,0,0
99.76,0,0,0
99.77,0,0,0
99.78,0,0,0
99.79,0,0,0
99.8,0,0,0
99.81,0,0,0
99.82,0,0,0
99.83,0,0,0
99.84,0,0,0
99.85,0,0,0
99.86,0,0,0
99.87,0,0,0
99.88,0,0,0
99.89,0,0,0
99.9,0,0,0
99.91,0,0,0
99.92,0,0,0
99.93,0,0,0
99.94,0,0,0
99.95,0,0,0
99.96,0,0,0
99.97,0,0,0
99.98,0,0,0
99.99,0,0,0
100,0,0,0
