PhotonEnergy_meV,Total_B_T_5,Total_B_T_10,Total_B_T_15,Optical_B_T_5,Optical_B_T_10,Optical_B_T_15,Piezoelectric_B_T_5,Piezoelectric_B_T_10,Piezoelectric_B_T_15
2,9.5638741209191e+34,3.81402657151643e+35,8.31308051501795e+35,8.23889817936021e+34,3.29025569376491e+35,7.19569470615596e+35,1.32497594155888e+34,5.23770877751513e+34,1.11738580886199e+35
2.1,8.70961435896536e+34,3.47424178109223e+35,7.5736207828968e+35,7.49835713554878e+34,2.99517763912603e+35,6.55134306794995e+35,1.21125722341658e+34,4.79064141966204e+34,1.02227771494684e+35
2.2,7.96786592506163e+34,3.17918409051875e+35,6.93146583694316e+35,6.85548315871186e+34,2.73899470798742e+35,5.99189344840792e+35,1.11238276634977e+34,4.40189382531327e+34,9.39572388535236e+34
2.3,7.31960831221657e+34,2.92129469596825e+35,6.37017457650883e+35,6.29375206603952e+34,2.51512825300583e+35,5.50298860137377e+35,1.02585624617705e+34,4.06166442962419e+34,8.6718597513506e+34
2.4,6.74968517701244e+34,2.69455012688392e+35,5.8766450044005e+35,5.79999826440614e+34,2.31833651526439e+35,5.07318855024065e+35,9.49686912606294e+33,3.76213611619527e+34,8.03456454159853e+34
2.5,6.24589824598271e+34,2.49410227842047e+35,5.44033141686156e+35,5.36362695722009e+34,2.14440108082098e+35,4.69328645042203e+35,8.82271288762622e+33,3.49701197599495e+34,7.47044966439527e+34
2.6,5.79833989034974e+34,2.31601325175166e+35,5.052667757555e+35,4.97603390602984e+34,1.9898959373227e+35,4.35580467075888e+35,8.22305984319899e+33,3.26117314428959e+34,6.96863086796118e+34
2.7,5.39889510982887e+34,2.15705749184879e+35,4.70663731549598e+35,4.63017250614294e+34,1.85201515839627e+35,4.05461879283545e+35,7.6872260368593e+33,3.05042333452519e+34,6.52018522660531e+34
2.8,5.04086548847729e+34,2.01457237985233e+35,4.39644779336103e+35,4.32022691875463e+34,1.72844279735584e+35,3.78467370701269e+35,7.20638569722658e+33,2.86129582496485e+34,6.11774086348338e+34
2.9,4.7186821259637e+34,1.88634417282319e+35,4.1172832442874e+35,4.04136256312566e+34,1.61725357017821e+35,3.54176688893477e+35,6.77319562838036e+33,2.69090602644982e+34,5.75516355352633e+34
3,4.42768426315977e+34,1.77052004271368e+35,3.86511276655409e+35,3.78953372297634e+34,1.5168362705198e+35,3.32238127698809e+35,6.38150540183429e+33,2.53683772193883e+34,5.42731489566001e+34
3.1,4.16394695836658e+34,1.66553960286926e+35,3.6365415784617e+35,3.56133379421262e+34,1.42583415687242e+35,3.12355518336627e+35,6.02613164153961e+33,2.39705445996844e+34,5.1298639509543e+34
3.2,3.92414576964586e+34,1.57008113726219e+35,3.4286940682984e+35,3.35387770103888e+34,1.34309814374847e+35,2.94278014433351e+35,5.70268068606978e+33,2.26982993513717e+34,4.85913923964888e+34
3.3,3.70544962767068e+34,1.48301903029724e+35,3.23912120341411e+35,3.16470881560873e+34,1.26764974630446e+35,2.7779200534881e+35,5.4074081206195e+33,2.15369283992787e+34,4.61201149926008e+34
3.4,3.5054353783303e+34,1.40338980662567e+35,3.06572666474347e+35,2.99172471197833e+34,1.19865152200795e+35,2.62714665463675e+35,5.13710666351977e+33,2.04738284617721e+34,4.38580010106717e+34
3.5,3.32201912395187e+34,1.33036484571737e+35,2.90670749815544e+35,2.83311751959231e+34,1.13538332384101e+35,2.48888771649287e+35,4.88901604359568e+33,1.94981521876357e+34,4.17819781662577e+34
3.6,3.15340069053559e+34,1.26322831206947e+35,2.76050610940319e+35,2.68732568368358e+34,1.07722309429659e+35,2.36178511638453e+35,4.66075006852015e+33,1.8600521777288e+34,3.98720993018658e+34
3.7,2.9980184279316e+34,1.20135919133842e+35,2.62577118928936e+35,2.5529947046986e+34,1.0236312337838e+35,2.24466072424981e+35,4.45023723233e+33,1.77727957554616e+34,3.81110465039543e+34
3.8,2.8545122014012e+34,1.14421658151417e+35,2.50132571853582e+35,2.42894499530412e+34,9.74137802505561e+34,2.13648847011418e+35,4.25567206097085e+33,1.70078779008606e+34,3.64837248421642e+34
3.9,2.72169291989226e+34,1.09132758168812e+35,2.38614062250702e+35,2.31414541682137e+34,9.28331983346618e+34,2.03637134585583e+35,4.07547503070894e+33,1.62995598341503e+34,3.49769276651182e+34
4,2.59851731325547e+34,1.04227726673234e+35,2.27931296293806e+35,2.20769137588935e+34,8.85853360260991e+34,1.94352236907452e+35,3.90825937366127e+33,1.56423906471349e+34,3.35790593863549e+34
4.1,2.48406694928474e+34,9.9670034691885e+34,2.18004779458942e+35,2.10878660439087e+34,8.46384663063421e+34,1.85724874726312e+35,3.75280344893875e+33,1.50315683855429e+34,3.22799047326295e+34
4.2,2.37753069468164e+34,9.54274196221174e+34,2.08764299898409e+35,2.01672793101149e+34,8.09645703300009e+34,1.77693864145559e+35,3.60802763670154e+33,1.44628492921164e+34,3.10704357528506e+34
4.3,2.27818998833946e+34,9.14712998318461e+34,2.00147654935171e+35,1.93089249560566e+34,7.75388282715999e+34,1.70205005256161e+35,3.47297492733808e+33,1.39324715602462e+34,2.99426496790097e+34
4.4,2.18540642278998e+34,8.77762809961148e+34,1.92099577103508e+35,1.85072696831492e+34,7.43391899931152e+34,1.63210144981528e+35,3.34679454475062e+33,1.34370910029996e+34,2.888943212198e+34
4.5,2.0986112291478e+34,8.43197380889085e+34,1.84570824759239e+35,1.77573842185106e+34,7.13460115352877e+34,1.56666383587438e+35,3.22872807296741e+33,1.29737265536208e+34,2.79044411718006e+34
4.6,2.01729633902544e+34,8.10814600541072e+34,1.77517409035455e+35,1.70548657326317e+34,6.85417461388662e+34,1.5053540020954e+35,3.11809765762268e+33,1.2539713915241e+34,2.69820088259153e+34
4.7,1.94100675861335e+34,7.80433466319978e+34,1.70899934253833e+35,1.63957716514353e+34,6.591068063706e+34,1.44782877410263e+35,3.01429593469813e+33,1.21326659949378e+34,2.61170568435706e+34
4.8,1.86933403913969e+34,7.51891487656753e+34,1.64683033138208e+35,1.57765629882392e+34,6.34387097562064e+34,1.3937800847751e+35,2.91677740315763e+33,1.17504390094688e+34,2.53050246606984e+34
4.9,1.8019106670626e+34,7.25042455668975e+34,1.58834881559739e+35,1.51940556612127e+34,6.11131422154671e+34,1.34293074131918e+35,2.82505100941328e+33,1.13911033514304e+34,2.45418074278215e+34
5,1.7384052287514e+34,6.9975452068896e+34,1.53326780257283e+35,1.46453785347713e+34,5.89225336026136e+34,1.29503077680021e+35,2.73867375274274e+33,1.10529184662824e+34,2.38237025772618e+34
5.1,1.678518229732e+34,6.75908529997845e+34,1.48132793164998e+35,1.41279371433272e+34,5.68565418786992e+34,1.24985429561819e+35,2.65724515399273e+33,1.07343111210853e+34,2.31473636031792e+34
5.2,1.6219784690779e+34,6.53396586251386e+34,1.43229433751759e+35,1.36393822339645e+34,5.49058020736718e+34,1.20719673789138e+35,2.58040245681448e+33,1.04338565514668e+34,2.2509759962621e+34
5.3,1.56853988621023e+34,6.32120793712585e+34,1.38595392218895e+35,1.31775824095253e+34,5.30618173119342e+34,1.16687250030307e+35,2.507816452577e+33,1.01502620593244e+34,2.19081421885878e+34
5.4,1.51797881099709e+34,6.11992164822132e+34,1.34211297580829e+35,1.274060027197e+34,5.13168637781606e+34,1.12871286125286e+35,2.43918783800096e+33,9.88235270405256e+33,2.13400114555432e+34
5.5,1.47009155922055e+34,5.92929664079846e+34,1.30059509619425e+35,1.23266715629643e+34,4.96639076202354e+34,1.09256416659019e+35,2.37424402924118e+33,9.62905878774923e+33,2.08030929604059e+34
5.6,1.42469232468279e+34,5.74859369868238e+34,1.26123936498516e+35,1.19341868785859e+34,4.80965321044601e+34,1.05828623915446e+35,2.312736368242e+33,9.3894048823637e+33,2.02953125830694e+34
5.7,1.38161132682986e+34,5.57713737872478e+34,1.22389874482719e+35,1.15616756011071e+34,4.66088736012187e+34,1.02575098108705e+35,2.25443766719146e+33,9.1625001860291e+33,1.98147763740131e+34
5.8,1.34069317908059e+34,5.41430952258859e+34,1.18843866750122e+35,1.12077917456067e+34,4.51955651974666e+34,9.94841142642414e+34,2.19914004519918e+33,8.94753002841931e+33,1.93597524858805e+34
5.9,1.30179544829991e+34,5.2595435286109e+34,1.15473578742481e+35,1.08713014647651e+34,4.38516869139921e+34,9.65449235188644e+34,2.14665301823402e+33,8.74374837211688e+33,1.89286552236167e+34
6,1.26478738024132e+34,5.11231928366966e+34,1.12267687875757e+35,1.05510719932824e+34,4.25727216570358e+34,9.37476569397673e+34,2.09680180913085e+33,8.55047117966074e+33,1.852003093599e+34
6.1,1.22954876945744e+34,4.97215866958457e+34,1.0921578575153e+35,1.02460618452585e+34,4.13545161608886e+34,9.10832402397807e+34,2.0494258493159e+33,8.36707053495713e+33,1.81325455117497e+34
6.2,1.19596895526554e+34,4.83862157085697e+34,1.06308291276838e+35,9.9553121046858e+33,4.01932462848413e+34,8.85433179991612e+34,2.00437744796963e+33,8.19296942372843e+33,1.77649732776763e+34
6.3,1.16394592795776e+34,4.71130232090043e+34,1.03536373325065e+35,9.67793867179948e+33,3.90853861178404e+34,8.61201862006043e+34,1.9615206077781e+33,8.02763709116391e+33,1.74161871244604e+34
6.4,1.13338553164605e+34,4.58982653266162e+34,1.00891881760817e+35,9.41312534713263e+33,3.80276804202659e+34,8.38067320502011e+34,1.92072996932787e+33,7.87058490635034e+33,1.70851497106158e+34
6.5,1.10420075199757e+34,4.47384826694691e+34,9.83672858130207e+34,9.16011765131303e+33,3.70171199967224e+34,8.15963801977943e+34,1.88188986866264e+33,7.72136267274664e+33,1.67709056152264e+34
6.6,1.07631107870166e+34,4.36304749807504e+34,9.59556189176653e+34,8.91821729240061e+33,3.60509196485397e+34,7.94830445898131e+34,1.84489349461597e+33,7.57955533221064e+33,1.64725743278522e+34
6.7,1.04964193386147e+34,4.2571278418504e+34,9.3650429268496e+34,8.68677720429198e+33,3.51264984013806e+34,7.74610852896154e+34,1.80964213432274e+33,7.44478001712338e+33,1.61893439788806e+34
6.8,1.024124158658e+34,4.15581451544368e+34,9.1445735413875e+34,8.46519708973766e+33,3.42414617432569e+34,7.5525269687462e+34,1.77604449684239e+33,7.31668341117989e+33,1.5920465726413e+34
6.9,9.99693551623828e+33,4.05885250270166e+34,8.93359863236194e+34,8.2529194100987e+33,3.33935856424283e+34,7.3670737596852e+34,1.74401610613958e+33,7.19493938458828e+33,1.56652487267674e+34
7,9.76290452713419e+33,3.96600490178713e+34,8.73160254231347e+34,8.04942577133615e+33,3.25808021439988e+34,7.18929697979914e+34,1.71347875579803e+33,7.07924687387244e+33,1.54230556251433e+34
7.1,9.53859368088293e+33,3.87705143495912e+34,8.538105815544e+34,7.85423366206542e+33,3.18011863692699e+34,7.01877596442757e+34,1.6843600188175e+33,6.96932798032129e+33,1.51932985111643e+34
7.2,9.32348631166281e+33,3.79178710281454e+34,8.35266226862964e+34,7.6668935049747e+33,3.10529447636832e+34,6.85511873952023e+34,1.65659280668811e+33,6.86492626446221e+33,1.49754352910941e+34
7.3,9.11710096029882e+33,3.710020967484e+34,8.1748563414876e+34,7.48698598763064e+33,3.03344044580041e+34,6.69795969802011e+34,1.63011497266818e+33,6.76580521683588e+33,1.47689664346749e+34
7.4,8.91898859761713e+33,3.63157505115746e+34,8.00430069933594e+34,7.31411964278707e+33,2.96440036236926e+34,6.54695749334583e+34,1.60486895483006e+33,6.67174688788194e+33,1.45734320599011e+34
7.5,8.72873010685961e+33,3.55628333795231e+34,7.84063405944291e+34,7.14792865186368e+33,2.89802827175589e+34,6.40179312706846e+34,1.58080145499593e+33,6.58255066196418e+33,1.43884093237445e+34
7.6,8.54593399852529e+33,3.48399086856164e+34,7.68351921966168e+34,6.98807084834984e+33,2.83418765230965e+34,6.26216821056381e+34,1.55786315017545e+33,6.49803216251988e+33,1.42135100909787e+34
7.7,8.3702343341285e+33,3.41455291836582e+34,7.53264126845126e+34,6.83422590057994e+33,2.77275069066084e+34,6.12780338276064e+34,1.53600843354856e+33,6.41802227704973e+33,1.40483788569062e+34
7.8,8.20128883809479e+33,3.34783425078048e+34,7.38770595845256e+34,6.68609365567508e+33,2.71359762155955e+34,5.9984368681485e+34,1.51519518241971e+33,6.34236629220928e+33,1.38926909030406e+34
7.9,8.03877717941164e+33,3.28370843857116e+34,7.2484382277655e+34,6.54339262850073e+33,2.65661612550618e+34,5.87382316099498e+34,1.49538455091091e+33,6.27092313064981e+33,1.37461506677053e+34
8,7.88239940675702e+33,3.22205724670702e+34,7.11458085490088e+34,6.40585862128933e+33,2.60170077845571e+34,5.75373182328761e+34,1.47654078546769e+33,6.20356468251317e+33,1.36084903161327e+34
8.1,7.73187452268615e+33,3.16277007107093e+34,6.98589323499289e+34,6.27324346115641e+33,2.54875254850736e+34,5.63794638528913e+34,1.45863106152974e+33,6.14017522563579e+33,1.34794684970376e+34
8.2,7.58693918409979e+33,3.10574342800235e+34,6.86215026628614e+34,6.14531384412758e+33,2.49767833504408e+34,5.52626333880281e+34,1.44162533997221e+33,6.08065092958271e+33,1.33588692748333e+34
8.3,7.44734651767482e+33,3.05088049023706e+34,6.74314133717847e+34,6.02185027551611e+33,2.44839054627367e+34,5.41849121430775e+34,1.42549624215871e+33,6.02489943963389e+33,1.32465012287072e+34
8.4,7.31286504023758e+33,2.99809066533277e+34,6.6286694052325e+34,5.90264609756963e+33,2.40080671155275e+34,5.31444973406226e+34,1.41021894266795e+33,5.97283953780019e+33,1.31421967117024e+34
8.5,7.18327767522307e+33,2.9472892131419e+34,6.51855016058255e+34,5.78750659625677e+33,2.35484912525456e+34,5.21396903410191e+34,1.39577107896631e+33,5.92440087887338e+33,1.30458112648064e+34
8.6,7.05838085741021e+33,2.89839689932029e+34,6.41261126707752e+34,5.67624817990759e+33,2.31044451927706e+34,5.11688894879222e+34,1.38213267750261e+33,5.87952380043223e+33,1.2957223182853e+34
8.7,6.93798371907161e+33,2.85133968225068e+34,6.31069167532932e+34,5.56869762316855e+33,2.26752376158556e+34,5.02305835224528e+34,1.36928609590306e+33,5.83815920665115e+33,1.28763332308404e+34
8.8,6.82190735154256e+33,2.80604843111893e+34,6.21264100259471e+34,5.46469137039492e+33,2.22602157844792e+34,4.93233455148615e+34,1.35721598114764e+33,5.80026852671016e+33,1.28030645110856e+34
8.9,6.70998413701199e+33,2.76245867321564e+34,6.11831897511823e+34,5.36407489319306e+33,2.18587629825518e+34,4.84458272676725e+34,1.34590924381893e+33,5.76582374960461e+33,1.27373624835098e+34
9,6.60205714608236e+33,2.72051036885117e+34,6.02759492921663e+34,5.26670209734822e+33,2.14702961502899e+34,4.75967541488462e+34,1.33535504873414e+33,5.73480753822179e+33,1.26791951433201e+34
9.1,6.49797959734867e+33,2.68014771257505e+34,5.94034736800259e+34,5.17243477484092e+33,2.10942636990337e+34,4.67749203175606e+34,1.32554482250774e+33,5.70721342671682e+33,1.26285533624653e+34
9.2,6.39761437592129e+33,2.64131895968522e+34,5.85646357123722e+34,5.08114209707125e+33,2.07301434903427e+34,4.59791843088376e+34,1.31647227885004e+33,5.68304610650949e+33,1.25854514035346e+34
9.3,6.30083360847675e+33,2.60397627730585e+34,5.77583925637824e+34,4.99270014578248e+33,2.03774409653865e+34,4.52084649464756e+34,1.30813346269427e+33,5.66232180767198e+33,1.25499276173069e+34
9.4,6.20751829307796e+33,2.56807561961009e+34,5.69837828946433e+34,4.90699147850859e+33,2.00356874119748e+34,4.44617375566481e+34,1.30052681456937e+33,5.64506878412614e+33,1.25220453379952e+34
9.5,6.11755798267518e+33,2.5335766270723e+34,5.62399244505679e+34,4.82390472566795e+33,1.97044383577571e+34,4.37380304571207e+34,1.29365325700723e+33,5.63132791296591e+33,1.25018939934471e+34
9.6,6.03085052189726e+33,2.50044254996171e+34,5.55260121506102e+34,4.74333421669312e+33,1.93832720791907e+34,4.30364216993655e+34,1.28751630520414e+33,5.62115342042646e+33,1.24895904512447e+34
9.7,5.94730183748852e+33,2.46864019664364e+34,5.48413166688414e+34,4.66517963282662e+33,1.90717882168281e+34,4.235603604294e+34,1.28212220466189e+33,5.61461374960834e+33,1.24852806259015e+34
9.8,5.8668257835601e+33,2.43813990764624e+34,5.41851835206897e+34,4.58934568442804e+33,1.87696064883381e+34,4.1696042143375e+34,1.27748009913206e+33,5.61179258812426e+33,1.24891413773148e+34
9.9,5.78934404373422e+33,2.40891555689241e+34,5.35570326729522e+34,4.51574181083218e+33,1.84763654914459e+34,4.10556499365058e+34,1.27360223290204e+33,5.61279007747823e+33,1.25013827364464e+34
10,5.71478609329475e+33,2.38094458200296e+34,5.2956358704782e+34,4.44428190097278e+33,1.81917215896747e+34,4.04341082037003e+34,1.27050419232197e+33,5.61772423035492e+33,1.25222505010816e+34
10.1,5.64308922566087e+33,2.35420804616698e+34,5.23827315564988e+34,4.37488403314378e+33,1.79153478744019e+34,3.98307023038128e+34,1.26820519251709e+33,5.62673258726788e+33,1.2552029252686e+34
10.2,5.57419864892153e+33,2.32869073477237e+34,5.18357979140772e+34,4.30747023241276e+33,1.76469331973067e+34,3.92447520589286e+34,1.26672841650877e+33,5.63997415041708e+33,1.25910458551486e+34
10.3,5.50806765987466e+33,2.30438129082327e+34,5.131528329003e+34,4.24196624432965e+33,1.73861812678004e+34,3.86756097820873e+34,1.26610141554502e+33,5.65763164043232e+33,1.26396735079428e+34
10.4,5.44465790509501e+33,2.28127239418058e+34,5.0820994876616e+34,4.17830132369014e+33,1.71328098104963e+34,3.81226584361808e+34,1.26635658140487e+33,5.67991413130944e+33,1.26983364404352e+34
10.5,5.38393974112566e+33,2.25936099089772e+34,5.03528252654704e+34,4.11640803721883e+33,1.68865497781924e+34,3.75853099141452e+34,1.26753170390683e+33,5.70706013078485e+33,1.27675153513252e+34
10.6,5.32589270911242e+33,2.23864858045312e+34,4.99107571496882e+34,4.05622207913228e+33,1.66471446162226e+34,3.70630034313913e+34,1.26967062998013e+33,5.73934118830861e+33,1.28477537182969e+34
10.7,5.27050614328775e+33,2.21914157059525e+34,4.94948691510861e+34,3.99768209862928e+33,1.64143495743795e+34,3.65552040221779e+34,1.27282404465847e+33,5.77706613157297e+33,1.29396651289081e+34
10.8,5.21777993789926e+33,2.20085171193818e+34,4.91053429481703e+34,3.94072953843393e+33,1.61879310629217e+34,3.60614011323135e+34,1.27705039946532e+33,5.82058605646013e+33,1.30439418158568e+34
10.9,5.16772550355191e+33,2.18379662753753e+34,4.87424719209978e+34,3.88530848358896e+33,1.59676660494659e+34,3.55811073011968e+34,1.28241701996295e+33,5.87030022590934e+33,1.31613646198009e+34
11,5.12036695091121e+33,2.16800045662242e+34,4.84066715799884e+34,3.83136551976156e+33,1.57533414938247e+34,3.51138569267733e+34,1.28900143114966e+33,5.92666307239943e+33,1.3292814653215e+34
11.1,5.07574254624264e+33,2.1534946365303e+34,4.80984921100286e+34,3.77884960038361e+33,1.55447538180841e+34,3.46592051074993e+34,1.29689294585904e+33,5.99019254721894e+33,1.34392870025293e+34
11.2,5.03390649280513e+33,2.14031885226983e+34,4.78186334432235e+34,3.72771192200179e+33,1.53417084094328e+34,3.42167265558772e+34,1.30619457080334e+33,6.06148011326553e+33,1.36019068873463e+34
11.3,4.99493111260788e+33,2.12852218830123e+34,4.75679633790151e+34,3.67790580726281e+33,1.5144019153451e+34,3.37860145785548e+34,1.31702530534507e+33,6.1412027295613e+33,1.37819488004603e+34
11.4,4.95890951756298e+33,2.11816452509621e+34,4.73475394048497e+34,3.62938659500348e+33,1.49515079957451e+34,3.33666801183715e+34,1.3295229225595e+33,6.23013725521694e+33,1.39808592864781e+34
11.5,4.92595885878963e+33,2.10931824064588e+34,4.71586350340195e+34,3.58211153695701e+33,1.47640045299793e+34,3.29583508540937e+34,1.34384732183263e+33,6.32917787647942e+33,1.42002841799259e+34
11.6,4.89622429152509e+33,2.1020702909726e+34,4.70027716505833e+34,3.53603970062405e+33,1.45813456105054e+34,3.2560670353909e+34,1.36018459090104e+33,6.43935729922059e+33,1.44421012966743e+34
11.7,4.86988393474462e+33,2.09652474980744e+34,4.68817570237906e+34,3.4911318778917e+33,1.44033749879279e+34,3.21732972790494e+34,1.37875205685292e+33,6.56187251014649e+33,1.47084597447411e+34
11.8,4.84715524412411e+33,2.09280591931712e+34,4.67977319761365e+34,3.4473504990151e+33,1.42299429660692e+34,3.17959046341844e+34,1.39980474510902e+33,6.69811622710194e+33,1.50018273419521e+34
11.9,4.82830329873475e+33,2.09106217740659e+34,4.67532272969707e+34,3.40465955160512e+33,1.40609060789122e+34,3.14281790614818e+34,1.42364374712963e+33,6.84971569515378e+33,1.53250482354888e+34
12,4.81365175479228e+33,2.09147083301049e+34,4.67512333742806e+34,3.36302450429227e+33,1.38961267862061e+34,3.10698201754619e+34,1.4506272505e+33,7.0185815438988e+33,1.56814131988187e+34
12.1,4.80359769708197e+33,2.09424446768574e+34,4.67952853639286e+34,3.32241223476115e+33,1.37354731865167e+34,3.07205399359814e+34,1.48118546232081e+33,7.20697149034071e+33,1.60747454279472e+34
12.2,4.79863227440095e+33,2.09963942518157e+34,4.68895681881634e+34,3.28279096187215e+33,1.35788187465912e+34,3.03800620568822e+34,1.5158413125288e+33,7.41757550522451e+33,1.65095061312812e+34
12.3,4.79936958118317e+33,2.10796738328363e+34,4.70390479273554e+34,3.24413018160779e+33,1.34260420459909e+34,3.00481214480155e+34,1.55523939957538e+33,7.65363178684539e+33,1.699092647934e+34
12.4,4.80658627757248e+33,2.11961152800741e+34,4.72496398094931e+34,3.20640060659984e+33,1.32770265360191e+34,2.97244636885178e+34,1.60018567097264e+33,7.91908874405501e+33,1.75251761209753e+34
12.5,4.82127354258955e+33,2.13504917918869e+34,4.75284291619903e+34,3.16957410901079e+33,1.31316603120426e+34,2.94088445293678e+34,1.65169943357876e+33,8.21883147984429e+33,1.81195846326226e+34
12.6,4.84470018357019e+33,2.15488275625827e+34,4.78839709660235e+34,3.13362366655937e+33,1.29898358983676e+34,2.91010294233916e+34,1.71107651701082e+33,8.55899166421512e+33,1.8782941542632e+34
12.7,4.87848065229366e+33,2.17988040097152e+34,4.83267048954543e+34,3.09852331149463e+33,1.28514500448902e+34,2.8800793081013e+34,1.77995734079903e+33,8.947353964825e+33,1.95259118144413e+34
12.8,4.92463609870821e+33,2.21102547343358e+34,4.88695328429133e+34,3.06424808233647e+33,1.27164035347967e+34,2.85079190501651e+34,1.86038801637174e+33,9.39385119953913e+33,2.03616137927482e+34
12.9,4.98563224596509e+33,2.2495707073895e+34,4.95286225773709e+34,3.03077397821348e+33,1.25846010026391e+34,2.82221993188885e+34,1.95485826775161e+33,9.91110607125589e+33,2.13064232584825e+34
13,5.06437962787108e+33,2.29708885002253e+34,5.03245047386896e+34,2.99807791564033e+33,1.24559507621565e+34,2.79434339392423e+34,2.06630171223075e+33,1.05149377380688e+34,2.23810707994473e+34
13.1,5.16420777459077e+33,2.35550842674216e+34,5.12834788791096e+34,2.96613768758773e+33,1.23303646432568e+34,2.76714306712502e+34,2.19807008700304e+33,1.12247196241648e+34,2.36120482078594e+34
13.2,5.28889151422544e+33,2.42712698395625e+34,5.24392721819553e+34,2.93493192470806e+33,1.2207757837614e+34,2.74060046456868e+34,2.35395958951738e+33,1.20635120019486e+34,2.50332675362685e+34
13.3,5.44286061133563e+33,2.51461327956059e+34,5.38347855334129e+34,2.9044400585888e+33,1.20880487523696e+34,2.71469780445938e+34,2.53842055274683e+33,1.30580840432363e+34,2.66878074888191e+34
13.4,5.63179565485817e+33,2.62104816526557e+34,5.55236137602722e+34,2.87464228691459e+33,1.19711588714657e+34,2.68941797984864e+34,2.75715336794358e+33,1.423932278119e+34,2.86294339617858e+34
13.5,5.86403129386263e+33,2.75009889791929e+34,5.75709851924269e+34,2.84551954042646e+33,1.18570126241632e+34,2.66474452992821e+34,3.01851175343617e+33,1.56439763550297e+34,3.09235398931448e+34
13.6,6.153285831906e+33,2.90656513102895e+34,6.00540636085247e+34,2.81705345157429e+33,1.17455372603331e+34,2.64066161280451e+34,3.33623238033171e+33,1.73201140499563e+34,3.36474474804796e+34
13.7,6.52296758009233e+33,3.0976985142608e+34,6.30625883250236e+34,2.78922632476526e+33,1.16366627321321e+34,2.61715397967019e+34,3.73374125532707e+33,1.9340322410476e+34,3.68910485283217e+34
13.8,7.0117021998079e+33,3.33560164537155e+34,6.67030527424069e+34,2.76202110811723e+33,1.15303215817006e+34,2.59420695029359e+34,4.24968109169066e+33,2.18256948720149e+34,4.0760983239471e+34
13.9,7.67857448640175e+33,3.64081965553856e+34,7.11124158145301e+34,2.73542136663221e+33,1.14264488345455e+34,2.57180638975215e+34,4.94315311976955e+33,2.49817477208401e+34,4.53943519170086e+34
14,8.60472810422238e+33,4.04667162090454e+34,7.64880098960013e+34,2.70941125671004e+33,1.13249818982885e+34,2.54993868634061e+34,5.89531684751234e+33,2.91417343107569e+34,5.09886230325953e+34
14.1,9.88621103062539e+33,4.60269426461667e+34,8.31420420854667e+34,2.68397550192799e+33,1.12258604664859e+34,2.52859073058904e+34,7.2022355286974e+33,3.48010821796808e+34,5.78561347795763e+34
14.2,1.16120795327944e+34,5.37390393375697e+34,9.15937495108729e+34,2.65909937001617e+33,1.11290264272392e+34,2.5077498953302e+34,8.95298016277821e+33,4.26100129103305e+34,6.65162505575709e+34
14.3,1.38236747429254e+34,6.43096450957463e+34,1.02695798781067e+35,2.63476865096352e+33,1.10344237763387e+34,2.48740401675919e+34,1.11889060919619e+34,5.32752213194077e+34,7.7821758613475e+34
14.4,1.64575148325032e+34,7.82619279921439e+34,1.17749606655673e+35,2.61096963619281e+33,1.09419985346936e+34,2.46754137643219e+34,1.38465451963104e+34,6.73199294574503e+34,9.3074192891351e+34
14.5,1.92839989815388e+34,9.55383651149882e+34,1.38518612428196e+35,2.58768909874727e+33,1.0851698669822e+34,2.4481506841543e+34,1.66963098827915e+34,8.46866664451662e+34,1.14037105586653e+35
14.6,2.18720235590278e+34,1.15005993331139e+35,1.66998419800197e+35,2.5649142744347e+33,1.07634740211838e+34,2.42922106170971e+34,1.93071092845931e+34,1.04242519309955e+35,1.427062091831e+35
14.7,2.36422272652803e+34,1.34074804213965e+35,2.04788381012733e+35,2.54263284387838e+33,1.0677276229157e+34,2.41074202739002e+34,2.1099594421402e+34,1.23397527984808e+35,1.80680960738833e+35
14.8,2.40467608935507e+34,1.48924606023675e+35,2.5198840531308e+35,2.52083291542727e+33,1.05930586674679e+34,2.39270348127971e+34,2.15259279781234e+34,1.38331547356207e+35,2.28061370500283e+35
14.9,2.28517198887799e+34,1.5554913635907e+35,3.0581945026864e+35,2.49950300888063e+33,1.05107763788969e+34,2.37509569125992e+34,2.03522168798993e+34,1.45038359980173e+35,2.82068493356041e+35
15,2.03835726392724e+34,1.51385497973889e+35,3.59691683212285e+35,2.47863203998523e+33,1.04303860140937e+34,2.35790927969413e+34,1.79049405992872e+34,1.40955111959795e+35,3.36112590415344e+35
15.1,1.74407575726405e+34,1.37202065796793e+35,4.03566866349982e+35,2.4582093056654e+33,1.03518457733467e+34,2.34113521076173e+34,1.49825482669751e+34,1.26850220023446e+35,3.80155514242365e+35
15.2,1.48625057283332e+34,1.17295689909332e+35,4.26545621036016e+35,2.43822446994912e+33,1.02751153511569e+34,2.32476477840731e+34,1.24242812583841e+34,1.07020574558175e+35,4.03297973251943e+35
15.3,1.31273795236231e+34,9.71754919083809e+34,4.21335359275639e+35,2.41866755055492e+33,1.02001558834806e+34,2.30878959487563e+34,1.07087119730682e+34,8.69753360249003e+34,3.98247463326883e+35
15.4,1.23412268974555e+34,8.09251990412895e+34,3.88083819661766e+35,2.39952890610697e+33,1.01269298975096e+34,2.29320157980385e+34,9.94169799134854e+33,7.07982691437799e+34,3.65151803863728e+35
15.5,1.2470862893877e+34,7.01093640193549e+34,3.35769582111078e+35,2.38079922394736e+33,1.00554012638679e+34,2.2779929498446e+34,1.00900636699297e+34,6.0053962755487e+34,3.12989652612632e+35
15.6,1.34951045428996e+34,6.45585284681492e+34,2.78236495938264e+35,2.36246950851647e+33,9.98553515110871e+33,2.26315620879471e+34,1.11326350343831e+34,5.45729933170405e+34,2.55604933850317e+35
15.7,1.53515284744195e+34,6.37198721638861e+34,2.27415848072011e+35,2.34453107027419e+33,9.91729798240576e+33,2.24868413820631e+34,1.30069974041453e+34,5.38025741814803e+34,2.04929006689947e+35
15.8,1.77269706503929e+34,6.74127251810819e+34,1.89479189098206e+35,2.32697551513601e+33,9.85065739433618e+33,2.23456978845808e+34,1.53999951352569e+34,5.75620677867457e+34,1.67133491213625e+35
15.9,1.99472682396205e+34,7.58652153529609e+34,1.65248901031794e+35,2.30979473440002e+33,9.78558219766037e+33,2.22080647026603e+34,1.76374735052205e+34,6.60796331553005e+34,1.43040836329133e+35
16,2.12484979142843e+34,8.90989291415971e+34,1.53039513047181e+35,2.29298089514167e+33,9.72204234000916e+33,2.20738774661431e+34,1.89555170191426e+34,7.93768868015879e+34,1.30965635581038e+35
16.1,2.12001834569282e+34,1.05795348730241e+35,1.51238231004139e+35,2.27652643105508e+33,9.66000887039417e+33,2.19430742508779e+34,1.89236570258732e+34,9.61353398598466e+34,1.29295156753261e+35
16.2,1.98446481729873e+34,1.22452535773082e+35,1.59443192921242e+35,2.26042403372044e+33,9.59945390546241e+33,2.18155955058922e+34,1.75842241392669e+34,1.1285308186762e+35,1.3762759741535e+35
16.3,1.75817962476772e+34,1.34064952963311e+35,1.78482065383366e+35,2.24466664427858e+33,9.54035059742096e+33,2.16913839842487e+34,1.53371296033987e+34,1.2452460236589e+35,1.56790681399117e+35
16.4,1.49519440941711e+34,1.36657453446931e+35,2.09445527972293e+35,2.22924744549476e+33,9.48267310356199e+33,2.15703846774361e+34,1.27226966486764e+34,1.27174780343369e+35,1.87875143294856e+35
16.5,1.24096010563626e+34,1.29594441691826e+35,2.51531731489536e+35,2.2141598541947e+33,9.42639655732301e+33,2.14525447531518e+34,1.01954412021679e+34,1.20168045134503e+35,2.30079186736384e+35
16.6,1.02229387305781e+34,1.15269399571828e+35,2.99445140149836e+35,2.19939751405715e+33,9.37149704082096e+33,2.1337813496345e+34,8.02354121652093e+33,1.05897902531007e+35,2.78107326653491e+35
16.7,8.48917906551824e+33,9.7434965243256e+34,3.4268960423609e+35,2.18495428874789e+33,9.31795155880295e+33,2.12261422533949e+34,6.30422477677035e+33,8.81170136844531e+34,3.21463461982695e+35
16.8,7.1896065978631e+33,7.96038968740257e+34,3.69069694901674e+35,2.17082425538121e+33,9.26573801395985e+33,2.11174843793102e+34,5.01878234248189e+33,7.03381588600659e+34,3.47952210522364e+35
16.9,6.24695185939762e+33,6.40161369054087e+34,3.70645712755119e+35,2.1570016982957e+33,9.21483518355272e+33,2.10117951878386e+34,4.08995016110193e+33,5.4801301721856e+34,3.49633917567281e+35
17,5.56921861497428e+33,5.15709125261532e+34,3.47204363613808e+35,2.14348110313185e+33,9.16522269730521e+33,2.09090319043887e+34,3.42573751184243e+33,4.2405689828848e+34,3.26295331709419e+35
17.1,5.07502331440084e+33,4.22318961919905e+34,3.0568160487395e+35,2.13025715120002e+33,9.11688101651831e+33,2.08091536216686e+34,2.94476616320082e+33,3.31150151754722e+34,2.84872451252282e+35
17.2,4.70321037794092e+33,3.54729533811588e+34,2.56148876524597e+35,2.11732471412765e+33,9.06979141436699e+33,2.07121212579539e+34,2.58588566381327e+33,2.64031619667918e+34,2.35436755266644e+35
17.3,4.41273223412491e+33,3.06336994319431e+34,2.0751116834714e+35,2.10467884877573e+33,9.02393595734089e+33,2.06178975179063e+34,2.30805338534918e+33,2.16097634746023e+34,1.86893270829234e+35
17.4,4.17817646318878e+33,2.7123373276307e+34,1.65453795848382e+35,2.09231479241485e+33,8.97929748779443e+33,2.05264468558665e+34,2.08586167077393e+33,1.81440757885125e+34,1.44927348992515e+35
17.5,3.98445971635801e+33,2.44984162896366e+34,1.3219847131684e+35,2.08022795815197e+33,8.93585960757418e+33,2.04377354415539e+34,1.90423175820603e+33,1.55625566820624e+34,1.11760735875287e+35
17.6,3.82247926818794e+33,2.24622893458098e+34,1.07426717825562e+35,2.06841393059966e+33,8.89360666269383e+33,2.03517311281102e+34,1.75406533758828e+33,1.3568682683116e+34,8.70749866974523e+34
17.7,3.68625737103259e+33,2.08309343456656e+34,8.95605830087109e+34,2.05686846177995e+33,8.85252372902993e+33,2.02684034224302e+34,1.62938890925263e+33,1.19784106166357e+34,6.92921795862806e+34
17.8,3.57136636962224e+33,1.94944360666181e+34,7.67454632468966e+34,2.04558746725583e+33,8.8125965990137e+33,2.01877234577274e+34,1.52577890236641e+33,1.06818394676044e+34,5.65577397891692e+34
17.9,3.47419728646591e+33,1.83863107383051e+34,6.73880337549489e+34,2.03456702248358e+33,8.77381176929682e+33,2.01096639682883e+34,1.43963026398233e+33,9.61249896900829e+33,4.72783697866606e+34
18,3.39168222053973e+33,1.74628293746571e+34,6.03302701946344e+34,2.02380335938003e+33,8.73615642937132e+33,2.00341992663747e+34,1.3678788611597e+33,8.72667294528576e+33,4.02960709282597e+34
18.1,3.32121318120084e+33,1.66913843629499e+34,5.48178359422886e+34,2.01329286309901e+33,8.69961845112592e+33,1.99613052212371e+34,1.30792031810184e+33,7.99176591182403e+33,3.48565307210515e+34
18.2,3.26061207749385e+33,1.60452119111982e+34,5.03906237207633e+34,2.00303206901194e+33,8.66418637932343e+33,1.98909592402078e+34,1.25758000848191e+33,7.38102553187472e+33,3.04996644805555e+34
18.3,3.20810185017244e+33,1.55015884420146e+34,4.67710273402144e+34,1.99301765988801e+33,8.62984942298614e+33,1.98231402518481e+34,1.21508419028443e+33,6.87173901902841e+33,2.69478870883663e+34
18.4,3.16226474711156e+33,1.50413616297634e+34,4.37839665237522e+34,1.98324646326968e+33,8.59659744767804e+33,1.97578286911277e+34,1.17901828384188e+33,6.44476418208536e+33,2.40261378326245e+34
18.5,3.12198627873678e+33,1.46487643628806e+34,4.13082875485012e+34,1.97371544903986e+33,8.56442096867507e+33,1.96950064866185e+34,1.14827082969692e+33,6.08434339420548e+33,2.16132810618827e+34
18.6,3.08639473083602e+33,1.43111385334622e+34,3.92505322964546e+34,1.96442172717762e+33,8.5333111450166e+33,1.96346570496928e+34,1.12197300365839e+33,5.77782738844564e+33,1.96158752467619e+34
18.7,3.05480560644867e+33,1.4018514691772e+34,3.75335927061653e+34,1.95536254569945e+33,8.50325977443363e+33,1.95767652657165e+34,1.09944306074922e+33,5.51525491733838e+33,1.79568274404488e+34
18.8,3.02667586905313e+33,1.37631197472219e+34,3.60928912626797e+34,1.94653528878387e+33,8.47425928915116e+33,1.95213174872371e+34,1.08014058026926e+33,5.28886045807074e+33,1.65715737754425e+34
18.9,3.00156892670355e+33,1.35388984532592e+34,3.48751097732169e+34,1.93793747507739e+33,8.44630275256442e+33,1.94683015291662e+34,1.06363145162616e+33,5.09259570069477e+33,1.54068082440506e+34
19,2.97912897881654e+33,1.33411017868866e+34,3.38372362827224e+34,1.92956675618044e+33,8.41938385679099e+33,1.94177066659665e+34,1.0495622226361e+33,4.92171793009558e+33,1.4419529616756e+34
19.1,2.95906258505399e+33,1.31659611979861e+34,3.294529527932e+34,1.92142091531204e+33,8.39349692110256e+33,1.93695236308529e+34,1.03764166974195e+33,4.77246427688356e+33,1.35757716484671e+34
19.2,2.94112541422451e+33,1.30104443225721e+34,3.2172814371995e+34,1.91349786615288e+33,8.36863689124315e+33,1.93237446170279e+34,1.02762754807163e+33,4.64180743132897e+33,1.28490697549671e+34
19.3,2.92511252166736e+33,1.28720774710787e+34,3.14992605784357e+34,1.9057956518664e+33,8.34479933964195e+33,1.92803632809698e+34,1.01931686980095e+33,4.52727813143678e+33,1.22188972974659e+34
19.4,2.91085100876474e+33,1.27488185181538e+34,3.09086437097975e+34,1.89831244429839e+33,8.32198046653218e+33,1.92393747478058e+34,1.01253856446635e+33,4.42683805162162e+33,1.16692689619917e+34
19.5,2.89819436096546e+33,1.26389649694246e+34,3.03883840275072e+34,1.89104654335567e+33,8.30017710198912e+33,1.92007756187991e+34,1.00714781760979e+33,4.3387878674355e+33,1.1187608408708e+34
19.6,2.88701802287435e+33,1.25410865215023e+34,2.99284499474052e+34,1.88399637656528e+33,8.27938670890351e+33,1.91645639809914e+34,1.00302164630907e+33,4.26169981259879e+33,1.07638859664137e+34
19.7,2.87721586751137e+33,1.2453974549064e+34,2.95207266813277e+34,1.87716049881577e+33,8.25960738690868e+33,1.91307394190442e+34,1.00005536869561e+33,4.19436716215531e+33,1.03899872622835e+34
19.8,2.86869733380472e+33,1.23766030450682e+34,2.91585628429702e+34,1.87053759228279e+33,8.24083787728288e+33,1.90993030293296e+34,9.98159741521934e+32,4.13576516778531e+33,1.00592598136406e+34
19.9,2.86138508641998e+33,1.23080976053687e+34,2.88364463663452e+34,1.86412646654185e+33,8.22307756885074e+33,1.90702574363282e+34,9.97258619878129e+32,4.08502003651799e+33,9.76618893001707e+33
20,2.85521309316246e+33,1.22477105123387e+34,2.85497697596442e+34,1.85792605887136e+33,8.20632650491106e+33,1.90436068113959e+34,9.972870342911e+32,4.04138400742763e+33,9.50616294824838e+33
20.1,2.85012504366089e+33,1.21948005469253e+34,2.82946549760132e+34,1.8519354347498e+33,8.19058539122106e+33,1.90193568939722e+34,9.98189608911091e+32,4.00421515570423e+33,9.27529808204106e+33
20.2,2.84607304441312e+33,1.21488164932576e+34,2.80678196700371e+34,1.8461537885515e+33,8.17585560507048e+33,1.89975150153058e+34,9.99919255861617e+32,3.97296088818707e+33,9.07030465473127e+33
20.3,2.84301653871784e+33,1.21092836319719e+34,2.78664728358732e+34,1.84058044444593e+33,8.16213920548245e+33,1.8978090124784e+34,1.0024360942719e+33,3.94714442648948e+33,8.88838271108919e+33
20.4,2.84092141162268e+33,1.20757926397374e+34,2.7688231639863e+34,1.83521485750616e+33,8.1494389445816e+33,1.89610928189578e+34,1.00570655411652e+33,3.92635369515584e+33,8.72713882090525e+33
20.5,2.83975924695057e+33,1.20479904183511e+34,2.75310542781211e+34,1.83005661503285e+33,8.13775828017382e+33,1.8946535373366e+34,1.00970263191772e+33,3.91023213817723e+33,8.58451890475502e+33
20.6,2.83950670945162e+33,1.20255724958965e+34,2.73931853552778e+34,1.82510543810067e+33,8.12710138958603e+33,1.89344317772686e+34,1.01440127135095e+33,3.89847110631045e+33,8.45875357800924e+33
20.7,2.84014503050942e+33,1.20082767141916e+34,2.72731113427894e+34,1.82036118333509e+33,8.11747318481876e+33,1.89247977714086e+34,1.01978384717432e+33,3.89080352937283e+33,8.34831357138081e+33
20.8,2.84165958022719e+33,1.19958779669936e+34,2.71695241295931e+34,1.81582384492788e+33,8.10887932906893e+33,1.8917650888935e+34,1.02583573529931e+33,3.88699863792467e+33,8.25187324065809e+33
20.9,2.84403951217868e+33,1.19881837988553e+34,2.70812910083617e+34,1.81149355690085e+33,8.10132625468515e+33,1.89130104996262e+34,1.03254595527783e+33,3.88685754417013e+33,8.16828050873556e+33
21,2.84727746982044e+33,1.19850307132018e+34,2.70074298607775e+34,1.80737059562816e+33,8.09482118262311e+33,1.89108978575675e+34,1.03990687419229e+33,3.89020953057872e+33,8.09653200321001e+33
21.1,2.85136934570636e+33,1.19862810689675e+34,2.69470885823912e+34,1.80345538262826e+33,8.08937214347419e+33,1.89113361524487e+34,1.0479139630781e+33,3.8969089254933e+33,8.03575242994252e+33
21.2,2.8563140863585e+33,1.19918204691393e+34,2.68995279583129e+34,1.79974848763804e+33,8.0849880001467e+33,1.89143505646575e+34,1.05656559872045e+33,3.90683246899262e+33,7.98517739365532e+33
21.3,2.86211353703187e+33,1.20015555633329e+34,2.6864107350202e+34,1.79625063198221e+33,8.08167847228523e+33,1.89199683243646e+34,1.06586290504966e+33,3.91987709104762e+33,7.94413902583738e+33
21.4,2.86877232174051e+33,1.20154122013374e+34,2.68402726851767e+34,1.79296269225275e+33,8.07945416252093e+33,1.89282187748041e+34,1.07580962948776e+33,3.93595803881644e+33,7.91205391037259e+33
21.5,2.87629775484232e+33,1.2033333886365e+34,2.68275463418804e+34,1.78988570431413e+33,8.07832658465271e+33,1.89391334399761e+34,1.08641205052819e+33,3.95500730171226e+33,7.88841290190429e+33
21.6,2.8846997812516e+33,1.20552804862179e+34,2.68255186104837e+34,1.78702086765141e+33,8.07830819386766e+33,1.89527460970108e+34,1.09767891360019e+33,3.97697229235022e+33,7.87277251347296e+33
21.7,2.89399094298778e+33,1.2081227168276e+34,2.68338404668329e+34,1.78436955008001e+33,8.07941241911738e+33,1.89690928534529e+34,1.10962139290777e+33,4.00181474915865e+33,7.86474761338e+33
21.8,2.90418637029402e+33,1.21111635304938e+34,2.68522174506642e+34,1.78193329283719e+33,8.08165369777652e+33,1.8988212229749e+34,1.12225307745682e+33,4.02950983271732e+33,7.86400522091518e+33
21.9,2.91530379598641e+33,1.21450929057793e+34,2.68804044770939e+34,1.77971381607732e+33,8.08504751271971e+33,1.90101452472361e+34,1.13558997990909e+33,4.06004539305963e+33,7.87025922985777e+33
22,2.9273635920624e+33,1.21830318214351e+34,2.69182014419276e+34,1.77771302479457e+33,8.08961043196421e+33,1.90349355219584e+34,1.14965056726783e+33,4.09342138947089e+33,7.88326591996918e+33
22.1,2.94038882799377e+33,1.22250095989324e+34,2.69654495065146e+34,1.77593301519885e+33,8.09536015103723e+33,1.9062629364661e+34,1.16445581279491e+33,4.12964944789517e+33,7.9028201418536e+33
22.2,2.95440535066725e+33,1.22710680822828e+34,2.70220279682715e+34,1.77437608157297e+33,8.10231553823977e+33,1.9093275887339e+34,1.18002926909428e+33,4.16875254404303e+33,7.92875208093252e+33
22.3,2.96944188656726e+33,1.23212614857463e+34,2.70878516396389e+34,1.77304472364112e+33,8.11049668299273e+33,1.91269271167473e+34,1.19639716292614e+33,4.2107648027536e+33,7.9609245228916e+33
22.4,2.98553016717852e+33,1.2375656353673e+34,2.71628686719185e+34,1.77194165448161e+33,8.11992494746608e+33,1.91636381153112e+34,1.21358851269691e+33,4.25573140620693e+33,7.99923055660728e+33
22.5,3.00270507847084e+33,1.24343316271363e+34,2.72470587717681e+34,1.77106980901948e+33,8.13062302170816e+33,1.920346710991e+34,1.23163526945136e+33,4.30370860542817e+33,8.04359166185812e+33
22.6,3.0210048351156e+33,1.24973788140768e+34,2.73404317675935e+34,1.77043235313743e+33,8.14261498251018e+33,1.92464756290443e+34,1.25057248197817e+33,4.35476383156665e+33,8.09395613854925e+33
22.7,3.04047118038645e+33,1.25649022621737e+34,2.74430264910335e+34,1.77003269344703e+33,8.15592635626014e+33,1.92927286489389e+34,1.27043848693942e+33,4.40897590591358e+33,8.15029784209464e+33
22.8,3.06114961350527e+33,1.26370195359479e+34,2.75549099454635e+34,1.76987448776567e+33,8.17058418606163e+33,1.93422947491761e+34,1.2912751257396e+33,4.46643534988626e+33,8.21261519628744e+33
22.9,3.08308964705837e+33,1.27138619003489e+34,2.76761767391389e+34,1.76996165634855e+33,8.18661710341575e+33,1.93952462785026e+34,1.31312799070982e+33,4.52724479693312e+33,8.28093046063628e+33
23,3.10634509772768e+33,1.27955749125315e+34,2.7806948765387e+34,1.77029839392934e+33,8.20405540478984e+33,1.94516595315064e+34,1.33604670379833e+33,4.59151950774164e+33,8.35528923388059e+33
23.1,3.13097441409242e+33,1.28823191241492e+34,2.79473751162384e+34,1.77088918262776e+33,8.22293113342357e+33,1.95116149369147e+34,1.36008523146466e+33,4.65938799072561e+33,8.43576017932366e+33
23.2,3.15704104600204e+33,1.29742708994223e+34,2.80976322192968e+34,1.7717388057875e+33,8.24327816675341e+33,1.95751972583278e+34,1.38530224021454e+33,4.73099273266888e+33,8.52243496096899e+33
23.3,3.18461386115546e+33,1.3071623357512e+34,2.82579241910489e+34,1.7728523628134e+33,8.26513230986882e+33,1.96424958082709e+34,1.41176149834205e+33,4.80649104764314e+33,8.61542838277794e+33
23.4,3.21376761608565e+33,1.31745874497639e+34,2.84284834040498e+34,1.77423528508299e+33,8.28853139544958e+33,1.97136046765178e+34,1.43953233100266e+33,4.88605605431433e+33,8.71487872753192e+33
23.5,3.2445834909237e+33,1.32833931851755e+34,2.86095712706549e+34,1.77589335301416e+33,8.31351539067286e+33,1.97886229737233e+34,1.46869013790954e+33,4.96987779450267e+33,8.82094829693153e+33
23.6,3.27714970045952e+33,1.33982910221818e+34,2.88014792502613e+34,1.77783271437823e+33,8.34012651162174e+33,1.98676550914873e+34,1.49931698608128e+33,5.05816451056004e+33,8.93382415877399e+33
23.7,3.31156219810612e+33,1.3519553448322e+34,2.90045300876371e+34,1.78005990395573e+33,8.36840934577431e+33,1.99508109800706e+34,1.53150229415039e+33,5.15114410254771e+33,9.05371910756649e+33
23.8,3.34792549307747e+33,1.3647476775017e+34,2.92190792880568e+34,1.78258186464104e+33,8.39841098320414e+33,2.00382064450869e+34,1.56534362843643e+33,5.2490657918129e+33,9.18087284296985e+33
23.9,3.38635360305876e+33,1.37823831867372e+34,2.94455168365627e+34,1.78540597011217e+33,8.4301811571805e+33,2.01299634646128e+34,1.60094763294659e+33,5.35220202955673e+33,9.31555337194987e+33
24,3.42697116889167e+33,1.39246230926357e+34,2.96842691762496e+34,1.78854004919261e+33,8.46377239491945e+33,2.02262105282812e+34,1.63843111969906e+33,5.46085069771627e+33,9.45805864796848e+33
24.1,3.46991476948762e+33,1.40745778431139e+34,2.99358014694419e+34,1.79199241204416e+33,8.49924017930616e+33,2.03270830000656e+34,1.67792235744345e+33,5.57533766380773e+33,9.60871846937628e+33
24.2,3.51533448801377e+33,1.42326629079113e+34,3.02006201715297e+34,1.79577187834311e+33,8.53664312248576e+33,2.04327235066148e+34,1.71956260967065e+33,5.69601978542555e+33,9.76789666491489e+33
24.3,3.56339578296134e+33,1.43993316272505e+34,3.0479275950713e+34,1.79988780760663e+33,8.57604315230412e+33,2.0543282353163e+34,1.76350797535471e+33,5.82328847494637e+33,9.93599359755006e+33
24.4,3.61428170614775e+33,1.45750796283179e+34,3.07723669952535e+34,1.80435013185257e+33,8.61750571267363e+33,2.06589179692303e+34,1.80993157429518e+33,5.95757391564426e+33,1.01134490260231e+34
24.5,3.66819550205067e+33,1.4760450001742e+34,3.10805427662997e+34,1.80916939079388e+33,8.66109997904242e+33,2.07797973865288e+34,1.85902611125678e+33,6.09935002269957e+33,1.03007453797709e+34
24.6,3.72536363113488e+33,1.49560393725178e+34,3.14045082687369e+34,1.81435676978891e+33,8.70689909025991e+33,2.09060967517148e+34,1.91100686134597e+33,6.24914028225791e+33,1.0498411517022e+34
24.7,3.78603924295855e+33,1.51625050394596e+34,3.17450289349117e+34,1.81992414079091e+33,8.75498039825851e+33,2.10380018768796e+34,1.96611510216764e+33,6.4075246412011e+33,1.07070270580321e+34
24.8,3.85050608377924e+33,1.53805733768879e+34,3.21029362605298e+34,1.82588410656509e+33,8.80542573711258e+33,2.11757088309413e+34,2.02462197721415e+33,6.57514763977533e+33,1.09272274295885e+34
24.9,3.91908281171432e+33,1.5611049691878e+34,3.24791343544717e+34,1.83225004846888e+33,8.85832171319193e+33,2.13194245754085e+34,2.08683276324544e+33,6.7527279786861e+33,1.11597097790633e+34
25,3.99212767149473e+33,1.5854829716271e+34,3.28746075437258e+34,1.8390361781219e+33,8.91376001830208e+33,2.14693676483211e+34,2.15309149337283e+33,6.94106969796887e+33,1.14052398954048e+34
25.1,4.07004341960698e+33,1.61129128865083e+34,3.32904291863056e+34,1.8462575933264e+33,8.97183776789715e+33,2.16257689005472e+34,2.22378582628058e+33,7.14107511861117e+33,1.16646602857583e+34
25.2,4.15328235604923e+33,1.63864175052865e+34,3.37277719485709e+34,1.85393033863743e+33,9.03265786666821e+33,2.17888722890318e+34,2.29935201741181e+33,7.35375963861827e+33,1.19388996595391e+34
25.3,4.24235131109687e+33,1.66765977652661e+34,3.41879199491495e+34,1.86207147102466e+33,9.09632940405158e+33,2.19589357320507e+34,2.38027984007221e+33,7.58026836121456e+33,1.22289842170987e+34
25.4,4.33781638675803e+33,1.69848624520289e+34,3.46722832008867e+34,1.87069913111631e+33,9.16296808247198e+33,2.21362320320397e+34,2.46711725564172e+33,7.82189436955696e+33,1.2536051168847e+34
25.5,4.44030716060348e+33,1.73127949481532e+34,3.51824146575921e+34,1.87983262056924e+33,9.23269668143822e+33,2.23210498721369e+34,2.56047454003424e+33,8.08009826671497e+33,1.28613647854552e+34
25.6,4.55051998419152e+33,1.76621739262062e+34,3.57200301334897e+34,1.88949248617029e+33,9.30564556094829e+33,2.25136948932159e+34,2.66102749802123e+33,8.35652836525795e+33,1.32063352402738e+34
25.7,4.66922000447257e+33,1.80349938493205e+34,3.62870314656301e+34,1.89970061134221e+33,9.38195320804141e+33,2.27144908588986e+34,2.76951939313036e+33,8.65304064127914e+33,1.35725406067315e+34
25.8,4.79724162715942e+33,1.84334841127474e+34,3.68855333199807e+34,1.9104803158043e+33,9.46176683076291e+33,2.29237809168296e+34,2.88676131135512e+33,8.97171728198444e+33,1.39617524031512e+34
25.9,4.93548733963619e+33,1.88601254170754e+34,3.75178939341959e+34,1.92185646422528e+33,9.54524300428901e+33,2.31419289653892e+34,3.01363087541092e+33,9.31488241278644e+33,1.43759649688066e+34
26,5.08492515126783e+33,1.93176618800123e+34,3.81867498758971e+34,1.93385558480366e+33,9.63254837450181e+33,2.33693211360167e+34,3.15106956646417e+33,9.68511350551044e+33,1.48174287398804e+34
26.1,5.24658543052276e+33,1.98091076811614e+34,3.88950545672518e+34,1.94650599882243e+33,9.72386042491735e+33,2.36063674024362e+34,3.30007943170033e+33,1.00852472562441e+34,1.52886871648156e+34
26.2,5.42155866326556e+33,2.03377480217066e+34,3.96461199442553e+34,1.95983796235087e+33,9.81936831356223e+33,2.38535033293399e+34,3.4617207009147e+33,1.05183797081443e+34,1.57926166149153e+34
26.3,5.61099664000273e+33,2.09071359032939e+34,4.04436602524488e+34,1.97388382140961e+33,9.9192737871783e+33,2.41111919744974e+34,3.63711281859312e+33,1.09878621161156e+34,1.63324682779514e+34
26.4,5.81612088366366e+33,2.15210875752765e+34,4.12918365941252e+34,1.9886781820779e+33,1.00237921810242e+34,2.43799259598576e+34,3.82744270158576e+33,1.14972953942523e+34,1.69119106342676e+34
26.5,6.03824373059767e+33,2.218367906954e+34,4.21953004427834e+34,2.00425809720773e+33,1.0133153513552e+34,2.46602297290163e+34,4.03398563338994e+33,1.2050525555988e+34,1.75350707137672e+34
26.6,6.27880915996715e+33,2.28992466534595e+34,4.31592338909821e+34,2.02066327162143e+33,1.02476036863859e+34,2.49526620104548e+34,4.25814588834572e+33,1.26516429670736e+34,1.82065718805274e+34
26.7,6.539461764893e+33,2.36723995161765e+34,4.41893837947399e+34,2.03793628791154e+33,1.03674058013385e+34,2.52578185082677e+34,4.50152547698147e+33,1.3304993714838e+34,1.89315652864721e+34
26.8,6.82215315817345e+33,2.45080619135363e+34,4.52920864309137e+34,2.05612285523941e+33,1.04928416076945e+34,2.55763348447116e+34,4.76603030293404e+33,1.40152203058418e+34,1.97157515862021e+34
26.9,7.12929528447722e+33,2.54115713114021e+34,4.6474279915369e+34,2.07527208384762e+33,1.06242130946991e+34,2.59088897818764e+34,5.0540232006296e+33,1.4787358216703e+34,2.05653901334926e+34
27,7.46396909735829e+33,2.63888614523242e+34,4.77435047503149e+34,2.09543678836737e+33,1.0761844246146e+34,2.62562087531659e+34,5.36853230899092e+33,1.56270172061782e+34,2.14872959971491e+34
27.1,7.83019416400038e+33,2.74467576686452e+34,4.91078968761317e+34,2.1166738234243e+33,1.09060829762049e+34,2.66190677391193e+34,5.71352034057607e+33,1.65406746924403e+34,2.24888291370124e+34
27.2,8.23325948553981e+33,2.8593422499151e+34,5.05761806544182e+34,2.13904445553331e+33,1.10573032682109e+34,2.69982975265072e+34,6.0942150300065e+33,1.75361192309401e+34,2.3577883127911e+34
27.3,8.68010826880499e+33,2.98389899687687e+34,5.21576751549331e+34,2.16261477583662e+33,1.12159075411151e+34,2.73947883946579e+34,6.51749349296837e+33,1.86230824276537e+34,2.47628867602753e+34
27.4,9.17975985230225e+33,3.11964053155599e+34,5.38623380508599e+34,2.187456158893e+33,1.13823292717263e+34,2.78094952787331e+34,6.99230369340925e+33,1.98140760438336e+34,2.60528427721268e+34
27.5,9.74374214289279e+33,3.26824766047519e+34,5.57008826162318e+34,2.21364577348526e+33,1.15570359048548e+34,2.82434434662761e+34,7.53009636940753e+33,2.11254406998971e+34,2.74574391499557e+34
27.6,1.03864949107242e+34,3.4319144283278e+34,5.76850091569857e+34,2.2412671522977e+33,1.17405320880686e+34,2.86977348909601e+34,8.14522775842653e+33,2.25786121952094e+34,2.89872742660256e+34
27.7,1.1125682727582e+34,3.61349519710153e+34,5.98277983199241e+34,2.27041082834751e+33,1.19333632731323e+34,2.91735550962171e+34,8.85527189923451e+33,2.4201588697883e+34,3.0654243223707e+34
27.8,1.1982331752981e+34,3.81666505913236e+34,6.21443215510681e+34,2.30117504726204e+33,1.21361197324311e+34,2.96721809515383e+34,9.68115670571892e+33,2.60305308588925e+34,3.24721405995297e+34
27.9,1.29807018428204e+34,4.04608160919117e+34,6.46525131990875e+34,2.33366656591123e+33,1.23494410459605e+34,3.01949892159338e+34,1.06470352769092e+34,2.81113750459512e+34,3.44575239831538e+34
28,1.41478106876585e+34,4.30753285091107e+34,6.73743380692269e+34,2.36800154957087e+33,1.25740211229791e+34,3.07434660565951e+34,1.17798091380876e+34,3.05013073861316e+34,3.66308720126317e+34
28.1,1.55125105658702e+34,4.60805060709945e+34,7.03373306448008e+34,2.40430658175809e+33,1.28106138324148e+34,3.13192176465661e+34,1.31082039841121e+34,3.32698922385797e+34,3.90181129982347e+34
28.2,1.71039956810288e+34,4.95595511450819e+34,7.35766226154431e+34,2.44271980320404e+33,1.30600393278612e+34,3.19239819835719e+34,1.46612758778247e+34,3.64995118172207e+34,4.16526406318712e+34
28.3,1.89496074147347e+34,5.3607839096386e+34,7.7137515920901e+34,2.48339219918473e+33,1.33231911668602e+34,3.25596420935795e+34,1.64662152155499e+34,4.02846479295258e+34,4.45778738273215e+34
28.4,2.10718375860312e+34,5.8330556550691e+34,8.10785455443443e+34,2.52648905770829e+33,1.36010443405502e+34,3.32282408077301e+34,1.85453485283229e+34,4.47295122101408e+34,4.78503047366142e+34
28.5,2.34845524068102e+34,6.38382131533817e+34,8.54748526428004e+34,2.57219162496605e+33,1.38946643491865e+34,3.39319973306851e+34,2.09123607818442e+34,4.99435488041953e+34,5.15428553121153e+34
28.6,2.61886119902348e+34,7.0239580808629e+34,9.04215723306646e+34,2.62069898913309e+33,1.4205217482148e+34,3.46733258530133e+34,2.35679130011017e+34,5.6034363326481e+34,5.57482464776513e+34
28.7,2.91671555762604e+34,7.76316781206166e+34,9.60368398424266e+34,2.67223022921958e+33,1.45339824886054e+34,3.54548565010272e+34,2.64949253470408e+34,6.30976956320112e+34,6.05819833413994e+34
28.8,3.23809423466124e+34,8.60865781636541e+34,1.02463878824542e+35,2.72702687243819e+33,1.48823638580059e+34,3.62794589657003e+34,2.96539154741742e+34,7.12042143056482e+34,6.61844198588412e+34
28.9,3.57643579575323e+34,9.56351844981932e+34,1.09871464076312e+35,2.78535571172928e+33,1.52519069691255e+34,3.71502692094773e+34,3.2979002245803e+34,8.03832775290677e+34,7.27211948668347e+34
29,3.92230039176616e+34,1.06248721241612e+35,1.18451882964653e+35,2.84751204500266e+33,1.56443154141262e+34,3.80707197177996e+34,3.63754918726589e+34,9.06044058274857e+34,8.03811632468533e+34
29.1,4.26340208999809e+34,1.17819523483496e+35,1.28415378643127e+35,2.91382340973088e+33,1.60614708617004e+34,3.90445738432897e+34,3.972019749025e+34,1.01758052621795e+35,8.93708047998375e+34
29.2,4.58500803194024e+34,1.30143530495347e+35,1.39979966337127e+35,2.98465390128913e+33,1.65054558933091e+34,4.00759648876125e+34,4.28654264181133e+34,1.13638074602038e+35,9.99040014495148e+34
29.3,4.87071467956735e+34,1.42907467252931e+35,1.53355595592715e+35,3.06040918155146e+33,1.69785803316569e+34,4.11694406825675e+34,4.56467376141221e+34,1.25928886921274e+35,1.12186154910148e+35
29.4,5.10353705672863e+34,1.55684419292608e+35,1.6872196569717e+35,3.1415423065771e+33,1.74834116846175e+34,4.23300145723378e+34,4.78938282607092e+34,1.38201007607991e+35,1.26391951124833e+35
29.5,5.26728571927471e+34,1.67942731382397e+35,1.86199883299247e+35,3.22856052985286e+33,1.80228104555367e+34,4.35632238684858e+34,4.94442966628942e+34,1.49919920926861e+35,1.42636659430761e+35
29.6,5.34834925662041e+34,1.79072683303433e+35,2.05817369523096e+35,3.3220332719146e+33,1.85999712282382e+34,4.48751970551042e+34,5.01614592942895e+34,1.60472712075195e+35,1.60942172467992e+35
29.7,5.3379821009765e+34,1.88430163684034e+35,2.27473871209725e+35,3.42260149009178e+33,1.92184706298805e+34,4.62727312721336e+34,4.99572195196733e+34,1.69211693054153e+35,1.81201139937592e+35
29.8,5.2346661301015e+34,1.95394092299776e+35,2.50906856672354e+35,3.53098873600179e+33,1.98823235170488e+34,4.77633819111794e+34,4.88156725650132e+34,1.75511768782727e+35,2.03143474761175e+35
29.9,5.04563034971522e+34,1.994399203827e+35,2.75664642209164e+35,3.64801425641363e+33,2.05960490330855e+34,4.93555665340945e+34,4.68082892407386e+34,1.78843871349615e+35,2.2630907567507e+35
30,4.78690207528352e+34,2.00226530788745e+35,3.0109076954995e+35,3.77460857935623e+33,2.13647485645756e+34,5.10586857879024e+34,4.4094412173479e+34,1.78861782224169e+35,2.50032083762047e+35
30.1,4.48174650299699e+34,1.9767264629743e+35,3.26326990047795e+35,3.91183213738457e+33,2.21941981042931e+34,5.28832645631046e+34,4.09056328925853e+34,1.75478448193136e+35,2.73443725484691e+35
30.2,4.15758248038043e+34,1.91994721883098e+35,3.50340169989001e+35,4.06089762111331e+33,2.30909581360875e+34,5.48411173554674e+34,3.7514927182691e+34,1.6890376374701e+35,2.95499052633534e+35
30.3,3.84185133084432e+34,1.83698928478493e+35,3.71978650645055e+35,4.22319693841422e+33,2.40625049330343e+34,5.6945542682182e+34,3.41953163700289e+34,1.59636423545459e+35,3.15033107962873e+35
30.4,3.55800479383765e+34,1.73529005392353e+35,3.90064696010779e+35,4.40033389151089e+33,2.51173881557279e+34,5.92115525216128e+34,3.11797140468656e+34,1.48411617236625e+35,3.30853143489166e+35
30.5,3.3230086044932e+34,1.62371495040639e+35,4.03514092021318e+35,4.5941639939781e+33,2.62654209228614e+34,6.16561441570382e+34,2.86359220509538e+34,1.36106074117778e+35,3.4185794786428e+35
30.6,3.14699893705494e+34,1.51135733417571e+35,4.11459880448956e+35,4.80684325766369e+33,2.75179101961544e+34,6.42986235950511e+34,2.66631461128857e+34,1.23617823221417e+35,3.47161256853905e+35
30.7,3.03465338412386e+34,1.4063849600233e+35,4.13374626511728e+35,5.04088832089701e+33,2.88879375058725e+34,6.71609920131921e+34,2.53056455203416e+34,1.11750558496457e+35,3.46213634498536e+35
30.8,2.98728892026322e+34,1.31519172149349e+35,4.09187897167608e+35,5.29925101313137e+33,3.03907029200471e+34,7.02684096220533e+34,2.45736381895008e+34,1.01128469229302e+35,3.38919487545554e+35
30.9,3.00475472828023e+34,1.24203103644142e+35,3.99358112782231e+35,5.58541142667544e+33,3.20439489775327e+34,7.3649755110669e+34,2.44621358561269e+34,9.21591546666093e+34,3.25708357671562e+35
31,3.08652233885364e+34,1.18917026425728e+35,3.84854293617286e+35,5.90349489206072e+33,3.3868486408457e+34,7.7338303759947e+34,2.49617284964757e+34,8.50485400172709e+34,3.07515989857339e+35
31.1,3.23172599511798e+34,1.15741910364547e+35,3.67051505858337e+35,6.25842007168033e+33,3.58888503439983e+34,8.1372553738837e+34,2.60588398794995e+34,7.98530600205483e+34,2.856789521195e+35
31.2,3.43818738576934e+34,1.14678868023499e+35,3.47566852607029e+35,6.65608790243867e+33,3.81341250664516e+34,8.57972385671067e+34,2.77257859552548e+34,7.65447429570475e+34,2.61769614039923e+35
31.3,3.70074013046684e+34,1.15707601012834e+35,3.28056957896084e+35,7.10362463399498e+33,4.06389881701836e+34,9.06645749656479e+34,2.99037766706734e+34,7.50686128426501e+34,2.37392382930436e+35
31.4,4.00949037450433e+34,1.18825990672105e+35,3.10018791620958e+35,7.60969717163548e+33,4.34450427456678e+34,9.60358103395021e+34,3.24852065734078e+34,7.53809479264374e+34,2.13982981281456e+35
31.5,4.34885575965729e+34,1.24066943892628e+35,2.94649152111268e+35,8.18492601060862e+33,4.6602530989937e+34,1.01983154388704e+35,3.53036315859642e+34,7.7464412902691e+34,1.92665997722564e+35
31.6,4.69810472975673e+34,1.31492326793201e+35,2.82787184416348e+35,8.84243125313989e+33,5.01725576386068e+34,1.08592206865871e+35,3.81386160444274e+34,8.13197691545945e+34,1.74194977550477e+35
31.7,5.03364666746872e+34,1.41165261879033e+35,2.74933264496847e+35,9.59856207503945e+33,5.42300015228422e+34,1.15965031241388e+35,4.07379045996477e+34,8.69352603561905e+34,1.58968233255459e+35
31.8,5.33267159022651e+34,1.53104650756537e+35,2.71326112433471e+35,1.0473881938158e+34,5.88673655101608e+34,1.24224076270185e+35,4.28528339641071e+34,9.4237285246376e+34,1.47102036163286e+35
31.9,5.57720271940781e+34,1.672317395492e+35,2.72050671648761e+35,1.14945145327322e+34,6.41999199839348e+34,1.33517220442979e+35,4.42775126613459e+34,1.03031819565266e+35,1.38533451205782e+35
32,5.75740183811421e+34,1.83326549192972e+35,2.77146423507763e+35,1.26940046763781e+34,7.03726496527592e+34,1.4402431732751e+35,4.4880013704764e+34,1.12953899540213e+35,1.33122106180253e+35
32.1,5.87317560366052e+34,2.01017243699602e+35,2.86695475914911e+35,1.41159232818163e+34,7.75697439836748e+34,1.55965766747069e+35,4.4615832754789e+34,1.23447499715927e+35,1.30729709167842e+35
32.2,5.93396122113991e+34,2.19820949937866e+35,3.00882783918532e+35,1.58175602055532e+34,8.60277188000805e+34,1.69613848601455e+35,4.35220520058458e+34,1.33793231137786e+35,1.31268935317077e+35
32.3,5.95750215252079e+34,2.392373077892e+35,3.20029114915565e+35,1.78752249821391e+34,9.60537846647941e+34,1.85307864985174e+35,4.16997965430688e+34,1.43183523124406e+35,1.3472124993039e+35
32.4,5.96851587895393e+34,2.58878703755757e+35,3.44599807229126e+35,2.03919446960557e+34,1.08051886530641e+35,2.03474591568996e+35,3.92932140934836e+34,1.50826817225116e+35,1.41125215660131e+35
32.5,5.99766651684699e+34,2.78616784556192e+35,3.75192102652583e+35,2.35087510227519e+34,1.22560081671887e+35,2.24656217918749e+35,3.64679141457181e+34,1.56056702884304e+35,1.50535884733834e+35
32.6,6.08116875543392e+34,2.98725382418737e+35,4.12505566585171e+35,2.74213176219595e+34,1.40304821732866e+35,2.49548978907445e+35,3.33903699323797e+34,1.58420560685871e+35,1.62956587677727e+35
32.7,6.26161702435708e+34,3.20007335382382e+35,4.57307318140428e+35,3.24043967608996e+34,1.62280545388231e+35,2.79057234373591e+35,3.02117734826712e+34,1.57726789994151e+35,1.78250083766836e+35
32.8,6.59059058491766e+34,3.43917107530228e+35,5.10416476966558e+35,3.88469218903279e+34,1.89867002423997e+35,3.14370136057061e+35,2.70589839588487e+34,1.54050105106232e+35,1.96046340909497e+35
32.9,7.13307695194979e+34,3.727065672004e+35,5.7274585692816e+35,4.72992159714521e+34,2.25001581272589e+35,3.57071679919466e+35,2.40315535480459e+34,1.47704985927811e+35,2.15674177008694e+35
33,7.97270508826059e+34,4.09615546088105e+35,6.45445158894109e+35,5.85251385370673e+34,2.70426862497156e+35,4.09300534042587e+35,2.12019123455386e+34,1.39188683590949e+35,2.36144624851522e+35
33.1,9.21371521606695e+34,4.59124169542755e+35,7.30185148216497e+35,7.35200869211295e+34,3.30023566966555e+35,4.73984398824498e+35,1.86170652395399e+34,1.291006025762e+35,2.56200749391999e+35
33.2,1.09660706396387e+35,5.27238876284482e+35,8.29617364666553e+35,9.33591840331056e+34,4.09178392384579e+35,5.5518548116315e+35,1.63015223632814e+34,1.18060483899903e+35,2.74431883503404e+35
33.3,1.32773796261416e+35,6.21554215569634e+35,9.48045358230866e+35,1.18512576239137e+35,5.14911191342245e+35,6.58607959246771e+35,1.42612200222783e+34,1.06643024227388e+35,2.89437398984096e+35
33.4,1.59501985494925e+35,7.50138544005626e+35,1.09233474663365e+36,1.47014089710767e+35,6.54804909071884e+35,7.92327025032189e+35,1.24878957841586e+34,9.53336349337418e+34,3.00007721601456e+35
33.5,1.82721794920869e+35,9.16685150762691e+35,1.27305072189122e+36,1.71758422700587e+35,8.32178030790572e+35,9.67769537272924e+35,1.09633722202826e+34,8.45071199721182e+34,3.05281184618297e+35
33.6,1.91016263535854e+35,1.1075978609056e+36,1.50564763923287e+36,1.81352885297395e+35,1.03317106113043e+36,1.20079776155716e+36,9.66337823845918e+33,7.44267997751751e+34,3.04849877675707e+35
33.7,1.78298282805286e+35,1.27294108901196e+36,1.81088005584217e+36,1.6973757442943e+35,1.20768538185559e+36,1.51208522839396e+36,8.5607083758562e+33,6.52557071563734e+34,2.987948274482e+35
33.8,1.51206126205931e+35,1.33245551865491e+36,2.21160465723787e+36,1.43578473619353e+35,1.27538289486156e+36,1.92396865795487e+36,7.62765258657802e+33,5.70726237933537e+34,2.87635999283e+35
33.9,1.21227209876101e+35,1.24340903130078e+36,2.71845788189315e+36,1.14389488833083e+35,1.19351953745147e+36,2.44623760053035e+36,6.83772104301813e+33,4.98894938493025e+34,2.72220281362797e+35
34,9.52305426815397e+34,1.05275627113194e+36,3.29170671137823e+36,8.90637936003608e+34,1.0090878536998e+36,3.03811375324428e+36,6.16674908117888e+33,4.36684174321466e+34,2.53592958133949e+35
34.1,7.49223238847209e+34,8.41612879096048e+35,3.78498813973716e+36,6.9328825119961e+34,8.0327563771681e+35,3.55211514727555e+36,5.59349876475983e+33,3.8337241379238e+34,2.32872992461607e+35
34.2,5.96587031696012e+34,6.58497832741204e+35,3.96282217681013e+36,5.45588232556805e+34,6.24694538800963e+35,3.75168413005816e+36,5.09987991392067e+33,3.38032939402415e+34,2.11138046751967e+35
34.3,4.82674086324454e+34,5.15495391627662e+35,3.70023162498002e+36,4.3596508738805e+34,4.85530564673055e+35,3.51089429374388e+36,4.67089989364038e+33,2.99648269546069e+34,1.89337331236144e+35
34.4,3.97022543608923e+34,4.08094239704064e+35,3.13627812222822e+36,3.54078223956612e+34,3.81374414163438e+35,2.96803469373156e+36,4.29443196523111e+33,2.67198255406255e+34,1.68243428496661e+35
34.5,3.31734418281698e+34,3.28039421082345e+35,2.51056956831276e+36,2.92125630653224e+34,3.04067245258973e+35,2.36213551135217e+36,3.96087876284746e+33,2.39721758233718e+34,1.4843405696059e+35
34.6,2.81175597588915e+34,2.67953665757701e+35,1.96664480365151e+36,2.44547727130981e+34,2.46318194939301e+35,1.83635178752635e+36,3.66278704579337e+33,2.16354708184005e+34,1.30293016125155e+35
34.7,2.41392156243454e+34,2.22260909283658e+35,1.5406196777365e+36,2.07447692483958e+34,2.0262601450448e+35,1.42659214680801e+36,3.39444637594953e+33,1.96348947791779e+34,1.14027530928494e+35
34.8,2.09606342328343e+34,1.86978153615557e+35,1.2195911781324e+36,1.78091304521454e+34,1.69070482519222e+35,1.11989287578808e+36,3.15150378068887e+33,1.79076710963347e+34,9.96983023443212e+34
34.9,1.8384894855642e+34,1.59306280429875e+35,9.7949624736763e+35,1.54542678109601e+34,1.42903770604382e+35,8.92241453449179e+35,2.93062704468187e+33,1.64025098254926e+34,8.72547939184512e+34
35,1.62706138817315e+34,1.37276230948124e+35,7.98745329618633e+35,1.35413835725438e+34,1.22197813625311e+35,7.22175736623518e+35,2.72923030918762e+33,1.50784173228132e+34,7.65695929951146e+34
35.1,1.45148302940803e+34,1.19490665182632e+35,6.60968688731436e+35,1.19695707943506e+34,1.05587478154407e+35,5.93500128057423e+35,2.54525949972971e+33,1.39031870282248e+34,6.74685606740132e+34
35.2,1.3041457241871e+34,1.04945823696587e+35,5.54428215820518e+35,1.06644268786518e+34,9.2093984765747e+34,4.94672826428018e+35,2.37703036321926e+33,1.28518389308396e+34,5.97553893924997e+34
35.3,1.17934434202278e+34,9.29109055017607e+34,4.70833707667368e+35,9.57033201236451e+33,8.10057434840417e+34,4.17603369219567e+35,2.22311140786324e+33,1.1905162017719e+34,5.32303384478014e+34
35.4,1.07274018446195e+34,8.2846476474668e+34,4.04318187340063e+35,8.64515818770588e+33,7.17980641862403e+34,3.56614708140062e+35,2.08224365691358e+33,1.10484122884277e+34,4.77034792000009e+34
35.5,9.8098882241729e+33,7.4348903067028e+34,3.50690223081887e+35,7.85659921506597e+33,6.40787085035968e+34,3.07687168454581e+35,1.95328900910693e+33,1.02701945634312e+34,4.30030546273054e+34
35.6,9.01479166454025e+33,6.71121281223428e+34,3.06918402312466e+35,7.17959213737501e+33,5.75505802698633e+34,2.67938616632754e+35,1.83519952716524e+33,9.56154785247948e+33,3.89797856797113e+34
35.7,8.32148292704996e+33,6.09010785043715e+34,2.70781717690222e+35,6.5944819217469e+33,5.19858461248163e+34,2.35273630585196e+35,1.72700100530306e+33,8.91523237955525e+33,3.55080871050262e+34
35.8,7.71348407865178e+33,5.55329530538269e+34,2.40632231680807e+35,6.08569857667595e+33,4.72077520634414e+34,2.08147111448488e+35,1.62778550197583e+33,8.32520099038547e+33,3.24851202323189e+34
35.9,7.17750081455157e+33,5.08639121332067e+34,2.15232482866668e+35,5.64079195883088e+33,4.30776812223619e+34,1.85403972500223e+35,1.53670885572068e+33,7.78623091084475e+33,2.98285103664451e+34
36,6.70270975124405e+33,4.67795082772451e+34,1.93642720441612e+35,5.2497193390449e+33,3.94858250885704e+34,1.66169285816387e+35,1.45299041219915e+33,7.29368318867471e+33,2.74734346252249e+34
36.1,6.28022689671896e+33,4.31877296976939e+34,1.75141648567175e+35,4.90431371769369e+33,3.63443770202835e+34,1.49772081658639e+35,1.37591317902527e+33,6.84335267741037e+33,2.53695669085363e+34
36.2,5.90270629924713e+33,4.00138865587701e+34,1.59169953233745e+35,4.59788288180164e+33,3.35825081619342e+34,1.3569180694999e+35,1.30482341744548e+33,6.43137839683594e+33,2.34781462837556e+34
36.3,5.56403331349081e+33,3.71968114881671e+34,1.4528954693134e+35,4.32490407042103e+33,3.11426179700593e+34,1.23520215852837e+35,1.23912924306977e+33,6.05419351810782e+33,2.17693310785034e+34
36.4,5.25908745407632e+33,3.46860066774348e+34,1.3315384494867e+35,4.0807892863083e+33,2.89775067135081e+34,1.12933899811786e+35,1.17829816776802e+33,5.70849996392669e+33,2.02199451368835e+34
36.5,4.98355704539051e+33,3.24394785662548e+34,1.22485903020691e+35,3.86170332645828e+33,2.70482221968954e+34,1.03674244518759e+35,1.12185371893223e+33,5.39125636935947e+33,1.88116585019321e+34
36.6,4.73379289714189e+33,3.04220762643912e+34,1.13062220625382e+35,3.66442152278956e+33,2.53224046811123e+34,9.55326352206063e+34,1.06937137435233e+33,5.09967158327888e+33,1.75295854047753e+34
36.7,4.50669174437472e+33,2.86042026381026e+34,1.04700662076739e+35,3.48621766021366e+33,2.37730035796595e+34,8.83394152460011e+34,1.02047408416106e+33,4.83119905844309e+33,1.6361246830738e+34
36.8,4.29960265891433e+33,2.69608041646445e+34,9.72513949213803e+34,3.32477502080788e+33,2.23772741949205e+34,8.19555594247375e+34,9.74827638106455e+32,4.58352996972402e+33,1.52958354966428e+34
36.9,4.11025138329341e+33,2.54705714767596e+34,9.05900605747714e+34,3.17811529170949e+33,2.11159872699252e+34,7.62663328917951e+34,9.32136091583921e+32,4.35458420683433e+33,1.43237276829763e+34
37,3.93667877773317e+33,2.41153004140963e+34,8.46126078515688e+34,3.0445413760346e+33,1.99728016300816e+34,7.11764169552557e+34,8.92137401698572e+32,4.14249878401466e+33,1.34361908963131e+34
37.1,3.77719046326394e+33,2.28793764048011e+34,7.92313574622647e+34,2.92259110175434e+33,1.89337628043786e+34,6.66061297664297e+34,8.54599361509599e+32,3.94561360042255e+33,1.2625227695835e+34
37.2,3.63031540160522e+33,2.17493548155216e+34,7.4371965053536e+34,2.81099953101397e+33,1.79868996949089e+34,6.24884716614615e+34,8.19315870591244e+32,3.76245512061274e+33,1.18834933920745e+34
37.3,3.49477165395548e+33,2.07136170089706e+34,6.99710427455669e+34,2.70866810051231e+33,1.71218981025944e+34,5.87667972185854e+34,7.86103553443169e+32,3.59171890637622e+33,1.12042455269815e+34
37.4,3.3694379583759e+33,1.97620867935348e+34,6.59742762402591e+34,2.61463922082279e+33,1.63298349066466e+34,5.53929676022527e+34,7.54798737553108e+32,3.43225188688822e+33,1.05813086380064e+34
37.5,3.2533300736433e+33,1.88859954881471e+34,6.2334922840454e+34,2.52807526356921e+33,1.56029604196933e+34,5.23258739118609e+34,7.25254810074092e+32,3.2830350684538e+33,1.00090489285931e+34
37.6,3.14558104593755e+33,1.80776864498116e+34,5.90126029119973e+34,2.44824109508843e+33,1.49345192420338e+34,4.95302492828746e+34,6.97339950849119e+32,3.1431672077778e+33,9.48235362912272e+33
37.7,3.04542469465343e+33,1.73304518730665e+34,5.5972317132303e+34,2.37448949169259e+33,1.4318602061391e+34,4.69757073325813e+34,6.70935202960842e+32,3.01184981167551e+33,8.99660979972174e+33
37.8,2.95218174317263e+33,1.66383961307822e+34,5.31836387324833e+34,2.30624890809378e+33,1.37500224645466e+34,4.46359592359193e+34,6.45932835078853e+32,2.88837366623566e+33,8.54767949656399e+33
37.9,2.86524813560827e+33,1.59963210116783e+34,5.06200430561064e+34,2.24301317670333e+33,1.32242140718131e+34,4.248817268433e+34,6.22234958904941e+32,2.7721069398651e+33,8.1318703717764e+33
38,2.78408516108162e+33,1.53996290572225e+34,4.8258346404307e+34,2.18433279857894e+33,1.2737144267581e+34,4.0512444230548e+34,5.99752362502684e+32,2.66248478964145e+33,7.74590217375893e+33
38.1,2.70821107358125e+33,1.48442419287948e+34,4.60782332125349e+34,2.12980755215337e+33,1.22852415487651e+34,3.8691362773876e+34,5.78403521427881e+32,2.55900038002967e+33,7.38687043865894e+33
38.2,2.63719395582263e+33,1.43265313240265e+34,4.40618556733381e+34,2.07908019758703e+33,1.18653340987525e+34,3.7009646711228e+34,5.58113758235596e+32,2.46119722527407e+33,7.05220896211009e+33
38.3,2.57064562065321e+33,1.38432603753914e+34,4.21934935082275e+34,2.03183109570565e+33,1.14745976553955e+34,3.54538409443724e+34,5.38814524947558e+32,2.36866271999592e+33,6.73965256385511e+33
38.4,2.50821637815838e+33,1.33915337897197e+34,4.04592641621536e+34,1.98777359334419e+33,1.11105111062618e+34,3.40120627676639e+34,5.20442784814186e+32,2.2810226834579e+33,6.44720139448968e+33
38.5,2.44959052717224e+33,1.29687552828551e+34,3.88468755646429e+34,1.9466500533022e+33,1.07708185343423e+34,3.2673787865133e+34,5.02940473870047e+32,2.19793674851279e+33,6.17308769950994e+33
38.6,2.39448245642677e+33,1.25725911208955e+34,3.73454149843066e+34,1.90822842839667e+33,1.04534966691607e+34,3.14296693709043e+34,4.86254028030096e+32,2.11909445173488e+33,5.91574561340231e+33
38.7,2.3426332618147e+33,1.22009387894099e+34,3.59451685526855e+34,1.87229929633882e+33,1.01567268843003e+34,3.02713843044113e+34,4.70333965475879e+32,2.04421190510964e+33,5.67378424827424e+33
38.8,2.29380780230054e+33,1.18518999817267e+34,3.46374668682919e+34,1.83867328618594e+33,9.87887103245008e+33,2.91915027658464e+34,4.55134516114601e+32,1.97302894927667e+33,5.44596410244557e+33
38.9,2.24779212973437e+33,1.1523757235169e+34,3.34145527750445e+34,1.80717883857583e+33,9.6184505306566e+33,2.81833761313283e+34,4.40613291158543e+32,1.90530670451244e+33,5.23117664371618e+33
39,2.20439123851304e+33,1.12149536556019e+34,3.22694679865969e+34,1.77766025134481e+33,9.37412820738432e+33,2.72410411697787e+34,4.2673098716823e+32,1.84082544821757e+33,5.02842681681823e+33
39.1,2.16342708992691e+33,1.0924075262725e+34,3.11959557185019e+34,1.74997596986224e+33,9.14469250377957e+33,2.63591375515138e+34,4.13451120064675e+32,1.7793827589454e+33,4.83681816698812e+33
39.2,2.12473687327998e+33,1.06498355679467e+34,3.01883769111652e+34,1.72399708780126e+33,8.92904368778535e+33,2.55328366605861e+34,4.00739785478726e+32,1.72079188016138e+33,4.65554025057905e+33
39.3,2.08817147176018e+33,1.03910620642975e+34,2.92416379880695e+34,1.6996060293596e+33,8.72618179428407e+33,2.47577799810069e+34,3.88565442400586e+32,1.66488027001348e+33,4.48385800706254e+33
39.4,2.05359410584146e+33,1.01466843610423e+34,2.83511283968097e+34,1.67669538834775e+33,8.53519604948985e+33,2.40300256183064e+34,3.76898717493709e+32,1.61148831155246e+33,4.32110277850329e+33
39.5,2.02087913097899e+33,9.91572373685106e+33,2.75126664355022e+34,1.65516690323583e+33,8.35525557515057e+33,2.33460017558495e+34,3.65712227743165e+32,1.56046816170049e+33,4.16666467965264e+33
39.6,1.98991096979397e+33,9.69728391975168e+33,2.67224521176885e+34,1.63493055032595e+33,8.18560119917567e+33,2.27024660404551e+34,3.54980419468022e+32,1.51168272057601e+33,4.01998607723341e+33
39.7,1.96058316195923e+33,9.49054293145351e+33,2.59770260560675e+34,1.61590373979914e+33,8.02553822521904e+33,2.2096470052475e+34,3.44679422160092e+32,1.46500470623447e+33,3.88055600359252e+33
39.8,1.93279751743875e+33,9.29474585742036e+33,2.52732335005588e+34,1.59801060155973e+33,7.87443003543692e+33,2.15253281481609e+34,3.34786915879025e+32,1.42031582198344e+33,3.74790535239785e+33
39.9,1.90646336054177e+33,9.10919842331324e+33,2.46081927839884e+34,1.58118134963643e+33,7.73169241885214e+33,2.09865900721249e+34,3.25282010905339e+32,1.37750600446111e+33,3.62160271186356e+33
40,1.881496853738e+33,8.93326127554339e+33,2.39792675449631e+34,1.56535171545375e+33,7.59678853309002e+33,2.04780168291697e+34,3.16145138284243e+32,1.33647274245337e+33,3.50125071579333e+33
40.1,1.85782039162813e+33,8.76634487922414e+33,2.33840422057219e+34,1.55046244160727e+33,7.46922442020095e+33,1.99975593810934e+34,3.07357950020857e+32,1.29712045902319e+33,3.38648282462852e+33
40.2,1.8353620568269e+33,8.60790495960973e+33,2.28203002706045e+34,1.5364588288998e+33,7.34854500824852e+33,1.95433397979588e+34,2.98903227927097e+32,1.25935995136121e+33,3.27696047264567e+33
40.3,1.8140551306619e+33,8.45743842278226e+33,2.2286005078104e+34,1.52329033035414e+33,7.23433053965191e+33,1.91136345469632e+34,2.9076480030776e+32,1.22310788313035e+33,3.17237053114085e+33
40.4,1.79383765251152e+33,8.31447969899342e+33,2.17792826918728e+34,1.51091018673807e+33,7.12619337519436e+33,1.87068596472073e+34,2.82927465773449e+32,1.18828632379905e+33,3.07242304466551e+33
40.5,1.7746520223644e+33,8.17859745901766e+33,2.1298406658982e+34,1.49927509884044e+33,7.02377512937152e+33,1.83215574568088e+34,2.7537692352396e+32,1.15482232964614e+33,2.97684920217313e+33
40.6,1.75644464183516e+33,8.04939166046017e+33,2.08417844024685e+34,1.48834493234133e+33,6.92674409853713e+33,1.79563848910997e+34,2.68099709493835e+32,1.12264756192304e+33,2.88539951136881e+33
40.7,1.73916558944242e+33,7.92649088678348e+33,2.04079450497373e+34,1.47808245163967e+33,6.83479294826261e+33,1.76101028980681e+34,2.6108313780275e+32,1.09169793852088e+33,2.79784215166923e+33
40.8,1.72276832645712e+33,7.80954994663476e+33,1.9995528526274e+34,1.46845307945097e+33,6.74763663058846e+33,1.72815670405484e+34,2.54315247006146e+32,1.06191331604631e+33,2.71396148572564e+33
40.9,1.70720943006873e+33,7.69824770502112e+33,1.9603275766931e+34,1.45942467937593e+33,6.66501050551607e+33,1.69697190545757e+34,2.47784750692802e+32,1.03323719950505e+33,2.6335567123552e+33
41,1.69244835100143e+33,7.5922851212489e+33,1.92300199174074e+34,1.45096735897794e+33,6.58666864425631e+33,1.66735792703643e+34,2.41480992023486e+32,1.0056164769926e+33,2.55644064704314e+33
41.1,1.67844719304709e+33,7.49138347148149e+33,1.88746784153506e+34,1.44305329119939e+33,6.51238229449118e+33,1.63922397969702e+34,2.35393901847701e+32,9.79001176990311e+32,2.48243861838032e+33
41.2,1.66517051227483e+33,7.39528273635869e+33,1.85362458530197e+34,1.43565655220118e+33,6.44193849027987e+33,1.61248583842598e+34,2.29513960073649e+32,9.53344246078819e+32,2.41138746875987e+33
41.3,1.65258513393226e+33,7.30374013639953e+33,1.82137875340955e+34,1.42875297393195e+33,6.37513879130254e+33,1.58706528866098e+34,2.23832160000308e+32,9.28601345096987e+32,2.34313464748573e+33
41.4,1.64065998527684e+33,7.21652879991048e+33,1.79064336478723e+34,1.42232000992654e+33,6.3117981379294e+33,1.56288962621038e+34,2.18339975350307e+32,9.04730661981083e+32,2.27753738576857e+33
41.5,1.6293659427719e+33,7.13343654987455e+33,1.76133739941638e+34,1.41633661300327e+33,6.25174381016707e+33,1.53989120490564e+34,2.13029329768636e+32,8.81692739707484e+32,2.21446194510747e+33
41.6,1.61867569225323e+33,7.0542647978311e+33,1.73338532007784e+34,1.4107831236777e+33,6.19481447989965e+33,1.51800702686949e+34,2.07892568575535e+32,8.5945031793145e+32,2.15378293208346e+33
41.7,1.60856360082347e+33,6.9788275341015e+33,1.70671663823172e+34,1.40564116824086e+33,6.14085934703721e+33,1.49717837089024e+34,2.02922432582608e+32,8.37968187064291e+32,2.09538267341476e+33
41.8,1.59900559936443e+33,6.9069504048949e+33,1.68126551948118e+34,1.40089356556487e+33,6.08973735123147e+33,1.47735045492116e+34,1.98112033799566e+32,8.17213053663436e+32,2.03915064560018e+33
41.9,1.58997907467467e+33,6.83846986786409e+33,1.65697042457409e+34,1.39652424179927e+33,6.04131645173766e+33,1.45847212918475e+34,1.93454832875406e+32,7.97153416126429e+32,1.98498295389334e+33
42,1.58146277034346e+33,6.77323241859268e+33,1.6337737823435e+34,1.39251815221104e+33,5.99547296881003e+33,1.44049559676392e+34,1.88944618132422e+32,7.77759449782651e+32,1.93278185579586e+33
42.1,1.57343669556385e+33,6.71109388129755e+33,1.61162169138636e+34,1.38886120949929e+33,5.95209098073009e+33,1.42337615891429e+34,1.84575486064564e+32,7.59002900567461e+32,1.88245532472074e+33
42.2,1.56588204116896e+33,6.65191875773869e+33,1.59046364763314e+34,1.38554021798565e+33,5.91106177119476e+33,1.40707198264032e+34,1.80341823183313e+32,7.40856986543936e+32,1.83391664992821e+33
42.3,1.55878110224767e+33,6.59557962895502e+33,1.57025229527389e+34,1.38254281314285e+33,5.87228332234619e+33,1.39154388834852e+34,1.7623828910482e+32,7.23296306608836e+32,1.78708406925369e+33
42.4,1.55211720676017e+33,6.54195660499889e+33,1.55094319878209e+34,1.37985740597871e+33,5.83565984921587e+33,1.37675515562963e+34,1.72259800781465e+32,7.06296755783022e+32,1.74188043152453e+33
42.5,1.5458746496308e+33,6.49093681833368e+33,1.53249463402041e+34,1.37747313184127e+33,5.8011013717904e+33,1.36267134543077e+34,1.68401517789529e+32,6.89835446543277e+32,1.69823288589643e+33
42.6,1.54003863184662e+33,6.44241395699515e+33,1.51486739662765e+34,1.37537980325429e+33,5.76852332129208e+33,1.3492601370641e+34,1.64658828592325e+32,6.73890635703075e+32,1.65607259563559e+33
42.7,1.53459520413566e+33,6.39628783400565e+33,1.49802462607482e+34,1.37356786643056e+33,5.73784617761039e+33,1.33649117866153e+34,1.61027337705096e+32,6.58441656395257e+32,1.61533447413288e+33
42.8,1.5295312148393e+33,6.35246398987555e+33,1.4819316439464e+34,1.37202836114507e+33,5.70899513512538e+33,1.32433594982991e+34,1.57502853694227e+32,6.43468854750161e+32,1.57595694116491e+33
42.9,1.52483426162962e+33,6.3108533253349e+33,1.46655580515084e+34,1.37075288368064e+33,5.6818997944356e+33,1.31276763538891e+34,1.54081377948985e+32,6.28953530899304e+32,1.53788169761929e+33
43,1.5204926467554e+33,6.27137176171324e+33,1.45186636089586e+34,1.36973355258621e+33,5.65649387774571e+33,1.30176100918786e+34,1.50759094169182e+32,6.14877883967522e+32,1.50105351707996e+33
43.1,1.51649533552918e+33,6.23393992663158e+33,1.43783433238114e+34,1.36896297701241e+33,5.6327149658855e+33,1.29129232709847e+34,1.4753235851677e+32,6.01224960746084e+32,1.46542005282673e+33
43.2,1.5128319177948e+33,6.1984828628913e+33,1.42443239426474e+34,1.36843422741115e+33,5.61050425512534e+33,1.28133922837034e+34,1.44397690383646e+32,5.87978607765958e+32,1.43093165894398e+33
43.3,1.50949257213764e+33,6.16492975864137e+33,1.41163476705216e+34,1.36814080840585e+33,5.58980633212688e+33,1.27188064461632e+34,1.41351763731791e+32,5.75123426514497e+32,1.39754122435838e+33
43.4,1.50646803262182e+33,6.13321369708343e+33,1.39941711763969e+34,1.36807663365645e+33,5.57056896552278e+33,1.26289671576595e+34,1.38391398965373e+32,5.62644731560649e+32,1.3652040187374e+33
43.5,1.50374955785732e+33,6.1032714241327e+33,1.38775646731728e+34,1.36823600255969e+33,5.55274291275923e+33,1.25436871238928e+34,1.35513555297628e+32,5.50528511373469e+32,1.33387754927998e+33
43.6,1.5013289022174e+33,6.07504313259639e+33,1.37663110660215e+34,1.36861357863912e+33,5.53628174095972e+33,1.24627896385016e+34,1.32715323578276e+32,5.38761391636668e+32,1.30352142751991e+33
43.7,1.49919828904259e+33,6.04847226156018e+33,1.36602051633361e+34,1.36920436949273e+33,5.52114166068208e+33,1.23861079179931e+34,1.29993919549862e+32,5.27330600878103e+32,1.27409724534291e+33
43.8,1.49735038568126e+33,6.02350530978927e+33,1.35590529451225e+34,1.3700037081774e+33,5.50728137154136e+33,1.23134844856327e+34,1.2734667750386e+32,5.16223938247915e+32,1.24556845948978e+33
43.9,1.49577828022995e+33,6.00009166205602e+33,1.34626708841457e+34,1.37100723592037e+33,5.49466191876361e+33,1.22447706002626e+34,1.24771044309588e+32,5.05429743292404e+32,1.2179002838831e+33
44,1.49447545984809e+33,5.97818342740047e+33,1.33708853155654e+34,1.37221088605705e+33,5.48324655981751e+33,1.21798257263922e+34,1.22264573791048e+32,4.9493686758296e+32,1.19105958917312e+33
44.1,1.49343579053221e+33,5.95773528841616e+33,1.32835318511814e+34,1.37361086910359e+33,5.47300064034567e+33,1.21185170422307e+34,1.19824921428624e+32,4.84734648070492e+32,1.16501480895067e+33
44.2,1.49265349824451e+33,5.93870436073099e+33,1.32004548347589e+34,1.37520365888019e+33,5.46389147868505e+33,1.20607189826359e+34,1.17449839364323e+32,4.74812882045941e+32,1.13973585212299e+33
44.3,1.49212315129922e+33,5.92105006192351e+33,1.31215068352102e+34,1.37698597960842e+33,5.45588825832675e+33,1.20063128142195e+34,1.15137171690798e+32,4.6516180359676e+32,1.11519402099068e+33
44.4,1.49183964391805e+33,5.90473398917859e+33,1.30465481746977e+34,1.37895479391222e+33,5.44896192772091e+33,1.19551862400944e+34,1.12884850005825e+32,4.55772061457681e+32,1.09136193460327e+33
44.5,1.49179818087337e+33,5.8897198050446e+33,1.2975446488974e+34,1.38110729165813e+33,5.44308510688275e+33,1.19072330319681e+34,1.10690889215244e+32,4.46634698161854e+32,1.06821345700583e+33
44.6,1.49199426314431e+33,5.87597313070656e+33,1.29080763175069e+34,1.38344087957572e+33,5.43823200030101e+33,1.18623526874858e+34,1.08553383568589e+32,4.37741130405552e+32,1.04572363002106e+33
44.7,1.49242367451679e+33,5.86346144623815e+33,1.28443187211473e+34,1.38595317160403e+33,5.43437831569206e+33,1.18204501109068e+34,1.0647050291276e+32,4.29083130546091e+32,1.0238686102405e+33
44.8,1.49308246906433e+33,5.85215399733856e+33,1.2784060925284e+34,1.38864197991423e+33,5.43150118817992e+33,1.17814353153594e+34,1.04440489150094e+32,4.20652809158637e+32,1.00262560992459e+33
44.9,1.49396695945104e+33,5.84202170810028e+33,1.2727195986606e+34,1.39150530656284e+33,5.42957910951731e+33,1.17452231450704e+34,1.02461652888205e+32,4.12442598582971e+32,9.81972841535596e+32
45,1.49507370600323e+33,5.83303709939001e+33,1.26736224817438e+34,1.39454133573347e+33,5.42859186199364e+33,1.17117330160948e+34,1.00532370269765e+32,4.0444523739637e+32,9.61889465649033e+32
45.1,1.4963995064999e+33,5.8251742124582e+33,1.26232442162076e+34,1.39774842652861e+33,5.42852045670486e+33,1.16808886741981e+34,9.86510799712865e+31,3.96653755753341e+32,9.42355542009571e+32
45.2,1.49794138663647e+33,5.81840853742273e+33,1.25759699521671e+34,1.40112510627582e+33,5.42934707588552e+33,1.16526179686519e+34,9.68162803606472e+31,3.89061461537206e+32,9.23351983515177e+32
45.3,1.49969659111961e+33,5.8127169463001e+33,1.25317131537342e+34,1.40467006431576e+33,5.43105501902765e+33,1.16268526408039e+34,9.50265268038503e+31,3.81661927272448e+32,9.04860512930236e+32
45.4,1.50166257535407e+33,5.80807763028288e+33,1.24903917485212e+34,1.40838214624196e+33,5.43362865253256e+33,1.16035281263777e+34,9.32804291121095e+31,3.74448977750323e+32,8.86863622143452e+32
45.5,1.50383699768568e+33,5.80447004098517e+33,1.24519279043392e+34,1.41226034856471e+33,5.4370533626616e+33,1.15825833705388e+34,9.15766491209677e+31,3.67416678323576e+32,8.69344533800347e+32
45.6,1.50621771216725e+33,5.80187483539935e+33,1.24162478199961e+34,1.41630381377356e+33,5.4413155115702e+33,1.15639606548433e+34,8.99138983936968e+31,3.60559323829152e+32,8.52287165152875e+32
45.7,1.50880276181674e+33,5.80027382432683e+33,1.23832815292318e+34,1.420511825775e+33,5.4464023962262e+33,1.15476054352514e+34,8.82909360417385e+31,3.53871428100629e+32,8.35676093980437e+32
45.8,1.51159037233924e+33,5.79964992406344e+33,1.23529627169035e+34,1.42488380568382e+33,5.45230221002874e+33,1.15334661904562e+34,8.67065666554168e+31,3.473477140347e+32,8.19496526447284e+32
45.9,1.51457894628666e+33,5.79998711113667e+33,1.23252285466039e+34,1.42941930794807e+33,5.45900400695819e+33,1.15214942798327e+34,8.51596383385924e+31,3.40983104178478e+32,8.0373426677118e+32
46,1.51776705763091e+33,5.80127037990704e+33,1.23000194989561e+34,1.43411801678958e+33,5.46649766810046e+33,1.15116438103689e+34,8.36490408413345e+31,3.34772711806583e+32,7.88375688587234e+32
46.1,1.52115344672814e+33,5.80348570286009e+33,1.22772792198865e+34,1.43897974294307e+33,5.474773870401e+33,1.15038715119873e+34,8.21737037850645e+31,3.28711832459085e+32,7.73407707899203e+32
46.2,1.5247370156534e+33,5.80661999342803e+33,1.22569543782306e+34,1.44400442067842e+33,5.48382405751476e+33,1.14981366207124e+34,8.07325949749758e+31,3.22795935913276e+32,7.58817757518165e+32
46.3,1.5285168238867e+33,5.8106610711924e+33,1.22389945320748e+34,1.44919210509184e+33,5.49364041262841e+33,1.14944007691792e+34,7.93247187948631e+31,3.17020658563994e+32,7.44593762895608e+32
46.4,1.53249208433277e+33,5.81559762932955e+33,1.22233520032811e+34,1.45454296965298e+33,5.50421583314063e+33,1.14926278840166e+34,7.7949114679794e+31,3.1138179618892e+32,7.30724119264427e+32
46.5,1.53666215965829e+33,5.8214192041715e+33,1.22099817596827e+34,1.46005730399595e+33,5.51554390709476e+33,1.14927840896753e+34,7.66048556623444e+31,3.05875297076739e+32,7.17197670007389e+32
46.6,1.5410265589316e+33,5.82811614676358e+33,1.21988413044778e+34,1.46573551194322e+33,5.52761889126605e+33,1.14948376182997e+34,7.52910469883764e+31,3.00497255497529e+32,7.04003686178132e+32
46.7,1.54558493455107e+33,5.83567959630924e+33,1.21898905723806e+34,1.47157810975248e+33,5.54043569081324e+33,1.14987587252757e+34,7.40068247985883e+31,2.95243905496003e+32,6.911318471049e+32
46.8,1.55033707944955e+33,5.84410145540056e+33,1.21830918321232e+34,1.47758572457725e+33,5.55398984041105e+33,1.15045196101112e+34,7.27513548722924e+31,2.90111614989508e+32,6.78572222011969e+32
46.9,1.55528292456296e+33,5.85337436693999e+33,1.21784095949311e+34,1.48375909313287e+33,5.56827748678621e+33,1.1512094342333e+34,7.15238314300889e+31,2.85096880153787e+32,6.66315252598068e+32
47,1.56042253655261e+33,5.86349169266649e+33,1.21758105286206e+34,1.4900990605603e+33,5.58329537258591e+33,1.15214587921054e+34,7.03234759923078e+31,2.80196320080572e+32,6.5435173651517e+32
47.1,1.56575611577123e+33,5.87444749320499e+33,1.21752633769937e+34,1.49660657948096e+33,5.59904082151291e+33,1.15325905652989e+34,6.9149536290272e+31,2.75406671692084e+32,6.42672811694797e+32
47.2,1.57128399446389e+33,5.88623650956472e+33,1.21767388842292e+34,1.50328270923628e+33,5.6155117246663e+33,1.15454689427568e+34,6.80012852276111e+31,2.7072478489842e+32,6.31269941472409e+32
47.3,1.57700663519557e+33,5.89885414601697e+33,1.21802097239883e+34,1.51012861530655e+33,5.63270652803232e+33,1.15600748235245e+34,6.68780198890183e+31,2.66147617984649e+32,6.20134900463747e+32
47.4,1.58292462949799e+33,5.9122964542886e+33,1.21856504329756e+34,1.517145568904e+33,5.65062422107333e+33,1.15763906718257e+34,6.5779060593994e+31,2.61672233215275e+32,6.09259761149908e+32
47.5,1.58903869672914e+33,5.92656011901216e+33,1.21930373487144e+34,1.52433494673588e+33,5.66926432636773e+33,1.15944004675836e+34,6.47037499932615e+31,2.57295792644425e+32,5.98636881130792e+32
47.6,1.59534968313925e+33,5.94164244437804e+33,1.22023485513098e+34,1.53169823093358e+33,5.68862689025718e+33,1.16140896603007e+34,6.36514522056744e+31,2.53015554120854e+32,5.8825889100906e+32
47.7,1.60185856113811e+33,5.95754134193872e+33,1.22135638089941e+34,1.53923700914455e+33,5.70871247446123e+33,1.16354451261249e+34,6.26215519935589e+31,2.48828867477486e+32,5.78118682869203e+32
47.8,1.60856642875877e+33,5.97425531951863e+33,1.22266645272584e+34,1.54695297478422e+33,5.72952214862282e+33,1.16584551279399e+34,6.16134539745515e+31,2.44733170895814e+32,5.68209399318515e+32
47.9,1.61547450931355e+33,5.99178347118742e+33,1.22416337013934e+34,1.55484792744544e+33,5.75105748375135e+33,1.16831092783345e+34,6.06265818681031e+31,2.40725987436071e+32,5.58524423058836e+32
48,1.62258415123872e+33,6.01012546825769e+33,1.22584558722704e+34,1.5629237734638e+33,5.7733205465331e+33,1.17093985053105e+34,5.96603777749196e+31,2.36804921724589e+32,5.49057366959905e+32
48.1,1.62989682812481e+33,6.02928155127175e+33,1.22771170852103e+34,1.5711825266371e+33,5.79631389448149e+33,1.17373150206035e+34,5.87143014877097e+31,2.3296765679027e+32,5.3980206460688e+32
48.2,1.63741413892983e+33,6.04925252294495e+33,1.22976048517957e+34,1.57962630909813e+33,5.82004057190238e+33,1.17668522904994e+34,5.77878298316987e+31,2.29211951042568e+32,5.30752561296345e+32
48.3,1.64513780837362e+33,6.07003974203639e+33,1.2319908114494e+34,1.58825735234017e+33,5.84450410665261e+33,1.17980050090374e+34,5.68804560334508e+31,2.25535635383787e+32,5.21903105456629e+32
48.4,1.65306968751149e+33,6.09164511812048e+33,1.23440172139696e+34,1.59707799839486e+33,5.86970850767154e+33,1.18307690734999e+34,5.59916891166247e+31,2.21936610448939e+32,5.13248140469734e+32
48.5,1.66121175448615e+33,6.1140711072355e+33,1.236992385897e+34,1.60609070116279e+33,5.89565826326873e+33,1.18651415620965e+34,5.51210533233599e+31,2.18412843966771e+32,5.0478229687353e+32
48.6,1.66956611545738e+33,6.13732070838814e+33,1.23976210986833e+34,1.61529802789732e+33,5.92235834015222e+33,1.19011207137591e+34,5.42680875600632e+31,2.14962368235918e+32,4.96500384924159e+32
48.7,1.67813500570902e+33,6.16139746089517e+33,1.24271032974677e+34,1.62470266084259e+33,5.94981418318466e+33,1.19387059099679e+34,5.34323448664285e+31,2.11583277710511e+32,4.88397387499738e+32
48.8,1.68692079093384e+33,6.18630544254604e+33,1.24583661118675e+34,1.63430739902725e+33,5.97803171585621e+33,1.19778976585398e+34,5.2613391906589e+31,2.08273726689832e+32,4.80468453327603e+32
48.9,1.69592596869669e+33,6.21204926857224e+33,1.2491406469831e+34,1.64411516021534e+33,6.00701734146529e+33,1.20186975793127e+34,5.18108084813545e+31,2.05031927106957e+32,4.72708890518346e+32
49,1.70515317007734e+33,6.23863409141177e+33,1.25262225520579e+34,1.65412898301679e+33,6.03677794500021e+33,1.2061108391667e+34,5.10241870605472e+31,2.01856146411562e+32,4.65114160390869e+32
49.1,1.71460516149433e+33,6.26606560125879e+33,1.25628137754063e+34,1.66435202915983e+33,6.06732089571643e+33,1.21051339038327e+34,5.02531323344957e+31,1.98744705542357e+32,4.57679871573596e+32
49.2,1.72428484671206e+33,6.2943500273911e+33,1.26011807782992e+34,1.67478758592826e+33,6.09865405040626e+33,1.21507790039313e+34,4.94972607838007e+31,1.95695976984844e+32,4.50401774367827e+32
49.3,1.73419526903348e+33,6.32349414026971e+33,1.26413254080728e+34,1.68543906876695e+33,6.13078575735938e+33,1.21980496527128e+34,4.87562002665284e+31,1.92708382910332e+32,4.43275755360016e+32
49.4,1.74433961368115e+33,6.35350525440685e+33,1.26832507102175e+34,1.69631002405912e+33,6.1637248610145e+33,1.2246952877947e+34,4.80295896220324e+31,1.89780393392354e+32,4.36297832270493e+32
49.5,1.75472121037033e+33,6.38439123200094e+33,1.27269609194661e+34,1.70740413207968e+33,6.1974807073041e+33,1.22974967704392e+34,4.73170782906468e+31,1.86910524696839e+32,4.29464149026876e+32
49.6,1.76534353607747e+33,6.41616048733863e+33,1.27724614526884e+34,1.71872521012894e+33,6.23206314969605e+33,1.23496904816374e+34,4.66183259485294e+31,1.84097337642585e+32,4.22770971051025e+32
49.7,1.77621021800876e+33,6.44882199196624e+33,1.281975890356e+34,1.73027721585179e+33,6.26748255593749e+33,1.2403544222811e+34,4.59330021569731e+31,1.8133943602875e+32,4.16214680749069e+32
49.8,1.78732503677317e+33,6.48238528063441e+33,1.2868861038972e+34,1.74206425074764e+33,6.30374981550813e+33,1.24590692657774e+34,4.52607860255359e+31,1.78635465126275e+32,4.09791773194556e+32
49.9,1.79869192976537e+33,6.51686045802222e+33,1.29197767971581e+34,1.754090563877e+33,6.34087634779195e+33,1.25162779451627e+34,4.46013658883735e+31,1.75984110230268e+32,4.03498851995358e+32
50,1.81031499476412e+33,6.55225820624839e+33,1.29725162875183e+34,1.76636055577093e+33,6.3788741109778e+33,1.25751836621829e+34,4.39544389931891e+31,1.73384095270587e+32,3.97332625335464e+32
50.1,1.82219849375244e+33,6.58858979317934e+33,1.30270907921212e+34,1.77887878255019e+33,6.41775561170139e+33,1.26358008899379e+34,4.33197112022428e+31,1.70834181477944e+32,3.91289902183245e+32
50.2,1.83434685696626e+33,6.62586708154582e+33,1.30835127688736e+34,1.79164996026137e+33,6.45753391544278e+33,1.26981451802153e+34,4.26968967048934e+31,1.68333166103044e+32,3.85367588658278e+32
50.3,1.84676468717892e+33,6.66410253888167e+33,1.31417958563495e+34,1.80467896943775e+33,6.49822265769533e+33,1.27622331718003e+34,4.20857177411676e+31,1.65879881186345e+32,3.79562684549199e+32
50.4,1.85945676422922e+33,6.70330924830013e+33,1.32019548802735e+34,1.81797085989334e+33,6.53983605592394e+33,1.2828082600298e+34,4.14859043358781e+31,1.63473192376194e+32,3.73872279975452e+32
50.5,1.87242804980174e+33,6.74350092012553e+33,1.32640058616596e+34,1.83153085575891e+33,6.58238892233236e+33,1.28957123094734e+34,4.08971940428361e+31,1.6111199779317e+32,3.68293552186221e+32
50.6,1.88568369246833e+33,6.78469190439967e+33,1.33279660266092e+34,1.8453643607696e+33,6.62589667746108e+33,1.29651422641191e+34,4.03193316987241e+31,1.58795226938594e+32,3.6282376249012e+32
50.7,1.89922903300051e+33,6.82689720428488e+33,1.33938538177759e+34,1.85947696381429e+33,6.67037536463962e+33,1.30363935644662e+34,3.97520691862163e+31,1.56521839645267e+32,3.57460253309613e+32
50.8,1.91306960996333e+33,6.87013249038738e+33,1.34616889075103e+34,1.87387444475738e+33,6.71584166531881e+33,1.31094884621559e+34,3.91951652059525e+31,1.54290825068573e+32,3.52200445354401e+32
50.9,1.92721116560166e+33,6.91441411602728e+33,1.35314922127004e+34,1.88856278054466e+33,6.76231291531108e+33,1.31844503777921e+34,3.86483850569939e+31,1.52101200716198e+32,3.47041834908341e+32
51,1.94165965203085e+33,6.95975913348352e+33,1.36032859113271e+34,1.90354815160545e+33,6.80980712196873e+33,1.32613039201024e+34,3.81115004254005e+31,1.49952011514789e+32,3.41981991224713e+32
51.1,1.95642123774444e+33,7.00618531124462e+33,1.36770934607603e+34,1.91883694856385e+33,6.85834298233266e+33,1.33400749067354e+34,3.75842891805935e+31,1.47842328911961e+32,3.3701855402495e+32
51.2,1.97150231445235e+33,7.05371115229859e+33,1.37529396178239e+34,1.93443577927318e+33,6.90793990228645e+33,1.34207903867277e+34,3.70665351791756e+31,1.45771250012139e+32,3.32149231096159e+32
51.3,1.9869095042639e+33,7.10235591349779e+33,1.38308504606611e+34,1.950351476188e+33,6.95861801675301e+33,1.35034786646781e+34,3.6558028075903e+31,1.4373789674478e+32,3.27371795983008e+32
51.4,2.00264966723101e+33,7.15213962603757e+33,1.39108534124385e+34,1.9665911040895e+33,7.01039821097394e+33,1.35881693266687e+34,3.6058563141512e+31,1.41741415063623e+32,3.22684085769792e+32
51.5,2.01872990926776e+33,7.20308311708996e+33,1.39929772669295e+34,1.98316196818064e+33,7.06330214291433e+33,1.36748932679808e+34,3.55679410871207e+31,1.39780974175638e+32,3.18083998948677e+32
51.6,2.03515759046361e+33,7.255208032637e+33,1.40772522160229e+34,2.00007162256867e+33,7.11735226683857e+33,1.37636827226525e+34,3.50859678949366e+31,1.37855765798433e+32,3.13569493370322e+32
51.7,2.05194033380864e+33,7.30853686155112e+33,1.41637098792074e+34,2.01732787915363e+33,7.17257185810619e+33,1.38545712949341e+34,3.46124546550146e+31,1.3596500344493e+32,3.09138584273283e+32
51.8,2.06908603435036e+33,7.36309296097352e+33,1.42523833350876e+34,2.03493881694254e+33,7.22898503923933e+33,1.39475939926988e+34,3.414721740782e+31,1.34107921734189e+32,3.04789342388757e+32
51.9,2.08660286880282e+33,7.41890058304481e+33,1.43433071549908e+34,2.05291279181046e+33,7.28661680731754e+33,1.40427872628733e+34,3.36900769923646e+31,1.32283775727271e+32,3.00519892117416e+32
52,2.10449930563006e+33,7.47598490304579e+33,1.44365174387311e+34,2.07125844673037e+33,7.34549306275865e+33,1.41401890289559e+34,3.32408588996915e+31,1.30491840287138e+32,2.96328409775206e+32
52.1,2.1227841156274e+33,7.53437204901016e+33,1.45320518526012e+34,2.0899847224959e+33,7.40564063954857e+33,1.4239838730696e+34,3.27993931314962e+31,1.28731409461591e+32,2.92213121905171e+32
52.2,2.14146638302536e+33,7.59408913287501e+33,1.46299496696681e+34,2.10910086896168e+33,7.4670873369867e+33,1.43417773660156e+34,3.23655140636809e+31,1.2700179588831e+32,2.88172303652479e+32
52.3,2.16055551714282e+33,7.65516428323918e+33,1.47302518124549e+34,2.12861645682817e+33,7.52986195301807e+33,1.44460475352549e+34,3.19390603146461e+31,1.25302330221106e+32,2.84204277199975e+32
52.4,2.18006126461746e+33,7.71762667980414e+33,1.48330008980976e+34,2.14854138999932e+33,7.59399431922762e+33,1.45526934878359e+34,3.15198746181355e+31,1.23632360576518e+32,2.80307410261699e+32
52.5,2.19999372224339e+33,7.78150658957699e+33,1.49382412860711e+34,2.16888591854293e+33,7.65951533757704e+33,1.46617611714391e+34,3.11078037004545e+31,1.2199125199995e+32,2.76480114631945e+32
52.6,2.22036335044786e+33,7.84683540491997e+33,1.50460191285855e+34,2.18966065228597e+33,7.72645701896941e+33,1.4773298283798e+34,3.07026981618931e+31,1.20378385950566e+32,2.72720844787536e+32
52.7,2.24118098744082e+33,7.91364568353679e+33,1.51563824237628e+34,2.21087657507863e+33,7.7948525237326e+33,1.48873543272216e+34,3.03044123621912e+31,1.18793159804188e+32,2.69028096541112e+32
52.8,2.26245786407325e+33,7.98197119049135e+33,1.52693810717075e+34,2.23254505976336e+33,7.86473620411785e+33,1.50039806659642e+34,2.99128043098887e+31,1.17234986373495e+32,2.65400405743309e+32
52.9,2.28420561944271e+33,8.05184694236101e+33,1.5385066933598e+34,2.25467788388729e+33,7.93614364891617e+33,1.51232305865661e+34,2.95277355554136e+31,1.15703293444842e+32,2.61836347031834e+32
53,2.30643631728668e+33,8.12330925363278e+33,1.55034938939273e+34,2.27728724619892e+33,8.00911173030173e+33,1.52451593613018e+34,2.91490710877635e+31,1.14197523331042e+32,2.58334532625508e+32
53.1,2.32916246320721e+33,8.19639578545792e+33,1.56247179260378e+34,2.30038578397257e+33,8.08367865301843e+33,1.53698243148764e+34,2.87766792346462e+31,1.12717132439487e+32,2.54893611161446e+32
53.2,2.35239702277295e+33,8.27114559688799e+33,1.57487971610971e+34,2.323986591207e+33,8.15988400603296e+33,1.54972848945235e+34,2.84104315659459e+31,1.1126159085503e+32,2.51512266573641e+32
53.3,2.37615344054788e+33,8.34759919872293e+33,1.58757919606766e+34,2.34810323774749e+33,8.2377688167859e+33,1.56276027436653e+34,2.80502028003925e+31,1.0983038193703e+32,2.48189217011255e+32
53.4,2.40044566009917e+33,8.42579861011076e+33,1.60057649931029e+34,2.37274978938386e+33,8.31737560818072e+33,1.57608417793078e+34,2.76958707153123e+31,1.08423001930044e+32,2.44923213795059e+32
53.5,2.42528814503997e+33,8.50578741804697e+33,1.61387813137633e+34,2.39794082898062e+33,8.39874845845935e+33,1.58970682733529e+34,2.73473160593452e+31,1.07038959587623e+32,2.4171304041047e+32
53.6,2.45069590116688e+33,8.58761083993176e+33,1.62749084495592e+34,2.42369147869886e+33,8.48193306412304e+33,1.60363509380234e+34,2.70044224680192e+31,1.05677775808723e+32,2.3855751153575e+32
53.7,2.47668449975566e+33,8.67131578935349e+33,1.64142164877121e+34,2.45001742337358e+33,8.56697680606723e+33,1.61787610156081e+34,2.66670763820764e+31,1.04338983286256e+32,2.35455472103973e+32
53.8,2.50327010208303e+33,8.75695094527756e+33,1.65567781691428e+34,2.47693493511458e+33,8.65392881911026e+33,1.63243723727454e+34,2.63351669684474e+31,1.03022126167306e+32,2.32405796397425e+32
53.9,2.53046948524708e+33,8.84456682483228e+33,1.67026689866557e+34,2.5044608992033e+33,8.74284006510768e+33,1.64732615994826e+34,2.60085860437802e+31,1.01726759724594e+32,2.29407387173175e+32
54,2.55830006936371e+33,8.93421585989529e+33,1.68519672881773e+34,2.53261284136329e+33,8.83376340985652e+33,1.66255081133587e+34,2.56872280004276e+31,1.00452450038761e+32,2.26459174818605e+32
54.1,2.58677994622181e+33,9.02595247769849e+33,1.70047543853131e+34,2.561408956487e+33,8.92675370400744e+33,1.67811942687773e+34,2.53709897348053e+31,9.91987736910541e+31,2.2356011653573e+32
54.2,2.61592790948564e+33,9.11983318568342e+33,1.71611146675044e+34,2.59086813890761e+33,9.02186786821736e+33,1.69404054719512e+34,2.50597705780346e+31,9.79653174660603e+31,2.20709195553197e+32
54.3,2.64576348653908e+33,9.21591666085495e+33,1.73211357220862e+34,2.6210100143103e+33,9.11916498279086e+33,1.71032303017213e+34,2.47534722287872e+31,9.67516780640838e+31,2.1790542036491e+32
54.4,2.67630697207286e+33,9.31426384389807e+33,1.74849084605638e+34,2.65185497338461e+33,9.21870638207523e+33,1.72697606365695e+34,2.44519986882536e+31,9.55574618228374e+31,2.15147823994255e+32
54.5,2.70757946352329e+33,9.41493803834052e+33,1.76525272514505e+34,2.68342420732613e+33,9.32055575389243e+33,1.74400917881676e+34,2.41552561971588e+31,9.43822844480956e+31,2.12435463282949e+32
54.6,2.73960289847852e+33,9.5180050150635e+33,1.78240900600296e+34,2.71573974530377e+33,9.42477924431052e+33,1.7614322641826e+34,2.38631531747533e+31,9.32257707529853e+31,2.09767418203587e+32
54.7,2.7724000941768e+33,9.62353312248362e+33,1.79996985954258e+34,2.74882449401709e+33,9.53144556807802e+33,1.77925558042308e+34,2.35756001597079e+31,9.20875544056032e+31,2.07142791194993e+32
54.8,2.80599478923004e+33,9.73159340275197e+33,1.81794584654023e+34,2.78270227947719e+33,9.64062612506731e+33,1.79748977588828e+34,2.32925097528473e+31,9.0967277684657e+31,2.04560706519515e+32
54.9,2.84041168771599e+33,9.84225971434007e+33,1.83634793393209e+34,2.81739789115433e+33,9.75239512309723e+33,1.81614590296795e+34,2.30137965616563e+31,8.98645912428434e+31,2.02020309641441e+32
55,2.87567650579242e+33,9.95560886140924e+33,1.85518751197382e+34,2.85293712864592e+33,9.86682970753155e+33,1.83523543531124e+34,2.27393771464975e+31,8.87791538776857e+31,1.99520766625772e+32
55.1,2.91181602099845e+33,1.00717207303874e+34,1.87447641231371e+34,2.88934685102997e+33,9.98401009807784e+33,1.85477028595805e+34,2.24691699684803e+31,8.77106323095655e+31,1.97061263556562e+32
55.2,2.94885812442026e+33,1.01906784342086e+34,1.89422692703334e+34,2.92665502908134e+33,1.01040197332419e+34,1.87476282643593e+34,2.22030953389249e+31,8.66587009666933e+31,1.9464100597414e+32
55.3,2.9868318759117e+33,1.03125684647028e+34,1.91445182871271e+34,2.96489080054133e+33,1.0226945422926e+34,1.89522590687966e+34,2.19410753703652e+31,8.56230417767731e+31,1.92259218330501e+32
55.4,3.02576756257487e+33,1.04374808536589e+34,1.93516439158126e+34,3.00408452864583e+33,1.03528775096938e+34,1.91617287723504e+34,2.16830339290383e+31,8.46033439651248e+31,1.89915143462207e+32
55.5,3.06569676072141e+33,1.05655093431242e+34,1.95637841382031e+34,3.0442678641326e+33,1.04819100392652e+34,1.9376176096123e+34,2.14288965888094e+31,8.35993038590395e+31,1.87608042080158e+32
55.6,3.1066524015521e+33,1.06967515655411e+34,1.97810824108692e+34,3.08547381096561e+33,1.0614140940843e+34,1.95957452185935e+34,2.11785905864837e+31,8.26106246981496e+31,1.85337192275637e+32
55.7,3.14866884081089e+33,1.0831309234372e+34,2.00036879133408e+34,3.12773679603243e+33,1.07496722179214e+34,1.98205860242988e+34,2.09320447784575e+31,8.16370164506049e+31,1.83101889042015e+32
55.8,3.19178193268967e+33,1.09692883459079e+34,2.02317558100782e+34,3.17109274309101e+33,1.0888610150273e+34,2.00508543662666e+34,2.06891895986635e+31,8.06781956348535e+31,1.80901443811587e+32
55.9,3.23602910828167e+33,1.11107993930103e+34,2.04654475270695e+34,3.2155791512639e+33,1.10310655078635e+34,2.02867123430626e+34,2.0449957017767e+31,7.97338851468366e+31,1.7873518400697e+32
56,3.2814494589053e+33,1.12559575915956e+34,2.07049310439788e+34,3.26123517840173e+33,1.11771537775032e+34,2.05283285913723e+34,2.02142805035702e+31,7.88038140924071e+31,1.76602452606564e+32
56.1,3.32808382464616e+33,1.14048831207287e+34,2.09503812028327e+34,3.30810172966357e+33,1.13269954031039e+34,2.07758785951091e+34,1.99820949825855e+31,7.78877176247995e+31,1.74502607723563e+32
56.2,3.3759748884928e+33,1.1557701377265e+34,2.12019800343071e+34,3.35622155169007e+33,1.1480716040478e+34,2.10295450121091e+34,1.97533368027375e+31,7.69853367869739e+31,1.72435022198053e+32
56.3,3.4251672764731e+33,1.17145432460494e+34,2.14599171027527e+34,3.40563933277594e+33,1.16384468276908e+34,2.1289518019551e+34,1.95279436971573e+31,7.6096418358672e+31,1.70399083201727e+32
56.4,3.47570766423111e+33,1.18755453867646e+34,2.17243898711825e+34,3.45640180948208e+33,1.18003246720565e+34,2.15559956793278e+34,1.93058547490326e+31,7.52207147080255e+31,1.68394191854776e+32
56.5,3.52764489052143e+33,1.20408505386027e+34,2.19956040875359e+34,3.50855788016395e+33,1.19664925549551e+34,2.18291843246813e+34,1.90870103574786e+31,7.43579836475634e+31,1.66419762854542e+32
56.6,3.58103007813775e+33,1.22106078440355e+34,2.22737741936329e+34,3.56215872593335e+33,1.2137099855741e+34,2.21092989695174e+34,1.88713522043971e+31,7.35079882944714e+31,1.64475224115508e+32
56.7,3.63591676283656e+33,1.23849731930553e+34,2.25591237583393e+34,3.61725793961427e+33,1.23123026961203e+34,2.23965637419191e+34,1.86588232222907e+31,7.26704969349615e+31,1.62560016420248e+32
56.8,3.69236103086465e+33,1.25641095893755e+34,2.28518859365792e+34,3.67391166330164e+33,1.24922643064829e+34,2.26912123434982e+34,1.84493675630014e+31,7.18452828926159e+31,1.60673593080962e+32
56.9,3.75042166575181e+33,1.27481875402004e+34,2.31523039559576e+34,3.73217873518447e+33,1.26771554157998e+34,2.29934885363464e+34,1.82429305673435e+31,7.10321244005722e+31,1.58815419611211e+32
57,3.81016030508806e+33,1.29373854713089e+34,2.34606316328947e+34,3.79212084635246e+33,1.28671546668314e+34,2.33036466594872e+34,1.80394587356025e+31,7.02308044774249e+31,1.56984973407537e+32
57.1,3.87164160806774e+33,1.3131890169343e+34,2.37771339203185e+34,3.85380270836887e+33,1.30624490585363e+34,2.36219521768779e+34,1.7838899698871e+31,6.94411108067212e+31,1.55181743440599e+32
57.2,3.93493343465275e+33,1.33318972533536e+34,2.41020874891284e+34,3.91729223246155e+33,1.32632344177337e+34,2.39486822591728e+34,1.7641202191196e+31,6.86628356199325e+31,1.53405229955536e+32
57.3,4.00010703728364e+33,1.35376116778296e+34,2.44357813458166e+34,3.98266072126113e+33,1.34697159022468e+34,2.42841264016354e+34,1.74463160225117e+31,6.78957755827891e+31,1.51654944181213e+32
57.4,4.06723726615169e+33,1.37492482696308e+34,2.4778517488826e+34,4.04998307409936e+33,1.36821085379459e+34,2.46285870807779e+34,1.72541920523308e+31,6.71397316848691e+31,1.49930408048077e+32
57.5,4.1364027891376e+33,1.39670323014571e+34,2.5130611606433e+34,4.11933800697342e+33,1.39006377923248e+34,2.49823804525187e+34,1.7064782164174e+31,6.63945091323366e+31,1.48231153914326e+32
57.6,4.20768632762543e+33,1.41912001047149e+34,2.54923938191725e+34,4.19080828838472e+33,1.41255401874712e+34,2.53458370948724e+34,1.68780392407101e+31,6.56599172437267e+31,1.46556724300113e+32
57.7,4.28117490951282e+33,1.44219997249006e+34,2.58642094700706e+34,4.26448099237323e+33,1.43570639555519e+34,2.57193027984411e+34,1.66939171395884e+31,6.49357693486814e+31,1.44906671629521e+32
57.8,4.35696014086365e+33,1.46596916228984e+34,2.62464199662223e+34,4.34044777019371e+33,1.45954697402089e+34,2.61031394082423e+34,1.65123706699384e+31,6.42218826895401e+31,1.43280557980048e+32
57.9,4.43513849778756e+33,1.49045494258995e+34,2.66394036755512e+34,4.41880514221804e+33,1.48410313475738e+34,2.64977257207118e+34,1.63333555695186e+31,6.35180783256955e+31,1.41677954839363e+32
58,4.51581164028313e+33,1.51568607319884e+34,2.70435568829103e+34,4.49965481180064e+33,1.50940365509478e+34,2.69034584400412e+34,1.6156828482492e+31,6.28241810406268e+31,1.40098442869093e+32
58.1,4.59908674995135e+33,1.54169279728182e+34,2.7459294810044e+34,4.58310400301354e+33,1.53547879535667e+34,2.73207531983686e+34,1.59827469378109e+31,6.2140019251525e+31,1.38541611675397e+32
58.2,4.6850768936737e+33,1.5685069339209e+34,2.78870527043169e+34,4.66926582434551e+33,1.56236039142875e+34,2.77500456447308e+34,1.58110693281905e+31,6.14654249214297e+31,1.37007059586131e+32
58.3,4.77390141555762e+33,1.59616197749608e+34,2.83272870015483e+34,4.75825966066796e+33,1.5900819541487e+34,2.81917926081139e+34,1.56417548896545e+31,6.08002334737976e+31,1.35494393434374e+32
58.4,4.86568635968452e+33,1.62469320446779e+34,2.87804765687587e+34,4.85021159600288e+33,1.61867877609685e+34,2.86464733404106e+34,1.54747636816344e+31,6.01442837094283e+31,1.34003228348105e+32
58.5,4.96056492645312e+33,1.65413778819607e+34,2.92471240331528e+34,4.94525486988552e+33,1.6481880464235e+34,2.9114590845607e+34,1.53100565676057e+31,5.94974177256722e+31,1.32533187545857e+32
58.6,5.05867796559874e+33,1.68453492249401e+34,2.97277572042313e+34,5.0435303704025e+33,1.67864897441023e+34,2.95966733020932e+34,1.51475951962449e+31,5.88594808378512e+31,1.31083902138131e+32
58.7,5.16017450928985e+33,1.71592595468196e+34,3.02229305965497e+34,5.14518716730676e+33,1.71010292253168e+34,3.00932755856153e+34,1.49873419830919e+31,5.82303215028234e+31,1.29655010934395e+32
58.8,5.26521234906134e+33,1.7483545289849e+34,3.07332270613316e+34,5.25038308896864e+33,1.74259354986044e+34,3.06049809010761e+34,1.48292600927011e+31,5.76097912446254e+31,1.28246160255505e+32
58.9,5.37395866074449e+33,1.78186674120082e+34,3.12592595359036e+34,5.35928534732322e+33,1.77616696674261e+34,3.11324025321522e+34,1.4673313421268e+31,5.69977445821291e+31,1.26857003751351e+32
59,5.48659068200179e+33,1.81651130566187e+34,3.18016729207588e+34,5.47207121542207e+33,1.810871901766e+34,3.16761857185352e+34,1.45194665797169e+31,5.63940389586512e+31,1.25487202223582e+32
59.1,5.60329644757726e+33,1.85233973561561e+34,3.23611460949807e+34,5.58892876270003e+33,1.84675988214827e+34,3.22370096715275e+34,1.43676848772347e+31,5.57985346734557e+31,1.24136423453243e+32
59.2,5.72427558793693e+33,1.88940653827096e+34,3.29383940817867e+34,5.71005765363169e+33,1.88388542878945e+34,3.28155897397535e+34,1.42179343052387e+31,5.5211094815093e+31,1.22804342033176e+32
59.3,5.84974019760718e+33,1.92776942588437e+34,3.3534170377082e+34,5.83567001608542e+33,1.92230626736472e+34,3.3412679737877e+34,1.40701815217652e+31,5.46315851965183e+31,1.21490639205025e+32
59.4,5.97991578023225e+33,1.96748954440866e+34,3.41492694551761e+34,5.96599138639599e+33,1.96208355697946e+34,3.40290744524754e+34,1.39243938362665e+31,5.40598742919375e+31,1.20195002700718e+32
59.5,6.1150422781748e+33,2.00863172139047e+34,3.47845294672035e+34,6.10126173898e+33,2.00328213807294e+34,3.46656123406152e+34,1.37805391948041e+31,5.34958331753279e+31,1.1891712658827e+32
59.6,6.25537519538989e+33,2.05126473498669e+34,3.54408351493436e+34,6.24173660922427e+33,2.04597080144063e+34,3.53231784382218e+34,1.36385861656259e+31,5.29393354605833e+31,1.1765671112179e+32
59.7,6.40118682332667e+33,2.09546160617608e+34,3.61191209596538e+34,6.38768831940155e+33,2.09022258045175e+34,3.60027074970582e+34,1.34985039251183e+31,5.23902572432363e+31,1.16413462595553e+32
59.8,6.55276758077027e+33,2.14129991647446e+34,3.68203744642456e+34,6.53940731852615e+33,2.13611506877009e+34,3.67051873710436e+34,1.33602622441192e+31,5.18484770437094e+31,1.15187093202012e+32
59.9,6.71042747984952e+33,2.18886215372261e+34,3.75456399956707e+34,6.69720364837494e+33,2.1837307661474e+34,3.7431662674777e+34,1.32238314745837e+31,5.13138757520509e+31,1.13977320893638e+32
60,6.87449773192551e+33,2.23823608880986e+34,3.82960226087605e+34,6.86140854938891e+33,2.23315745515245e+34,3.8183238739512e+34,1.3089182536592e+31,5.07863365741116e+31,1.12783869248464e+32
60.1,7.04533250876955e+33,2.28951518652811e+34,3.9072692361827e+34,7.03237622186386e+33,2.2844886120302e+34,3.89610858944878e+34,1.2956286905688e+31,5.02657449791188e+31,1.11606467339224e+32
60.2,7.22331087636672e+33,2.34279905412557e+34,3.98768889541001e+34,7.21048575976618e+33,2.33782385526071e+34,3.97664441044942e+34,1.28251166005415e+31,4.97519886486089e+31,1.10444849605976e+32
60.3,7.40883892087915e+33,2.39819393155354e+34,4.07099267536087e+34,7.39614327670823e+33,2.39326943581087e+34,4.06006279978766e+34,1.2695644170923e+31,4.92449574266767e+31,1.0929875573211e+32
60.4,7.60235208881353e+33,2.45581322787989e+34,4.15732002534386e+34,7.58978424612755e+33,2.45093877355274e+34,4.1465032322915e+34,1.25678426859819e+31,4.87445432715043e+31,1.08167930523633e+32
60.5,7.80431776630972e+33,2.51577810888802e+34,4.24681899984904e+34,7.7918760805869e+33,2.51095304486721e+34,4.23611378746988e+34,1.24416857228221e+31,4.82506402081325e+31,1.07052123791639e+32
60.6,8.0152381257585e+33,2.57821814149994e+34,4.3396469029559e+34,8.00292097840314e+33,2.5734418270717e+34,4.32905179393212e+34,1.23171473553622e+31,4.77631442824388e+31,1.05951090237861e+32
60.7,8.23565327173549e+33,2.64327200136716e+34,4.43597098968525e+34,8.22345906959201e+33,2.63854380601554e+34,4.42548453075092e+34,1.21942021434772e+31,4.72819535162859e+31,1.04864589343226e+32
60.8,8.46614472258467e+33,2.71108825077793e+34,4.53596923010275e+34,8.45407189746227e+33,2.70640755399155e+34,4.52558999157682e+34,1.20728251224094e+31,4.68069678638102e+31,1.03792385259312e+32
60.9,8.70733926899298e+33,2.78182619494754e+34,4.63983114265489e+34,8.69538627720054e+33,2.77719238603066e+34,4.62955771798463e+34,1.19529917924436e+31,4.63380891688139e+31,1.02734246702628e+32
61,8.95991325667881e+33,2.85565682580987e+34,4.74775870397784e+34,8.94807857856997e+33,2.85106930369754e+34,4.73758970929267e+34,1.18346781088388e+31,4.58752211232319e+31,1.01689946851637e+32
61.1,9.22459734700564e+33,2.93276386363257e+34,4.85996734328008e+34,9.21287948653363e+33,2.9282220367099e+34,4.84990141695544e+34,1.17178604720076e+31,4.5418269226643e+31,1.00659263246432e+32
61.2,9.50218181708232e+33,3.01334490816141e+34,4.97668703037407e+34,9.49057930136438e+33,3.00884819408673e+34,4.96672283260497e+34,1.16025157179391e+31,4.49671407467932e+31,9.96419776909982e+31
61.3,9.79352246991393e+33,3.09761271258963e+34,5.09816346753808e+34,9.78203384880508e+33,3.09316053812152e+34,5.08829967992228e+34,1.1488621108856e+31,4.45217446811065e+31,9.8637876157979e+31
61.4,1.00995472356429e+34,3.18579659548106e+34,5.22465939664667e+34,1.00881710813188e+34,3.18138839630915e+34,5.21489472177708e+34,1.13761543241013e+31,4.40819917191513e+31,9.76467486958788e+31
61.5,1.04212635571383e+34,3.27814400789149e+34,5.35645603443932e+34,1.04099984636871e+34,3.27377922847089e+34,5.34678919550546e+34,1.12650934512466e+31,4.3647794206039e+31,9.66683893386274e+31
61.6,1.07597666674707e+34,3.37492227538023e+34,5.49385465042831e+34,1.07486112504933e+34,3.37060036876956e+34,5.48428439082656e+34,1.11554169774176e+31,4.32190661067271e+31,9.57025960174421e+31
61.7,1.11162488835397e+34,3.47642053744045e+34,5.63717830381113e+34,1.11052017797588e+34,3.47214096514333e+34,5.62770338676364e+34,1.10471037808299e+31,4.27957229712012e+31,9.47491704749191e+31
61.8,1.1492010059759e+34,3.58295191017094e+34,5.78677375788465e+34,1.14810699266365e+34,3.57871414198089e+34,5.77739296606652e+34,1.09401331225289e+31,4.23776819005132e+31,9.38079181812927e+31
61.9,1.188846936882e+34,3.6948559018462e+34,5.94301359290213e+34,1.18776348841816e+34,3.69065941569483e+34,5.93372572807685e+34,1.08344846383298e+31,4.19648615136501e+31,9.28786482527983e+31
62,1.23071786038156e+34,3.81250111551259e+34,6.10629854111968e+34,1.22964484654846e+34,3.80834539732107e+34,6.09710242378247e+34,1.07301383309503e+31,4.1557181915212e+31,9.19611733720818e+31
62.1,1.27498372282512e+34,3.93628827796473e+34,6.27706007100573e+34,1.27392101536889e+34,3.93217282149835e+34,6.26795454003467e+34,1.06270745623327e+31,4.11545646638763e+31,9.10553097105962e+31
62.2,1.32183094386862e+34,4.06665364057809e+34,6.45576325130517e+34,1.32077841646401e+34,4.06257794730393e+34,6.44674716361987e+34,1.05252740461488e+31,4.07569327416263e+31,9.01608768529296e+31
62.3,1.37146435501716e+34,4.20407280466124e+34,6.64290992994243e+34,1.37042188323311e+34,4.20003638360887e+34,6.63398216017013e+34,1.04247178404834e+31,4.03642105237243e+31,8.92776977230112e+31
62.4,1.42410940687743e+34,4.34906503245024e+34,6.83904226771354e+34,1.42307686814336e+34,4.3450674000753e+34,6.83020170786233e+34,1.03253873406919e+31,3.99763237494082e+31,8.84055985121424e+31
62.5,1.48001468801334e+34,4.50219811484526e+34,7.04474667247132e+34,1.4789919615861e+34,4.49823879489593e+34,7.03599223161044e+34,1.02272642724263e+31,3.95931994932917e+31,8.75444086088005e+31
62.6,1.53945480604467e+34,4.66409387878922e+34,7.26065818619249e+34,1.53844177297619e+34,4.66017240217547e+34,7.25198879013948e+34,1.0130330684826e+31,3.92147661374501e+31,8.66939605301689e+31
62.7,1.6027336909314e+34,4.83543443117517e+34,7.487465385093e+34,1.60173023403701e+34,4.83155033584075e+34,7.47887997610747e+34,1.00345689438693e+31,3.88409533441719e+31,8.58540898553432e+31
62.8,1.67018839159111e+34,5.01696925279299e+34,7.72591586202987e+34,1.66919439541852e+34,5.01312208359005e+34,7.71741339851386e+34,9.93996172588007e+30,3.84716920293599e+31,8.50246351601687e+31
62.9,1.74219345052948e+34,5.20952327563301e+34,7.97682237103103e+34,1.74120880132836e+34,5.20571258419935e+34,7.96840182723567e+34,9.84649201118652e+30,3.81069143365623e+31,8.42054379536628e+31
63,1.81916595755411e+34,5.414006100528e+34,8.24106972621514e+34,1.81819054324631e+34,5.41023144516684e+34,8.23273009195354e+34,9.75414307792802e+30,3.77465536116195e+31,8.33963426159807e+31
63.1,1.90157140354867e+34,5.63142254046043e+34,8.51962256194651e+34,1.90060511369907e+34,5.62768348602264e+34,8.51136284231272e+34,9.66289849600563e+30,3.73905443779072e+31,8.25971963378801e+31
63.2,1.98993047952961e+34,5.86288470890905e+34,8.81353407823227e+34,1.9889732053175e+34,5.85918082667784e+34,8.8053532933261e+34,9.5727421211729e+30,3.70388223121635e+31,8.18078490616465e+31
63.3,2.08482699581885e+34,6.10962591361614e+34,9.12395591561364e+34,2.08387863000993e+34,6.10595678119406e+34,9.1158531002713e+34,9.48365808926323e+30,3.66913242208811e+31,8.1028153423437e+31
63.4,2.18691713242824e+34,6.37301666568477e+34,9.45214932774333e+34,2.18597756934718e+34,6.36938186688304e+34,9.44412353127363e+34,9.39563081055011e+30,3.63479880172516e+31,8.02579646970056e+31
63.5,2.29694027627642e+34,6.65458317390174e+34,9.79949784822079e+34,2.29600941178e+34,6.65098229863187e+34,9.79154813414692e+34,9.30864496423706e+30,3.6008752698648e+31,7.94971407387725e+31
63.6,2.41573175566432e+34,6.95602876703896e+34,1.01675216819858e+35,2.41480948711502e+34,6.95246141120649e+34,1.01596471277924e+35,9.22268549307363e+30,3.56735583246287e+31,7.87455419342014e+31
63.7,2.54423785005246e+34,7.27925877562213e+34,1.055789409176e+35,2.54332407629265e+34,7.27572454102258e+34,1.05500937886455e+35,9.13773759809438e+30,3.53423459954523e+31,7.80030311454481e+31
63.8,2.68353353677802e+34,7.62640951303142e+34,1.0972460098039e+35,2.68262815810468e+34,7.62290800724831e+34,1.09647331506729e+35,9.05378673347769e+30,3.50150578310875e+31,7.72694736602496e+31
63.9,2.83484353987435e+34,7.99988212851924e+34,1.14132578686524e+35,2.8339464580142e+34,7.99641296482417e+34,1.14056033949382e+35,8.97081860152122e+30,3.46916369507074e+31,7.65447371420173e+31
64,2.99956737451945e+34,8.40238226769161e+34,1.18825432429924e+35,2.99867849260468e+34,8.39894506494635e+34,1.18749603738343e+35,8.88881914773116e+30,3.43720274526532e+31,7.58286915811044e+31
64.1,3.17930923989708e+34,8.83696667659112e+34,1.23828179192153e+35,3.17842846244147e+34,8.83356105915163e+34,1.23753057982906e+35,8.80777455602226e+30,3.40561743948575e+31,7.51212092472154e+31
64.2,3.37591381077681e+34,9.30709813300395e+34,1.29168619332207e+35,3.37504104365241e+34,9.30372373062638e+34,1.29094197167564e+35,8.72767124402594e+30,3.37440237757142e+31,7.44221646429283e+31
64.3,3.59150922272917e+34,9.81671039457978e+34,1.34877711799278e+35,3.59064437314332e+34,9.81336684232824e+34,1.34803980364819e+35,8.6484958585037e+30,3.34355225153829e+31,7.37314344582994e+31
64.4,3.82855884782679e+34,1.03702852322708e+35,1.40990008752045e+35,3.82770182429971e+34,1.0366972170427e+35,1.40916959854518e+35,8.57023527086313e+30,3.31306184375186e+31,7.30488975265228e+31
64.5,4.08992382825262e+34,1.09729440874352e+35,1.47544160368644e+35,4.08907454059534e+34,1.09696611614101e+35,1.47471785933863e+35,8.49287657277393e+30,3.28292602514137e+31,7.23744347806168e+31
64.6,4.37893878580215e+34,1.16305574738718e+35,1.5458350283057e+35,4.37809714509496e+34,1.16273043341183e+35,1.54511794901359e+35,8.41640707188161e+30,3.25313975345434e+31,7.17079292111105e+31
64.7,4.69950366496748e+34,1.23498759690462e+35,1.62156745156911e+35,4.69866958353872e+34,1.23466522709747e+35,1.62085695891086e+35,8.34081428761616e+30,3.22369807155036e+31,7.10492658247047e+31
64.8,5.05619529838781e+34,1.31386875341368e+35,1.70318773872149e+35,5.0553686897931e+34,1.3135492938031e+35,1.70248375540545e+35,8.26608594709351e+30,3.19459610573309e+31,7.03983316038816e+31
64.9,5.45440299235937e+34,1.40060070077434e+35,1.79131598561228e+35,5.45358377136126e+34,1.40028411786792e+35,1.79061843545761e+35,8.19220998110741e+30,3.16582906411962e+31,6.97550154674382e+31
65,5.90049317060091e+34,1.49623049745959e+35,1.88665466387713e+35,5.89968125314889e+34,1.49591675823609e+35,1.88596347179481e+35,8.11917452020943e+30,3.13739223504619e+31,6.91192082319219e+31
65.1,6.40200877698115e+34,1.60197848599701e+35,1.99000179859825e+35,6.40120408019206e+34,1.60166755789845e+35,1.98931689057251e+35,8.04696789087511e+30,3.10928098550927e+31,6.84908025739411e+31
65.2,6.9679094940516e+34,1.7192719076266e+35,2.10226659818644e+35,6.96711193619042e+34,1.71896375855064e+35,2.1015879012565e+35,7.97557861175378e+30,3.08149075964132e+31,6.78696929933333e+31
65.3,7.60885843815558e+34,1.84978573586751e+35,2.22448805157517e+35,7.60806793861658e+34,1.84948033415979e+35,2.2238154938174e+35,7.90499539000037e+30,3.05401707722015e+31,6.72557757771642e+31
65.4,8.33755900698474e+34,1.99549230224258e+35,2.35785712611627e+35,8.33677548627297e+34,1.99518961668935e+35,2.35719063662662e+35,7.83520711768692e+30,3.02685553221119e+31,6.66489489645395e+31
65.5,9.16914045464853e+34,2.1587215585763e+35,2.50374334629556e+35,9.1683638343617e+34,2.15842155839717e+35,2.50308285517244e+35,7.76620286829204e+30,3.00000179134182e+31,6.60491123122084e+31
65.6,1.01215798284184e+35,2.34223406296971e+35,2.66372671510315e+35,1.0120810031229e+35,2.34193671781044e+35,2.66307215343054e+35,7.69797189326619e+30,2.97345159270689e+31,6.54561672609371e+31
65.7,1.12161263720199e+35,2.54930890721038e+35,2.83963616420676e+35,1.1215363321658e+35,2.54901418713594e+35,2.83898746403773e+35,7.63050361867122e+30,2.94720074440475e+31,6.48700169026351e+31
65.8,1.24776543389683e+35,2.78384865886706e+35,3.03359599439888e+35,1.24768979602041e+35,2.78355653435474e+35,3.0329530887394e+35,7.56378764189212e+30,2.92124512320307e+31,6.42905659482138e+31
65.9,1.39347982871921e+35,3.05050266550919e+35,3.24808210257387e+35,1.39340485058193e+35,3.05021310744187e+35,3.24744492536691e+35,7.49781372841941e+30,2.89558067323358e+31,6.37177206961598e+31
66,1.56196014567165e+35,3.35480820256039e+35,3.48599019254872e+35,1.56188581995357e+35,3.35452118221992e+35,3.48535867865871e+35,7.43257180870028e+30,2.87020340471513e+31,6.31513890018044e+31
66.1,1.75662061379374e+35,3.70334494330255e+35,3.7507186360877e+35,1.75654693327399e+35,3.70306043236328e+35,3.75009272128522e+35,7.36805197505706e+30,2.84510939270437e+31,6.25914802472721e+31
66.2,1.98078091538393e+35,4.10389035174861e+35,4.04626917748776e+35,1.98070787293914e+35,4.10360832227103e+35,4.04564879843464e+35,7.30424447867122e+30,2.82029477587337e+31,6.20379053120924e+31
66.3,2.23706992771843e+35,4.56554890259867e+35,4.37736922578169e+35,2.23699751632116e+35,4.56526932702314e+35,4.37675432001624e+35,7.24113972663137e+30,2.79575575531348e+31,6.14905765444561e+31
66.4,2.52637966969999e+35,5.09880173038936e+35,4.74961997174344e+35,2.5263078824172e+35,5.09852458153003e+35,4.74901047766611e+35,7.17872827904385e+30,2.77148859336487e+31,6.09494077331025e+31
66.5,2.84621056840055e+35,5.71537812330676e+35,5.16967483298612e+35,2.84613939839209e+35,5.71510337434551e+35,5.16907068984532e+35,7.11700084620417e+30,2.7474896124711e+31,6.041431407982e+31
66.6,3.18837507777402e+35,6.42777645862121e+35,5.64545243865175e+35,3.18830451829116e+35,6.42750408310181e+35,5.64485358653002e+35,7.05594828582821e+30,2.72375519405808e+31,5.98852121725467e+31
66.7,3.53642308693834e+35,7.24815025557599e+35,6.18638689450275e+35,3.53635313132233e+35,7.24788022739824e+35,6.18579327430316e+35,6.99556160034141e+30,2.70028177743687e+31,5.93620199590552e+31
66.8,3.86392357971089e+35,8.18612629642248e+35,6.80371428596407e+35,3.86385422139155e+35,8.18585858983661e+35,6.80312583939686e+35,6.93583193422484e+30,2.67706585872984e+31,5.88446567212074e+31
66.9,4.13563345195658e+35,9.24497652298322e+35,7.51078625822146e+35,4.13556468445086e+35,9.24471111258424e+35,7.51020292779096e+35,6.87675057141663e+30,2.65410398981936e+31,5.8333043049766e+31
67,4.31359657311111e+35,1.04155620336379e+36,8.32338553304713e+35,4.31352839002178e+35,1.04152988943601e+36,8.32280726203893e+35,6.81830893276764e+30,2.63139277731891e+31,5.78271008197484e+31
67.1,4.36794530095156e+35,1.16679281928323e+36,9.25998840817817e+35,4.36787769596582e+35,1.16676672999442e+36,9.2594151406465e+35,6.7604985735499e+30,2.60892888156558e+31,5.73267531663106e+31
67.2,4.28795709951088e+35,1.29418805058053e+36,1.0341865923094e+36,4.28789006639907e+35,1.29416218349037e+36,1.03412976038494e+36,6.70331118101681e+30,2.5867090156339e+31,5.68319244611474e+31
67.3,4.08661595445418e+35,1.41406928050557e+36,1.15928236929026e+36,4.08654948706846e+35,1.41404363320613e+36,1.15922602674997e+36,6.64673857201363e+30,2.56472994437021e+31,5.63425402893977e+31
67.4,3.7954313823062e+35,1.51353807510873e+36,1.30382306252697e+36,3.7953654745793e+35,1.5135126452239e+36,1.30376720399955e+36,6.59077269063739e+30,2.54298848344722e+31,5.58585274270409e+31
67.5,3.45308751422354e+35,1.57870195361706e+36,1.47027596129539e+36,3.45302216016748e+35,1.57867673880208e+36,1.47022058148157e+36,6.53540560594482e+30,2.52148149843824e+31,5.53798138187753e+31
67.6,3.09473469157141e+35,1.59862748909639e+36,1.66059614440243e+36,3.09466988527631e+35,1.59860248703735e+36,1.66054123807387e+36,6.48062950970731e+30,2.50020590391059e+31,5.49063285563632e+31
67.7,2.74619622403114e+35,1.56938729835619e+36,1.87544982905608e+36,2.74613195966399e+35,1.56936250676956e+36,1.87539539105422e+36,6.42643671421188e+30,2.47915866253789e+31,5.44380018574365e+31
67.8,2.42311219692404e+35,1.4957303048927e+36,2.11298559499615e+36,2.42304846872754e+35,1.49570572152486e+36,2.1129316202311e+36,6.37281965010687e+30,2.4583367842305e+31,5.39747650447463e+31
67.9,2.13287131206227e+35,1.38918639634503e+36,2.36712882930768e+36,2.13280811435363e+35,1.38916201897177e+36,2.36707531275716e+36,6.31977086429164e+30,2.43773732528409e+31,5.35165505258511e+31
68,1.87729065249003e+35,1.26391252177986e+36,2.62566903553581e+36,1.87722797965985e+35,1.26388834820599e+36,2.62561597224403e+36,6.26728301784901e+30,2.41735738754551e+31,5.30632917732295e+31
68.1,1.65494208335201e+35,1.13277341619404e+36,2.86898224913766e+36,1.65487992986317e+35,1.13274944425286e+36,2.86892963421436e+36,6.2153488840196e+30,2.39719411759585e+31,5.2614923304809e+31
68.2,1.46279769088987e+35,1.00522092841759e+36,3.07089682013877e+36,1.46273605127641e+35,1.00519715597053e+36,3.0708446487581e+36,6.1639613462171e+30,2.37724470595018e+31,5.21713806649018e+31
68.3,1.29725159622511e+35,8.86980241456673e+35,3.20322055164453e+36,1.29719046509115e+35,8.8695666639281e+35,3.20316881904413e+36,6.11311339608347e+30,2.35750638627361e+31,5.1732600405536e+31
68.4,1.1546899292266e+35,7.80756614353532e+35,3.24376148513549e+36,1.15462930124528e+35,7.80733234589186e+35,3.24371018661543e+36,6.06279813158329e+30,2.33797643461323e+31,5.12985200681745e+31
68.5,1.03177235309788e+35,6.87216002012318e+35,3.1845408657003e+36,1.03171222301033e+35,6.87192815490631e+35,3.18448999662214e+36,6.01300875513627e+30,2.31865216864571e+31,5.08690781658125e+31
68.6,9.25544919274106e+34,6.05836449773763e+35,3.0351849230729e+36,9.25485281888388e+34,6.05813454464293e+35,3.03513447885873e+36,5.96373857178712e+30,2.29953094694005e+31,5.04442141654443e+31
68.7,8.33461681660141e+34,5.35510317221083e+35,2.81908172747466e+36,8.33402531850267e+34,5.35487511119401e+35,2.81903170360619e+36,5.91498098741189e+30,2.28061016823525e+31,5.00238684708903e+31
68.8,7.53361349775202e+34,4.74918282763418e+35,2.56495382689894e+36,7.53302682480133e+34,4.74895663890711e+35,2.56490421891653e+36,5.86672950696e+30,2.26188727073248e+31,4.96079824059777e+31
68.9,6.8342503149953e+34,4.22737982919911e+35,2.29890529307122e+36,6.83366841722202e+34,4.22715549322597e+35,2.29885609657302e+36,5.81897773273121e+30,2.24335973140149e+31,4.91964981980643e+31
69,6.22128896860783e+34,3.77747078031637e+35,2.04011737374513e+36,6.22071179667156e+34,3.77724827780984e+35,2.04006858438617e+36,5.77171936268664e+30,2.22502506530087e+31,4.87893589619001e+31
69.1,5.68198576137721e+34,3.38864580336371e+35,1.80021045835294e+36,5.68141326655833e+34,3.38842511528122e+35,1.80016207184425e+36,5.72494818879315e+30,2.20688082491193e+31,4.83865086838163e+31
69.2,5.2056824351267e+34,3.0515878286671e+35,1.58467719842732e+36,5.20511456931716e+34,3.05136893620715e+35,1.58462921053511e+36,5.67865809540034e+30,2.18892459948581e+31,4.79878922062363e+31
69.3,4.783453076769e+34,2.75838728068608e+35,1.39487181744882e+36,4.78288979246323e+34,2.75817016528464e+35,1.39482422399361e+36,5.63284305764945e+30,2.17115401440356e+31,4.75934552125007e+31
69.4,4.40780628944443e+34,2.50238751590783e+35,1.22973753541576e+36,4.40724753973044e+34,2.50217215923478e+35,1.22969033227155e+36,5.58749713991343e+30,2.15356673054897e+31,4.7203144211998e+31
69.5,4.07243739082623e+34,2.2780116441856e+35,1.08702857366203e+36,4.07188312937681e+34,2.27779802814123e+35,1.0869817567555e+36,5.54261449426752e+30,2.1361604436937e+31,4.68169065255962e+31
69.6,3.77202388894694e+34,2.08059567733213e+35,9.64069147365756e+35,3.77147407001104e+34,2.08038378404374e+35,9.64022712675484e+35,5.49818935898964e+30,2.11893288389464e+31,4.64346902713667e+31
69.7,3.50205742148655e+34,1.90623881206029e+35,8.58176926228556e+35,3.50151199988084e+34,1.9060286238788e+35,8.58130869784205e+35,5.45421605709002e+30,2.10188181490301e+31,4.60564443505945e+31
69.8,3.25870593162582e+34,1.75167422376839e+35,7.66872262672898e+35,3.25816486272633e+34,1.75146572326503e+35,7.66826580554464e+35,5.41068899486928e+30,2.08500503358518e+31,4.56821184340683e+31
69.9,3.03870067654059e+34,1.6141600797711e+35,6.8796212819884e+35,3.03816391627454e+34,1.61395324973416e+35,6.87916816535891e+35,5.36760266050447e+30,2.06830036935472e+31,4.53116629486448e+31
70,2.83924351648223e+34,1.49138885707509e+35,6.19556260228597e+35,2.83871102131996e+34,1.49118368050673e+35,6.19511315199533e+35,5.32495162266247e+30,2.05176568361564e+31,4.4945029064079e+31
70.1,2.65793071863628e+34,1.38141249588298e+35,5.60049893519202e+35,2.65740244558337e+34,1.38120895599606e+35,5.60005311350522e+35,5.28273052914001e+30,2.03539886921637e+31,4.45821686801178e+31
70.2,2.49269019483093e+34,1.2825808959855e+35,5.08092428239504e+35,2.49216610142038e+34,1.28237897620051e+35,5.0804820520509e+35,5.24093410552993e+30,2.01919784991443e+31,4.42230344138474e+31
70.3,2.34172966933612e+34,1.19349147778381e+35,4.62552311616441e+35,2.34120971362073e+34,1.19329116172582e+35,4.62508444036854e+35,5.19955715391294e+30,2.00316057985145e+31,4.38675795872918e+31
70.4,2.20349374971522e+34,1.11294783066474e+35,4.22483197022055e+35,2.20297789026006e+34,1.11274910216044e+35,4.2243968126384e+35,5.15859455157446e+30,1.98728504303834e+31,4.35157582152551e+31
70.5,2.07662826254954e+34,1.03992578307506e+35,3.8709357524452e+35,2.07611645842457e+34,1.03972862614978e+35,3.87050407719527e+35,5.11804124974589e+30,1.97156925285039e+31,4.31675249934034e+31
70.6,1.95995053059941e+34,9.73545516293262e+34,3.55720564423045e+35,1.95944274137218e+34,9.73349915168108e+34,3.55677741587759e+35,5.07789227236995e+30,1.95601125153211e+31,4.28228352865794e+31
70.7,1.852424521553e+34,9.13048594482282e+34,3.27807800480523e+35,1.85192070728151e+34,9.12854533571311e+34,3.27765318835406e+35,5.03814271488934e+30,1.9406091097115e+31,4.24816451173461e+31
70.8,1.75314000233205e+34,8.57778994793171e+34,3.02887040177339e+35,1.75264012355774e+34,8.57586458700579e+34,3.02844896266184e+35,4.99878774305844e+30,1.92536092592375e+31,4.21439111547543e+31
70.9,1.66129499659066e+34,8.07167395728281e+34,2.80562976311383e+35,1.66079901433148e+34,8.06976369245667e+34,2.80521166720679e+35,4.95982259177747e+30,1.91026482614393e+31,4.18095907033279e+31
71,1.576180974491e+34,7.60718124265627e+34,2.6050075957178e+35,1.57568885023461e+34,7.60528592369294e+34,2.60459280930087e+35,4.92124256394858e+30,1.89531896332859e+31,4.14786416922636e+31
71.1,1.49717030951314e+34,7.17998277420945e+34,2.42415764994701e+35,1.49668200521021e+34,7.17810225269249e+34,2.42374613972036e+35,4.88304302935356e+30,1.88052151696618e+31,4.115102266484e+31
71.2,1.4237056221392e+34,6.78628626721917e+34,2.26065201972141e+35,1.42322110019685e+34,6.78442039652653e+34,2.26024375279373e+35,4.84521942355251e+30,1.86587069263588e+31,4.08266927680302e+31
71.3,1.35529069889093e+34,6.42275988655429e+34,2.11241229947609e+35,1.35480992216625e+34,6.42090852183272e+34,2.11200724335866e+35,4.80776724680318e+30,1.85136472157483e+31,4.05056117423155e+31
71.4,1.29148273069882e+34,6.08646804042963e+34,1.97765300266492e+35,1.29100566249252e+34,6.08463103856937e+34,1.97725112526581e+35,4.77068206300056e+30,1.83700186025352e+31,4.0187739911695e+31
71.5,1.23188565956649e+34,5.77481717403357e+34,1.85483495471589e+35,1.23141226361663e+34,5.77299439364361e+34,1.85443622433415e+35,4.73395949863614e+30,1.82278038995921e+31,3.98730381738861e+31
71.6,1.17614445905479e+34,5.48550986034469e+34,1.74262680169672e+35,1.17567469953061e+34,5.48370116172831e+34,1.74223118701682e+35,4.69759524177656e+30,1.80869861638712e+31,3.95614679907128e+31
71.7,1.12394020390522e+34,5.21650579682562e+34,1.63987312978874e+35,1.12347404540112e+34,5.21471104195638e+34,1.63948059987495e+35,4.66158504106126e+30,1.79475486923931e+31,3.92529913786779e+31
71.8,1.07498580847285e+34,4.96598856787995e+34,1.5455679793122e+35,1.07452321600238e+34,4.96420762037812e+34,1.5451785036032e+35,4.6259247047186e+30,1.78094750183111e+31,3.89475708997137e+31
71.9,1.02902233359589e+34,4.73233723606735e+34,1.45883277069172e+35,1.02856327258593e+34,4.73056996117665e+34,1.4584463189952e+35,4.5906100996002e+30,1.76727489070478e+31,3.86451696521091e+31
72,9.85815777933428e+33,4.51410198970838e+34,1.37889784800632e+35,9.85360214218404e+33,4.51234825427313e+34,1.3785143904937e+35,4.55563715023311e+30,1.75373543525045e+31,3.83457512616086e+31
72.1,9.45154283324678e+33,4.30998320831422e+34,1.30508699708409e+35,9.44702183140889e+33,4.30824288075688e+34,1.30470650428536e+35,4.52100183788929e+30,1.74032755733412e+31,3.80492798726792e+31
72.2,9.06845694901694e+33,4.11881341632114e+34,1.23680441661304e+35,9.06397024881727e+33,4.1170863666202e+34,1.23642685941165e+35,4.48670019967229e+30,1.72704970093244e+31,3.77557201399422e+31
72.3,8.70715425954741e+33,3.93954168472747e+34,1.17352371833383e+35,8.70270153121979e+33,3.9378277843957e+34,1.17314906796163e+35,4.45272832762056e+30,1.71390033177437e+31,3.74650372197662e+31
72.4,8.36604585253739e+33,3.77122011327147e+34,1.11477861084028e+35,8.36162677016957e+33,3.76951923533448e+34,1.11440683887266e+35,4.41908236782716e+30,1.70087793698934e+31,3.71771967620174e+31
72.5,8.04368330952011e+33,3.61299208582517e+34,1.06015498468756e+35,8.03929755100054e+33,3.61130410480041e+34,1.05978606303854e+35,4.38575851957549e+30,1.68798102476196e+31,3.68921649019654e+31
72.6,7.73874420567342e+33,3.4640820411687e+34,1.0092841674736e+35,7.73439145263893e+33,3.46240683304471e+34,1.00891806839108e+35,4.35275303449077e+30,1.67520812399305e+31,3.66099082523391e+31
72.7,7.45001931035378e+33,3.3237865422218e+34,9.61837158768948e+34,7.44569924813807e+33,3.32212398443784e+34,9.61473854829992e+34,4.32006221570685e+30,1.66255778396682e+31,3.63303938955314e+31
72.8,7.17640126611836e+33,3.19146646072671e+34,9.17519688174505e+34,7.17211358370132e+33,3.18981643215269e+34,9.17159152280746e+34,4.28768241704815e+30,1.65002857402424e+31,3.60535893759482e+31
72.9,6.91687455586057e+33,3.06654012257392e+34,8.76067966935296e+34,6.91261894581835e+33,3.06490250349068e+34,8.75710172308371e+34,4.25561004222633e+30,1.63761908324227e+31,3.57794626924998e+31
73,6.67050659459368e+33,2.94847728246956e+34,8.37245025663567e+34,6.66628275304963e+33,2.94685195454945e+34,8.36889945840655e+34,4.22384154405147e+30,1.62532792011896e+31,3.55079822912313e+31
73.1,6.43643980520259e+33,2.83679381629275e+34,8.00837548807004e+34,6.43224743177893e+33,2.83518066258048e+34,8.00485157636423e+34,4.19237342365738e+30,1.61315371226427e+31,3.52391170580885e+31
73.2,6.2138845568227e+33,2.73104703596145e+34,7.66653131318187e+34,6.20972335459296e+33,2.72944594085535e+34,7.66303402955069e+34,4.16120222974083e+30,1.60109510609651e+31,3.49728363118178e+31
73.3,6.00211286095751e+33,2.63083154546561e+34,7.34517895163283e+34,5.9979825363997e+33,2.62924239469906e+34,7.34170804065313e+34,4.13032455781442e+30,1.58915076654418e+31,3.47091097969954e+31
73.4,5.80045273447618e+33,2.53577556838727e+34,7.04274413349892e+34,5.79635299742671e+33,2.53419824901051e+34,7.0392993427312e+34,4.0997370494727e+30,1.5773193767533e+31,3.4447907677186e+31
73.5,5.60828315062254e+33,2.44553768707658e+34,6.757798974555e+34,5.60421371423087e+33,2.44397208743878e+34,6.75438005450218e+34,4.0694363916715e+30,1.56559963779992e+31,3.41892005282252e+31
73.6,5.42502950943666e+33,2.35980394199208e+34,6.48904611520299e+34,5.42099009012064e+33,2.35824995172367e+34,6.48565281926983e+34,4.03941931601993e+30,1.55399026840781e+31,3.39329593316249e+31
73.7,5.25015956780543e+33,2.27828524679192e+34,6.23530480889815e+34,5.24614988520735e+33,2.27674275678725e+34,6.23193689335134e+34,4.00968259808502e+30,1.54249000467124e+31,3.36791554680992e+31
73.8,5.08317977694076e+33,2.20071508078457e+34,5.99549869362755e+34,5.07919955388405e+33,2.19918398318478e+34,5.99215591755643e+34,3.98022305670868e+30,1.53109759978264e+31,3.34277607112074e+31
73.9,4.92363198161969e+33,2.12684742548238e+34,5.76864501986794e+34,4.91968094406635e+33,2.12532761365861e+34,5.76532714514583e+34,3.95103755333662e+30,1.51981182376521e+31,3.31787472211124e+31
74,4.77109044116491e+33,2.05645491639039e+34,5.5538451418711e+34,4.76716831817355e+33,2.05494628492718e+34,5.55055193311726e+34,3.92212299135924e+30,1.50863146321017e+31,3.29320875384523e+31
74.1,4.62515913702826e+33,1.98932718492104e+34,5.35027610720977e+34,4.6212656607128e+33,1.98782962960002e+34,5.34700733175193e+34,3.89347631546395e+30,1.49755532101881e+31,3.26877545783215e+31
74.2,4.4854693360747e+33,1.9252693685525e+34,5.15718320317987e+34,4.4816042415637e+33,1.92378278633635e+34,5.15393863101743e+34,3.86509451099902e+30,1.48658221614898e+31,3.24457216243618e+31
74.3,4.35167738234192e+33,1.86410077012327e+34,4.97387333864128e+34,4.34784040773857e+33,1.86262505913991e+34,4.97065274240898e+34,3.8369746033484e+30,1.47571098336613e+31,3.22059623229584e+31
74.4,4.22346269325189e+33,1.80565364954802e+34,4.7997091568021e+34,4.21965357959458e+33,1.80418870907502e+34,4.79651231173435e+34,3.80911365731759e+30,1.46494047299875e+31,3.196845067754e+31
74.5,4.10052593904056e+33,1.74977213330537e+34,4.63410378881543e+34,4.09674443026403e+33,1.74831786375468e+34,4.63093047271113e+34,3.78150877653016e+30,1.45426955069803e+31,3.17331610429814e+31
74.6,3.98258738660835e+33,1.69631122883632e+34,4.47651617027733e+34,3.97883322950552e+33,1.69486753173911e+34,4.47336616346532e+34,3.75415710283473e+30,1.44369709720186e+31,3.15000681201056e+31
74.7,3.86938539112577e+33,1.64513593254159e+34,4.32644685313556e+34,3.86565833531005e+33,1.64370271053349e+34,4.32331993844053e+34,3.72705581572233e+30,1.43322200810285e+31,3.12691469502838e+31
74.8,3.7606750205954e+33,1.596120421413e+34,4.18343425442408e+34,3.75697481846365e+33,1.59469757821938e+34,4.18033021713306e+34,3.70020213175378e+30,1.42284319362047e+31,3.10403729101313e+31
74.9,3.65622680021081e+33,1.54914731950479e+34,4.04705129086645e+34,3.65255320690681e+33,1.54773475992642e+34,4.04396991869582e+34,3.67359330399699e+30,1.41255957837715e+31,3.08137217062974e+31
75,3.55582556479334e+33,1.50410703147295e+34,3.91690235493908e+34,3.55217833817187e+33,1.50270466137177e+34,3.91384343800204e+34,3.64722662147396e+30,1.40237010117825e+31,3.05891693703477e+31
75.1,3.459269408856e+33,1.46089713630157e+34,3.7926205936169e+34,3.45564830944739e+33,1.45950486258677e+34,3.78958392439153e+34,3.6210994086173e+30,1.39227371479593e+31,3.03666922537362e+31
75.2,3.36636872496185e+33,1.4194218351161e+34,3.67386545587902e+34,3.36277351593712e+33,1.41803956573034e+34,3.67085082917673e+34,3.59520902473608e+30,1.38226938575662e+31,3.01462670228662e+31
75.3,3.27694532203184e+33,1.37959144766644e+34,3.56032047924396e+34,3.27337576916835e+33,1.37821909157231e+34,3.55732769217853e+34,3.56955286349082e+30,1.37235609413234e+31,2.99278706542382e+31
75.4,3.19083161613009e+33,1.3413219526629e+34,3.45169128923243e+34,3.18728748777771e+33,1.33995941982956e+34,3.44872014118946e+34,3.54412835237749e+30,1.36253283333547e+31,2.97114804296823e+31
75.5,3.10786988702781e+33,1.30453456767532e+34,3.34770378880092e+34,3.10435095407559e+33,1.3031817690654e+34,3.34475408140775e+34,3.51893295222027e+30,1.35279860991717e+31,2.94970739316745e+31
75.6,3.0279115945329e+33,1.26915536476987e+34,3.24810251752154e+34,3.02441763037623e+33,1.2678122123265e+34,3.24517405461767e+34,3.49396415667299e+30,1.34315244336913e+31,2.92846290387343e+31
75.7,2.95081674918097e+33,1.23511491846738e+34,3.15264916266122e+34,2.94734752968924e+33,1.23378132510145e+34,3.14974175026913e+34,3.46921949172901e+30,1.3335933659289e+31,2.9074123920903e+31
75.8,2.87645333242499e+33,1.20234798296834e+34,3.06112120638575e+34,2.87300863590975e+33,1.20102386254595e+34,3.05823465268222e+34,3.44469651523942e+30,1.32412042238836e+31,2.88655370352997e+31
75.9,2.80469676194295e+33,1.17079319590968e+34,2.97331069512447e+34,2.80127636912651e+33,1.16947846323977e+34,2.9704448104123e+34,3.42039281643938e+30,1.31473266990559e+31,2.86588471217555e+31
76,2.73542939811228e+33,1.14039280620091e+34,2.88902311871413e+34,2.7320330920968e+33,1.13908737702309e+34,2.88617771539427e+34,3.39630601548251e+30,1.30542917781989e+31,2.84540331985222e+31
76.1,2.66854008808375e+33,1.11109242373883e+34,2.80807638832807e+34,2.66516765432077e+33,1.10979621471136e+34,2.80525128087226e+34,3.37243376298306e+30,1.29620902746997e+31,2.82510745580555e+31
76.2,2.6039237442299e+33,1.0828407890223e+34,2.73029990341426e+34,2.60057497049034e+33,1.08155371771028e+34,2.72749490833797e+34,3.34877373956579e+30,1.28707131201516e+31,2.80499507628713e+31
76.3,2.54148095405021e+33,1.05558956088725e+34,2.65553369893558e+34,2.53815563039478e+33,1.05431154575099e+34,2.65274863477143e+34,3.32532365542346e+30,1.27801513625978e+31,2.78506416414719e+31
76.4,2.48111761888941e+33,1.02929312075817e+34,2.5836276651484e+34,2.47781553763953e+33,1.02802408114169e+34,2.58086235241997e+34,3.30208124988165e+30,1.26903961648032e+31,2.76531272843438e+31
76.5,2.42274461907231e+33,1.00390839196977e+34,2.51444083298568e+34,2.41946557478134e+33,1.00264824808952e+34,2.51169509418168e+34,3.27904429097091e+30,1.26014388025563e+31,2.74573880400228e+31
76.6,2.36627750327917e+33,9.79394672852992e+33,2.44784071884475e+34,2.36302129270416e+33,9.78143345786692e+33,2.44511437839363e+34,3.25621057500602e+30,1.25132706629996e+31,2.72634045112265e+31
76.7,2.31163620018491e+33,9.55713482404775e+33,2.38370272322836e+34,2.30840262225873e+33,9.54470894080476e+33,2.38099560747325e+34,3.23357792617228e+30,1.24258832429873e+31,2.70711575510532e+31
76.8,2.25874475056407e+33,9.32828417473536e+33,2.32190957826207e+34,2.25553360636795e+33,9.31594490658789e+33,2.31922151543615e+34,3.21114419611861e+30,1.2339268147472e+31,2.68806282592447e+31
76.9,2.20753105822485e+33,9.10705020492624e+33,2.26235083962056e+34,2.20434215096129e+33,9.09479678783832e+33,2.25968165982271e+34,3.18890726355746e+30,1.22534170879163e+31,2.66917979785133e+31
77,2.15792665828057e+33,8.89310656884366e+33,2.20492241884757e+34,2.1547597932467e+33,8.88093824696293e+33,2.20227195401848e+34,3.16686503387132e+30,1.21683218807329e+31,2.65046482909306e+31
77.1,2.1098665013983e+33,8.6861440133825e+33,2.14952615245659e+34,2.10672148595958e+33,8.67406003893675e+33,2.14689423635515e+34,3.1450154387257e+30,1.20839744457494e+31,2.6319161014377e+31
77.2,2.06328875278292e+33,8.48586932239555e+33,2.09606940455741e+34,2.06016539634724e+33,8.47386895559086e+33,2.09345587273751e+34,3.12335643568851e+30,1.20003668046991e+31,2.61353181990522e+31
77.3,2.01813460476176e+33,8.29200433590258e+33,2.044464700073e+34,2.0150327187539e+33,8.28008684482284e+33,2.04186938986059e+34,3.10188600785572e+30,1.19174910797367e+31,2.59531021240427e+31
77.4,1.97434810193243e+33,8.10428503823012e+33,1.99462938589592e+34,1.97126749976895e+33,8.09244969873814e+33,1.99205213636653e+34,3.08060216348306e+30,1.18353394919786e+31,2.57724952939487e+31
77.5,1.93187597792407e+33,7.9224607096223e+33,1.94648531758842e+34,1.92881647498844e+33,7.91070680526223e+33,1.94392596954486e+34,3.05950293562392e+30,1.1753904360067e+31,2.55934804355666e+31
77.6,1.890667502902e+33,7.74629313634246e+33,1.89995856945795e+34,1.88762891652023e+33,7.7346199582437e+33,1.89741696540849e+34,3.038586381773e+30,1.16731780987587e+31,2.54160404946267e+31
77.7,1.85067434101848e+33,7.57555587472012e+33,1.85497916604413e+34,1.84765649043496e+33,7.56396272150258e+33,1.85245515018087e+34,3.01785058351589e+30,1.15931532175354e+31,2.52401586325864e+31
77.8,1.81185041707749e+33,7.41003356498904e+33,1.81148083323615e+34,1.80885312343131e+33,7.3985197426698e+33,1.8089742514138e+34,2.9972936461843e+30,1.15138223192385e+31,2.50658182234756e+31
77.9,1.77415179174199e+33,7.24952129111851e+33,1.76940076740396e+34,1.77117487804347e+33,7.23808611301978e+33,1.76691146711888e+34,2.97691369851685e+30,1.14351780987252e+31,2.48930028507957e+31
78,1.7375365446658e+33,7.09382398316085e+33,1.72867942107442e+34,1.73457983577347e+33,7.08246676981931e+33,1.72620725144397e+34,2.9567088923255e+30,1.13572133415468e+31,2.47216963044689e+31
78.1,1.7019646649826e+33,6.94275585893079e+33,1.68926030381632e+34,1.69902798758043e+33,6.93147593800814e+33,1.68680511555854e+34,2.93667740216721e+30,1.12799209226489e+31,2.45518825778391e+31
78.2,1.66739794862913e+33,6.79613990209686e+33,1.65108979711814e+34,1.66448113120411e+33,6.78493660829177e+33,1.64865144253167e+34,2.91681742502102e+30,1.12032938050924e+31,2.43835458647213e+31
78.3,1.63379990202142e+33,6.65380737400622e+33,1.61411698215018e+34,1.63090277484145e+33,6.64268004896742e+33,1.61169531509453e+34,2.89712717997025e+30,1.11273250387953e+31,2.42166705565003e+31
78.4,1.60113565164032e+33,6.51559735678291e+33,1.57829347940033e+34,1.59825804673243e+33,6.50454534902362e+33,1.5758883552764e+34,2.87760490788992e+30,1.10520077592952e+31,2.40512412392773e+31
78.5,1.56937185911709e+33,6.38135632543925e+33,1.54357329926063e+34,1.56651361024595e+33,6.37037899025272e+33,1.54118457499152e+34,2.85824887113907e+30,1.09773351865314e+31,2.38872426910623e+31
78.6,1.53847664144143e+33,6.25093774692133e+33,1.50991270272156e+34,1.53563758408817e+33,6.24003444629768e+33,1.50754023673366e+34,2.83905735325806e+30,1.0903300623647e+31,2.37246598790141e+31
78.7,1.50841949594299e+33,6.12420170417554e+33,1.47727007140302e+34,1.50559946728432e+33,6.11337180671973e+33,1.47491372360735e+34,2.82002865867076e+30,1.08298974558104e+31,2.35634779567237e+31
78.8,1.47917122972405e+33,6.0010145434737e+33,1.44560578621622e+34,1.47637006861166e+33,5.99025742432465e+33,1.44326541799007e+34,2.80116111239139e+30,1.07571191490549e+31,2.34036822615433e+31
78.9,1.45070389324504e+33,5.88124854337287e+33,1.41488211401014e+34,1.44792144018531e+33,5.87056358412373e+33,1.41255758817895e+34,2.78245305973611e+30,1.06849592491385e+31,2.32452583119584e+31
79,1.42299071778705e+33,5.76478160381141e+33,1.38506310160989e+34,1.42022681492101e+33,5.75416819243099e+33,1.38275428242939e+34,2.7639028660392e+30,1.06134113804204e+31,2.30881918050023e+31
79.1,1.39600605653559e+33,5.65149695395899e+33,1.35611447670307e+34,1.39326054761921e+33,5.64095448471423e+33,1.35382122984169e+34,2.74550891637362e+30,1.05424692447562e+31,2.29324686137133e+31
79.2,1.3697253290489e+33,5.54128287754291e+33,1.32800355507504e+34,1.36699805943363e+33,5.5308107509225e+33,1.32572574759658e+34,2.72726961527621e+30,1.0472126620411e+31,2.27780747846318e+31
79.3,1.34412496889123e+33,5.43403245447085e+33,1.30069915373402e+34,1.34141578550475e+33,5.42363007710986e+33,1.29843665408049e+34,2.70918338647699e+30,1.04023773609891e+31,2.26249965353394e+31
79.4,1.31918237422714e+33,5.32964331765786e+33,1.27417150950416e+34,1.3164911255545e+33,5.31931010226348e+33,1.27192418747896e+34,2.69124867263296e+30,1.03332153943813e+31,2.24732202520364e+31
79.5,1.29487586118792e+33,5.22801742404759e+33,1.24839220269811e+34,1.29220239725286e+33,5.21775278932586e+33,1.24615992944939e+34,2.67346393506589e+30,1.02646347217287e+31,2.23227324871588e+31
79.6,1.27118461983432e+33,5.12906083889185e+33,1.22333408551147e+34,1.26852879218081e+33,5.11886420947545e+33,1.22111673351576e+34,2.65582765350437e+30,1.01966294164026e+31,2.21735199570338e+31
79.7,1.24808867255218e+33,5.03268353242159e+33,1.19897121480931e+34,1.24545033422635e+33,5.02255433879859e+33,1.19676865785536e+34,2.63833832582986e+30,1.01291936230014e+31,2.20255695395724e+31
79.8,1.22556883472932e+33,4.93879918810526e+33,1.17527878900076e+34,1.2229478402615e+33,4.92873686654889e+33,1.17309090217356e+34,2.6209944678267e+30,1.00623215563622e+31,2.18788682719989e+31
79.9,1.20360667757216e+33,4.84732502174871e+33,1.1522330887208e+34,1.20100288295922e+33,4.83732901424812e+33,1.15005974838594e+34,2.60379461293602e+30,9.99600750058867e+30,2.17334033486174e+31
80,1.18218449293056e+33,4.75818161074409e+33,1.12981142106024e+34,1.17959775561854e+33,4.748251364936e+33,1.12765250484837e+34,2.58673731201355e+30,9.93024580809422e+30,2.15891621186129e+31
80.1,1.16128526000839e+33,4.67129273282452e+33,1.10799206710402e+34,1.15871543887529e+33,4.66142770192586e+33,1.10584745389563e+34,2.56982113309112e+30,9.86503089865979e+30,2.14461320838877e+31
80.2,1.14089261384546e+33,4.58658521372668e+33,1.08675423255644e+34,1.13833956918432e+33,4.57678485646817e+33,1.08462380246674e+34,2.55304466114191e+30,9.80035725850672e+30,2.13043008969328e+31
80.3,1.12099081546442e+33,4.5039887832052e+33,1.06607800124793e+34,1.11845440896657e+33,4.49425256376581e+33,1.06396163561206e+34,2.53640649784934e+30,9.73621943938388e+30,2.1163656358732e+31
80.4,1.10156472358303e+33,4.42343593888162e+33,1.04594429133376e+34,1.09904481832165e+33,4.41376332682396e+33,1.04384187269209e+34,2.5199052613795e+30,9.67261205766922e+30,2.10241864166997e+31
80.5,1.08259976779928e+33,4.34486181744611e+33,1.02633481400834e+34,1.08009622821312e+33,4.33525228765263e+33,1.02424622609208e+34,2.50353958615718e+30,9.60952979348517e+30,2.0885879162651e+31
80.6,1.06408192316243e+33,4.26820407276316e+33,1.00723203457217e+34,1.06159461503978e+33,4.25865710537333e+33,1.00515716228909e+34,2.48730812264523e+30,9.54696738982784e+30,2.07487228308041e+31
80.7,1.04599768604918e+33,4.19340276046316e+33,9.88619135699828e+33,1.04352647651205e+33,4.18391784081145e+33,9.86557865120247e+33,2.47120953712742e+30,9.48491965170973e+30,2.06127057958139e+31
80.8,1.02833405126913e+33,4.12040022862973e+33,9.70479982768491e+33,1.02587880875763e+33,4.11097684718441e+33,9.68432201111408e+33,2.45524251149459e+30,9.42338144531568e+30,2.04778165708362e+31
80.9,1.01107849032875e+33,4.04914101421889e+33,9.5279909111645e+33,1.00863908458572e+33,4.03977866652172e+33,9.50764686735888e+33,2.43940574303408e+30,9.36234769717188e+30,2.03440438056225e+31
81,9.94218930787647e+32,3.97957174487037e+33,9.35561595110141e+33,9.91795232843425e+32,3.97026993147704e+33,9.33540457481676e+33,2.42369794422239e+30,9.30181339332764e+30,2.02113762846445e+31
81.1,9.77743736644923e+32,3.91164104579376e+33,9.18753218906886e+33,9.75335618802402e+32,3.90239927221521e+33,9.16745238614361e+33,2.40811784252101e+30,9.24177357854986e+30,2.0079802925248e+31
81.2,9.61641689697659e+32,3.84529945143302e+33,9.02360248808281e+33,9.59249025517483e+32,3.83611722807749e+33,9.00365317530697e+33,2.39266418017537e+30,9.18222335552977e+30,1.99493127758352e+31
81.3,9.45901971816946e+32,3.78049932163207e+33,8.86369507106447e+33,9.43524636102929e+32,3.77137616374797e+33,8.8438751760504e+33,2.37733571401678e+30,9.12315788410182e+30,1.98198950140754e+31
81.4,9.30514148090439e+32,3.7171947620423e+33,8.70768327332041e+33,9.28152016875172e+32,3.70813018966182e+33,8.68799173437526e+33,2.36213121526753e+30,9.0645723804747e+30,1.96915389451437e+31
81.5,9.15468150783506e+32,3.6553415485291e+33,8.55544530819108e+33,9.13121101314157e+32,3.64633508641263e+33,8.5358810741911e+33,2.34704946934877e+30,9.00646211647381e+30,1.95642339999863e+31
81.6,9.00754264074032e+32,3.59489705535056e+33,8.40686404507615e+33,8.98422174798341e+32,3.58594823293177e+33,8.38742607534254e+33,2.33208927569141e+30,8.94882241879557e+30,1.94379697336135e+31
81.7,8.86363109518675e+32,3.53582018689516e+33,8.26182679909754e+33,8.84045860071125e+32,3.52692853822689e+33,8.24251406327412e+33,2.31724944754987e+30,8.8916486682729e+30,1.93127358234182e+31
81.8,8.72285632210921e+32,3.4780713127793e+33,8.12022513171076e+33,8.69983103399102e+32,3.46923637648014e+33,8.10103660964324e+33,2.30252881181856e+30,8.83493629915189e+30,1.91885220675207e+31
81.9,8.58513087593712e+32,3.42161220611751e+33,7.98195466162015e+33,8.56225161384861e+32,3.41283352531913e+33,7.96288934323701e+33,2.28792620885121e+30,8.77868079837953e+30,1.9065318383139e+31
82,8.45037028891632e+32,3.36640598479004e+33,7.84691488539614e+33,8.42763588399349e+32,3.35768310708514e+33,7.82797177059116e+33,2.27344049228289e+30,8.72287770490201e+30,1.89431148049836e+31
82.1,8.31849295129716e+32,3.31241705554316e+33,7.71500900723178e+33,8.29590224600861e+32,3.30374953293419e+33,7.6961871057481e+33,2.25907052885468e+30,8.66752260897389e+30,1.88219014836774e+31
82.2,8.18941999707929e+32,3.25961106076773e+33,7.58614377731199e+33,8.16697184509688e+32,3.25099844961625e+33,7.56744210862779e+33,2.24481519824095e+30,8.61261115147748e+30,1.87016686841994e+31
82.3,8.06307519502149e+32,3.20795482781086e+33,7.46022933830303e+33,8.0407684610927e+32,3.19939668878761e+33,7.44164693151868e+33,2.23067339287927e+30,8.55813902325247e+30,1.85824067843524e+31
82.4,7.9393848446422e+32,3.15741632068435e+33,7.33717907950078e+33,7.91721840446417e+32,3.14891221871991e+33,7.31871497322752e+33,2.21664401780285e+30,8.50410196443585e+30,1.84641062732538e+31
82.5,7.81827767695207e+32,3.10796459404164e+33,7.2169094982058e+33,7.79625041704731e+32,3.09951409827783e+33,7.19856274045595e+33,2.2027259904754e+30,8.45049576381138e+30,1.8346757749849e+31
82.6,7.69968475967517e+32,3.05956974930283e+33,7.09934006792043e+33,7.67779557726889e+32,3.05117243304467e+33,7.08110971599898e+33,2.18891824062856e+30,8.39731625816911e+30,1.82303519214483e+31
82.7,7.5835394067291e+32,3.01220289281433e+33,6.9843931129879e+33,7.56178720962808e+32,3.00385833348265e+33,6.96627823338561e+33,2.17521971010164e+30,8.34455933167431e+30,1.81148796022851e+31
82.8,7.46977709174747e+32,2.9658360959363e+33,6.8719936893178e+33,7.44816079822063e+32,2.95754387502105e+33,6.85399335760571e+33,2.16162935268381e+30,8.29222091524582e+30,1.80003317120959e+31
82.9,7.35833536544064e+32,2.92044235695766e+33,6.76206947086342e+33,7.33685390410105e+32,2.91220205997171e+33,6.7441827715887e+33,2.14814613395855e+30,8.24029698594367e+30,1.78866992747223e+31
83,7.24915377660187e+32,2.87599556474368e+33,6.65455064153735e+33,7.22780608629036e+32,2.86780678117731e+33,6.63677666812061e+33,2.13476903115047e+30,8.18878356636585e+30,1.77739734167332e+31
83.1,7.14217379657696e+32,2.83247046402725e+33,6.54936979227075e+33,7.12095882624721e+32,2.82433278730319e+33,6.53170764690469e+33,2.12149703297433e+30,8.13767672405395e+30,1.76621453660689e+31
83.2,7.03733874702555e+32,2.78984262225959e+33,6.44646182293932e+33,7.01625545563069e+32,2.78175564968868e+33,6.42891061648862e+33,2.10832913948629e+30,8.08697257090762e+30,1.75512064507038e+31
83.3,6.93459373081184e+32,2.74808839794121e+33,6.34576384889574e+33,6.91364108719247e+32,2.7400517306786e+33,6.32832270079841e+33,2.09526436193737e+30,8.03666726260771e+30,1.7441148097331e+31
83.4,6.83388556587118e+32,2.70718491035825e+33,6.2472151118639e+33,6.81306254864489e+32,2.6991981533602e+33,6.22988315003383e+33,2.08230172262905e+30,7.98675699804791e+30,1.73319618300652e+31
83.5,6.73516272190767e+32,2.66711001065378e+33,6.15075689496463e+33,6.71446831935996e+32,2.65917277263501e+33,6.13353325569546e+33,2.06944025477093e+30,7.93723801877475e+30,1.72236392691654e+31
83.6,6.63837525978558e+32,2.62784225416728e+33,6.05633244165617e+33,6.61780846976217e+32,2.61995414755885e+33,6.03921626952639e+33,2.05667900234054e+30,7.88810660843578e+30,1.71161721297765e+31
83.7,6.54347477348485e+32,2.58936087397945e+33,5.96388687838547e+33,6.52303460328539e+32,2.58152151488721e+33,5.94687732616478e+33,2.04401701994515e+30,7.83935909223602e+30,1.70095522206902e+31
83.8,6.45041433449793e+32,2.55164575560296e+33,5.87336714075803e+33,6.43009980077107e+32,2.54385476376656e+33,5.85646336931491e+33,2.03145337268562e+30,7.79099183640213e+30,1.6903771443123e+31
83.9,6.35914843855178e+32,2.51467741276296e+33,5.78472190304527e+33,6.33895856719156e+32,2.5069344115153e+33,5.76792308125575e+33,2.01898713602218e+30,7.74300124765459e+30,1.67988217895138e+31
84,6.26963295454497e+32,2.47843696421411e+33,5.69790151085862e+33,6.24956678058855e+32,2.47074158044143e+33,5.68120681551628e+33,2.00661739564219e+30,7.69538377268753e+30,1.66946953423378e+31
84.1,6.18182507559561e+32,2.44290611154424e+33,5.61285791682961e+33,6.16188164312232e+32,2.43525797564658e+33,5.59626653255667e+33,1.99434324732985e+30,7.64813589765614e+30,1.65913842729394e+31
84.2,6.09568327210149e+32,2.40806711791671e+33,5.52954461914379e+33,6.07586163413312e+32,2.40046586376904e+33,5.51305573830341e+33,1.98216379683767e+30,7.60125414767151e+30,1.64888808403808e+31
84.3,6.01116724671865e+32,2.37390278770697e+33,5.44791660278549e+33,5.99146646512105e+32,2.36634805262067e+33,5.43152942539518e+33,1.97007815975995e+30,7.55473508630284e+30,1.63871773903084e+31
84.4,5.92823789116976e+32,2.34039644699042e+33,5.36793028335791e+33,5.90865703655568e+32,2.33288787167533e+33,5.35164401700408e+33,1.95808546140798e+30,7.50857531508685e+30,1.6286266353836e+31
84.5,5.84685724479811e+32,2.30753192484145e+33,5.28954345335103e+33,5.82739539643124e+32,2.30006915336841e+33,5.27335731310459e+33,1.94618483668703e+30,7.4627714730443e+30,1.61861402464434e+31
84.6,5.7669884547873e+32,2.2752935354055e+33,5.21271523073645e+33,5.74764470048755e+32,2.26787621516929e+33,5.19662843906956e+33,1.93437542997516e+30,7.41732023620343e+30,1.60867916668922e+31
84.7,5.688595737971e+32,2.24366606070787e+33,5.13740600977523e+33,5.66936917402096e+32,2.23629384239074e+33,5.12141779647907e+33,1.92265639500375e+30,7.37221831713038e+30,1.59882132961567e+31
84.8,5.6116443441606e+32,2.21263473416517e+33,5.06357741393093e+33,5.5925340752132e+32,2.20530727170071e+33,5.04768701603456e+33,1.91102689473968e+30,7.32746246446625e+30,1.58903978963706e+31
84.9,5.5361005209228e+32,2.18218522476674e+33,4.99119225078587e+33,5.51710565991011e+32,2.17490217530427e+33,4.97539891247608e+33,1.8994861012693e+30,7.28304946247091e+30,1.57933383097888e+31
85,5.46193147974188e+32,2.15230362189533e+33,4.92021446886407e+33,5.44305114778504e+32,2.14506464576476e+33,4.90451744140631e+33,1.88803319568392e+30,7.2389761305733e+30,1.56970274577649e+31
85.1,5.38910536350537e+32,2.12297642075781e+33,4.85060911626982e+33,5.37033868982569e+32,2.11578118143488e+33,4.83500765793007e+33,1.87666736796707e+30,7.19523932292812e+30,1.56014583397426e+31
85.2,5.31759121525422e+32,2.09419050839804e+33,4.78234230105523e+33,5.29893733708539e+32,2.08703867247006e+33,4.76683567702297e+33,1.86538781688322e+30,7.15183592797901e+30,1.55066240322626e+31
85.3,5.24735894814214e+32,2.06593315026577e+33,4.7153811532352e+33,5.22881701064346e+32,2.05882438739774e+33,4.69996863554722e+33,1.85419374986821e+30,7.10876286802778e+30,1.54125176879831e+31
85.4,5.1783793165508e+32,2.03819197731632e+33,4.64969378837205e+33,5.15994847272158e+32,2.03112596021751e+33,4.63437465583733e+33,1.84308438292112e+30,7.06601709880989e+30,1.53191325347147e+31
85.5,5.11062388831079e+32,2.01095497361748e+33,4.58524927265662e+33,5.09230329890582e+32,2.0039313780084e+33,4.57002281078215e+33,1.83205894049775e+30,7.02359560907592e+30,1.52264618744693e+31
85.6,5.0440650179804e+32,1.98421046444098e+33,4.52201758941613e+33,5.02585385142635e+32,1.9772289690208e+33,4.50688309033361e+33,1.82111665540553e+30,6.98149542017903e+30,1.51344990825228e+31
85.7,4.97867582113641e+32,1.95794710481704e+33,4.45996960698278e+33,4.96057325344941e+32,1.95100739123137e+33,4.44492636937629e+33,1.81025676869997e+30,6.93971358566817e+30,1.50432376064905e+31
85.8,4.9144301496338e+32,1.9321538685317e+33,4.39907704786059e+33,4.89643536433798e+32,1.92525562134081e+33,4.38412437689517e+33,1.79947852958254e+30,6.89824719088713e+30,1.49526709654165e+31
85.9,4.85130256779282e+32,1.90682003754753e+33,4.33931245913107e+33,4.83341475583982e+32,1.89996294419495e+33,4.3244496663822e+33,1.78878119529996e+30,6.85709335257925e+30,1.48627927488758e+31
86,4.78926832947415e+32,1.88193519182915e+33,4.28064918404141e+33,4.7714866891637e+32,1.87511894261065e+33,4.26587558742532e+33,1.77816403104498e+30,6.81624921849761e+30,1.47735966160893e+31
86.1,4.72830335600467e+32,1.85748919955625e+33,4.22306133472157e+33,4.71062709290609e+32,1.85071348758922e+33,4.20837625842652e+33,1.76762630985841e+30,6.77571196702083e+30,1.46850762950512e+31
86.2,4.66838421491807e+32,1.83347220770714e+33,4.16652376597975e+33,4.65081254179274e+32,1.82673672890036e+33,4.15192654039808e+33,1.75716731253267e+30,6.73547880677417e+30,1.4597225581669e+31
86.3,4.60948809947623e+32,1.80987463299721e+33,4.1110120501277e+33,4.59202023620106e+32,1.80317908602095e+33,4.09650201178878e+33,1.74678632751658e+30,6.69554697625599e+30,1.45100383389157e+31
86.4,4.55159280893902e+32,1.78668715315695e+33,4.05650245279026e+33,4.53422798243081e+32,1.78003123941348e+33,4.04207894429426e+33,1.7364826508215e+30,6.65591374346945e+30,1.44235084959938e+31
86.5,4.49467672955138e+32,1.7639006985352e+33,4.00297190965547e+33,4.4774141736921e+32,1.75728412212964e+33,3.98863427960796e+33,1.7262555859288e+30,6.61657640555929e+30,1.43376300475115e+31
86.6,4.43871881621832e+32,1.74150644401398e+33,3.95039800412392e+33,4.42155777178133e+32,1.73492891172552e+33,3.93614560707125e+33,1.71610444369859e+30,6.57753228845377e+30,1.42523970526698e+31
86.7,4.38369857483952e+32,1.71949580122162e+33,3.89875894581783e+33,4.36663828941672e+32,1.71295702247511e+33,3.88459114218337e+33,1.70602854227972e+30,6.53877874651154e+30,1.41678036344623e+31
86.8,4.3295960452768e+32,1.69786041103196e+33,3.84803354991263e+33,4.31263577320659e+32,1.69136009786978e+33,3.83394970593375e+33,1.69602720702099e+30,6.50031316217341e+30,1.40838439788847e+31
86.9,4.27639178492864e+32,1.67659213633752e+33,3.79820121725518e+33,4.2595307872248e+32,1.6701300033919e+33,3.78420070492102e+33,1.68609977038368e+30,6.462132945619e+30,1.40005123341568e+31
87,4.22406685288737e+32,1.65568305508543e+33,3.74924191523489e+33,4.20730439716882e+32,1.64925881955101e+33,3.73532411222494e+33,1.67624557185513e+30,6.42423553442813e+30,1.39178030099544e+31
87.1,4.17260279465553e+32,1.63512545356528e+33,3.70113615937543e+33,4.1559381550769e+32,1.62873883517203e+33,3.68730044899878e+33,1.6664639578637e+30,6.38661839324688e+30,1.38357103766527e+31
87.2,4.12198162739917e+32,1.61491181993851e+33,3.6538649956162e+33,4.10541408458222e+32,1.60856254092505e+33,3.64011076675162e+33,1.65675428169471e+30,6.34927901345827e+30,1.37542288645796e+31
87.3,4.0721858257166e+32,1.5950348379996e+33,3.60740998325445e+33,4.05571466668252e+32,1.58872262308675e+33,3.59373663029117e+33,1.64711590340769e+30,6.3122149128575e+30,1.36733529632799e+31
87.4,4.02319830790229e+32,1.57548738115961e+33,3.56175317852002e+33,4.00682282600474e+32,1.56921195752428e+33,3.54816010129923e+33,1.63754818975461e+30,6.27542363533162e+30,1.35930772207895e+31
87.5,3.97500242268641e+32,1.55626250664301e+33,3.51687711875625e+33,3.95872191754541e+32,1.55002360389247e+33,3.50336372251333e+33,1.62805051409939e+30,6.23890275054366e+30,1.351339624292e+31
87.6,3.92758193643125e+32,1.53735344988946e+33,3.47276480718168e+33,3.91139571386787e+32,1.53115080003584e+33,3.45933050248912e+33,1.61862225633837e+30,6.20264985362104e+30,1.34343046925526e+31
87.7,3.8809210207669e+32,1.51875361915207e+33,3.42939969820831e+33,3.86482839273868e+32,1.51258695658722e+33,3.41604390091937e+33,1.60926280282196e+30,6.16666256484828e+30,1.33557972889424e+31
87.8,3.83500424064886e+32,1.50045659028456e+33,3.38676568329362e+33,3.81900452518608e+32,1.49432565175519e+33,3.37348781448658e+33,1.59997154627725e+30,6.13093852936391e+30,1.32778688070323e+31
87.9,3.78981654282154e+32,1.4824561017097e+33,3.34484707730414e+33,3.77390906396422e+32,1.47636062629284e+33,3.33164656322736e+33,1.59074788573181e+30,6.09547541686148e+30,1.32005140767756e+31
88,3.74534324467189e+32,1.46474604956197e+33,3.3036286053698e+33,3.7295273324075e+32,1.45868577864067e+33,3.29050487738733e+33,1.58159122643839e+30,6.06027092129474e+30,1.31237279824691e+31
88.1,3.70157002345817e+32,1.44732048299757e+33,3.26309539020895e+33,3.68584501366016e+32,1.44129516023699e+33,3.25004788474686e+33,1.57250097980071e+30,6.0253227605867e+30,1.30475054620945e+31
88.2,3.65848290589974e+32,1.43017359966525e+33,3.22323293990506e+33,3.64284814026673e+32,1.42418297098891e+33,3.21026109839839e+33,1.56347656330027e+30,5.99062867634276e+30,1.29718415066689e+31
88.3,3.616068258114e+32,1.41329974133173e+33,3.18402713611676e+33,3.60052308410976e+32,1.40734355489816e+33,3.17113040495715e+33,1.55451740042405e+30,5.95618643356766e+30,1.2896731159605e+31
88.4,3.57431277588748e+32,1.39669338965575e+33,3.14546422270396e+33,3.55885654668155e+32,1.39077139583537e+33,3.13264205318788e+33,1.54562292059329e+30,5.92199382038631e+30,1.2822169516079e+31
88.5,3.53320347526841e+32,1.380349162105e+33,3.1075307947533e+33,3.51783554967748e+32,1.37446111345724e+33,3.0947826430309e+33,1.53679255909318e+30,5.88804864776833e+30,1.27481517224077e+31
88.6,3.49272768346891e+32,1.36426180801047e+33,3.07021378798716e+33,3.47744742589887e+32,1.35840745926121e+33,3.05753911501172e+33,1.5280257570035e+30,5.85434874925641e+30,1.26746729754345e+31
88.7,3.45287303006503e+32,1.34842620475297e+33,3.0335004685409e+33,3.43767981045373e+32,1.34260531277227e+33,3.02089874001898e+33,1.51932196113015e+30,5.8208919806982e+30,1.26017285219226e+31
88.8,3.41362743848385e+32,1.3328373540769e+33,2.99737842309406e+33,3.39852063224448e+32,1.32704967785692e+33,2.9848491094361e+33,1.51068062393771e+30,5.78767621998194e+30,1.25293136579575e+31
88.9,3.37497911776685e+32,1.31749037852626e+33,2.96183554934142e+33,3.35995810573202e+32,1.31173567915949e+33,2.94937812561306e+33,1.50210120348271e+30,5.75469936677556e+30,1.24574237283575e+31
89,3.33691655459941e+32,1.30238051799856e+33,2.92686004679076e+33,3.32198072296593e+32,1.29665855865629e+33,2.91447399266467e+33,1.49358316334802e+30,5.72195934226926e+30,1.23860541260915e+31
89.1,3.2994285055969e+32,1.287503126412e+33,2.89244040787467e+33,3.28457724587112e+32,1.28181367232308e+33,2.88012520758297e+33,1.48512597257793e+30,5.68945408892163e+30,1.23152002917053e+31
89.2,3.26250398983768e+32,1.27285366848182e+33,2.85856540936424e+33,3.24773669878154e+32,1.26719648691161e+33,2.84632055165148e+33,1.47672910561414e+30,5.65718157020906e+30,1.22448577127557e+31
89.3,3.2261322816344e+32,1.25842771660177e+33,2.82522410407293e+33,3.21144836121207e+32,1.25280257683139e+33,2.81304908214968e+33,1.4683920422327e+30,5.62513977037858e+30,1.21750219232517e+31
89.4,3.19030290353471e+32,1.24422094782673e+33,2.79240581283975e+33,3.17570176085989e+32,1.23862762113253e+33,2.78030012433665e+33,1.46011426748162e+30,5.59332669420396e+30,1.21056885031038e+31
89.5,3.15500561954334e+32,1.23022914095291e+33,2.76010011678079e+33,3.14048666682714e+32,1.22466740058616e+33,2.74806326370321e+33,1.45189527161942e+30,5.56174036674499e+30,1.20368530775803e+31
89.6,3.12023042855748e+32,1.21644817369186e+33,2.72829684979918e+33,3.10579308305694e+32,1.21091779485875e+33,2.71632833848241e+33,1.44373455005448e+30,5.53037883311009e+30,1.1968511316771e+31
89.7,3.08596755800796e+32,1.20287401993513e+33,2.69698609134364e+33,3.07161124197511e+32,1.1973747797769e+33,2.68508543240859e+33,1.43563160328513e+30,5.49924015822195e+30,1.19006589350583e+31
89.8,3.05220745769882e+32,1.18950274710597e+33,2.66615815940619e+33,3.03793159833041e+32,1.18403442467939e+33,2.65432486771559e+33,1.42758593684062e+30,5.46832242658636e+30,1.18332916905953e+31
89.9,3.0189407938384e+32,1.17633051359531e+33,2.63580360375019e+33,3.00474482322617e+32,1.17089288985325e+33,2.6240371983654e+33,1.41959706122275e+30,5.43762374206399e+30,1.17664053847903e+31
90,2.98615844325508e+32,1.16335356627861e+33,2.60591319936012e+33,2.97204179833659e+32,1.15794642405097e+33,2.59421320349832e+33,1.4116644918484e+30,5.40714222764533e+30,1.16999958617994e+31
90.1,2.95385148779122e+32,1.15056823811096e+33,2.57647794010479e+33,2.93981361030129e+32,1.14519136208573e+33,2.56484388109676e+33,1.40378774899268e+30,5.37687602522844e+30,1.16340590080243e+31
90.2,2.92201120886919e+32,1.13797094579751e+33,2.54748903260616e+33,2.90805154529189e+32,1.13262412250211e+33,2.53592044185455e+33,1.39596635772939e+30,5.34682329539974e+30,1.15685907516182e+31
90.3,2.89062908222315e+32,1.12555818753659e+33,2.51893789030631e+33,2.87674708374456e+32,1.12024120531937e+33,2.50743430324431e+33,1.38819984785962e+30,5.31698221721758e+30,1.15035870619975e+31
90.4,2.85969677279157e+32,1.11332654083294e+33,2.49081612772505e+33,2.84589189525289e+32,1.10803918984497e+33,2.47937708377568e+33,1.38048775386806e+30,5.28735098797265e+30,1.143904394936e+31
90.5,2.82920612976398e+32,1.10127266037849e+33,2.46311555490153e+33,2.81547783361553e+32,1.09601473255565e+33,2.45174059743732e+33,1.37282961484486e+30,5.25792782284147e+30,1.13749574642098e+31
90.6,2.79914918177724e+32,1.0893932759986e+33,2.435828172013e+33,2.78549693203326e+32,1.08416456504379e+33,2.42451684831611e+33,1.36522497439844e+30,5.22871095481063e+30,1.1311323696888e+31
90.7,2.76951813225551e+32,1.0776851906611e+33,2.40894616416435e+33,2.75594139845037e+32,1.07248549202688e+33,2.39769802538724e+33,1.35767338051436e+30,5.19969863421973e+30,1.12481387771074e+31
90.8,2.74030535489166e+32,1.06614527854607e+33,2.38246189634209e+33,2.72680361103557e+32,1.06097438941765e+33,2.37127649746878e+33,1.35017438560883e+30,5.1708891284257e+30,1.11853988733118e+31
90.9,2.71150338926214e+32,1.05477048317436e+33,2.35636790852703e+33,2.69807611379749e+32,1.04962820245302e+33,2.34524480833516e+33,1.34272754646509e+30,5.14228072134046e+30,1.11231001918697e+31
91,2.68310493657257e+32,1.04355781559274e+33,2.33065691096066e+33,2.66975161233044e+32,1.03844394387972e+33,2.31959567198363e+33,1.33533242421343e+30,5.11387171302057e+30,1.10612389770321e+31
91.1,2.65510285552979e+32,1.03250435261314e+33,2.30532177955796e+33,2.64182296968587e+32,1.02741869219459e+33,2.2943219680485e+33,1.32798858439197e+30,5.08566041855577e+30,1.09998115094572e+31
91.2,2.62749015833559e+32,1.02160723510889e+33,2.28035555146306e+33,2.61428320236545e+32,1.01654958993785e+33,2.26941673735774e+33,1.3206955970134e+30,5.05764517103879e+30,1.09388141053228e+31
91.3,2.60026000680255e+32,1.01086366635617e+33,2.25575142074214e+33,2.58712547643171e+32,1.00583384203737e+33,2.24487317762704e+33,1.31345303708385e+30,5.02982431879232e+30,1.08782431150995e+31
91.4,2.5734057085809e+32,1.00027091043191e+33,2.23150273420906e+33,2.56034310373216e+32,9.9526871420231e+32,2.22068463928653e+33,1.30626048487409e+30,5.00219622960173e+30,1.08180949225265e+31
91.5,2.54692071349169e+32,9.89826290657926e+32,2.20760298737975e+33,2.53392953823344e+32,9.84851531364414e+32,2.19684462143546e+33,1.29911752582489e+30,4.9747592935119e+30,1.07583659442965e+31
91.6,2.52079860995187e+32,9.79527188090443e+32,2.18404582055216e+33,2.50787837246158e+32,9.74579676165431e+32,2.17334676792044e+33,1.29202374902915e+30,4.94751192501221e+30,1.06990526317224e+31
91.7,2.49503312146888e+32,9.693710400505e+32,2.16082501500734e+33,2.48218333404506e+32,9.64450587489016e+32,2.15018486353299e+33,1.28497874238246e+30,4.92045256148397e+30,1.06401514743512e+31
91.8,2.46961810315452e+32,9.59355338690362e+32,2.13793448933829e+33,2.45683828235731e+32,9.54461759035705e+32,2.12735283032222e+33,1.27798207972173e+30,4.89357965465706e+30,1.05816590160688e+31
91.9,2.44454753829055e+32,9.49477629559841e+32,2.11536829585706e+33,2.43183720525525e+32,9.44610737939502e+32,2.10484472401873e+33,1.27103330352972e+30,4.86689162033921e+30,1.05235718383322e+31
92,2.41981553485674e+32,9.39735510184536e+32,2.09312061716638e+33,2.40717421591101e+32,9.34895123424711e+32,2.08265473056596e+33,1.2641318945727e+30,4.84038675982519e+30,1.04658866004194e+31
92.1,2.3954163221472e+32,9.30126628606528e+32,2.07118576277056e+33,2.3828435497336e+32,9.25312565501683e+32,2.06077716275531e+33,1.25727724135987e+30,4.81406310484473e+30,1.04086000152438e+31
92.2,2.37134424718386e+32,9.2064868188838e+32,2.04955816571856e+33,2.3588395613777e+32,9.15860763700203e+32,2.03920645696146e+33,1.25046858061516e+30,4.78791818817722e+30,1.03517087571043e+31
92.3,2.34759377315269e+32,9.11299414655137e+32,2.02823237928092e+33,2.33515672183691e+32,9.06537465839286e+32,2.0179371699746e+33,1.24370513157802e+30,4.76194881585081e+30,1.02952093063182e+31
92.4,2.32415947597424e+32,9.0207661754539e+32,2.00720307350221e+33,2.31178961561848e+32,8.97340466832202e+32,1.9969639759263e+33,1.23698603557558e+30,4.73615071318754e+30,1.02390975759145e+31
92.5,2.30103604324646e+32,8.92978127047331e+32,1.98646503162092e+33,2.28873293799729e+32,8.88267607525576e+32,1.97628166330575e+33,1.23031052491675e+30,4.71051952175482e+30,1.01833683151708e+31
92.6,2.27821827496683e+32,8.84001822491564e+32,1.96601314635211e+33,2.26598149234621e+32,8.79316773571479e+32,1.95588513206362e+33,1.22367826206241e+30,4.68504892008538e+30,1.01280142884806e+31
92.7,2.25570108561185e+32,8.75145629631745e+32,1.94584241622763e+33,2.24353018754069e+32,8.70485894331432e+32,1.93576939080036e+33,1.21708980711593e+30,4.65973530031292e+30,1.00730254272714e+31
92.8,2.23347950062184e+32,8.66407520313266e+32,1.92594794250606e+33,2.22137403543516e+32,8.61772941811312e+32,1.9159295540363e+33,1.21054651866779e+30,4.63457850195438e+30,1.0018388469763e+31
92.9,2.21154865325461e+32,8.57785514559253e+32,1.90632492745855e+33,2.19950814840888e+32,8.53175929626167e+32,1.89636083956082e+33,1.20405048457334e+30,4.60958493308602e+30,9.96408789772616e+30
93,2.18990376117549e+32,8.49277680248114e+32,1.88696867983636e+33,2.17792773697934e+32,8.44692911993993e+32,1.87705856585805e+33,1.19760241961533e+30,4.58476825412028e+30,9.91011397831591e+30
93.1,2.16854008551991e+32,8.40882126519483e+32,1.86787461034355e+33,2.15662810748079e+32,8.36321982757557e+32,1.85801814960645e+33,1.19119780391206e+30,4.56014376192584e+30,9.85646073710491e+30
93.2,2.14745286625486e+32,8.32596984634556e+32,1.84903823374135e+33,2.13560465980614e+32,8.28061274433368e+32,1.83923510325005e+33,1.18482064487181e+30,4.53571020118775e+30,9.80313049130204e+30
93.3,2.12663723259873e+32,8.24420368395385e+32,1.83045519252209e+33,2.11485288521013e+32,8.19908957286961e+32,1.8207050326389e+33,1.17843473886067e+30,4.51141110842316e+30,9.7501598831938e+30
93.4,2.10608812294932e+32,8.16350313069057e+32,1.81212122920143e+33,2.09436836417192e+32,8.11863238433661e+32,1.80242363473651e+33,1.17197587774026e+30,4.48707463539619e+30,9.69759446492071e+30
93.5,2.08580030133538e+32,8.08384690908139e+32,1.79403214608857e+33,2.07414676431534e+32,8.03922360964026e+32,1.78438669539226e+33,1.16535370200351e+30,4.46232994411314e+30,9.64545069630939e+30
93.6,2.06576849955399e+32,8.00521179033868e+32,1.77618369977696e+33,2.05418383838496e+32,7.96084603093214e+32,1.76659008717642e+33,1.15846611690348e+30,4.43657594065468e+30,9.59361260054145e+30
93.7,2.04598721226392e+32,7.92757358397712e+32,1.75857140670192e+33,2.03447542227627e+32,7.88348277333526e+32,1.74902976727611e+33,1.15117899876504e+30,4.40908106418606e+30,9.54163942580128e+30
93.8,2.0264531310316e+32,7.85090346700147e+32,1.74119033878926e+33,2.01501743311847e+32,7.80711729689409e+32,1.73170177545003e+33,1.14356979131278e+30,4.37861701073807e+30,9.48856333922841e+30
93.9,2.00716267609959e+32,7.77519109381756e+32,1.72403496897848e+33,1.99580586740811e+32,7.73173338874231e+32,1.71460223204014e+33,1.13568086914847e+30,4.3457705075248e+30,9.43273693833584e+30
94,1.98811725937354e+32,7.70042013310903e+32,1.70709876198449e+33,1.97683679919212e+32,7.65731515548162e+32,1.69772733603862e+33,1.12804601814163e+30,4.31049776274141e+30,9.3714259458786e+30
94.1,1.96931668294225e+32,7.62659915170203e+32,1.69037677973471e+33,1.95810637829886e+32,7.58384701576522e+32,1.68107336320817e+33,1.12103046433873e+30,4.27521359368061e+30,9.30341652653573e+30
94.2,1.95075873702571e+32,7.55375244253273e+32,1.67386243087744e+33,1.93961082861551e+32,7.51131369307955e+32,1.6646366642542e+33,1.11479084101974e+30,4.24387494531747e+30,9.22576662323585e+30
94.3,1.93243529979126e+32,7.48186730086737e+32,1.65755751424802e+33,1.92134644641068e+32,7.43970020871851e+32,1.64841366304707e+33,1.10888533805858e+30,4.21670921488531e+30,9.14385120094685e+30
94.4,1.91434015653394e+32,7.41092423719312e+32,1.64146057746908e+33,1.9033095987007e+32,7.36899187494426e+32,1.63240085489301e+33,1.10305578332401e+30,4.19323622488637e+30,9.05972257606421e+30
94.5,1.89646937810465e+32,7.34088408489029e+32,1.62557779585994e+33,1.88549672165848e+32,7.2991742883289e+32,1.61659480485212e+33,1.09726564461749e+30,4.17097965613813e+30,8.98299100782752e+30
94.6,1.87881945644913e+32,7.27172361400614e+32,1.60991078534167e+33,1.86790431906347e+32,7.23023332327184e+32,1.60099214610196e+33,1.09151373856622e+30,4.14902907342991e+30,8.9186392397145e+30
94.7,1.8613869127151e+32,7.20342741996406e+32,1.59445353136541e+33,1.85052896079174e+32,7.16215512568727e+32,1.58558957834549e+33,1.0857951923359e+30,4.12722942767911e+30,8.86395301991868e+30
94.8,1.84416731420838e+32,7.13598184636099e+32,1.57919934891147e+33,1.83336728134487e+32,7.09492610685712e+32,1.5703838662618e+33,1.08000328635069e+30,4.10557395038763e+30,8.81548264967535e+30
94.9,1.82715284405185e+32,7.06937353389133e+32,1.56414061428604e+33,1.81641597841651e+32,7.02853293744411e+32,1.55537183799845e+33,1.07368656353421e+30,4.08405964472236e+30,8.76877628758914e+30
95,1.81033809837649e+32,7.00358855493293e+32,1.54927295233013e+33,1.79967181149562e+32,6.96296254166058e+32,1.54055038370416e+33,1.06662868808745e+30,4.06260132723531e+30,8.72256862596827e+30
95.1,1.79372497422753e+32,6.93860608439871e+32,1.53459312671641e+33,1.78313160050523e+32,6.8982020915883e+32,1.52591645410053e+33,1.05933737223023e+30,4.04039928104144e+30,8.67667261587569e+30
95.2,1.77731335614498e+32,6.87439461212154e+32,1.52009813981475e+33,1.76679222447578e+32,6.83423900164484e+32,1.51146705909174e+33,1.05211316692068e+30,4.01556104767065e+30,8.63108072301845e+30
95.3,1.76110266527595e+32,6.81092673629242e+32,1.50578505501678e+33,1.75065062025192e+32,6.77106092319228e+32,1.49719926641096e+33,1.04520450240227e+30,3.98658131001421e+30,8.58578860581976e+30
95.4,1.7450921762528e+32,6.74818555915617e+32,1.49165089847119e+33,1.734703781232e+32,6.70865573928413e+32,1.48311020030253e+33,1.03883950207999e+30,3.9529819872043e+30,8.540698168661e+30
95.5,1.72927757636704e+32,6.68621054127304e+32,1.47769178142435e+33,1.71894875613911e+32,6.64701155954632e+32,1.46919704023861e+33,1.03288202279267e+30,3.91989817267227e+30,8.49474118574229e+30
95.6,1.71365502851975e+32,6.62500446841226e+32,1.4639015247893e+33,1.70338264782295e+32,6.58611671518859e+32,1.45545701966957e+33,1.02723806968024e+30,3.88877532236683e+30,8.44450511973312e+30
95.7,1.69822060822299e+32,6.56456777499652e+32,1.45027292330037e+33,1.68800261209153e+32,6.52595975414226e+32,1.44188742480681e+33,1.0217996131457e+30,3.86080208542567e+30,8.38549849355393e+30
95.8,1.68297069017782e+32,6.50489367998207e+32,1.4367991615522e+33,1.67280585657197e+32,6.46652943632109e+32,1.42848559343734e+33,1.016483360585e+30,3.83642436609772e+30,8.31356811486236e+30
95.9,1.66790198967846e+32,6.44595606939376e+32,1.42348442393931e+33,1.65778963959944e+32,6.40781472900129e+32,1.41524891376894e+33,1.01123500790166e+30,3.81413403924741e+30,8.23551017036614e+30
96,1.65301154363188e+32,6.38773892332014e+32,1.4103309890593e+33,1.6429512691336e+32,6.34980480231769e+32,1.4021748233052e+33,1.0060274498275e+30,3.79341210024502e+30,8.1561657541009e+30
96.1,1.63829660706761e+32,6.33022386904998e+32,1.39734465317416e+33,1.62828810170167e+32,6.29248902487252e+32,1.38926080774941e+33,1.00085053659439e+30,3.77348441774673e+30,8.08384542475743e+30
96.2,1.62375456965483e+32,6.27339642991216e+32,1.38452580609131e+33,1.61379754136742e+32,6.23585695945362e+32,1.37650439993659e+33,9.95702828740686e+29,3.75394704585408e+30,8.02140615471387e+30
96.3,1.60938290121551e+32,6.21724429289268e+32,1.37187020122433e+33,1.5994770387254e+32,6.17989835885914e+32,1.36390317879277e+33,9.90586249010343e+29,3.73459340335331e+30,7.96702243155381e+30
96.4,1.59517911967764e+32,6.16175659698834e+32,1.35937440426594e+33,1.58532408991961e+32,6.12460316182563e+32,1.35145476832071e+33,9.85502975802767e+29,3.71534351627113e+30,7.91963594523705e+30
96.5,1.58114077836804e+32,6.10692338860122e+32,1.34703288257489e+33,1.57133623568604e+32,6.06996148905651e+32,1.33915683661136e+33,9.80454268199769e+29,3.69618995447092e+30,7.87604596353495e+30
96.6,1.56726546300736e+32,6.05273515068645e+32,1.33484163066406e+33,1.55751106041838e+32,6.01596363934843e+32,1.32700709488034e+33,9.75440258897725e+29,3.67715113380175e+30,7.83453578371837e+30
96.7,1.5535507964108e+32,5.99918245779189e+32,1.32279718816442e+33,1.54384619125628e+32,5.96260008581243e+32,1.31500329652862e+33,9.70460515452521e+29,3.65823719794585e+30,7.79389163580588e+30
96.8,1.53999443987707e+32,5.94625607088823e+32,1.31089683746186e+33,1.53033929719547e+32,5.90986147218756e+32,1.30314323622677e+33,9.6551426815952e+29,3.63945987006677e+30,7.75360123508212e+30
96.9,1.5265940959446e+32,5.89394681201423e+32,1.29913825752588e+33,1.51698808821933e+32,5.85773860924422e+32,1.29142474902218e+33,9.6060077252745e+29,3.62082027700013e+30,7.71350850369792e+30
97,1.51334750770701e+32,5.84224563273652e+32,1.28751932559655e+33,1.50379031445104e+32,5.80622247127482e+32,1.27984570946845e+33,9.5571932559772e+29,3.60231614617045e+30,7.67361612809712e+30
97.1,1.50025245946232e+32,5.79114361225209e+32,1.27603800422597e+33,1.49074376532607e+32,5.75530419266935e+32,1.26840403077644e+33,9.5086941362493e+29,3.58394195827389e+30,7.63397344953259e+30
97.2,1.48730677469888e+32,5.74063199145588e+32,1.2646922899577e+33,1.47784626878426e+32,5.70497506457355e+32,1.25709766398636e+33,9.46050591461972e+29,3.56569268823235e+30,7.594625971336e+30
97.3,1.47450831573386e+32,5.69070217409885e+32,1.25348017588219e+33,1.46509569048093e+32,5.6552265316274e+32,1.24592459716025e+33,9.41262525292405e+29,3.54756424714507e+30,7.55557872193619e+30
97.4,1.46185498240208e+32,5.64134572533641e+32,1.24239968897554e+33,1.45248993301677e+32,5.60605018878172e+32,1.23488285459433e+33,9.36504938530486e+29,3.52955365546895e+30,7.51683438121141e+30
97.5,1.44934471104203e+32,5.59255436654583e+32,1.23144887686551e+33,1.44002693518566e+32,5.55743777819087e+32,1.22397049605064e+33,9.31777585636789e+29,3.51165883549672e+30,7.47838081486625e+30
97.6,1.43697547359169e+32,5.54431996967733e+32,1.22062581816125e+33,1.42770467124021e+32,5.50938118617932e+32,1.2131856160075e+33,9.27080235148247e+29,3.49387834980034e+30,7.44020215375299e+30
97.7,1.42474527677805e+32,5.49663455134345e+32,1.20992862796589e+33,1.41552115017447e+32,5.4618724402803e+32,1.20252634292811e+33,9.22412660358054e+29,3.47621110631494e+30,7.40228503777364e+30
97.8,1.41265216138327e+32,5.44949026822241e+32,1.19935545804773e+33,1.40347441502326e+32,5.4149037063444e+32,1.19199083854706e+33,9.17774636001274e+29,3.45865618780032e+30,7.36461950066776e+30
97.9,1.40069420155334e+32,5.40287941316727e+32,1.18890449599668e+33,1.39156254217787e+32,5.36846728571639e+32,1.18157729717393e+33,9.1316593754708e+29,3.44121274508792e+30,7.32719882274944e+30
98,1.38886950413205e+32,5.35679441195127e+32,1.17857396366605e+33,1.37978364071749e+32,5.32255561247839e+32,1.17128394501376e+33,9.08586341456855e+29,3.4238799472883e+30,7.29001865229329e+30
98.1,1.37717620801174e+32,5.31122782039812e+32,1.16836211558831e+33,1.36813585175615e+32,5.27716125075756e+32,1.16110903950388e+33,9.04035625559313e+29,3.40665696405597e+30,7.25307608442769e+30
98.2,1.36561248350064e+32,5.26617232174188e+32,1.15826723764819e+33,1.35661734780463e+32,5.23227689209678e+32,1.15105086866654e+33,8.99513569601393e+29,3.38954296451037e+30,7.21636898165222e+30
98.3,1.35417653169977e+32,5.22162072402985e+32,1.14828764600134e+33,1.34522633214701e+32,5.1878953528864e+32,1.14110775047705e+33,8.95019955276129e+29,3.37253711434491e+30,7.1798955242902e+30
98.4,1.34286658389474e+32,5.17756595772954e+32,1.13842168622672e+33,1.33396103823147e+32,5.14400957185568e+32,1.13127803224693e+33,8.90554566327224e+29,3.35563858738612e+30,7.14365397978713e+30
98.5,1.33168090095892e+32,5.13400107322522e+32,1.12866773265937e+33,1.32281972907497e+32,5.10061260762227e+32,1.12156009002172e+33,8.86117188394588e+29,3.33884656029514e+30,7.10764263764752e+30
98.6,1.32061777277407e+32,5.09091923848715e+32,1.11902418775607e+33,1.31180069668145e+32,5.05769763629806e+32,1.11195232799298e+33,8.81707609261278e+29,3.32216021890901e+30,7.07185976308765e+30
98.7,1.30967551765943e+32,5.04831373672093e+32,1.10948948154097e+33,1.30090226147321e+32,5.0152579491503e+32,1.1024531779242e+33,8.77325618622096e+29,3.30557875706318e+30,7.03630361677874e+30
98.8,1.29885248181633e+32,5.00617796409031e+32,1.10006207104342e+33,1.2901227717351e+32,4.97328695031607e+32,1.09306109859013e+33,8.72971008122336e+29,3.28910137742409e+30,7.00097245329117e+30
98.9,1.28814703878409e+32,4.96450542746875e+32,1.09074043976789e+33,1.27946060307129e+32,4.93177815456918e+32,1.08377457522935e+33,8.68643571280285e+29,3.2727272899572e+30,6.96586453853813e+30
99,1.27755758890862e+32,4.92328974226198e+32,1.08152309716734e+33,1.26891415787412e+32,4.89072518513779e+32,1.07459211900945e+33,8.64343103449637e+29,3.25645571241882e+30,6.93097815788188e+30
99.1,1.26708255882304e+32,4.88252463027052e+32,1.072408578116e+33,1.25848186480495e+32,4.85012177157164e+32,1.06551226650484e+33,8.60069401809282e+29,3.24028586988781e+30,6.89631161115778e+30
99.2,1.25672040093978e+32,4.84220391760113e+32,1.0633954424048e+33,1.2481621782865e+32,4.80996174765758e+32,1.05653357918653e+33,8.55822265327571e+29,3.22421699435542e+30,6.86186321826582e+30
99.3,1.24646959295396e+32,4.80232153262998e+32,1.0544822742408e+33,1.23795357800652e+32,4.77023904938205e+32,1.04765464292378e+33,8.51601494743943e+29,3.20824832479332e+30,6.8276313170205e+30
99.4,1.23632863735795e+32,4.76287150400903e+32,1.04566768175905e+33,1.22785456843244e+32,4.73094771293952e+32,1.0388740674972e+33,8.47406892550998e+29,3.19237910695094e+30,6.79361426185094e+30
99.5,1.22629606096657e+32,4.72384795871793e+32,1.03695029654655e+33,1.2178636783368e+32,4.69208187278554e+32,1.0301904861231e+33,8.43238262976778e+29,3.17660859323887e+30,6.75981042345e+30
99.6,1.21637041445273e+32,4.68524512015991e+32,1.02832877317583e+33,1.20797946033305e+32,4.6536357597333e+32,1.02160255498863e+33,8.39095411967248e+29,3.1609360426611e+30,6.72621818719723e+30
99.7,1.20655027189334e+32,4.64705730630016e+32,1.01980178875102e+33,1.19820049042165e+32,4.61560369909268e+32,1.01310895279766e+33,8.34978147168981e+29,3.14536072074817e+30,6.69283595335981e+30
99.8,1.19683423032516e+32,4.60927892784556e+32,1.01136804246358e+33,1.18852536754604e+32,4.57798010885065e+32,1.00470838032689e+33,8.3088627791203e+29,3.12988189949114e+30,6.65966213669674e+30
99.9,1.18722090931024e+32,4.57190448646476e+32,1.00302625515812e+33,1.17895271315831e+32,4.540759497892e+32,9.96399559992098e+32,8.26819615193012e+29,3.11449885727632e+30,6.6266951660199e+30
100,1.177708950511e+32,4.53492857304758e+32,9.94775168908243e+32,1.16948117079441e+32,4.50393646425937e+32,9.88181235424199e+32,8.22777971658368e+29,3.09921087882067e+30,6.59393348404333e+30
100.1,1.16829701727437e+32,4.49834586600269e+32,9.86613546602069e+32,1.1601094056585e+32,4.46750569345161e+32,9.80052171054827e+32,8.18761161587822e+29,3.084017255108e+30,6.56137554724172e+30
100.2,1.15898379422506e+32,4.46215112959279e+32,9.78540171536987e+32,1.15083610421628e+32,4.43146195675953e+32,9.72011151711276e+32,8.14769000878023e+29,3.06891728332591e+30,6.52901982571073e+30
100.3,1.14976798686752e+32,4.42633921230614e+32,9.7055384702354e+32,1.14165997379725e+32,4.39580010963811e+32,9.64056982220511e+32,8.10801307026379e+29,3.05391026680338e+30,6.49686480302877e+30
100.4,1.14064832119648e+32,4.39090504526367e+32,9.62653395998141e+32,1.13257974220533e+32,4.36051509011418e+32,9.5618848702202e+32,8.06857899115064e+29,3.03899551494914e+30,6.46490897612046e+30
100.5,1.13162354331594e+32,4.3558436406608e+32,9.54837660644434e+32,1.12359415733799e+32,4.3256019172289e+32,9.48404509789312e+32,8.02938597795216e+29,3.0241723431907e+30,6.43315085512161e+30
100.6,1.12269241906618e+32,4.32115009024301e+32,9.47105502023051e+32,1.11470198681346e+32,4.29105568951387e+32,9.40703913059805e+32,7.990432252713e+29,3.00944007291406e+30,6.4015889632457e+30
100.7,1.11385373365879e+32,4.28681956381447e+32,9.39455799709581e+32,1.10590201760593e+32,4.25687158350042e+32,9.33085577872929e+32,7.95171605285663e+29,2.99479803140417e+30,6.37022183665201e+30
100.8,1.1051062913195e+32,4.25284730777876e+32,9.31887451440523e+32,1.09719305568846e+32,4.2230448522609e+32,9.25548403416208e+32,7.91323563103251e+29,2.98024555178597e+30,6.33904802431516e+30
100.9,1.09644891493852e+32,4.21922864371113e+32,9.24399372767045e+32,1.08857392568355e+32,4.18957082398146e+32,9.18091306679149e+32,7.87498925496501e+29,2.96578197296618e+30,6.30806608789611e+30
101,1.08788044572833e+32,4.18595896696118e+32,9.16990496716331e+32,1.08004347052103e+32,4.15644490056543e+32,9.10713222114717e+32,7.83697520730406e+29,2.95140663957568e+30,6.27727460161479e+30
101.1,1.07939974288866e+32,4.15303374528565e+32,9.09659773460348e+32,1.07160055110318e+32,4.12366255626652e+32,9.03413101308224e+32,7.79919178547738e+29,2.93711890191258e+30,6.24667215212393e+30
101.2,1.0710056832785e+32,4.12044851751017e+32,9.02406169991837e+32,1.06324404597695e+32,4.09121933635131e+32,8.96189912653452e+32,7.76163730154436e+29,2.92291811588592e+30,6.21625733838455e+30
101.3,1.06269716109454e+32,4.08819889221964e+32,8.95228669807353e+32,1.05497285101299e+32,4.05911085579004e+32,8.8904264103581e+32,7.72431008154844e+29,2.90880364296001e+30,6.18602877154275e+30
101.4,1.05447308755604e+32,4.05628054647624e+32,8.88126272597183e+32,1.04678587909142e+32,4.02733279797525e+32,8.81970287522376e+32,7.68720846461357e+29,2.89477485009936e+30,6.1559850748079e+30
101.5,1.04633239059987e+32,4.02468922456469e+32,8.81097993941972e+32,1.03868205979417e+32,3.99588091346754e+32,8.7497186905864e+32,7.65033080569701e+29,2.88083110971426e+30,6.12612488333223e+30
101.6,1.03827401457633e+32,3.9934207367638e+32,8.74142865015883e+32,1.0306603391037e+32,3.96475101876773e+32,8.68046418171791e+32,7.6136754726257e+29,2.86697179960642e+30,6.09644684409177e+30
101.7,1.03029691995536e+32,3.96247095814365e+32,8.67259932296151e+32,1.02271967910797e+32,3.93393899511484e+32,8.61192982680382e+32,7.57724084738439e+29,2.8531963028811e+30,6.06694961576864e+30
101.8,1.02240008303608e+32,3.93183582738479e+32,8.60448257278855e+32,1.01485905771153e+32,3.90344078730932e+32,8.5441062541022e+32,7.54102532455044e+29,2.83950400754704e+30,6.03763186863462e+30
101.9,1.0145824956638e+32,3.90151134562798e+32,8.53706916200776e+32,1.00707746835256e+32,3.87325240256088e+32,8.4769842391634e+32,7.50502731123557e+29,2.82589430671037e+30,6.00849228443614e+30
102,1.00684316495297e+32,3.87149357535323e+32,8.47034999767179e+32,9.99373919725733e+31,3.84336990936028e+32,8.41055470210899e+32,7.46924522723306e+29,2.812366599295e+30,5.97952955628043e+30
102.1,9.99181113015581e+31,3.84177863925877e+32,8.40431612885376e+32,9.91747435510754e+31,3.8137894363747e+32,8.34480870496853e+32,7.4336775048276e+29,2.7989202884068e+30,5.95074238852301e+30
102.2,9.91595376693392e+31,3.8123627191941e+32,8.33895874403947e+32,9.8419705410647e+31,3.7845071713659e+32,8.27973744907291e+32,7.39832258692223e+29,2.78555478281991e+30,5.92212949665643e+30
102.3,9.84085007300274e+31,3.78324205507764e+32,8.27426916857464e+32,9.76721828370396e+31,3.75551936013083e+32,8.21533227250265e+32,7.36317892987896e+29,2.77226949468106e+30,5.89368960719884e+30
102.4,9.76649070360771e+31,3.75441294387914e+32,8.21023886216583e+32,9.69320825363541e+31,3.72682230546401e+32,8.15158464759014e+32,7.32824499722974e+29,2.75906384151273e+30,5.86542145756942e+30
102.5,9.69286645370302e+31,3.72587173861262e+32,8.14685941643119e+32,9.61993126100414e+31,3.69841236614137e+32,8.08848617847425e+32,7.29351926988804e+29,2.74593724712474e+30,5.83732379569431e+30
102.6,9.61996825532111e+31,3.69761484726562e+32,8.08412255250151e+32,9.54737825304089e+31,3.67028595592477e+32,8.02602859870624e+32,7.25900022802208e+29,2.73288913408509e+30,5.80939537952716e+30
102.7,9.54778717547355e+31,3.66963873192702e+32,8.02202011867848e+32,9.47554031166211e+31,3.64243954258703e+32,7.96420376890576e+32,7.22468638114368e+29,2.71991893399933e+30,5.78163497727202e+30
102.8,9.47631441331637e+31,3.64193990781126e+32,7.96054408815271e+32,9.40440865111841e+31,3.61486964695673e+32,7.90300367446564e+32,7.1905762197964e+29,2.70702608545289e+30,5.75404136870755e+30
102.9,9.40554129835009e+31,3.61451494216124e+32,7.89968655673704e+32,9.33397461569008e+31,3.5875728419825e+32,7.84242042330436e+32,7.15666826600112e+29,2.69421001787422e+30,5.72661334326737e+30
103,9.33545928835816e+31,3.58736045356328e+32,7.83943974065029e+32,9.26422967742889e+31,3.56054575181631e+32,7.78244624366523e+32,7.12296109292689e+29,2.68147017469757e+30,5.69934969850528e+30
103.1,9.26605996570574e+31,3.56047311108025e+32,7.77979597440156e+32,9.19516543394486e+31,3.53378505091519e+32,7.7230734819609e+32,7.08945317608855e+29,2.66880601650668e+30,5.67224924406606e+30
103.2,9.19733503809194e+31,3.53384963282529e+32,7.72074770860917e+32,9.12677360623716e+31,3.50728746316122e+32,7.66429460066237e+32,7.05614318547737e+29,2.65621696640689e+30,5.64531079468005e+30
103.3,9.12927633231422e+31,3.50748678595127e+32,7.66228750798662e+32,9.05904603656814e+31,3.48104976099915e+32,7.60610217623144e+32,7.02302957460765e+29,2.64370249521173e+30,5.61853317551833e+30
103.4,9.06187579647309e+31,3.48138138512987e+32,7.60440804938064e+32,8.99197468637933e+31,3.45506876459129e+32,7.54848889709543e+32,6.99011100937632e+29,2.63126205385832e+30,5.59191522852074e+30
103.5,8.99512549724193e+31,3.45553029220584e+32,7.54710211948738e+32,8.92555163424874e+31,3.42934134098938e+32,7.49144756166335e+32,6.95738629931915e+29,2.61889512164648e+30,5.5654557824028e+30
103.6,8.92901761235933e+31,3.4299304148808e+32,7.49036261334873e+32,8.85976907388837e+31,3.40386440332295e+32,7.43497107638256e+32,6.92485384709549e+29,2.60660115578473e+30,5.5391536966167e+30
103.7,8.86354443738123e+31,3.40457870662818e+32,7.43418253216209e+32,8.79461931218103e+31,3.37863491000386e+32,7.37905245383482e+32,6.89251252002044e+29,2.59437966243214e+30,5.51300783272728e+30
103.8,8.79869837974769e+31,3.37947216496086e+32,7.37855498135729e+32,8.73009476725567e+31,3.3536498639466e+32,7.32368481087102e+32,6.86036124920156e+29,2.58223010142601e+30,5.48701704862676e+30
103.9,8.73447195160577e+31,3.35460783193993e+32,7.32347316881831e+32,8.6661879666004e+31,3.32890631180404e+32,7.26886136678364e+32,6.82839850053764e+29,2.57015201358912e+30,5.46118020346752e+30
104,8.67085777754517e+31,3.32998279193885e+32,7.26893040367429e+32,8.60289154521212e+31,3.30440134321829e+32,7.21457544151598e+32,6.79662323330529e+29,2.55814487205633e+30,5.435496215831e+30
104.1,8.60784858560046e+31,3.30559417260946e+32,7.21492009321238e+32,8.54019824378234e+31,3.28013209008629e+32,7.16082045390747e+32,6.76503418181191e+29,2.54620825231712e+30,5.40996393049062e+30
104.2,8.54543720629706e+31,3.28143914219088e+32,7.16143574332292e+32,8.47810090691808e+31,3.25609572583982e+32,7.10758991997412e+32,6.73362993789753e+29,2.53434163510592e+30,5.38458233488052e+30
104.3,8.48361657017012e+31,3.25751491097947e+32,7.10847095390909e+32,8.41659248139717e+31,3.23228946473964e+32,7.05487745122338e+32,6.70240887729498e+29,2.5225446239834e+30,5.35935026857113e+30
104.4,8.422379704872e+31,3.23381872835013e+32,7.05601941948577e+32,8.35566601445729e+31,3.20871056118341e+32,7.00267675300265e+32,6.67136904147045e+29,2.51081671667134e+30,5.33426664831186e+30
104.5,8.36171973333646e+31,3.21034788388644e+32,7.00407492808178e+32,8.29531465211787e+31,3.18535630902711e+32,6.95098162288057e+32,6.6405081218592e+29,2.49915748593283e+30,5.30933052012084e+30
104.6,8.3016298678767e+31,3.1870997050107e+32,6.952631356744e+32,8.23553163753425e+31,3.16222404091959e+32,6.89978594906049e+32,6.60982303424551e+29,2.48756640911051e+30,5.28454076835056e+30
104.7,8.24210341189322e+31,3.16407155697739e+32,6.90168267363411e+32,8.17631030938333e+31,3.13931112765014e+32,6.84908370882528e+32,6.57931025098921e+29,2.47604293272501e+30,5.2598964808837e+30
104.8,8.18313374142053e+31,3.14126084124645e+32,6.85122293292879e+32,8.11764410028007e+31,3.11661497750851e+32,6.79886896701288e+32,6.54896411404633e+29,2.46458637379348e+30,5.23539659159042e+30
104.9,8.12471433196945e+31,3.11866499476434e+32,6.8012462772011e+32,8.05952653522415e+31,3.09413303565748e+32,6.74913587452184e+32,6.51877967452996e+29,2.45319591068564e+30,5.21104026792604e+30
105,8.06683868988e+31,3.09628148738012e+32,6.75174693109326e+32,8.00195123007612e+31,3.07186278351728e+32,6.69987866684619e+32,6.48874598038768e+29,2.44187038628414e+30,5.18682642470736e+30
105.1,8.00950046945553e+31,3.07410782314905e+32,6.70271920572219e+32,7.9449118900625e+31,3.04980173816201e+32,6.65109166263897e+32,6.4588579393032e+29,2.43060849870402e+30,5.16275430832227e+30
105.2,7.95269324960938e+31,3.05214153252046e+32,6.65415749081823e+32,7.88840230830903e+31,3.02794745172747e+32,6.60276926230387e+32,6.42909413003517e+29,2.4194080792993e+30,5.13882285143585e+30
105.3,7.89641090788669e+31,3.03038018201548e+32,6.60605625814472e+32,7.83241636440171e+31,3.00629751083039e+32,6.55490594661426e+32,6.39945434849799e+29,2.40826711850938e+30,5.11503115304562e+30
105.4,7.84064700171017e+31,3.00882135314209e+32,6.55841005588209e+32,7.77694802297485e+31,2.98484953599868e+32,6.50749627535907e+32,6.36989787353187e+29,2.39718171434185e+30,5.0913780523022e+30
105.5,7.78539576046962e+31,2.98746264360571e+32,6.51121350884486e+32,7.72199133232555e+31,2.96360118111248e+32,6.46053488601487e+32,6.34044281440743e+29,2.38614624932345e+30,5.06786228299843e+30
105.6,7.7306505424089e+31,2.96630175791396e+32,6.46446131344823e+32,7.66754042305421e+31,2.94255013285586e+32,6.41401649244366e+32,6.31101193546844e+29,2.37516250581006e+30,5.04448210045723e+30
105.7,7.67640618721151e+31,2.94533623827565e+32,6.41814823969238e+32,7.61358950673042e+31,2.92169411017881e+32,6.36793588361572e+32,6.28166804810928e+29,2.36421280968374e+30,5.02123560766638e+30
105.8,7.62265567829546e+31,2.92456393998044e+32,6.37226911810607e+32,7.5601328745836e+31,2.90103086376942e+32,6.32228792235703e+32,6.25228037118619e+29,2.35330762110143e+30,4.99811957490376e+30
105.9,7.56939478171658e+31,2.90398241191159e+32,6.3268188557755e+32,7.50716489621806e+31,2.88055817553597e+32,6.27706754412075e+32,6.22298854985187e+29,2.34242363756109e+30,4.97513116547564e+30
106,7.5166159868547e+31,2.88358939576607e+32,6.28179241875931e+32,7.45468001835183e+31,2.86027385809873e+32,6.23226975578209e+32,6.1935968502871e+29,2.33155376673381e+30,4.95226629772176e+30
106.1,7.46431628220447e+31,2.86338290939942e+32,6.23718477962442e+32,7.40267276357884e+31,2.84017575429126e+32,6.18788963445631e+32,6.16435186256284e+29,2.3207155108155e+30,4.9295145168109e+30
106.2,7.41248773823192e+31,2.84336031871927e+32,6.19299108812548e+32,7.35113772915384e+31,2.82026173667104e+32,6.14392232633909e+32,6.13500090780833e+29,2.30985820482388e+30,4.90687617863913e+30
106.3,7.36112861478647e+31,2.82351998240862e+32,6.14920633335139e+32,7.30006958579979e+31,2.80052970703916e+32,6.100363045569e+32,6.10590289866838e+29,2.29902753694603e+30,4.88432877823902e+30
106.4,7.31023092487013e+31,2.80385931871824e+32,6.10582587214647e+32,7.24946307653706e+31,2.78097759596904e+32,6.05720707311146e+32,6.0767848333076e+29,2.28817227492039e+30,4.86187990350066e+30
106.5,7.25979371137699e+31,2.78437697114337e+32,6.06284464071067e+32,7.19931301553406e+31,2.7616033623437e+32,6.01444975566379e+32,6.04806958429313e+29,2.27736087996742e+30,4.83948850468772e+30
106.6,7.20980979672344e+31,2.76507026252391e+32,6.02025820910794e+32,7.14961428697889e+31,2.74240499290177e+32,5.97208650458086e+32,6.01955097445497e+29,2.26652696221463e+30,4.81717045270778e+30
106.7,7.16027629422723e+31,2.74593824577876e+32,5.97806160587406e+32,7.10036184397156e+31,2.72338050179171e+32,5.930112794821e+32,5.99144502556708e+29,2.25577439870532e+30,4.79488110530603e+30
106.8,7.11118960459312e+31,2.72697822792423e+32,5.93625056097765e+32,7.05155070743626e+31,2.70452793013436e+32,5.88852416391156e+32,5.96388971568586e+29,2.24502977898686e+30,4.7726397066091e+30
106.9,7.06254349126747e+31,2.70818957161166e+32,5.89481997315981e+32,7.00317596505344e+31,2.68584534559339e+32,5.84731621093391e+32,5.93675262140265e+29,2.23442260182668e+30,4.75037622259006e+30
107,7.01433289221691e+31,2.68957002708509e+32,5.85376632162735e+32,6.95523277021118e+31,2.66733084195371e+32,5.80648459552733e+32,5.91001220057311e+29,2.22391851313774e+30,4.72817261000245e+30
107.1,6.96655033669452e+31,2.6711179597446e+32,5.81308462085232e+32,6.90771634097543e+31,2.64898253870751e+32,5.76602503691137e+32,5.88339957190923e+29,2.21354210370895e+30,4.70595839409499e+30
107.2,6.9191872711822e+31,2.65283208940976e+32,5.7727706644778e+32,6.86062195907883e+31,2.63079858064787e+32,5.72593331292647e+32,5.85653121033622e+29,2.20335087618871e+30,4.68373515513317e+30
107.3,6.87222988408477e+31,2.63471025761686e+32,5.73282122210333e+32,6.81394496892771e+31,2.61277713746972e+32,5.68620525909225e+32,5.8284915157058e+29,2.19331201471369e+30,4.66159630110856e+30
107.4,6.82566796472618e+31,2.61675042315264e+32,5.69323094699445e+32,6.7676807766268e+31,2.59491640337809e+32,5.64683676768322e+32,5.79871880993751e+29,2.18340197745485e+30,4.6394179311233e+30
107.5,6.77948090205593e+31,2.59894951909339e+32,5.65399829718676e+32,6.72182484902145e+31,2.57721459670338e+32,5.60782378682152e+32,5.76560530344866e+29,2.17349223900172e+30,4.61745103652453e+30
107.6,6.73363677164725e+31,2.58130446707222e+32,5.61511772032704e+32,6.67637271275686e+31,2.55966995952356e+32,5.56916231958628e+32,5.72640588903904e+29,2.16345075486524e+30,4.59554007407641e+30
107.7,6.68812412742794e+31,2.56380852550087e+32,5.57658797466931e+32,6.63131995335409e+31,2.54228075729327e+32,5.53084842313941e+32,5.68041740738513e+29,2.1527768207601e+30,4.5739551529906e+30
107.8,6.64288002447997e+31,2.54645960240446e+32,5.53840387155535e+32,6.58666221430245e+31,2.52504527847941e+32,5.49287820786725e+32,5.62178101775186e+29,2.14143239250449e+30,4.55256636881002e+30
107.9,6.59790636052759e+31,2.52924202751934e+32,5.50056351966345e+32,6.54239519616793e+31,2.50796183420344e+32,5.45524783653797e+32,5.55111643596672e+29,2.12801933159022e+30,4.53156831254755e+30
108,6.55310973625653e+31,2.5121576847624e+32,5.46306182320404e+32,6.49851465571742e+31,2.4910287578899e+32,5.41795352347428e+32,5.45950805391118e+29,2.11289268725004e+30,4.51082997297527e+30
108.1,6.50851198926201e+31,2.4951777279532e+32,5.42589456485856e+32,6.45501640505833e+31,2.4742444049213e+32,5.38099153374109e+32,5.34955842036854e+29,2.09333230318977e+30,4.49030311174728e+30
108.2,6.46398671184116e+31,2.47830728973396e+32,5.38905538000392e+32,6.41189631079334e+31,2.45760715229911e+32,5.34435818234797e+32,5.20904010478216e+29,2.07001374348488e+30,4.46971976559441e+30
108.3,6.41958198047749e+31,2.46150857022544e+32,5.35253669470899e+32,6.36915029318998e+31,2.44111539831078e+32,5.30804983346599e+32,5.04316872875125e+29,2.0393171914658e+30,4.4486861242996e+30
108.4,6.37528744730811e+31,2.44478199072913e+32,5.31632881533906e+32,6.32677432536475e+31,2.42476756220259e+32,5.27206289965865e+32,4.85131219433612e+29,2.00144285265411e+30,4.42659156804097e+30
108.5,6.33098156712826e+31,2.42811616412404e+32,5.28041150672119e+32,6.28476443248143e+31,2.40856208385837e+32,5.23639384112662e+32,4.62171346468301e+29,1.95540802656655e+30,4.40176655945639e+30
108.6,6.28714603752954e+31,2.4114628492246e+32,5.24478439958377e+32,6.24311669096342e+31,2.3924974234838e+32,5.20103916496611e+32,4.40293465661244e+29,1.8965425740805e+30,4.37452346176629e+30
108.7,6.24293590217125e+31,2.39483376985672e+32,5.2094012907923e+32,6.20182722771974e+31,2.37657206129627e+32,5.16599542444039e+32,4.110867445152e+29,1.82617085604439e+30,4.34058663519096e+30
108.8,6.19942287193803e+31,2.37828393966076e+32,5.17424829818412e+32,6.1608922193844e+31,2.36078449722024e+32,5.13125921826441e+32,3.85306525536288e+29,1.7499442440514e+30,4.29890799197025e+30
108.9,6.15607881521383e+31,2.36174714568223e+32,5.13929413699854e+32,6.12030789156902e+31,2.34513325058783e+32,5.09682718990215e+32,3.57709236448086e+29,1.66138950943983e+30,4.24669470963955e+30
109,6.11352835275478e+31,2.34523229936708e+32,5.10451449533691e+32,6.08007051812826e+31,2.32961685984469e+32,5.06269602687633e+32,3.34578346265182e+29,1.56154395223934e+30,4.18184684605778e+30
109.1,6.07152050911871e+31,2.32882685839622e+32,5.06986049370087e+32,6.04017642043795e+31,2.31423388226099e+32,5.02886246009057e+32,3.1344088680755e+29,1.45929761352383e+30,4.09980336103041e+30
109.2,6.03042400515919e+31,2.31268352249355e+32,5.03527719908966e+32,6.00062196668559e+31,2.29898289364741e+32,4.99532326316328e+32,2.9802038473599e+29,1.37006288461404e+30,3.99539359263731e+30
109.3,5.99027323882945e+31,2.29659321100573e+32,5.00090059794615e+32,5.96140357117301e+31,2.28386248807605e+32,4.96207525177355e+32,2.88696676564463e+29,1.27307229296799e+30,3.88253461726001e+30
109.4,5.95088543768174e+31,2.28086603299702e+32,4.96643866470001e+32,5.92251769363099e+31,2.26887127760622e+32,4.92911528301836e+32,2.83677440507495e+29,1.19947553907996e+30,3.73233816816466e+30
109.5,5.91204052342441e+31,2.26540406416179e+32,4.93209647955919e+32,5.88396083854555e+31,2.25400789201484e+32,4.89644025478117e+32,2.80796848788653e+29,1.13961721469522e+30,3.56562247780229e+30
109.6,5.87365613658328e+31,2.25022755732385e+32,4.8979878538316e+32,5.84572955449566e+31,2.23927097853159e+32,4.86404710511151e+32,2.79265820876205e+29,1.09565787922605e+30,3.39407487200877e+30
109.7,5.83561977884322e+31,2.2353306902043e+32,4.86396384004438e+32,5.80782043350232e+31,2.22465920157859e+32,4.83193281161553e+32,2.77993453408974e+29,1.06714886257128e+30,3.20310284288565e+30
109.8,5.79790719159119e+31,2.22069741979106e+32,4.83010053499117e+32,5.77023011038851e+31,2.21017124251446e+32,4.80009439085699e+32,2.76770812026864e+29,1.05261772766037e+30,3.000614413418e+30
109.9,5.7605109765768e+31,2.20623656039078e+32,4.7965934076368e+32,5.73295526215011e+31,2.19580579938285e+32,4.76852889776883e+32,2.75557144266883e+29,1.04307610079358e+30,2.80645098679684e+30
110,5.72342762340038e+31,2.19193420378994e+32,4.76366984154601e+32,5.69599260733736e+31,2.18156158666522e+32,4.73723342507491e+32,2.74350160630197e+29,1.0372617124725e+30,2.64364164711049e+30
110.1,5.68665385293756e+31,2.1777625494068e+32,4.73106289759697e+32,5.6593389054467e+31,2.1674373350378e+32,4.70620510272166e+32,2.73149474908616e+29,1.03252143689978e+30,2.48577948753133e+30
110.2,5.65018446648356e+31,2.16371147280892e+32,4.69906190773539e+32,5.62299095632293e+31,2.15343179113272e+32,4.67544109731972e+32,2.71935101606333e+29,1.02796816761982e+30,2.36208104156729e+30
110.3,5.61399712466397e+31,2.1497783220823e+32,4.66775638798213e+32,5.58694559957125e+31,2.13954371730314e+32,4.64493861159504e+32,2.70515250927236e+29,1.02346047791608e+30,2.28177763870879e+30
110.4,5.57800797906829e+31,2.13596167100185e+32,4.63689147671866e+32,5.55119971397927e+31,2.12577189139241e+32,4.61469488384957e+32,2.68082650890231e+29,1.01897796094356e+30,2.21965928690897e+30
110.5,5.54201949598229e+31,2.12226030732467e+32,4.60650684314133e+32,5.51575021694858e+31,2.11211510650706e+32,4.58470718743103e+32,2.6269279033701e+29,1.01452008176181e+30,2.1799655710302e+30
110.6,5.50601528706606e+31,2.108672988985e+32,4.57656779094755e+32,5.48059406393578e+31,2.09857217079361e+32,4.55497283021192e+32,2.54212231302817e+29,1.0100818191391e+30,2.15949607356253e+30
110.7,5.46966214572985e+31,2.09519792899237e+32,4.54693497601105e+32,5.44572824790282e+31,2.08514190721921e+32,4.52548915407733e+32,2.39338978270326e+29,1.00560217731649e+30,2.14458219337223e+30
110.8,5.43323148394396e+31,2.08182869232216e+32,4.51759230202467e+32,5.41114979877647e+31,2.07182315335585e+32,4.49625353442148e+32,2.20816851674925e+29,1.0005538966308e+30,2.13387676031971e+30
110.9,5.39654636786877e+31,2.06854917610327e+32,4.48850671338575e+32,5.37685578291669e+31,2.05861476116824e+32,4.46726337965288e+32,1.96905849520887e+29,9.93441493503409e+29,2.12433337328694e+30
111,5.35984911844124e+31,2.05532059322954e+32,4.45966620800203e+32,5.34284330259378e+31,2.04551559680518e+32,4.43851613070782e+32,1.70058158474598e+29,9.80499642435277e+29,2.11500772942091e+30
111.1,5.32346267942493e+31,2.04212435130286e+32,4.43106679710601e+32,5.30910949547418e+31,2.03252454039448e+32,4.41000926057211e+32,1.43531839507482e+29,9.59981090838862e+29,2.10575365338987e+30
111.2,5.28756275859008e+31,2.02886247792468e+32,4.40270578168699e+32,5.27565153411463e+31,2.01964048584115e+32,4.38174027381093e+32,1.19112244754477e+29,9.22199208352814e+29,2.09655078760596e+30
111.3,5.25198776071197e+31,2.01552928377189e+32,4.37458069047137e+32,5.24246662546475e+31,2.00686234062911e+32,4.35370670610655e+32,9.52113524722415e+28,8.66694314278243e+29,2.08739843648198e+30
111.4,5.21693339125928e+31,2.00220947947585e+32,4.34668903912466e+32,5.20955201037761e+31,1.99418902562601e+32,4.32590612380385e+32,7.38138088167161e+28,8.02045384983674e+29,2.07829153208105e+30
111.5,5.18256393316141e+31,1.98877085466347e+32,4.3190278078076e+32,5.17690496312844e+31,1.98161947489138e+32,4.29833612346345e+32,5.65897003297568e+28,7.15137977209203e+29,2.06916843441478e+30
111.6,5.14871309455514e+31,1.97535833288287e+32,4.29158912601953e+32,5.14452279094105e+31,1.96915263548787e+32,4.27099433142237e+32,4.19030361409633e+28,6.20569739499494e+29,2.0594794597162e+30
111.7,5.11552150751703e+31,1.96209876920015e+32,4.26435054662534e+32,5.11240283352203e+31,1.95678746729565e+32,4.24387840336189e+32,3.11867399500166e+28,5.31130190449449e+29,2.04721432634445e+30
111.8,5.08266784772414e+31,1.94887002524447e+32,4.23727484542171e+32,5.08054246260248e+31,1.94452294282979e+32,4.21698602388281e+32,2.12538512166233e+28,4.34708241467425e+29,2.02888215388961e+30
111.9,5.05043793297291e+31,1.93579214678186e+32,4.21030606713637e+32,5.04893908148714e+31,1.93235804706066e+32,4.19031490608758e+32,1.49885148577515e+28,3.43409972119339e+29,1.99911610487922e+30
112,5.01856854856317e+31,1.9229562124591e+32,4.1833407563262e+32,5.01759012461083e+31,1.92029177723728e+32,4.16386279116949e+32,9.78423952342982e+27,2.66443522182359e+29,1.94779651567088e+30
112.1,4.98715874338501e+31,1.91036502710602e+32,4.15631797598428e+32,4.98649305710201e+31,1.90832314271346e+32,4.13762744800859e+32,6.6568628299457e+27,2.04188439255807e+29,1.86905279756977e+30
112.2,4.95607593886323e+31,1.89790703256607e+32,4.1293087438098e+32,4.95564537435341e+31,1.8964511647769e+32,4.11160667277432e+32,4.30564509815541e+27,1.4558677891643e+29,1.77020710354804e+30
112.3,4.92534697860178e+31,1.88574421484794e+32,4.10209514582831e+32,4.92504460159946e+31,1.88467487648094e+32,4.08579828853467e+32,3.0237700231309e+27,1.06933836700497e+29,1.62968572936331e+30
112.4,4.89490752728796e+31,1.87374032555319e+32,4.07484158225524e+32,4.89468829350059e+31,1.87299332247904e+32,4.06020014487179e+32,2.19233787365429e+27,7.47003074147427e+28,1.46414373834439e+30
112.5,4.86475499751035e+31,1.86191453637481e+32,4.04777984296177e+32,4.86457403373408e+31,1.86140555886207e+32,4.03481011750385e+32,1.80963776267125e+27,5.08977512745489e+28,1.29697254579145e+30
112.6,4.83486138049656e+31,1.850248182173e+32,4.02058305415455e+32,4.83469943459153e+31,1.849910652998e+32,4.00962610791317e+32,1.61945905033469e+27,3.37529174999794e+28,1.09569462413844e+30
112.7,4.76422361517407e+31,1.83873352713162e+32,3.99372601996367e+32,4.76406750373521e+31,1.83850768337436e+32,3.98464604298035e+32,1.56111438861334e+27,2.25843757254163e+28,9.07997698331479e+29
112.8,4.73499560778766e+31,1.82734357382924e+32,3.9672344581205e+32,4.73484109895753e+31,1.82719573944313e+32,3.95986787462445e+32,1.54508830133255e+27,1.47834386105664e+28,7.36658349605022e+29
112.9,4.70599959386137e+31,1.78692836270136e+32,3.94111941400283e+32,4.70584641101105e+31,1.78682508583089e+32,3.9352895794489e+32,1.53182850317478e+27,1.0327687046807e+28,5.82983455393151e+29
113,4.67723087656826e+31,1.77589632613202e+32,3.91525522439053e+32,4.67708116891072e+31,1.77581750245719e+32,3.91090915839329e+32,1.49707657542615e+27,7.88236748371765e+27,4.34606599723748e+29
113.1,4.64868637734238e+31,1.76496376431869e+32,3.89000867190468e+32,4.64854312831967e+31,1.76489760397962e+32,3.88672463639072e+32,1.43249022710625e+27,6.61603390639566e+27,3.28403551395278e+29
113.2,4.62036360105835e+31,1.75412553126573e+32,3.86509436499768e+32,4.6202300711839e+31,1.75406452658122e+32,3.8627340620307e+32,1.33529874448762e+27,6.10046845075864e+27,2.36030296698261e+29
113.3,4.59226047232384e+31,1.74337647273148e+32,3.75335901616051e+32,4.59213980537249e+31,1.74331741663702e+32,3.75168811969554e+32,1.20666951343167e+27,5.90560944664202e+27,1.67089646497175e+29
113.4,4.56437771175912e+31,1.73271358811581e+32,3.72956101597066e+32,4.56427016432368e+31,1.73265543057351e+32,3.72845327580806e+32,1.07547435437115e+27,5.81575422980291e+27,1.10774016259782e+29
113.5,4.5367111321508e+31,1.72213449560142e+32,3.70616849435826e+32,4.5366190066963e+31,1.72207773473032e+32,3.70540465390689e+32,9.21254545035001e+26,5.67608711019331e+27,7.63840451378062e+28
113.6,4.50926122348971e+31,1.71163807437363e+32,3.68304303157949e+32,4.50918421602679e+31,1.71158350522402e+32,3.68254040698691e+32,7.70074629203659e+26,5.45691496141025e+27,5.02624592571104e+28
113.7,4.48202776322332e+31,1.70122303155641e+32,3.66019473341451e+32,4.48196370039149e+31,1.70117192781414e+32,3.65985870999437e+32,6.40628318283106e+26,5.11037422713542e+27,3.360234201468e+28
113.8,4.45500622048783e+31,1.69088891848642e+32,3.63759419605223e+32,4.45495539207419e+31,1.69084219777125e+32,3.63735775952171e+32,5.0828413640387e+26,4.67207151674171e+27,2.36436530517825e+28
113.9,4.4281977433243e+31,1.68063507139751e+32,3.6152119219725e+32,4.42815724723888e+31,1.68059351974714e+32,3.61503577350748e+32,4.04960854185179e+26,4.15516503648031e+27,1.76148465018548e+28
114,4.40159791601612e+31,1.67046124678183e+32,3.59303713355198e+32,4.40156724560754e+31,1.670425107647e+32,3.59289099094084e+32,3.06704085797561e+26,3.61391348336405e+27,1.4614261113547e+28
114.1,4.37520678774758e+31,1.66036715240109e+32,3.57105296480657e+32,4.37518339014293e+31,1.6603361845036e+32,3.57092167157088e+32,2.33976046490748e+26,3.09678974864261e+27,1.31293235688198e+28
114.2,4.34902063352125e+31,1.65035136600019e+32,3.54925133527187e+32,4.34900370673626e+31,1.65032598235349e+32,3.54912609562046e+32,1.69267849942951e+26,2.53836466977557e+27,1.25239651409514e+28
114.3,4.32303858198221e+31,1.64041455726925e+32,3.52762359899878e+32,4.32302624389968e+31,1.64039374211503e+32,3.52750256350465e+32,1.23380825357384e+26,2.08151542213961e+27,1.21035494125074e+28
114.4,4.29725758824829e+31,1.63055502380108e+32,3.50616644833017e+32,4.2972490724635e+31,1.63053871346838e+32,3.50604939555354e+32,8.51578479680087e+25,1.63103327066281e+27,1.17052776633947e+28
114.5,4.27167619401266e+31,1.62077294065963e+32,3.48487595055863e+32,4.27167028527806e+31,1.62076015473734e+32,3.48476493173945e+32,5.90873460628024e+25,1.2785922293493e+27,1.11018819187212e+28
114.6,4.24629187898166e+31,1.61106690061261e+32,3.46375103293949e+32,4.24628799692015e+31,1.61105733277301e+32,3.46364753140843e+32,3.88206151208946e+25,9.56783959925358e+26,1.03501531061158e+28
114.7,4.22110290021912e+31,1.60143670272273e+32,3.44278902415446e+32,4.22110034340392e+31,1.60142952283924e+32,3.44269557301594e+32,2.55681519909945e+25,7.17988349492204e+26,9.34511385205908e+27
114.8,4.19610708611226e+31,1.5918811749842e+32,3.42199042440169e+32,4.19610548189621e+31,1.59187600849982e+32,3.42190745386673e+32,1.60421604934946e+25,5.16648438098738e+26,8.29705349572832e+27
114.9,4.17130260366185e+31,1.58239975381786e+32,3.40135342722804e+32,4.17130159043621e+31,1.58239608150748e+32,3.40128158985868e+32,1.01322564347207e+25,3.67231037707495e+26,7.18373693640367e+27
115,4.14668749539725e+31,1.57299155484629e+32,3.38087674252744e+32,4.14668686765934e+31,1.57298904169453e+32,3.38081641523071e+32,6.27737908919977e+24,2.51315176637743e+26,6.03272967299638e+27
115.1,4.12225994135153e+31,1.56365589349916e+32,3.36056021166122e+32,4.1222595325254e+31,1.56365419686515e+32,3.36051038231458e+32,4.08826129451095e+24,1.69663400727404e+26,4.9829346630791e+27
115.2,4.09801810871616e+31,1.55439196047111e+32,3.34040189128547e+32,4.09801782405074e+31,1.55439086268942e+32,3.34036196129059e+32,2.84665420569025e+24,1.09778168111969e+26,3.99299948757246e+27
115.3,4.07396022613989e+31,1.54519906460784e+32,3.32040113458734e+32,4.07396000104452e+31,1.54519836259888e+32,3.32036963994694e+32,2.2509536612531e+24,7.02008961197011e+25,3.14946403990395e+27
115.4,4.05008454130276e+31,1.5360764595051e+32,3.30055605224155e+32,4.05008434184896e+31,1.53607602768369e+32,3.30053192344297e+32,1.99453795010819e+24,4.31821411921298e+25,2.41287985808453e+27
115.5,4.02638933569641e+31,1.52702346437116e+32,3.28086548937868e+32,4.02638914408347e+31,1.52702319659142e+32,3.28084733407591e+32,1.91612932926947e+24,2.67779740188953e+25,1.81553027726591e+27
115.6,4.00287291447254e+31,1.51803938288483e+32,3.26132771107799e+32,4.00287272439261e+31,1.51803921542725e+32,3.26131441105132e+32,1.90079936810955e+24,1.67457572278941e+25,1.33000266690248e+27
115.7,3.97953360679473e+31,1.50912355356119e+32,3.24194124487827e+32,3.97953341819785e+31,1.50912343765585e+32,3.24193171025699e+32,1.88596884283957e+24,1.15905336393769e+25,9.53462127905978e+26
115.8,3.95636976328045e+31,1.50027531324306e+32,3.22270450358007e+32,3.95636957945303e+31,1.50027522400455e+32,3.22269780404035e+32,1.8382741966737e+24,8.92385056280559e+24,6.69953971530493e+26
115.9,3.93337975499793e+31,1.49149401980021e+32,3.20361590387079e+32,3.93337958040351e+31,1.49149394236812e+32,3.20361128098928e+32,1.74594413520857e+24,7.74320882301145e+24,4.62288151051203e+26
116,3.91056197243067e+31,1.48277904154126e+32,3.18467380239849e+32,3.91056181134882e+31,1.48277896771489e+32,3.18467074571622e+32,1.61081842184154e+24,7.38263732509602e+24,3.05668226859749e+26
116.1,3.88791482483217e+31,1.47412975486085e+32,3.16587678753408e+32,3.88791468040891e+31,1.47412968199434e+32,3.16587481864562e+32,1.4442326451104e+24,7.28665060011071e+24,1.9688884615926e+26
116.2,3.86543673930641e+31,1.46554554603241e+32,3.14722336813255e+32,3.86543661329382e+31,1.46554547404604e+32,3.14722213580463e+32,1.26012582827699e+24,7.19863682477418e+24,1.232327926787e+26
116.3,3.84312616039225e+31,1.4570258095316e+32,3.12871211582766e+32,3.84312605307686e+31,1.45702573950994e+32,3.12871134861689e+32,1.07315389914676e+24,7.0021662862345e+24,7.67210773680505e+25
116.4,3.82098155091431e+31,1.44856994707496e+32,3.110341598087e+32,3.82098145997097e+31,1.44856988073802e+32,3.11034112369955e+32,9.09433426105451e+23,6.63369341409091e+24,4.74387447226278e+25
116.5,3.79900138542574e+31,1.44017736822663e+32,3.09211044988534e+32,3.79900131110854e+31,1.4401773067073e+32,3.09211014266329e+32,7.43171972287661e+23,6.15193323236477e+24,3.07222055599158e+25
116.6,3.77718415998971e+31,1.4318474882688e+32,3.07401732094424e+32,3.7771841003244e+31,1.43184743293399e+32,3.07401710191534e+32,5.96653146258467e+23,5.53348032620399e+24,2.19028904863249e+25
116.7,3.75552838583361e+31,1.42357973034649e+32,3.05606088910411e+32,3.75552833794199e+31,1.42357968138914e+32,3.05606071246553e+32,4.78916261445757e+23,4.89573419964738e+24,1.7663857819272e+25
116.8,3.73403258778518e+31,1.41537352244142e+32,3.0382398595356e+32,3.73403255056268e+31,1.41537348041532e+32,3.03823969973524e+32,3.72225003860804e+23,4.20260928661761e+24,1.59800368373349e+25
116.9,3.71269530939614e+31,1.40722829992866e+32,3.02055295790276e+32,3.7126952808582e+31,1.40722826464468e+32,3.02055280336912e+32,2.85379437253152e+23,3.5283987665653e+24,1.54533636152972e+25
117,3.69151510918809e+31,1.39914350433601e+32,3.00299892967971e+32,3.69151508736605e+31,1.39914347491812e+32,3.00299877704981e+32,2.18220402170844e+23,2.94178943358762e+24,1.52629900421358e+25
117.1,3.67049056053994e+31,1.39111858202756e+32,2.98557653784302e+32,3.67049054428795e+31,1.39111855820574e+32,2.98557638831523e+32,1.62519868079893e+23,2.38218200318735e+24,1.49527787601624e+25
117.2,3.6496202533336e+31,1.38315298669025e+32,2.96828456236991e+32,3.64962024129116e+31,1.38315296752839e+32,2.96828441837874e+32,1.20424346139618e+23,1.91618616133422e+24,1.43991168599526e+25
117.3,3.62890279202025e+31,1.3752461768866e+32,2.95112179668091e+32,3.62890278331276e+31,1.3752461618804e+32,2.95112166195192e+32,8.70748907153853e+22,1.50062044751918e+24,1.34728988218173e+25
117.4,3.60833679657289e+31,1.36739761784361e+32,2.93408705077582e+32,3.60833679036668e+31,1.36739760615341e+32,2.93408692706995e+32,6.20621822532516e+22,1.1690204444032e+24,1.23705868514449e+25
117.5,3.58792090172459e+31,1.35960677993516e+32,2.91717914484499e+32,3.5879208973536e+31,1.35960677106136e+32,2.91717903491967e+32,4.3709884883041e+22,8.87379994569065e+23,1.09925318674484e+25
117.6,3.56765375688232e+31,1.35187313976782e+32,2.90039691609322e+32,3.5676537538736e+31,1.35187313306656e+32,2.90039681967008e+32,3.00872245357803e+22,6.70125719955212e+23,9.64231435190021e+24
117.7,3.54753402607807e+31,1.34419617924048e+32,2.88373921012702e+32,3.54753402404138e+31,1.34419617430678e+32,2.88373912830539e+32,2.03668374023288e+22,4.93370494657083e+23,8.18216267110145e+24
117.8,3.52756038764773e+31,1.33657538613164e+32,2.86720488940177e+32,3.52756038630435e+31,1.33657538252347e+32,2.86720482046058e+32,1.34337590172381e+22,3.60816426332066e+23,6.89411877038092e+24
117.9,3.50773153412794e+31,1.32901025355439e+32,2.85079282445621e+32,3.50773153326312e+31,1.32901025099102e+32,2.85079276825927e+32,8.64822232770604e+21,2.5633682817133e+23,5.61969384000015e+24
118,3.48804617203265e+31,1.32150028023528e+32,2.83450190187614e+32,3.48804617149474e+31,1.32150027844696e+32,2.83450185615407e+32,5.37914186817564e+21,1.78832253243657e+23,4.57220680050256e+24
118.1,3.46850302169973e+31,1.31404497023884e+32,2.81833101669999e+32,3.46850302137832e+31,1.31404496902326e+32,2.8183309807692e+32,3.21414545476715e+21,1.21557985279997e+23,3.59307946842235e+24
118.2,3.44910081710416e+31,1.30664383299061e+32,2.80227907903051e+32,3.44910081692327e+31,1.30664383217859e+32,2.80227905074546e+32,1.80895002897373e+21,8.12014489265979e+22,2.82850566462594e+24
118.3,3.42983830569268e+31,1.29929638315419e+32,2.78634500817981e+32,3.42983830559991e+31,1.29929638263152e+32,2.78634498658742e+32,9.2769593303068e+20,5.22666234171174e+22,2.159238436556e+24
118.4,3.41071424821017e+31,1.29200214062252e+32,2.77052773667773e+32,3.41071424817249e+31,1.29200214029474e+32,2.7705277205129e+32,3.76767918766872e+20,3.27784429049991e+22,1.61648233230918e+24
118.5,3.39172741854152e+31,1.28476063040602e+32,2.75482620842875e+32,3.39172741853464e+31,1.28476063021016e+32,2.75482619630456e+32,6.88043046537928e+19,1.95863916707213e+22,1.21241869009415e+24
118.6,3.37287660354708e+31,1.27757138260128e+32,2.73923937793991e+32,3.37287660354708e+31,1.277571382485e+32,2.73923936916369e+32,2.99631485394346e+16,1.16285901560717e+22,8.77622216344585e+23
118.7,3.35416060287767e+31,1.27043393229011e+32,2.72376621192366e+32,3.35416060287767e+31,1.27043393222872e+32,2.72376620556609e+32,4218558959861.48,6.13906098063091e+21,6.35756996032043e+23
118.8,3.33557822884372e+31,1.26334781951949e+32,2.70840568753679e+32,3.33557822884372e+31,1.26334781949096e+32,2.70840568312012e+32,110218812.544267,2.85337075091598e+21,4.41666907843142e+23
118.9,3.31712830625653e+31,1.25631258920956e+32,2.69315679349501e+32,3.31712830625653e+31,1.2563125892002e+32,2.69315679042666e+32,7904.58367280839,9.36595435074213e+20,3.06835662513481e+23
119,3.29880967226804e+31,1.24932779110512e+32,2.67801852898841e+32,3.29880967226804e+31,1.24932779110346e+32,2.67801852694117e+32,0.966792456702911,1.65504225590162e+20,2.04723808849053e+23
119.1,3.28062117621978e+31,1.24239297970678e+32,2.66298990419219e+32,3.28062117621978e+31,1.24239297970676e+32,2.66298990283777e+32,4.54655007459199e-05,2.55411207860268e+18,1.35441997059038e+23
119.2,3.26256167949377e+31,1.23550771421639e+32,2.6480699397442e+32,3.26256167949377e+31,1.23550771421639e+32,2.64806993887516e+32,8.23359353743552e-10,3.5755108640141e+16,8.69040633282455e+22
119.3,3.24463005536565e+31,1.22867155848116e+32,2.63325766680422e+32,3.24463005536565e+31,1.22867155848116e+32,2.63325766626455e+32,6.67414679204762e-14,295345676886529,5.39661010026202e+22
119.4,3.22682518885979e+31,1.22188408093526e+32,2.61855212685427e+32,3.22682518885979e+31,1.22188408093526e+32,2.61855212653949e+32,2.94667835810684e-18,2176640174773.65,3.14789057225636e+22
119.5,3.2091459766064e+31,1.21514485454208e+32,2.60395237160118e+32,3.2091459766064e+31,1.21514485454208e+32,2.60395237142742e+32,7.09200716245571e-23,22294864359.7705,1.73759369799376e+22
119.6,3.19159132670069e+31,1.20845345673878e+32,2.58945746281285e+32,3.19159132670069e+31,1.20845345673878e+32,2.58945746272325e+32,9.31638427645938e-28,134417983.655149,8.96036931218774e+21
119.7,3.17416015856398e+31,1.2018094693816e+32,2.5750664721988e+32,3.17416015856398e+31,1.2018094693816e+32,2.57506647216457e+32,6.67623939417063e-33,537918.709104197,3.42282047466052e+21
119.8,3.15685140280667e+31,1.19521247869194e+32,2.56077848131646e+32,3.15685140280667e+31,1.19521247869194e+32,2.56077848130874e+32,6.2152335463042e-37,4314.321991471,7.72479211590937e+20
119.9,3.13966400109316e+31,1.18866207520324e+32,2.5465925814122e+32,3.13966400109316e+31,1.18866207520324e+32,2.54659258141161e+32,7.45105119471417e-43,25.5874290077333,5.92996830106406e+19
120,3.12259690600867e+31,1.1821578537086e+32,2.53250787330814e+32,3.12259690600867e+31,1.1821578537086e+32,2.5325078733081e+32,0,0.111906801287016,3.62829109041827e+18
120.1,3.1056490809278e+31,1.17569941320901e+32,2.51852346729436e+32,3.1056490809278e+31,1.17569941320901e+32,2.51852346729436e+32,0,0.00036240389325828,1.76822630144589e+17
120.2,3.08881949988499e+31,1.1692863568625e+32,2.50463848301156e+32,3.08881949988499e+31,1.1692863568625e+32,2.50463848301156e+32,0,4.01268223249604e-06,6.84045798942936e+15
120.3,3.07210714744672e+31,1.1629182919338e+32,2.49085204933145e+32,3.07210714744672e+31,1.1629182919338e+32,2.49085204933145e+32,0,7.67894393210554e-09,318732019397532
120.4,3.05551101858549e+31,1.15659482974483e+32,2.47716330424341e+32,3.05551101858549e+31,1.15659482974483e+32,2.47716330424341e+32,0,0,11927441421143.1
120.5,3.03903011855546e+31,1.15031558562579e+32,2.46357139474312e+32,3.03903011855546e+31,1.15031558562579e+32,2.46357139474312e+32,0,0,340416362593.134
120.6,3.02266346276987e+31,1.14408017886702e+32,2.45007547672278e+32,3.02266346276987e+31,1.14408017886702e+32,2.45007547672278e+32,0,0,13709368553.7782
120.7,3.00641007668011e+31,1.13788823267137e+32,2.43667471486289e+32,3.00641007668011e+31,1.13788823267137e+32,2.43667471486289e+32,0,0,451605953.245198
120.8,2.99026899565638e+31,1.13173937410742e+32,2.42336828252547e+32,2.99026899565638e+31,1.13173937410742e+32,2.42336828252547e+32,0,0,12289260.0609302
120.9,2.97423926487009e+31,1.12563323406317e+32,2.41015536164887e+32,2.97423926487009e+31,1.12563323406317e+32,2.41015536164887e+32,0,0,270176.918685256
121,2.95831993917772e+31,1.11956944720045e+32,2.39703514264395e+32,2.95831993917772e+31,1.11956944720045e+32,2.39703514264395e+32,0,0,13351.3566035119
121.1,2.94251008300636e+31,1.11354765190993e+32,2.38400682429171e+32,2.94251008300636e+31,1.11354765190993e+32,2.38400682429171e+32,0,0,168.257072766128
121.2,2.92680877024075e+31,1.1075674902668e+32,2.37106961364239e+32,2.92680877024075e+31,1.1075674902668e+32,2.37106961364239e+32,0,0,0
121.3,2.91121508411187e+31,1.10162860798692e+32,2.35822272591591e+32,2.91121508411187e+31,1.10162860798692e+32,2.35822272591591e+32,0,0,0
121.4,2.89572811708699e+31,1.09573065438372e+32,2.34546538440372e+32,2.89572811708699e+31,1.09573065438372e+32,2.34546538440372e+32,0,0,0
121.5,2.88034697076123e+31,1.08987328232558e+32,2.33279682037193e+32,2.88034697076123e+31,1.08987328232558e+32,2.33279682037193e+32,0,0,0
121.6,2.86507075575062e+31,1.08405614819384e+32,2.32021627296591e+32,2.86507075575062e+31,1.08405614819384e+32,2.32021627296591e+32,0,0,0
121.7,2.84989859158646e+31,1.07827891184134e+32,2.307722989116e+32,2.84989859158646e+31,1.07827891184134e+32,2.307722989116e+32,0,0,0
121.8,2.83482960661129e+31,1.07254123655156e+32,2.29531622344473e+32,2.83482960661129e+31,1.07254123655156e+32,2.29531622344473e+32,0,0,0
121.9,2.81986293787606e+31,1.06684278899828e+32,2.28299523817511e+32,2.81986293787606e+31,1.06684278899828e+32,2.28299523817511e+32,0,0,0
122,2.80499773103878e+31,1.06118323920581e+32,2.27075930304029e+32,2.80499773103878e+31,1.06118323920581e+32,2.27075930304029e+32,0,0,0
122.1,2.79023314026451e+31,1.05556226050969e+32,2.25860769519445e+32,2.79023314026451e+31,1.05556226050969e+32,2.25860769519445e+32,0,0,0
122.2,2.77556832812666e+31,1.04997952951803e+32,2.24653969912481e+32,2.77556832812666e+31,1.04997952951803e+32,2.24653969912481e+32,0,0,0
122.3,2.76100246550956e+31,1.04443472607325e+32,2.23455460656491e+32,2.76100246550956e+31,1.04443472607325e+32,2.23455460656491e+32,0,0,0
122.4,2.74653473151245e+31,1.03892753321442e+32,2.22265171640909e+32,2.74653473151245e+31,1.03892753321442e+32,2.22265171640909e+32,0,0,0
122.5,2.73216431335458e+31,1.03345763714003e+32,2.21083033462801e+32,2.73216431335458e+31,1.03345763714003e+32,2.21083033462801e+32,0,0,0
122.6,2.71789040628167e+31,1.02802472717132e+32,2.19908977418543e+32,2.71789040628167e+31,1.02802472717132e+32,2.19908977418543e+32,0,0,0
122.7,2.70371221347357e+31,1.02262849571606e+32,2.18742935495607e+32,2.70371221347357e+31,1.02262849571606e+32,2.18742935495607e+32,0,0,0
122.8,2.68962894595316e+31,1.0172686382328e+32,2.17584840364452e+32,2.68962894595316e+31,1.0172686382328e+32,2.17584840364452e+32,0,0,0
122.9,2.67563982249635e+31,1.01194485319563e+32,2.16434625370532e+32,2.67563982249635e+31,1.01194485319563e+32,2.16434625370532e+32,0,0,0
123,2.66174406954342e+31,1.00665684205941e+32,2.15292224526407e+32,2.66174406954342e+31,1.00665684205941e+32,2.15292224526407e+32,0,0,0
123.1,2.6479409211114e+31,1.00140430922539e+32,2.1415757250396e+32,2.6479409211114e+31,1.00140430922539e+32,2.1415757250396e+32,0,0,0
123.2,2.63422961870762e+31,9.96186962007365e+31,2.13030604626718e+32,2.63422961870762e+31,9.96186962007365e+31,2.13030604626718e+32,0,0,0
123.3,2.6206094112444e+31,9.91004510598216e+31,2.11911256862275e+32,2.6206094112444e+31,9.91004510598216e+31,2.11911256862275e+32,0,0,0
123.4,2.60707955495488e+31,9.85856668036943e+31,2.10799465814818e+32,2.60707955495488e+31,9.85856668036943e+31,2.10799465814818e+32,0,0,0
123.5,2.59363931330987e+31,9.80743150176082e+31,2.09695168717747e+32,2.59363931330987e+31,9.80743150176082e+31,2.09695168717747e+32,0,0,0
123.6,2.58028795693587e+31,9.75663675649577e+31,2.08598303426401e+32,2.58028795693587e+31,9.75663675649577e+31,2.08598303426401e+32,0,0,0
123.7,2.56702476353406e+31,9.70617965841056e+31,2.07508808410871e+32,2.56702476353406e+31,9.70617965841056e+31,2.07508808410871e+32,0,0,0
123.8,2.55384901780043e+31,9.65605744852539e+31,2.06426622748916e+32,2.55384901780043e+31,9.65605744852539e+31,2.06426622748916e+32,0,0,0
123.9,2.54076001134687e+31,9.60626739473535e+31,2.05351686118969e+32,2.54076001134687e+31,9.60626739473535e+31,2.05351686118969e+32,0,0,0
124,2.52775704262331e+31,9.55680679150549e+31,2.04283938793231e+32,2.52775704262331e+31,9.55680679150549e+31,2.04283938793231e+32,0,0,0
124.1,2.51483941684085e+31,9.5076729595699e+31,2.03223321630868e+32,2.51483941684085e+31,9.5076729595699e+31,2.03223321630868e+32,0,0,0
124.2,2.50200644589591e+31,9.45886324563455e+31,2.02169776071279e+32,2.50200644589591e+31,9.45886324563455e+31,2.02169776071279e+32,0,0,0
124.3,2.48925744829531e+31,9.41037502208413e+31,2.01123244127473e+32,2.48925744829531e+31,9.41037502208413e+31,2.01123244127473e+32,0,0,0
124.4,2.47659174908231e+31,9.36220568669257e+31,2.00083668379513e+32,2.47659174908231e+31,9.36220568669257e+31,2.00083668379513e+32,0,0,0
124.5,2.46400867976367e+31,9.31435266233732e+31,1.99050991968062e+32,2.46400867976367e+31,9.31435266233732e+31,1.99050991968062e+32,0,0,0
124.6,2.45150757823752e+31,9.26681339671731e+31,1.98025158588002e+32,2.45150757823752e+31,9.26681339671731e+31,1.98025158588002e+32,0,0,0
124.7,2.43908778872227e+31,9.21958536207457e+31,1.97006112482141e+32,2.43908778872227e+31,9.21958536207457e+31,1.97006112482141e+32,0,0,0
124.8,2.42674866168635e+31,9.17266605491933e+31,1.95993798434998e+32,2.42674866168635e+31,9.17266605491933e+31,1.95993798434998e+32,0,0,0
124.9,2.41448955377883e+31,9.12605299575877e+31,1.94988161766678e+32,2.41448955377883e+31,9.12605299575877e+31,1.94988161766678e+32,0,0,0
125,2.40230982776102e+31,9.0797437288291e+31,1.93989148326813e+32,2.40230982776102e+31,9.0797437288291e+31,1.93989148326813e+32,0,0,0
125.1,2.39020885243883e+31,9.03373582183116e+31,1.92996704488589e+32,2.39020885243883e+31,9.03373582183116e+31,1.92996704488589e+32,0,0,0
125.2,2.37818600259602e+31,8.98802686566934e+31,1.92010777142856e+32,2.37818600259602e+31,8.98802686566934e+31,1.92010777142856e+32,0,0,0
125.3,2.3662406589283e+31,8.94261447419385e+31,1.91031313692294e+32,2.3662406589283e+31,8.94261447419385e+31,1.91031313692294e+32,0,0,0
125.4,2.35437220797829e+31,8.89749628394626e+31,1.90058262045681e+32,2.35437220797829e+31,8.89749628394626e+31,1.90058262045681e+32,0,0,0
125.5,2.34258004207122e+31,8.85266995390823e+31,1.89091570612211e+32,2.34258004207122e+31,8.85266995390823e+31,1.89091570612211e+32,0,0,0
125.6,2.33086355925154e+31,8.80813316525347e+31,1.88131188295898e+32,2.33086355925154e+31,8.80813316525347e+31,1.88131188295898e+32,0,0,0
125.7,2.31922216322021e+31,8.76388362110281e+31,1.87177064490047e+32,2.31922216322021e+31,8.76388362110281e+31,1.87177064490047e+32,0,0,0
125.8,2.30765526327287e+31,8.71991904628236e+31,1.86229149071799e+32,2.30765526327287e+31,8.71991904628236e+31,1.86229149071799e+32,0,0,0
125.9,2.29616227423874e+31,8.67623718708474e+31,1.8528739239674e+32,2.29616227423874e+31,8.67623718708474e+31,1.8528739239674e+32,0,0,0
126,2.28474261642031e+31,8.63283581103327e+31,1.84351745293586e+32,2.28474261642031e+31,8.63283581103327e+31,1.84351745293586e+32,0,0,0
126.1,2.27339571553372e+31,8.58971270664918e+31,1.83422159058926e+32,2.27339571553372e+31,8.58971270664918e+31,1.83422159058926e+32,0,0,0
126.2,2.26212100264997e+31,8.54686568322166e+31,1.82498585452044e+32,2.26212100264997e+31,8.54686568322166e+31,1.82498585452044e+32,0,0,0
126.3,2.25091791413678e+31,8.5042925705809e+31,1.81580976689793e+32,2.25091791413678e+31,8.5042925705809e+31,1.81580976689793e+32,0,0,0
126.4,2.23978589160123e+31,8.46199121887382e+31,1.80669285441548e+32,2.23978589160123e+31,8.46199121887382e+31,1.80669285441548e+32,0,0,0
126.5,2.22872438183307e+31,8.41995949834276e+31,1.7976346482421e+32,2.22872438183307e+31,8.41995949834276e+31,1.7976346482421e+32,0,0,0
126.6,2.21773283674876e+31,8.37819529910681e+31,1.7886346839728e+32,2.21773283674876e+31,8.37819529910681e+31,1.7886346839728e+32,0,0,0
126.7,2.20681071333618e+31,8.33669653094588e+31,1.77969250157994e+32,2.20681071333618e+31,8.33669653094588e+31,1.77969250157994e+32,0,0,0
126.8,2.19595747360002e+31,8.29546112308748e+31,1.7708076453652e+32,2.19595747360002e+31,8.29546112308748e+31,1.7708076453652e+32,0,0,0
126.9,2.18517258450788e+31,8.25448702399618e+31,1.76197966391212e+32,2.18517258450788e+31,8.25448702399618e+31,1.76197966391212e+32,0,0,0
127,2.17445551793697e+31,8.21377220116553e+31,1.75320811003927e+32,2.17445551793697e+31,8.21377220116553e+31,1.75320811003927e+32,0,0,0
127.1,2.16380575062151e+31,8.17331464091274e+31,1.74449254075398e+32,2.16380575062151e+31,8.17331464091274e+31,1.74449254075398e+32,0,0,0
127.2,2.15322276410078e+31,8.13311234817576e+31,1.73583251720664e+32,2.15322276410078e+31,8.13311234817576e+31,1.73583251720664e+32,0,0,0
127.3,2.14270604466777e+31,8.09316334631291e+31,1.72722760464566e+32,2.14270604466777e+31,8.09316334631291e+31,1.72722760464566e+32,0,0,0
127.4,2.13225508331845e+31,8.05346567690497e+31,1.71867737237282e+32,2.13225508331845e+31,8.05346567690497e+31,1.71867737237282e+32,0,0,0
127.5,2.12186937570173e+31,8.01401739955969e+31,1.71018139369936e+32,2.12186937570173e+31,8.01401739955969e+31,1.71018139369936e+32,0,0,0
127.6,2.11154842206994e+31,7.97481659171871e+31,1.70173924590248e+32,2.11154842206994e+31,7.97481659171871e+31,1.70173924590248e+32,0,0,0
127.7,2.10129172723e+31,7.93586134846686e+31,1.69335051018245e+32,2.10129172723e+31,7.93586134846686e+31,1.69335051018245e+32,0,0,0
127.8,2.09109880049507e+31,7.89714978234372e+31,1.68501477162021e+32,2.09109880049507e+31,7.89714978234372e+31,1.68501477162021e+32,0,0,0
127.9,2.0809691556369e+31,7.85868002315758e+31,1.67673161913553e+32,2.0809691556369e+31,7.85868002315758e+31,1.67673161913553e+32,0,0,0
128,2.0709023108387e+31,7.82045021780159e+31,1.66850064544567e+32,2.0709023108387e+31,7.82045021780159e+31,1.66850064544567e+32,0,0,0
128.1,2.06089778864858e+31,7.78245853007217e+31,1.66032144702454e+32,2.06089778864858e+31,7.78245853007217e+31,1.66032144702454e+32,0,0,0
128.2,2.05095511593353e+31,7.74470314048965e+31,1.65219362406235e+32,2.05095511593353e+31,7.74470314048965e+31,1.65219362406235e+32,0,0,0
128.3,2.04107382383405e+31,7.70718224612104e+31,1.64411678042583e+32,2.04107382383405e+31,7.70718224612104e+31,1.64411678042583e+32,0,0,0
128.4,2.03125344771919e+31,7.66989406040499e+31,1.63609052361881e+32,2.03125344771919e+31,7.66989406040499e+31,1.63609052361881e+32,0,0,0
128.5,2.02149352714222e+31,7.63283681297883e+31,1.62811446474342e+32,2.02149352714222e+31,7.63283681297883e+31,1.62811446474342e+32,0,0,0
128.6,2.01179360579684e+31,7.59600874950772e+31,1.62018821846166e+32,2.01179360579684e+31,7.59600874950772e+31,1.62018821846166e+32,0,0,0
128.7,2.00215323147383e+31,7.55940813151586e+31,1.61231140295749e+32,2.00215323147383e+31,7.55940813151586e+31,1.61231140295749e+32,0,0,0
128.8,1.99257195601829e+31,7.52303323621972e+31,1.60448363989936e+32,1.99257195601829e+31,7.52303323621972e+31,1.60448363989936e+32,0,0,0
128.9,1.98304933528739e+31,7.48688235636327e+31,1.59670455440322e+32,1.98304933528739e+31,7.48688235636327e+31,1.59670455440322e+32,0,0,0
129,1.97358492910858e+31,7.4509538000552e+31,1.58897377499595e+32,1.97358492910858e+31,7.4509538000552e+31,1.58897377499595e+32,0,0,0
129.1,1.96417830123833e+31,7.41524589060812e+31,1.58129093357925e+32,1.96417830123833e+31,7.41524589060812e+31,1.58129093357925e+32,0,0,0
129.2,1.95482901932133e+31,7.37975696637957e+31,1.57365566539396e+32,1.95482901932133e+31,7.37975696637957e+31,1.57365566539396e+32,0,0,0
129.3,1.94553665485024e+31,7.3444853806151e+31,1.56606760898485e+32,1.94553665485024e+31,7.3444853806151e+31,1.56606760898485e+32,0,0,0
129.4,1.93630078312583e+31,7.30942950129306e+31,1.55852640616573e+32,1.93630078312583e+31,7.30942950129306e+31,1.55852640616573e+32,0,0,0
129.5,1.92712098321762e+31,7.27458771097132e+31,1.55103170198511e+32,1.92712098321762e+31,7.27458771097132e+31,1.55103170198511e+32,0,0,0
129.6,1.91799683792506e+31,7.23995840663584e+31,1.54358314469219e+32,1.91799683792506e+31,7.23995840663584e+31,1.54358314469219e+32,0,0,0
129.7,1.90892793373903e+31,7.20553999955092e+31,1.53618038570327e+32,1.90892793373903e+31,7.20553999955092e+31,1.53618038570327e+32,0,0,0
129.8,1.89991386080392e+31,7.17133091511139e+31,1.52882307956862e+32,1.89991386080392e+31,7.17133091511139e+31,1.52882307956862e+32,0,0,0
129.9,1.89095421288008e+31,7.13732959269639e+31,1.52151088393963e+32,1.89095421288008e+31,7.13732959269639e+31,1.52151088393963e+32,0,0,0
130,1.88204858730673e+31,7.10353448552498e+31,1.51424345953649e+32,1.88204858730673e+31,7.10353448552498e+31,1.51424345953649e+32,0,0,0
130.1,1.87319658496531e+31,7.0699440605134e+31,1.50702047011614e+32,1.87319658496531e+31,7.0699440605134e+31,1.50702047011614e+32,0,0,0
130.2,1.86439781024326e+31,7.03655679813408e+31,1.49984158244069e+32,1.86439781024326e+31,7.03655679813408e+31,1.49984158244069e+32,0,0,0
130.3,1.85565187099822e+31,7.00337119227618e+31,1.49270646624613e+32,1.85565187099822e+31,7.00337119227618e+31,1.49270646624613e+32,0,0,0
130.4,1.84695837852265e+31,6.97038575010793e+31,1.48561479421153e+32,1.84695837852265e+31,6.97038575010793e+31,1.48561479421153e+32,0,0,0
130.5,1.83831694750884e+31,6.93759899194047e+31,1.47856624192845e+32,1.83831694750884e+31,6.93759899194047e+31,1.47856624192845e+32,0,0,0
130.6,1.82972719601438e+31,6.90500945109331e+31,1.47156048787085e+32,1.82972719601438e+31,6.90500945109331e+31,1.47156048787085e+32,0,0,0
130.7,1.82118874542794e+31,6.87261567376136e+31,1.46459721336529e+32,1.82118874542794e+31,6.87261567376136e+31,1.46459721336529e+32,0,0,0
130.8,1.81270122043557e+31,6.84041621888357e+31,1.45767610256149e+32,1.81270122043557e+31,6.84041621888357e+31,1.45767610256149e+32,0,0,0
130.9,1.80426424898727e+31,6.80840965801303e+31,1.45079684240324e+32,1.80426424898727e+31,6.80840965801303e+31,1.45079684240324e+32,0,0,0
131,1.79587746226403e+31,6.77659457518857e+31,1.44395912259968e+32,1.79587746226403e+31,6.77659457518857e+31,1.44395912259968e+32,0,0,0
131.1,1.78754049464521e+31,6.74496956680795e+31,1.43716263559682e+32,1.78754049464521e+31,6.74496956680795e+31,1.43716263559682e+32,0,0,0
131.2,1.77925298367631e+31,6.71353324150242e+31,1.43040707654955e+32,1.77925298367631e+31,6.71353324150242e+31,1.43040707654955e+32,0,0,0
131.3,1.77101457003708e+31,6.68228422001279e+31,1.42369214329384e+32,1.77101457003708e+31,6.68228422001279e+31,1.42369214329384e+32,0,0,0
131.4,1.76282489751008e+31,6.65122113506693e+31,1.41701753631935e+32,1.76282489751008e+31,6.65122113506693e+31,1.41701753631935e+32,0,0,0
131.5,1.75468361294949e+31,6.62034263125864e+31,1.41038295874229e+32,1.75468361294949e+31,6.62034263125864e+31,1.41038295874229e+32,0,0,0
131.6,1.74659036625036e+31,6.58964736492798e+31,1.40378811627868e+32,1.74659036625036e+31,6.58964736492798e+31,1.40378811627868e+32,0,0,0
131.7,1.73854481031816e+31,6.55913400404293e+31,1.39723271721784e+32,1.73854481031816e+31,6.55913400404293e+31,1.39723271721784e+32,0,0,0
131.8,1.73054660103874e+31,6.52880122808245e+31,1.39071647239624e+32,1.73054660103874e+31,6.52880122808245e+31,1.39071647239624e+32,0,0,0
131.9,1.72259539724855e+31,6.49864772792087e+31,1.38423909517165e+32,1.72259539724855e+31,6.49864772792087e+31,1.38423909517165e+32,0,0,0
132,1.71469086070527e+31,6.46867220571357e+31,1.37780030139757e+32,1.71469086070527e+31,6.46867220571357e+31,1.37780030139757e+32,0,0,0
132.1,1.70683265605875e+31,6.43887337478402e+31,1.37139980939794e+32,1.70683265605875e+31,6.43887337478402e+31,1.37139980939794e+32,0,0,0
132.2,1.69902045082225e+31,6.40924995951208e+31,1.36503733994222e+32,1.69902045082225e+31,6.40924995951208e+31,1.36503733994222e+32,0,0,0
132.3,1.69125391534406e+31,6.37980069522361e+31,1.35871261622065e+32,1.69125391534406e+31,6.37980069522361e+31,1.35871261622065e+32,0,0,0
132.4,1.68353272277941e+31,6.35052432808131e+31,1.35242536381989e+32,1.68353272277941e+31,6.35052432808131e+31,1.35242536381989e+32,0,0,0
132.5,1.67585654906269e+31,6.32141961497677e+31,1.34617531069889e+32,1.67585654906269e+31,6.32141961497677e+31,1.34617531069889e+32,0,0,0
132.6,1.66822507288001e+31,6.29248532342385e+31,1.33996218716503e+32,1.66822507288001e+31,6.29248532342385e+31,1.33996218716503e+32,0,0,0
132.7,1.66063797564205e+31,6.26372023145314e+31,1.33378572585057e+32,1.66063797564205e+31,6.26372023145314e+31,1.33378572585057e+32,0,0,0
132.8,1.65309494145721e+31,6.23512312750774e+31,1.32764566168936e+32,1.65309494145721e+31,6.23512312750774e+31,1.32764566168936e+32,0,0,0
132.9,1.6455956571051e+31,6.20669281034015e+31,1.32154173189379e+32,1.6455956571051e+31,6.20669281034015e+31,1.32154173189379e+32,0,0,0
133,1.63813981201029e+31,6.17842808891031e+31,1.31547367593203e+32,1.63813981201029e+31,6.17842808891031e+31,1.31547367593203e+32,0,0,0
133.1,1.63072709821633e+31,6.15032778228484e+31,1.30944123550551e+32,1.63072709821633e+31,6.15032778228484e+31,1.30944123550551e+32,0,0,0
133.2,1.62335721036017e+31,6.12239071953739e+31,1.3034441545267e+32,1.62335721036017e+31,6.12239071953739e+31,1.3034441545267e+32,0,0,0
133.3,1.6160298456467e+31,6.09461573965015e+31,1.29748217909707e+32,1.6160298456467e+31,6.09461573965015e+31,1.29748217909707e+32,0,0,0
133.4,1.60874470382377e+31,6.06700169141637e+31,1.29155505748537e+32,1.60874470382377e+31,6.06700169141637e+31,1.29155505748537e+32,0,0,0
133.5,1.6015014871573e+31,6.0395474333441e+31,1.28566254010612e+32,1.6015014871573e+31,6.0395474333441e+31,1.28566254010612e+32,0,0,0
133.6,1.59429990040677e+31,6.01225183356092e+31,1.27980437949837e+32,1.59429990040677e+31,6.01225183356092e+31,1.27980437949837e+32,0,0,0
133.7,1.58713965080101e+31,5.98511376971975e+31,1.27398033030463e+32,1.58713965080101e+31,5.98511376971975e+31,1.27398033030463e+32,0,0,0
133.8,1.58002044801415e+31,5.95813212890574e+31,1.26819014925013e+32,1.58002044801415e+31,5.95813212890574e+31,1.26819014925013e+32,0,0,0
133.9,1.57294200414196e+31,5.93130580754421e+31,1.2624335951223e+32,1.57294200414196e+31,5.93130580754421e+31,1.2624335951223e+32,0,0,0
134,1.56590403367835e+31,5.90463371130955e+31,1.2567104287504e+32,1.56590403367835e+31,5.90463371130955e+31,1.2567104287504e+32,0,0,0
134.1,1.55890625349216e+31,5.87811475503519e+31,1.25102041298544e+32,1.55890625349216e+31,5.87811475503519e+31,1.25102041298544e+32,0,0,0
134.2,1.55194838280428e+31,5.85174786262457e+31,1.24536331268037e+32,1.55194838280428e+31,5.85174786262457e+31,1.24536331268037e+32,0,0,0
134.3,1.54503014316491e+31,5.82553196696306e+31,1.23973889467039e+32,1.54503014316491e+31,5.82553196696306e+31,1.23973889467039e+32,0,0,0
134.4,1.53815125843112e+31,5.7994660098309e+31,1.23414692775355e+32,1.53815125843112e+31,5.7994660098309e+31,1.23414692775355e+32,0,0,0
134.5,1.53131145474468e+31,5.77354894181707e+31,1.22858718267158e+32,1.53131145474468e+31,5.77354894181707e+31,1.22858718267158e+32,0,0,0
134.6,1.5245104605101e+31,5.74777972223412e+31,1.22305943209083e+32,1.5245104605101e+31,5.74777972223412e+31,1.22305943209083e+32,0,0,0
134.7,1.51774800637292e+31,5.72215731903397e+31,1.21756345058357e+32,1.51774800637292e+31,5.72215731903397e+31,1.21756345058357e+32,0,0,0
134.8,1.51102382519824e+31,5.69668070872457e+31,1.2120990146094e+32,1.51102382519824e+31,5.69668070872457e+31,1.2120990146094e+32,0,0,0
134.9,1.50433765204949e+31,5.67134887628758e+31,1.20666590249686e+32,1.50433765204949e+31,5.67134887628758e+31,1.20666590249686e+32,0,0,0
135,1.49768922416741e+31,5.64616081509682e+31,1.20126389442534e+32,1.49768922416741e+31,5.64616081509682e+31,1.20126389442534e+32,0,0,0
135.1,1.49107828094929e+31,5.62111552683776e+31,1.19589277240706e+32,1.49107828094929e+31,5.62111552683776e+31,1.19589277240706e+32,0,0,0
135.2,1.48450456392842e+31,5.59621202142776e+31,1.19055232026935e+32,1.48450456392842e+31,5.59621202142776e+31,1.19055232026935e+32,0,0,0
135.3,1.47796781675374e+31,5.57144931693729e+31,1.18524232363708e+32,1.47796781675374e+31,5.57144931693729e+31,1.18524232363708e+32,0,0,0
135.4,1.47146778516979e+31,5.54682643951195e+31,1.17996256991533e+32,1.47146778516979e+31,5.54682643951195e+31,1.17996256991533e+32,0,0,0
135.5,1.46500421699674e+31,5.52234242329533e+31,1.17471284827215e+32,1.46500421699674e+31,5.52234242329533e+31,1.17471284827215e+32,0,0,0
135.6,1.4585768621108e+31,5.49799631035278e+31,1.16949294962165e+32,1.4585768621108e+31,5.49799631035278e+31,1.16949294962165e+32,0,0,0
135.7,1.45218547242472e+31,5.47378715059595e+31,1.16430266660713e+32,1.45218547242472e+31,5.47378715059595e+31,1.16430266660713e+32,0,0,0
135.8,1.44582980186854e+31,5.44971400170814e+31,1.15914179358453e+32,1.44582980186854e+31,5.44971400170814e+31,1.15914179358453e+32,0,0,0
135.9,1.43950960637055e+31,5.42577592907052e+31,1.15401012660597e+32,1.43950960637055e+31,5.42577592907052e+31,1.15401012660597e+32,0,0,0
136,1.43322464383846e+31,5.40197200568909e+31,1.14890746340351e+32,1.43322464383846e+31,5.40197200568909e+31,1.14890746340351e+32,0,0,0
136.1,1.42697467414079e+31,5.3783013121225e+31,1.14383360337305e+32,1.42697467414079e+31,5.3783013121225e+31,1.14383360337305e+32,0,0,0
136.2,1.42075945908838e+31,5.35476293641053e+31,1.13878834755846e+32,1.42075945908838e+31,5.35476293641053e+31,1.13878834755846e+32,0,0,0
136.3,1.41457876241619e+31,5.33135597400352e+31,1.13377149863588e+32,1.41457876241619e+31,5.33135597400352e+31,1.13377149863588e+32,0,0,0
136.4,1.40843234976527e+31,5.30807952769234e+31,1.12878286089809e+32,1.40843234976527e+31,5.30807952769234e+31,1.12878286089809e+32,0,0,0
136.5,1.40231998866488e+31,5.28493270753935e+31,1.1238222402392e+32,1.40231998866488e+31,5.28493270753935e+31,1.1238222402392e+32,0,0,0
136.6,1.39624144851486e+31,5.26191463080989e+31,1.1188894441394e+32,1.39624144851486e+31,5.26191463080989e+31,1.1188894441394e+32,0,0,0
136.7,1.39019650056815e+31,5.23902442190467e+31,1.11398428164993e+32,1.39019650056815e+31,5.23902442190467e+31,1.11398428164993e+32,0,0,0
136.8,1.3841849179135e+31,5.21626121229277e+31,1.10910656337814e+32,1.3841849179135e+31,5.21626121229277e+31,1.10910656337814e+32,0,0,0
136.9,1.37820647545839e+31,5.19362414044542e+31,1.10425610147284e+32,1.37820647545839e+31,5.19362414044542e+31,1.10425610147284e+32,0,0,0
137,1.37226094991209e+31,5.17111235177048e+31,1.09943270960966e+32,1.37226094991209e+31,5.17111235177048e+31,1.09943270960966e+32,0,0,0
137.1,1.36634811976894e+31,5.14872499854758e+31,1.0946362029767e+32,1.36634811976894e+31,5.14872499854758e+31,1.0946362029767e+32,0,0,0
137.2,1.36046776529178e+31,5.126461239864e+31,1.0898663982602e+32,1.36046776529178e+31,5.126461239864e+31,1.0898663982602e+32,0,0,0
137.3,1.35461966849557e+31,5.10432024155123e+31,1.08512311363053e+32,1.35461966849557e+31,5.10432024155123e+31,1.08512311363053e+32,0,0,0
137.4,1.34880361313118e+31,5.08230117612215e+31,1.08040616872815e+32,1.34880361313118e+31,5.08230117612215e+31,1.08040616872815e+32,0,0,0
137.5,1.34301938466934e+31,5.06040322270897e+31,1.07571538464987e+32,1.34301938466934e+31,5.06040322270897e+31,1.07571538464987e+32,0,0,0
137.6,1.33726677028479e+31,5.0386255670017e+31,1.07105058393516e+32,1.33726677028479e+31,5.0386255670017e+31,1.07105058393516e+32,0,0,0
137.7,1.33154555884052e+31,5.01696740118743e+31,1.06641159055268e+32,1.33154555884052e+31,5.01696740118743e+31,1.06641159055268e+32,0,0,0
137.8,1.32585554087232e+31,4.99542792389008e+31,1.06179822988685e+32,1.32585554087232e+31,4.99542792389008e+31,1.06179822988685e+32,0,0,0
137.9,1.3201965085733e+31,4.97400634011095e+31,1.05721032872473e+32,1.3201965085733e+31,4.97400634011095e+31,1.05721032872473e+32,0,0,0
138,1.31456825577877e+31,4.95270186116979e+31,1.05264771524282e+32,1.31456825577877e+31,4.95270186116979e+31,1.05264771524282e+32,0,0,0
138.1,1.30897057795112e+31,4.9315137046465e+31,1.04811021899424e+32,1.30897057795112e+31,4.9315137046465e+31,1.04811021899424e+32,0,0,0
138.2,1.30340327216494e+31,4.91044109432351e+31,1.04359767089583e+32,1.30340327216494e+31,4.91044109432351e+31,1.04359767089583e+32,0,0,0
138.3,1.29786613709229e+31,4.88948326012868e+31,1.03910990321553e+32,1.29786613709229e+31,4.88948326012868e+31,1.03910990321553e+32,0,0,0
138.4,1.29235897298809e+31,4.86863943807887e+31,1.03464674955984e+32,1.29235897298809e+31,4.86863943807887e+31,1.03464674955984e+32,0,0,0
138.5,1.2868815816757e+31,4.84790887022405e+31,1.03020804486143e+32,1.2868815816757e+31,4.84790887022405e+31,1.03020804486143e+32,0,0,0
138.6,1.28143376653261e+31,4.82729080459204e+31,1.02579362536684e+32,1.28143376653261e+31,4.82729080459204e+31,1.02579362536684e+32,0,0,0
138.7,1.27601533247634e+31,4.80678449513376e+31,1.02140332862436e+32,1.27601533247634e+31,4.80678449513376e+31,1.02140332862436e+32,0,0,0
138.8,1.2706260859504e+31,4.78638920166915e+31,1.01703699347202e+32,1.2706260859504e+31,4.78638920166915e+31,1.01703699347202e+32,0,0,0
138.9,1.26526583491047e+31,4.76610418983356e+31,1.01269446002571e+32,1.26526583491047e+31,4.76610418983356e+31,1.01269446002571e+32,0,0,0
139,1.2599343888107e+31,4.74592873102474e+31,1.0083755696674e+32,1.2599343888107e+31,4.74592873102474e+31,1.0083755696674e+32,0,0,0
139.1,1.25463155859014e+31,4.72586210235041e+31,1.00408016503351e+32,1.25463155859014e+31,4.72586210235041e+31,1.00408016503351e+32,0,0,0
139.2,1.24935715665932e+31,4.7059035865763e+31,9.99808090003401e+31,1.24935715665932e+31,4.7059035865763e+31,9.99808090003401e+31,0,0,0
139.3,1.24411099688695e+31,4.68605247207477e+31,9.95559189687987e+31,1.24411099688695e+31,4.68605247207477e+31,9.95559189687987e+31,0,0,0
139.4,1.23889289458679e+31,4.66630805277404e+31,9.9133331041844e+31,1.23889289458679e+31,4.66630805277404e+31,9.9133331041844e+31,0,0,0
139.5,1.23370266650463e+31,4.64666962810774e+31,9.87130299735046e+31,1.23370266650463e+31,4.64666962810774e+31,9.87130299735046e+31,0,0,0
139.6,1.22854013080544e+31,4.62713650296523e+31,9.82950006376157e+31,1.22854013080544e+31,4.62713650296523e+31,9.82950006376157e+31,0,0,0
139.7,1.22340510706057e+31,4.60770798764224e+31,9.78792280267274e+31,1.22340510706057e+31,4.60770798764224e+31,9.78792280267274e+31,0,0,0
139.8,1.21829741623517e+31,4.5883833977921e+31,9.74656972510225e+31,1.21829741623517e+31,4.5883833977921e+31,9.74656972510225e+31,0,0,0
139.9,1.21321688067569e+31,4.56916205437749e+31,9.70543935372469e+31,1.21321688067569e+31,4.56916205437749e+31,9.70543935372469e+31,0,0,0
140,1.20816332409755e+31,4.55004328362264e+31,9.66453022276507e+31,1.20816332409755e+31,4.55004328362264e+31,9.66453022276507e+31,0,0,0
140.1,1.20313657157284e+31,4.53102641696602e+31,9.62384087789402e+31,1.20313657157284e+31,4.53102641696602e+31,9.62384087789402e+31,0,0,0
140.2,1.19813644951829e+31,4.51211079101356e+31,9.58336987612407e+31,1.19813644951829e+31,4.51211079101356e+31,9.58336987612407e+31,0,0,0
140.3,1.19316278568324e+31,4.49329574749232e+31,9.54311578570702e+31,1.19316278568324e+31,4.49329574749232e+31,9.54311578570702e+31,0,0,0
140.4,1.18821540913777e+31,4.4745806332046e+31,9.50307718603237e+31,1.18821540913777e+31,4.4745806332046e+31,9.50307718603237e+31,0,0,0
140.5,1.18329415026097e+31,4.45596479998262e+31,9.46325266752675e+31,1.18329415026097e+31,4.45596479998262e+31,9.46325266752675e+31,0,0,0
140.6,1.17839884072934e+31,4.43744760464351e+31,9.4236408315545e+31,1.17839884072934e+31,4.43744760464351e+31,9.4236408315545e+31,0,0,0
140.7,1.17352931350524e+31,4.41902840894493e+31,9.38424029031909e+31,1.17352931350524e+31,4.41902840894493e+31,9.38424029031909e+31,0,0,0
140.8,1.16868540282551e+31,4.40070657954099e+31,9.34504966676575e+31,1.16868540282551e+31,4.40070657954099e+31,9.34504966676575e+31,0,0,0
140.9,1.16386694419022e+31,4.38248148793872e+31,9.30606759448496e+31,1.16386694419022e+31,4.38248148793872e+31,9.30606759448496e+31,0,0,0
141,1.15907377435149e+31,4.36435251045492e+31,9.26729271761698e+31,1.15907377435149e+31,4.36435251045492e+31,9.26729271761698e+31,0,0,0
141.1,1.15430573130243e+31,4.34631902817351e+31,9.22872369075735e+31,1.15430573130243e+31,4.34631902817351e+31,9.22872369075735e+31,0,0,0
141.2,1.14956265426623e+31,4.32838042690323e+31,9.19035917886335e+31,1.14956265426623e+31,4.32838042690323e+31,9.19035917886335e+31,0,0,0
141.3,1.14484438368531e+31,4.31053609713582e+31,9.15219785716145e+31,1.14484438368531e+31,4.31053609713582e+31,9.15219785716145e+31,0,0,0
141.4,1.14015076121058e+31,4.29278543400464e+31,9.11423841105564e+31,1.14015076121058e+31,4.29278543400464e+31,9.11423841105564e+31,0,0,0
141.5,1.1354816296909e+31,4.27512783724365e+31,9.07647953603674e+31,1.1354816296909e+31,4.27512783724365e+31,9.07647953603674e+31,0,0,0
141.6,1.13083683316249e+31,4.25756271114684e+31,9.0389199375926e+31,1.13083683316249e+31,4.25756271114684e+31,9.0389199375926e+31,0,0,0
141.7,1.12621621683859e+31,4.24008946452808e+31,9.00155833111927e+31,1.12621621683859e+31,4.24008946452808e+31,9.00155833111927e+31,0,0,0
141.8,1.12161962709913e+31,4.22270751068133e+31,8.96439344183296e+31,1.12161962709913e+31,4.22270751068133e+31,8.96439344183296e+31,0,0,0
141.9,1.11704691148053e+31,4.20541626734127e+31,8.92742400468305e+31,1.11704691148053e+31,4.20541626734127e+31,8.92742400468305e+31,0,0,0
142,1.11249791866565e+31,4.18821515664436e+31,8.89064876426582e+31,1.11249791866565e+31,4.18821515664436e+31,8.89064876426582e+31,0,0,0
142.1,1.10797249847374e+31,4.17110360509021e+31,8.85406647473914e+31,1.10797249847374e+31,4.17110360509021e+31,8.85406647473914e+31,0,0,0
142.2,1.10347050185061e+31,4.15408104350343e+31,8.81767589973799e+31,1.10347050185061e+31,4.15408104350343e+31,8.81767589973799e+31,0,0,0
142.3,1.09899178085877e+31,4.13714690699578e+31,8.78147581229089e+31,1.09899178085877e+31,4.13714690699578e+31,8.78147581229089e+31,0,0,0
142.4,1.09453618866777e+31,4.12030063492873e+31,8.74546499473706e+31,1.09453618866777e+31,4.12030063492873e+31,8.74546499473706e+31,0,0,0
142.5,1.0901035795446e+31,4.10354167087643e+31,8.70964223864452e+31,1.0901035795446e+31,4.10354167087643e+31,8.70964223864452e+31,0,0,0
142.6,1.08569380884417e+31,4.08686946258897e+31,8.67400634472896e+31,1.08569380884417e+31,4.08686946258897e+31,8.67400634472896e+31,0,0,0
142.7,1.08130673299989e+31,4.07028346195605e+31,8.63855612277339e+31,1.08130673299989e+31,4.07028346195605e+31,8.63855612277339e+31,0,0,0
142.8,1.07694220951436e+31,4.05378312497104e+31,8.60329039154868e+31,1.07694220951436e+31,4.05378312497104e+31,8.60329039154868e+31,0,0,0
142.9,1.07260009695014e+31,4.03736791169532e+31,8.56820797873484e+31,1.07260009695014e+31,4.03736791169532e+31,8.56820797873484e+31,0,0,0
143,1.06828025492063e+31,4.02103728622305e+31,8.53330772084309e+31,1.06828025492063e+31,4.02103728622305e+31,8.53330772084309e+31,0,0,0
143.1,1.06398254408098e+31,4.00479071664623e+31,8.49858846313868e+31,1.06398254408098e+31,4.00479071664623e+31,8.49858846313868e+31,0,0,0
143.2,1.05970682611916e+31,3.98862767502013e+31,8.46404905956457e+31,1.05970682611916e+31,3.98862767502013e+31,8.46404905956457e+31,0,0,0
143.3,1.05545296374709e+31,3.97254763732908e+31,8.42968837266576e+31,1.05545296374709e+31,3.97254763732908e+31,8.42968837266576e+31,0,0,0
143.4,1.05122082069185e+31,3.95655008345254e+31,8.39550527351444e+31,1.05122082069185e+31,3.95655008345254e+31,8.39550527351444e+31,0,0,0
143.5,1.04701026168695e+31,3.94063449713157e+31,8.36149864163587e+31,1.04701026168695e+31,3.94063449713157e+31,8.36149864163587e+31,0,0,0
143.6,1.04282115246377e+31,3.92480036593558e+31,8.32766736493495e+31,1.04282115246377e+31,3.92480036593558e+31,8.32766736493495e+31,0,0,0
143.7,1.038653359743e+31,3.90904718122943e+31,8.29401033962362e+31,1.038653359743e+31,3.90904718122943e+31,8.29401033962362e+31,0,0,0
143.8,1.03450675122619e+31,3.89337443814083e+31,8.26052647014885e+31,1.03450675122619e+31,3.89337443814083e+31,8.26052647014885e+31,0,0,0
143.9,1.0303811955874e+31,3.87778163552812e+31,8.22721466912143e+31,1.0303811955874e+31,3.87778163552812e+31,8.22721466912143e+31,0,0,0
144,1.0262765624649e+31,3.86226827594827e+31,8.19407385724544e+31,1.0262765624649e+31,3.86226827594827e+31,8.19407385724544e+31,0,0,0
144.1,1.02219272245298e+31,3.84683386562526e+31,8.16110296324839e+31,1.02219272245298e+31,3.84683386562526e+31,8.16110296324839e+31,0,0,0
144.2,1.01812954709382e+31,3.83147791441876e+31,8.12830092381208e+31,1.01812954709382e+31,3.83147791441876e+31,8.12830092381208e+31,0,0,0
144.3,1.01408690886944e+31,3.81619993579309e+31,8.09566668350413e+31,1.01408690886944e+31,3.81619993579309e+31,8.09566668350413e+31,0,0,0
144.4,1.01006468119375e+31,3.80099944678652e+31,8.06319919471017e+31,1.01006468119375e+31,3.80099944678652e+31,8.06319919471017e+31,0,0,0
144.5,1.00606273840463e+31,3.78587596798081e+31,8.0308974175667e+31,1.00606273840463e+31,3.78587596798081e+31,8.0308974175667e+31,0,0,0
144.6,1.00208095575616e+31,3.77082902347112e+31,7.9987603198946e+31,1.00208095575616e+31,3.77082902347112e+31,7.9987603198946e+31,0,0,0
144.7,9.98119209410841e+30,3.75585814083612e+31,7.96678687713333e+31,9.98119209410841e+30,3.75585814083612e+31,7.96678687713333e+31,0,0,0
144.8,9.94177376431933e+30,3.7409628511085e+31,7.9349760722757e+31,9.94177376431933e+30,3.7409628511085e+31,7.9349760722757e+31,0,0,0
144.9,9.90255334775892e+30,3.72614268874567e+31,7.90332689580336e+31,9.90255334775892e+30,3.72614268874567e+31,7.90332689580336e+31,0,0,0
145,9.8635296328483e+30,3.7113971916008e+31,7.87183834562284e+31,9.8635296328483e+30,3.7113971916008e+31,7.87183834562284e+31,0,0,0
145.1,9.82470141679073e+30,3.69672590089408e+31,7.84050942700227e+31,9.82470141679073e+30,3.69672590089408e+31,7.84050942700227e+31,0,0,0
145.2,9.78606750549792e+30,3.68212836118435e+31,7.80933915250869e+31,9.78606750549792e+30,3.68212836118435e+31,7.80933915250869e+31,0,0,0
145.3,9.74762671351689e+30,3.66760412034089e+31,7.77832654194595e+31,9.74762671351689e+30,3.66760412034089e+31,7.77832654194595e+31,0,0,0
145.4,9.70937786395773e+30,3.65315272951559e+31,7.74747062229327e+31,9.70937786395773e+30,3.65315272951559e+31,7.74747062229327e+31,0,0,0
145.5,9.67131978842188e+30,3.63877374311531e+31,7.7167704276443e+31,9.67131978842188e+30,3.63877374311531e+31,7.7167704276443e+31,0,0,0
145.6,9.63345132693119e+30,3.62446671877453e+31,7.68622499914692e+31,9.63345132693119e+30,3.62446671877453e+31,7.68622499914692e+31,0,0,0
145.7,9.5957713278576e+30,3.61023121732825e+31,7.65583338494341e+31,9.5957713278576e+30,3.61023121732825e+31,7.65583338494341e+31,0,0,0
145.8,9.55827864785355e+30,3.59606680278521e+31,7.62559464011141e+31,9.55827864785355e+30,3.59606680278521e+31,7.62559464011141e+31,0,0,0
145.9,9.52097215178299e+30,3.58197304230125e+31,7.59550782660533e+31,9.52097215178299e+30,3.58197304230125e+31,7.59550782660533e+31,0,0,0
146,9.48385071265306e+30,3.56794950615306e+31,7.56557201319831e+31,9.48385071265306e+30,3.56794950615306e+31,7.56557201319831e+31,0,0,0
146.1,9.44691321154644e+30,3.55399576771206e+31,7.53578627542481e+31,9.44691321154644e+30,3.55399576771206e+31,7.53578627542481e+31,0,0,0
146.2,0,3.54011140341858e+31,7.50614969552373e+31,0,3.54011140341858e+31,7.50614969552373e+31,0,0,0
146.3,0,3.52629599275634e+31,7.47666136238201e+31,0,3.52629599275634e+31,7.47666136238201e+31,0,0,0
146.4,0,3.51254911822704e+31,7.44732037147887e+31,0,3.51254911822704e+31,7.44732037147887e+31,0,0,0
146.5,0,3.49887036532533e+31,7.41812582483053e+31,0,3.49887036532533e+31,7.41812582483053e+31,0,0,0
146.6,0,3.48525932251394e+31,7.38907683093543e+31,0,3.48525932251394e+31,7.38907683093543e+31,0,0,0
146.7,0,0,7.36017250472003e+31,0,0,7.36017250472003e+31,0,0,0
146.8,0,0,7.33141196748511e+31,0,0,7.33141196748511e+31,0,0,0
146.9,0,0,7.30279434685255e+31,0,0,7.30279434685255e+31,0,0,0
147,0,0,7.27431877671267e+31,0,0,7.27431877671267e+31,0,0,0
147.1,0,0,7.245984397172e+31,0,0,7.245984397172e+31,0,0,0
147.2,0,0,7.21779035450163e+31,0,0,7.21779035450163e+31,0,0,0
147.3,0,0,7.18973580108595e+31,0,0,7.18973580108595e+31,0,0,0
147.4,0,0,7.16181989537199e+31,0,0,7.16181989537199e+31,0,0,0
147.5,0,0,0,0,0,0,0,0,0
147.6,0,0,0,0,0,0,0,0,0
147.7,0,0,0,0,0,0,0,0,0
147.8,0,0,0,0,0,0,0,0,0
147.9,0,0,0,0,0,0,0,0,0
148,0,0,0,0,0,0,0,0,0
148.1,0,0,0,0,0,0,0,0,0
148.2,0,0,0,0,0,0,0,0,0
148.3,0,0,0,0,0,0,0,0,0
148.4,0,0,0,0,0,0,0,0,0
148.5,0,0,0,0,0,0,0,0,0
148.6,0,0,0,0,0,0,0,0,0
148.7,0,0,0,0,0,0,0,0,0
148.8,0,0,0,0,0,0,0,0,0
148.9,0,0,0,0,0,0,0,0,0
149,0,0,0,0,0,0,0,0,0
149.1,0,0,0,0,0,0,0,0,0
149.2,0,0,0,0,0,0,0,0,0
149.3,0,0,0,0,0,0,0,0,0
149.4,0,0,0,0,0,0,0,0,0
149.5,0,0,0,0,0,0,0,0,0
149.6,0,0,0,0,0,0,0,0,0
149.7,0,0,0,0,0,0,0,0,0
149.8,0,0,0,0,0,0,0,0,0
149.9,0,0,0,0,0,0,0,0,0
150,0,0,0,0,0,0,0,0,0
150.1,0,0,0,0,0,0,0,0,0
150.2,0,0,0,0,0,0,0,0,0
150.3,0,0,0,0,0,0,0,0,0
150.4,0,0,0,0,0,0,0,0,0
150.5,0,0,0,0,0,0,0,0,0
150.6,0,0,0,0,0,0,0,0,0
150.7,0,0,0,0,0,0,0,0,0
150.8,0,0,0,0,0,0,0,0,0
150.9,0,0,0,0,0,0,0,0,0
151,0,0,0,0,0,0,0,0,0
151.1,0,0,0,0,0,0,0,0,0
151.2,0,0,0,0,0,0,0,0,0
151.3,0,0,0,0,0,0,0,0,0
151.4,0,0,0,0,0,0,0,0,0
151.5,0,0,0,0,0,0,0,0,0
151.6,0,0,0,0,0,0,0,0,0
151.7,0,0,0,0,0,0,0,0,0
151.8,0,0,0,0,0,0,0,0,0
151.9,0,0,0,0,0,0,0,0,0
152,0,0,0,0,0,0,0,0,0
152.1,0,0,0,0,0,0,0,0,0
152.2,0,0,0,0,0,0,0,0,0
152.3,0,0,0,0,0,0,0,0,0
152.4,0,0,0,0,0,0,0,0,0
152.5,0,0,0,0,0,0,0,0,0
152.6,0,0,0,0,0,0,0,0,0
152.7,0,0,0,0,0,0,0,0,0
152.8,0,0,0,0,0,0,0,0,0
152.9,0,0,0,0,0,0,0,0,0
153,0,0,0,0,0,0,0,0,0
153.1,0,0,0,0,0,0,0,0,0
153.2,0,0,0,0,0,0,0,0,0
153.3,0,0,0,0,0,0,0,0,0
153.4,0,0,0,0,0,0,0,0,0
153.5,0,0,0,0,0,0,0,0,0
153.6,0,0,0,0,0,0,0,0,0
153.7,0,0,0,0,0,0,0,0,0
153.8,0,0,0,0,0,0,0,0,0
153.9,0,0,0,0,0,0,0,0,0
154,0,0,0,0,0,0,0,0,0
154.1,0,0,0,0,0,0,0,0,0
154.2,0,0,0,0,0,0,0,0,0
154.3,0,0,0,0,0,0,0,0,0
154.4,0,0,0,0,0,0,0,0,0
154.5,0,0,0,0,0,0,0,0,0
154.6,0,0,0,0,0,0,0,0,0
154.7,0,0,0,0,0,0,0,0,0
154.8,0,0,0,0,0,0,0,0,0
154.9,0,0,0,0,0,0,0,0,0
155,0,0,0,0,0,0,0,0,0
155.1,0,0,0,0,0,0,0,0,0
155.2,0,0,0,0,0,0,0,0,0
155.3,0,0,0,0,0,0,0,0,0
155.4,0,0,0,0,0,0,0,0,0
155.5,0,0,0,0,0,0,0,0,0
155.6,0,0,0,0,0,0,0,0,0
155.7,0,0,0,0,0,0,0,0,0
155.8,0,0,0,0,0,0,0,0,0
155.9,0,0,0,0,0,0,0,0,0
156,0,0,0,0,0,0,0,0,0
156.1,0,0,0,0,0,0,0,0,0
156.2,0,0,0,0,0,0,0,0,0
156.3,0,0,0,0,0,0,0,0,0
156.4,0,0,0,0,0,0,0,0,0
156.5,0,0,0,0,0,0,0,0,0
156.6,0,0,0,0,0,0,0,0,0
156.7,0,0,0,0,0,0,0,0,0
156.8,0,0,0,0,0,0,0,0,0
156.9,0,0,0,0,0,0,0,0,0
157,0,0,0,0,0,0,0,0,0
157.1,0,0,0,0,0,0,0,0,0
157.2,0,0,0,0,0,0,0,0,0
157.3,0,0,0,0,0,0,0,0,0
157.4,0,0,0,0,0,0,0,0,0
157.5,0,0,0,0,0,0,0,0,0
157.6,0,0,0,0,0,0,0,0,0
157.7,0,0,0,0,0,0,0,0,0
157.8,0,0,0,0,0,0,0,0,0
157.9,0,0,0,0,0,0,0,0,0
158,0,0,0,0,0,0,0,0,0
158.1,0,0,0,0,0,0,0,0,0
158.2,0,0,0,0,0,0,0,0,0
158.3,0,0,0,0,0,0,0,0,0
158.4,0,0,0,0,0,0,0,0,0
158.5,0,0,0,0,0,0,0,0,0
158.6,0,0,0,0,0,0,0,0,0
158.7,0,0,0,0,0,0,0,0,0
158.8,0,0,0,0,0,0,0,0,0
158.9,0,0,0,0,0,0,0,0,0
159,0,0,0,0,0,0,0,0,0
159.1,0,0,0,0,0,0,0,0,0
159.2,0,0,0,0,0,0,0,0,0
159.3,0,0,0,0,0,0,0,0,0
159.4,0,0,0,0,0,0,0,0,0
159.5,0,0,0,0,0,0,0,0,0
159.6,0,0,0,0,0,0,0,0,0
159.7,0,0,0,0,0,0,0,0,0
159.8,0,0,0,0,0,0,0,0,0
159.9,0,0,0,0,0,0,0,0,0
160,0,0,0,0,0,0,0,0,0
